{"algorithm":"OpenAPSSMBDynamicISFPlugin","input":{"glucoseStatus":{"glucose":123,"noise":0,"delta":4,"short_avgdelta":4,"long_avgdelta":3.62,"date":1703049778000},"currenttemp":{"temp":"absolute","duration":25,"rate":1,"minutesrunning":5},"iob_data":[{"iob":0.284,"basaliob":0.284,"bolussnooze":0,"activity":0.0012,"lastBolusTime":1703032414978,"time":"2023-12-20T05:23:28.500Z","iobWithZeroTemp":{"iob":0.284,"basaliob":0.284,"bolussnooze":0,"activity":0.0012,"lastBolusTime":1703032414978,"time":"2023-12-20T05:23:28.500Z"}},{"iob":0.277,"basaliob":0.277,"bolussnooze":0,"activity":0.0016,"lastBolusTime":1703032414978,"time":"2023-12-20T05:28:28.500Z","iobWithZeroTemp":{"iob":0.264,"basaliob":0.264,"bolussnooze":0,"activity":0.0016,"lastBolusTime":1703032414978,"time":"2023-12-20T05:28:28.500Z"}},{"iob":0.268,"basaliob":0.268,"bolussnooze":0,"activity":0.0019,"lastBolusTime":1703032414978,"time":"2023-12-20T05:33:28.500Z","iobWithZeroTemp":{"iob":0.238,"basaliob":0.238,"bolussnooze":0,"activity":0.0018,"lastBolusTime":1703032414978,"time":"2023-12-20T05:33:28.500Z"}},{"iob":0.258,"basaliob":0.258,"bolussnooze":0,"activity":0.0022,"lastBolusTime":1703032414978,"time":"2023-12-20T05:38:28.500Z","iobWithZeroTemp":{"iob":0.212,"basaliob":0.212,"bolussnooze":0,"activity":0.0021,"lastBolusTime":1703032414978,"time":"2023-12-20T05:38:28.500Z"}},{"iob":0.246,"basaliob":0.246,"bolussnooze":0,"activity":0.0023,"lastBolusTime":1703032414978,"time":"2023-12-20T05:43:28.500Z","iobWithZeroTemp":{"iob":0.184,"basaliob":0.184,"bolussnooze":0,"activity":0.0021,"lastBolusTime":1703032414978,"time":"2023-12-20T05:43:28.500Z"}},{"iob":0.235,"basaliob":0.235,"bolussnooze":0,"activity":0.0024,"lastBolusTime":1703032414978,"time":"2023-12-20T05:48:28.500Z","iobWithZeroTemp":{"iob":0.158,"basaliob":0.158,"bolussnooze":0,"activity":0.0021,"lastBolusTime":1703032414978,"time":"2023-12-20T05:48:28.500Z"}},{"iob":0.222,"basaliob":0.222,"bolussnooze":0,"activity":0.0025,"lastBolusTime":1703032414978,"time":"2023-12-20T05:53:28.500Z","iobWithZeroTemp":{"iob":0.13,"basaliob":0.13,"bolussnooze":0,"activity":0.002,"lastBolusTime":1703032414978,"time":"2023-12-20T05:53:28.500Z"}},{"iob":0.21,"basaliob":0.21,"bolussnooze":0,"activity":0.0025,"lastBolusTime":1703032414978,"time":"2023-12-20T05:58:28.500Z","iobWithZeroTemp":{"iob":0.104,"basaliob":0.104,"bolussnooze":0,"activity":0.0019,"lastBolusTime":1703032414978,"time":"2023-12-20T05:58:28.500Z"}},{"iob":0.198,"basaliob":0.198,"bolussnooze":0,"activity":0.0025,"lastBolusTime":1703032414978,"time":"2023-12-20T06:03:28.500Z","iobWithZeroTemp":{"iob":0.075,"basaliob":0.075,"bolussnooze":0,"activity":0.0017,"lastBolusTime":1703032414978,"time":"2023-12-20T06:03:28.500Z"}},{"iob":0.185,"basaliob":0.185,"bolussnooze":0,"activity":0.0024,"lastBolusTime":1703032414978,"time":"2023-12-20T06:08:28.500Z","iobWithZeroTemp":{"iob":0.045,"basaliob":0.045,"bolussnooze":0,"activity":0.0015,"lastBolusTime":1703032414978,"time":"2023-12-20T06:08:28.500Z"}},{"iob":0.173,"basaliob":0.173,"bolussnooze":0,"activity":0.0024,"lastBolusTime":1703032414978,"time":"2023-12-20T06:13:28.500Z","iobWithZeroTemp":{"iob":0.018,"basaliob":0.018,"bolussnooze":0,"activity":0.0013,"lastBolusTime":1703032414978,"time":"2023-12-20T06:13:28.500Z"}},{"iob":0.162,"basaliob":0.162,"bolussnooze":0,"activity":0.0023,"lastBolusTime":1703032414978,"time":"2023-12-20T06:18:28.500Z","iobWithZeroTemp":{"iob":-0.008,"basaliob":-0.008,"bolussnooze":0,"activity":0.0011,"lastBolusTime":1703032414978,"time":"2023-12-20T06:18:28.500Z"}},{"iob":0.15,"basaliob":0.15,"bolussnooze":0,"activity":0.0022,"lastBolusTime":1703032414978,"time":"2023-12-20T06:23:28.500Z","iobWithZeroTemp":{"iob":-0.035,"basaliob":-0.035,"bolussnooze":0,"activity":8.0E-4,"lastBolusTime":1703032414978,"time":"2023-12-20T06:23:28.500Z"}},{"iob":0.14,"basaliob":0.14,"bolussnooze":0,"activity":0.0021,"lastBolusTime":1703032414978,"time":"2023-12-20T06:28:28.500Z","iobWithZeroTemp":{"iob":-0.058,"basaliob":-0.058,"bolussnooze":0,"activity":5.0E-4,"lastBolusTime":1703032414978,"time":"2023-12-20T06:28:28.500Z"}},{"iob":0.129,"basaliob":0.129,"bolussnooze":0,"activity":0.002,"lastBolusTime":1703032414978,"time":"2023-12-20T06:33:28.500Z","iobWithZeroTemp":{"iob":-0.081,"basaliob":-0.081,"bolussnooze":0,"activity":3.0E-4,"lastBolusTime":1703032414978,"time":"2023-12-20T06:33:28.500Z"}},{"iob":0.12,"basaliob":0.12,"bolussnooze":0,"activity":0.0019,"lastBolusTime":0,"time":"2023-12-20T06:38:28.500Z","iobWithZeroTemp":{"iob":-0.102,"basaliob":-0.102,"bolussnooze":0,"activity":0,"lastBolusTime":0,"time":"2023-12-20T06:38:28.500Z"}},{"iob":0.11,"basaliob":0.11,"bolussnooze":0,"activity":0.0018,"lastBolusTime":0,"time":"2023-12-20T06:43:28.500Z","iobWithZeroTemp":{"iob":-0.123,"basaliob":-0.123,"bolussnooze":0,"activity":-2.0E-4,"lastBolusTime":0,"time":"2023-12-20T06:43:28.500Z"}},{"iob":0.102,"basaliob":0.102,"bolussnooze":0,"activity":0.0017,"lastBolusTime":0,"time":"2023-12-20T06:48:28.500Z","iobWithZeroTemp":{"iob":-0.141,"basaliob":-0.141,"bolussnooze":0,"activity":-5.0E-4,"lastBolusTime":0,"time":"2023-12-20T06:48:28.500Z"}},{"iob":0.093,"basaliob":0.093,"bolussnooze":0,"activity":0.0016,"lastBolusTime":0,"time":"2023-12-20T06:53:28.500Z","iobWithZeroTemp":{"iob":-0.16,"basaliob":-0.16,"bolussnooze":0,"activity":-7.0E-4,"lastBolusTime":0,"time":"2023-12-20T06:53:28.500Z"}},{"iob":0.086,"basaliob":0.086,"bolussnooze":0,"activity":0.0015,"lastBolusTime":0,"time":"2023-12-20T06:58:28.500Z","iobWithZeroTemp":{"iob":-0.176,"basaliob":-0.176,"bolussnooze":0,"activity":-0.001,"lastBolusTime":0,"time":"2023-12-20T06:58:28.500Z"}},{"iob":0.078,"basaliob":0.078,"bolussnooze":0,"activity":0.0014,"lastBolusTime":0,"time":"2023-12-20T07:03:28.500Z","iobWithZeroTemp":{"iob":-0.184,"basaliob":-0.184,"bolussnooze":0,"activity":-0.0012,"lastBolusTime":0,"time":"2023-12-20T07:03:28.500Z"}},{"iob":0.072,"basaliob":0.072,"bolussnooze":0,"activity":0.0013,"lastBolusTime":0,"time":"2023-12-20T07:08:28.500Z","iobWithZeroTemp":{"iob":-0.189,"basaliob":-0.189,"bolussnooze":0,"activity":-0.0014,"lastBolusTime":0,"time":"2023-12-20T07:08:28.500Z"}},{"iob":0.066,"basaliob":0.066,"bolussnooze":0,"activity":0.0012,"lastBolusTime":0,"time":"2023-12-20T07:13:28.500Z","iobWithZeroTemp":{"iob":-0.194,"basaliob":-0.194,"bolussnooze":0,"activity":-0.0016,"lastBolusTime":0,"time":"2023-12-20T07:13:28.500Z"}},{"iob":0.06,"basaliob":0.06,"bolussnooze":0,"activity":0.0011,"lastBolusTime":0,"time":"2023-12-20T07:18:28.500Z","iobWithZeroTemp":{"iob":-0.198,"basaliob":-0.198,"bolussnooze":0,"activity":-0.0017,"lastBolusTime":0,"time":"2023-12-20T07:18:28.500Z"}},{"iob":0.054,"basaliob":0.054,"bolussnooze":0,"activity":0.001,"lastBolusTime":0,"time":"2023-12-20T07:23:28.500Z","iobWithZeroTemp":{"iob":-0.203,"basaliob":-0.203,"bolussnooze":0,"activity":-0.0019,"lastBolusTime":0,"time":"2023-12-20T07:23:28.500Z"}},{"iob":0.049,"basaliob":0.049,"bolussnooze":0,"activity":0.001,"lastBolusTime":0,"time":"2023-12-20T07:28:28.500Z","iobWithZeroTemp":{"iob":-0.206,"basaliob":-0.206,"bolussnooze":0,"activity":-0.0019,"lastBolusTime":0,"time":"2023-12-20T07:28:28.500Z"}},{"iob":0.045,"basaliob":0.045,"bolussnooze":0,"activity":9.0E-4,"lastBolusTime":0,"time":"2023-12-20T07:33:28.500Z","iobWithZeroTemp":{"iob":-0.208,"basaliob":-0.208,"bolussnooze":0,"activity":-0.002,"lastBolusTime":0,"time":"2023-12-20T07:33:28.500Z"}},{"iob":0.041,"basaliob":0.041,"bolussnooze":0,"activity":8.0E-4,"lastBolusTime":0,"time":"2023-12-20T07:38:28.500Z","iobWithZeroTemp":{"iob":-0.21,"basaliob":-0.21,"bolussnooze":0,"activity":-0.0021,"lastBolusTime":0,"time":"2023-12-20T07:38:28.500Z"}},{"iob":0.037,"basaliob":0.037,"bolussnooze":0,"activity":7.0E-4,"lastBolusTime":0,"time":"2023-12-20T07:43:28.500Z","iobWithZeroTemp":{"iob":-0.212,"basaliob":-0.212,"bolussnooze":0,"activity":-0.0022,"lastBolusTime":0,"time":"2023-12-20T07:43:28.500Z"}},{"iob":0.033,"basaliob":0.033,"bolussnooze":0,"activity":7.0E-4,"lastBolusTime":0,"time":"2023-12-20T07:48:28.500Z","iobWithZeroTemp":{"iob":-0.213,"basaliob":-0.213,"bolussnooze":0,"activity":-0.0022,"lastBolusTime":0,"time":"2023-12-20T07:48:28.500Z"}},{"iob":0.03,"basaliob":0.03,"bolussnooze":0,"activity":6.0E-4,"lastBolusTime":0,"time":"2023-12-20T07:53:28.500Z","iobWithZeroTemp":{"iob":-0.214,"basaliob":-0.214,"bolussnooze":0,"activity":-0.0023,"lastBolusTime":0,"time":"2023-12-20T07:53:28.500Z"}},{"iob":0.027,"basaliob":0.027,"bolussnooze":0,"activity":6.0E-4,"lastBolusTime":0,"time":"2023-12-20T07:58:28.500Z","iobWithZeroTemp":{"iob":-0.215,"basaliob":-0.215,"bolussnooze":0,"activity":-0.0023,"lastBolusTime":0,"time":"2023-12-20T07:58:28.500Z"}},{"iob":0.024,"basaliob":0.024,"bolussnooze":0,"activity":5.0E-4,"lastBolusTime":0,"time":"2023-12-20T08:03:28.500Z","iobWithZeroTemp":{"iob":-0.216,"basaliob":-0.216,"bolussnooze":0,"activity":-0.0024,"lastBolusTime":0,"time":"2023-12-20T08:03:28.500Z"}},{"iob":0.022,"basaliob":0.022,"bolussnooze":0,"activity":5.0E-4,"lastBolusTime":0,"time":"2023-12-20T08:08:28.500Z","iobWithZeroTemp":{"iob":-0.216,"basaliob":-0.216,"bolussnooze":0,"activity":-0.0024,"lastBolusTime":0,"time":"2023-12-20T08:08:28.500Z"}},{"iob":0.019,"basaliob":0.019,"bolussnooze":0,"activity":4.0E-4,"lastBolusTime":0,"time":"2023-12-20T08:13:28.500Z","iobWithZeroTemp":{"iob":-0.217,"basaliob":-0.217,"bolussnooze":0,"activity":-0.0025,"lastBolusTime":0,"time":"2023-12-20T08:13:28.500Z"}},{"iob":0.017,"basaliob":0.017,"bolussnooze":0,"activity":4.0E-4,"lastBolusTime":0,"time":"2023-12-20T08:18:28.500Z","iobWithZeroTemp":{"iob":-0.217,"basaliob":-0.217,"bolussnooze":0,"activity":-0.0025,"lastBolusTime":0,"time":"2023-12-20T08:18:28.500Z"}},{"iob":0.015,"basaliob":0.015,"bolussnooze":0,"activity":4.0E-4,"lastBolusTime":0,"time":"2023-12-20T08:23:28.500Z","iobWithZeroTemp":{"iob":-0.218,"basaliob":-0.218,"bolussnooze":0,"activity":-0.0024,"lastBolusTime":0,"time":"2023-12-20T08:23:28.500Z"}},{"iob":0.014,"basaliob":0.014,"bolussnooze":0,"activity":3.0E-4,"lastBolusTime":0,"time":"2023-12-20T08:28:28.500Z","iobWithZeroTemp":{"iob":-0.217,"basaliob":-0.217,"bolussnooze":0,"activity":-0.0025,"lastBolusTime":0,"time":"2023-12-20T08:28:28.500Z"}},{"iob":0.012,"basaliob":0.012,"bolussnooze":0,"activity":3.0E-4,"lastBolusTime":0,"time":"2023-12-20T08:33:28.500Z","iobWithZeroTemp":{"iob":-0.217,"basaliob":-0.217,"bolussnooze":0,"activity":-0.0025,"lastBolusTime":0,"time":"2023-12-20T08:33:28.500Z"}},{"iob":0.011,"basaliob":0.011,"bolussnooze":0,"activity":3.0E-4,"lastBolusTime":0,"time":"2023-12-20T08:38:28.500Z","iobWithZeroTemp":{"iob":-0.217,"basaliob":-0.217,"bolussnooze":0,"activity":-0.0025,"lastBolusTime":0,"time":"2023-12-20T08:38:28.500Z"}},{"iob":0.01,"basaliob":0.01,"bolussnooze":0,"activity":2.0E-4,"lastBolusTime":0,"time":"2023-12-20T08:43:28.500Z","iobWithZeroTemp":{"iob":-0.216,"basaliob":-0.216,"bolussnooze":0,"activity":-0.0026,"lastBolusTime":0,"time":"2023-12-20T08:43:28.500Z"}},{"iob":0.008,"basaliob":0.008,"bolussnooze":0,"activity":2.0E-4,"lastBolusTime":0,"time":"2023-12-20T08:48:28.500Z","iobWithZeroTemp":{"iob":-0.217,"basaliob":-0.217,"bolussnooze":0,"activity":-0.0026,"lastBolusTime":0,"time":"2023-12-20T08:48:28.500Z"}},{"iob":0.007,"basaliob":0.007,"bolussnooze":0,"activity":2.0E-4,"lastBolusTime":0,"time":"2023-12-20T08:53:28.500Z","iobWithZeroTemp":{"iob":-0.217,"basaliob":-0.217,"bolussnooze":0,"activity":-0.0025,"lastBolusTime":0,"time":"2023-12-20T08:53:28.500Z"}},{"iob":0.006,"basaliob":0.006,"bolussnooze":0,"activity":2.0E-4,"lastBolusTime":0,"time":"2023-12-20T08:58:28.500Z","iobWithZeroTemp":{"iob":-0.217,"basaliob":-0.217,"bolussnooze":0,"activity":-0.0025,"lastBolusTime":0,"time":"2023-12-20T08:58:28.500Z"}},{"iob":0.006,"basaliob":0.006,"bolussnooze":0,"activity":2.0E-4,"lastBolusTime":0,"time":"2023-12-20T09:03:28.500Z","iobWithZeroTemp":{"iob":-0.22,"basaliob":-0.22,"bolussnooze":0,"activity":-0.0025,"lastBolusTime":0,"time":"2023-12-20T09:03:28.500Z"}},{"iob":0.005,"basaliob":0.005,"bolussnooze":0,"activity":1.0E-4,"lastBolusTime":0,"time":"2023-12-20T09:08:28.500Z","iobWithZeroTemp":{"iob":-0.224,"basaliob":-0.224,"bolussnooze":0,"activity":-0.0026,"lastBolusTime":0,"time":"2023-12-20T09:08:28.500Z"}},{"iob":0.004,"basaliob":0.004,"bolussnooze":0,"activity":1.0E-4,"lastBolusTime":0,"time":"2023-12-20T09:13:28.500Z","iobWithZeroTemp":{"iob":-0.228,"basaliob":-0.228,"bolussnooze":0,"activity":-0.0026,"lastBolusTime":0,"time":"2023-12-20T09:13:28.500Z"}},{"iob":0.004,"basaliob":0.004,"bolussnooze":0,"activity":1.0E-4,"lastBolusTime":0,"time":"2023-12-20T09:18:28.500Z","iobWithZeroTemp":{"iob":-0.231,"basaliob":-0.231,"bolussnooze":0,"activity":-0.0026,"lastBolusTime":0,"time":"2023-12-20T09:18:28.500Z"}}],"profile":{"max_iob":10,"type":"current","max_daily_basal":0.25,"max_basal":1,"min_bg":90,"max_bg":90,"target_bg":90,"carb_ratio":12.6,"sens":84,"max_daily_safety_multiplier":5,"current_basal_safety_multiplier":5,"lgsThreshold":95,"high_temptarget_raises_sensitivity":false,"low_temptarget_lowers_sensitivity":false,"sensitivity_raises_target":true,"resistance_lowers_target":true,"adv_target_adjustments":false,"exercise_mode":false,"half_basal_exercise_target":160,"maxCOB":120,"skip_neutral_temps":false,"remainingCarbsCap":90,"enableUAM":true,"A52_risk_enable":false,"SMBInterval":5,"enableSMB_with_COB":true,"enableSMB_with_temptarget":false,"allowSMB_with_high_temptarget":false,"enableSMB_always":false,"enableSMB_after_carbs":true,"maxSMBBasalMinutes":120,"maxUAMSMBBasalMinutes":120,"bolus_increment":0.05,"carbsReqThreshold":1,"current_basal":0.20000000298023224,"temptargetSet":false,"autosens_max":1.2,"autosens_min":0.7,"variable_sens":114.2,"insulinDivisor":75,"TDD":16.242609560627955},"autosens_data":{"ratio":1},"meal_data":{"carbs":0,"mealCOB":0,"slopeFromMaxDeviation":0,"slopeFromMinDeviation":0.48536363636363633,"lastBolusTime":1703032414978,"lastCarbTime":0},"microBolusAllowed":true,"currentTime":1703049810486,"flatBGsDetected":false,"tdd1D":18.86250000521541,"tdd7D":20.877380982715465,"tddLast24H":18.933333328862986,"tddLast4H":0.9458333333333332,"tddLast8to4H":2.7083333750565846},"output":{"temp":"absolute","bg":123,"tick":"+4","eventualBG":160,"targetBG":90,"insulinReq":0.43,"deliverAt":"2023-12-20T05:23:30.486Z","sensitivityRatio":1,"variable_sens":114.2,"predBGs":{"IOB":[123,127,130,132,134,136,137,137,137,137,137,136,135,134,132,131,130,129,128,127,127,126,125,124,124,123,123,122,122,121,121,121,120,120,120,119,119,119,119,119,118],"ZT":[123,122,121,120,119,118,117,116,114,113,112,112,111,111,110,110,110,110,110,111,111],"UAM":[123,127,130,133,136,139,141,144,146,148,150,151,153,154,156,157,158,159,160,161,162,162,163,163,163,163,163,163,163,163,162,162,162,162,161,161,161,161,161,160]},"reason":"COB: 0, Dev: 28, BGI: -1, ISF: 114, CR: 12.6, Target: 90, minPredBG 139, minGuardBG 127, IOBpredBG 118, UAMpredBG 160; Eventual BG 160 >= 90, adj. req. rate: 1.06 to maxSafeBasal: 1, temp 1.00 >~ req 1U\/hr. ","COB":0,"IOB":0.284,"timestamp":"2023-12-20T05:23:30.511Z"}}