{"algorithm":"OpenAPSSMBDynamicISFPlugin","input":{"glucoseStatus":{"glucose":142,"noise":0,"delta":2,"short_avgdelta":1.61,"long_avgdelta":0.87,"date":1702943873000},"currenttemp":{"temp":"absolute","duration":25,"rate":0.95,"minutesrunning":5},"iob_data":[{"iob":0.854,"basaliob":0.121,"bolussnooze":6.0E-4,"activity":0.0097,"lastBolusTime":1702943622383,"time":"2023-12-18T23:58:29.228Z","iobWithZeroTemp":{"iob":0.854,"basaliob":0.121,"bolussnooze":6.0E-4,"activity":0.0097,"lastBolusTime":1702943622383,"time":"2023-12-18T23:58:29.228Z"}},{"iob":0.805,"basaliob":0.118,"bolussnooze":3.0E-4,"activity":0.0097,"lastBolusTime":1702943622383,"time":"2023-12-19T00:03:29.228Z","iobWithZeroTemp":{"iob":0.795,"basaliob":0.108,"bolussnooze":3.0E-4,"activity":0.0097,"lastBolusTime":1702943622383,"time":"2023-12-19T00:03:29.228Z"}},{"iob":0.756,"basaliob":0.115,"bolussnooze":1.0E-4,"activity":0.0097,"lastBolusTime":1702943622383,"time":"2023-12-19T00:08:29.228Z","iobWithZeroTemp":{"iob":0.734,"basaliob":0.093,"bolussnooze":1.0E-4,"activity":0.0097,"lastBolusTime":1702943622383,"time":"2023-12-19T00:08:29.228Z"}},{"iob":0.709,"basaliob":0.112,"bolussnooze":1.0E-4,"activity":0.0095,"lastBolusTime":1702943622383,"time":"2023-12-19T00:13:29.228Z","iobWithZeroTemp":{"iob":0.674,"basaliob":0.077,"bolussnooze":1.0E-4,"activity":0.0094,"lastBolusTime":1702943622383,"time":"2023-12-19T00:13:29.228Z"}},{"iob":0.662,"basaliob":0.107,"bolussnooze":0,"activity":0.0092,"lastBolusTime":1702943622383,"time":"2023-12-19T00:18:29.228Z","iobWithZeroTemp":{"iob":0.616,"basaliob":0.061,"bolussnooze":0,"activity":0.009,"lastBolusTime":1702943622383,"time":"2023-12-19T00:18:29.228Z"}},{"iob":0.617,"basaliob":0.103,"bolussnooze":0,"activity":0.0089,"lastBolusTime":1702943622383,"time":"2023-12-19T00:23:29.228Z","iobWithZeroTemp":{"iob":0.559,"basaliob":0.045,"bolussnooze":0,"activity":0.0086,"lastBolusTime":1702943622383,"time":"2023-12-19T00:23:29.228Z"}},{"iob":0.573,"basaliob":0.098,"bolussnooze":0,"activity":0.0085,"lastBolusTime":1702943622383,"time":"2023-12-19T00:28:29.228Z","iobWithZeroTemp":{"iob":0.504,"basaliob":0.029,"bolussnooze":0,"activity":0.0081,"lastBolusTime":1702943622383,"time":"2023-12-19T00:28:29.228Z"}},{"iob":0.531,"basaliob":0.092,"bolussnooze":0,"activity":0.0081,"lastBolusTime":1702943622383,"time":"2023-12-19T00:33:29.228Z","iobWithZeroTemp":{"iob":0.452,"basaliob":0.013,"bolussnooze":0,"activity":0.0076,"lastBolusTime":1702943622383,"time":"2023-12-19T00:33:29.228Z"}},{"iob":0.491,"basaliob":0.087,"bolussnooze":0,"activity":0.0077,"lastBolusTime":1702943622383,"time":"2023-12-19T00:38:29.228Z","iobWithZeroTemp":{"iob":0.402,"basaliob":-0.002,"bolussnooze":0,"activity":0.0071,"lastBolusTime":1702943622383,"time":"2023-12-19T00:38:29.228Z"}},{"iob":0.453,"basaliob":0.082,"bolussnooze":0,"activity":0.0073,"lastBolusTime":1702943622383,"time":"2023-12-19T00:43:29.228Z","iobWithZeroTemp":{"iob":0.354,"basaliob":-0.017,"bolussnooze":0,"activity":0.0066,"lastBolusTime":1702943622383,"time":"2023-12-19T00:43:29.228Z"}},{"iob":0.418,"basaliob":0.077,"bolussnooze":0,"activity":0.0069,"lastBolusTime":1702943622383,"time":"2023-12-19T00:48:29.228Z","iobWithZeroTemp":{"iob":0.311,"basaliob":-0.03,"bolussnooze":0,"activity":0.0061,"lastBolusTime":1702943622383,"time":"2023-12-19T00:48:29.228Z"}},{"iob":0.384,"basaliob":0.072,"bolussnooze":0,"activity":0.0065,"lastBolusTime":1702943622383,"time":"2023-12-19T00:53:29.228Z","iobWithZeroTemp":{"iob":0.268,"basaliob":-0.044,"bolussnooze":0,"activity":0.0056,"lastBolusTime":1702943622383,"time":"2023-12-19T00:53:29.228Z"}},{"iob":0.352,"basaliob":0.067,"bolussnooze":0,"activity":0.0062,"lastBolusTime":1702943622383,"time":"2023-12-19T00:58:29.228Z","iobWithZeroTemp":{"iob":0.228,"basaliob":-0.057,"bolussnooze":0,"activity":0.0052,"lastBolusTime":1702943622383,"time":"2023-12-19T00:58:29.228Z"}},{"iob":0.323,"basaliob":0.063,"bolussnooze":0,"activity":0.0057,"lastBolusTime":1702943622383,"time":"2023-12-19T01:03:29.228Z","iobWithZeroTemp":{"iob":0.188,"basaliob":-0.072,"bolussnooze":0,"activity":0.0046,"lastBolusTime":1702943622383,"time":"2023-12-19T01:03:29.228Z"}},{"iob":0.295,"basaliob":0.058,"bolussnooze":0,"activity":0.0054,"lastBolusTime":1702943622383,"time":"2023-12-19T01:08:29.228Z","iobWithZeroTemp":{"iob":0.149,"basaliob":-0.088,"bolussnooze":0,"activity":0.0042,"lastBolusTime":1702943622383,"time":"2023-12-19T01:08:29.228Z"}},{"iob":0.27,"basaliob":0.054,"bolussnooze":0,"activity":0.0049,"lastBolusTime":1702943622383,"time":"2023-12-19T01:13:29.228Z","iobWithZeroTemp":{"iob":0.114,"basaliob":-0.102,"bolussnooze":0,"activity":0.0036,"lastBolusTime":1702943622383,"time":"2023-12-19T01:13:29.228Z"}},{"iob":0.246,"basaliob":0.05,"bolussnooze":0,"activity":0.0046,"lastBolusTime":1702943622383,"time":"2023-12-19T01:18:29.228Z","iobWithZeroTemp":{"iob":0.08,"basaliob":-0.116,"bolussnooze":0,"activity":0.0032,"lastBolusTime":1702943622383,"time":"2023-12-19T01:18:29.228Z"}},{"iob":0.224,"basaliob":0.046,"bolussnooze":0,"activity":0.0042,"lastBolusTime":1702943622383,"time":"2023-12-19T01:23:29.228Z","iobWithZeroTemp":{"iob":0.049,"basaliob":-0.129,"bolussnooze":0,"activity":0.0027,"lastBolusTime":1702943622383,"time":"2023-12-19T01:23:29.228Z"}},{"iob":0.203,"basaliob":0.042,"bolussnooze":0,"activity":0.0039,"lastBolusTime":1702943622383,"time":"2023-12-19T01:28:29.228Z","iobWithZeroTemp":{"iob":0.019,"basaliob":-0.142,"bolussnooze":0,"activity":0.0022,"lastBolusTime":1702943622383,"time":"2023-12-19T01:28:29.228Z"}},{"iob":0.184,"basaliob":0.039,"bolussnooze":0,"activity":0.0037,"lastBolusTime":1702943622383,"time":"2023-12-19T01:33:29.228Z","iobWithZeroTemp":{"iob":-0.008,"basaliob":-0.153,"bolussnooze":0,"activity":0.0019,"lastBolusTime":1702943622383,"time":"2023-12-19T01:33:29.228Z"}},{"iob":0.167,"basaliob":0.036,"bolussnooze":0,"activity":0.0033,"lastBolusTime":1702943622383,"time":"2023-12-19T01:38:29.228Z","iobWithZeroTemp":{"iob":-0.033,"basaliob":-0.164,"bolussnooze":0,"activity":0.0014,"lastBolusTime":1702943622383,"time":"2023-12-19T01:38:29.228Z"}},{"iob":0.151,"basaliob":0.033,"bolussnooze":0,"activity":0.0031,"lastBolusTime":1702943622383,"time":"2023-12-19T01:43:29.228Z","iobWithZeroTemp":{"iob":-0.056,"basaliob":-0.174,"bolussnooze":0,"activity":0.0011,"lastBolusTime":1702943622383,"time":"2023-12-19T01:43:29.228Z"}},{"iob":0.137,"basaliob":0.03,"bolussnooze":0,"activity":0.0028,"lastBolusTime":1702943622383,"time":"2023-12-19T01:48:29.228Z","iobWithZeroTemp":{"iob":-0.076,"basaliob":-0.183,"bolussnooze":0,"activity":7.0E-4,"lastBolusTime":1702943622383,"time":"2023-12-19T01:48:29.228Z"}},{"iob":0.123,"basaliob":0.027,"bolussnooze":0,"activity":0.0026,"lastBolusTime":1702943622383,"time":"2023-12-19T01:53:29.228Z","iobWithZeroTemp":{"iob":-0.096,"basaliob":-0.192,"bolussnooze":0,"activity":4.0E-4,"lastBolusTime":1702943622383,"time":"2023-12-19T01:53:29.228Z"}},{"iob":0.111,"basaliob":0.025,"bolussnooze":0,"activity":0.0024,"lastBolusTime":1702943622383,"time":"2023-12-19T01:58:29.228Z","iobWithZeroTemp":{"iob":-0.114,"basaliob":-0.2,"bolussnooze":0,"activity":1.0E-4,"lastBolusTime":1702943622383,"time":"2023-12-19T01:58:29.228Z"}},{"iob":0.1,"basaliob":0.023,"bolussnooze":0,"activity":0.0021,"lastBolusTime":1702943622383,"time":"2023-12-19T02:03:29.228Z","iobWithZeroTemp":{"iob":-0.13,"basaliob":-0.207,"bolussnooze":0,"activity":-2.0E-4,"lastBolusTime":1702943622383,"time":"2023-12-19T02:03:29.228Z"}},{"iob":0.089,"basaliob":0.02,"bolussnooze":0,"activity":0.0019,"lastBolusTime":1702943622383,"time":"2023-12-19T02:08:29.228Z","iobWithZeroTemp":{"iob":-0.146,"basaliob":-0.215,"bolussnooze":0,"activity":-5.0E-4,"lastBolusTime":1702943622383,"time":"2023-12-19T02:08:29.228Z"}},{"iob":0.081,"basaliob":0.019,"bolussnooze":0,"activity":0.0018,"lastBolusTime":1702943622383,"time":"2023-12-19T02:13:29.228Z","iobWithZeroTemp":{"iob":-0.158,"basaliob":-0.22,"bolussnooze":0,"activity":-7.0E-4,"lastBolusTime":1702943622383,"time":"2023-12-19T02:13:29.228Z"}},{"iob":0.072,"basaliob":0.017,"bolussnooze":0,"activity":0.0016,"lastBolusTime":1702943622383,"time":"2023-12-19T02:18:29.228Z","iobWithZeroTemp":{"iob":-0.171,"basaliob":-0.226,"bolussnooze":0,"activity":-0.001,"lastBolusTime":1702943622383,"time":"2023-12-19T02:18:29.228Z"}},{"iob":0.064,"basaliob":0.015,"bolussnooze":0,"activity":0.0014,"lastBolusTime":1702943622383,"time":"2023-12-19T02:23:29.228Z","iobWithZeroTemp":{"iob":-0.183,"basaliob":-0.232,"bolussnooze":0,"activity":-0.0012,"lastBolusTime":1702943622383,"time":"2023-12-19T02:23:29.228Z"}},{"iob":0.057,"basaliob":0.014,"bolussnooze":0,"activity":0.0013,"lastBolusTime":1702943622383,"time":"2023-12-19T02:28:29.228Z","iobWithZeroTemp":{"iob":-0.193,"basaliob":-0.236,"bolussnooze":0,"activity":-0.0014,"lastBolusTime":1702943622383,"time":"2023-12-19T02:28:29.228Z"}},{"iob":0.051,"basaliob":0.012,"bolussnooze":0,"activity":0.0012,"lastBolusTime":1702943622383,"time":"2023-12-19T02:33:29.228Z","iobWithZeroTemp":{"iob":-0.202,"basaliob":-0.241,"bolussnooze":0,"activity":-0.0015,"lastBolusTime":1702943622383,"time":"2023-12-19T02:33:29.228Z"}},{"iob":0.045,"basaliob":0.011,"bolussnooze":0,"activity":0.001,"lastBolusTime":1702943622383,"time":"2023-12-19T02:38:29.228Z","iobWithZeroTemp":{"iob":-0.211,"basaliob":-0.245,"bolussnooze":0,"activity":-0.0018,"lastBolusTime":1702943622383,"time":"2023-12-19T02:38:29.228Z"}},{"iob":0.04,"basaliob":0.01,"bolussnooze":0,"activity":0.001,"lastBolusTime":1702943622383,"time":"2023-12-19T02:43:29.228Z","iobWithZeroTemp":{"iob":-0.219,"basaliob":-0.249,"bolussnooze":0,"activity":-0.0018,"lastBolusTime":1702943622383,"time":"2023-12-19T02:43:29.228Z"}},{"iob":0.036,"basaliob":0.009,"bolussnooze":0,"activity":9.0E-4,"lastBolusTime":1702943622383,"time":"2023-12-19T02:48:29.228Z","iobWithZeroTemp":{"iob":-0.225,"basaliob":-0.252,"bolussnooze":0,"activity":-0.002,"lastBolusTime":1702943622383,"time":"2023-12-19T02:48:29.228Z"}},{"iob":0.031,"basaliob":0.008,"bolussnooze":0,"activity":8.0E-4,"lastBolusTime":1702943622383,"time":"2023-12-19T02:53:29.228Z","iobWithZeroTemp":{"iob":-0.232,"basaliob":-0.255,"bolussnooze":0,"activity":-0.0021,"lastBolusTime":1702943622383,"time":"2023-12-19T02:53:29.228Z"}},{"iob":0.027,"basaliob":0.007,"bolussnooze":0,"activity":7.0E-4,"lastBolusTime":1702943622383,"time":"2023-12-19T02:58:29.228Z","iobWithZeroTemp":{"iob":-0.238,"basaliob":-0.258,"bolussnooze":0,"activity":-0.0023,"lastBolusTime":1702943622383,"time":"2023-12-19T02:58:29.228Z"}},{"iob":0.024,"basaliob":0.006,"bolussnooze":0,"activity":6.0E-4,"lastBolusTime":1702943622383,"time":"2023-12-19T03:03:29.228Z","iobWithZeroTemp":{"iob":-0.238,"basaliob":-0.256,"bolussnooze":0,"activity":-0.0024,"lastBolusTime":1702943622383,"time":"2023-12-19T03:03:29.228Z"}},{"iob":0.022,"basaliob":0.006,"bolussnooze":0,"activity":5.0E-4,"lastBolusTime":1702943622383,"time":"2023-12-19T03:08:29.228Z","iobWithZeroTemp":{"iob":-0.238,"basaliob":-0.254,"bolussnooze":0,"activity":-0.0025,"lastBolusTime":1702943622383,"time":"2023-12-19T03:08:29.228Z"}},{"iob":0.019,"basaliob":0.005,"bolussnooze":0,"activity":5.0E-4,"lastBolusTime":1702943622383,"time":"2023-12-19T03:13:29.228Z","iobWithZeroTemp":{"iob":-0.238,"basaliob":-0.252,"bolussnooze":0,"activity":-0.0025,"lastBolusTime":1702943622383,"time":"2023-12-19T03:13:29.228Z"}},{"iob":0.016,"basaliob":0.004,"bolussnooze":0,"activity":4.0E-4,"lastBolusTime":1702943622383,"time":"2023-12-19T03:18:29.228Z","iobWithZeroTemp":{"iob":-0.239,"basaliob":-0.251,"bolussnooze":0,"activity":-0.0026,"lastBolusTime":1702943622383,"time":"2023-12-19T03:18:29.228Z"}},{"iob":0.014,"basaliob":0.004,"bolussnooze":0,"activity":4.0E-4,"lastBolusTime":1702943622383,"time":"2023-12-19T03:23:29.228Z","iobWithZeroTemp":{"iob":-0.238,"basaliob":-0.248,"bolussnooze":0,"activity":-0.0026,"lastBolusTime":1702943622383,"time":"2023-12-19T03:23:29.228Z"}},{"iob":0.012,"basaliob":0.003,"bolussnooze":0,"activity":4.0E-4,"lastBolusTime":1702943622383,"time":"2023-12-19T03:28:29.228Z","iobWithZeroTemp":{"iob":-0.237,"basaliob":-0.246,"bolussnooze":0,"activity":-0.0026,"lastBolusTime":1702943622383,"time":"2023-12-19T03:28:29.228Z"}},{"iob":0.011,"basaliob":0.003,"bolussnooze":0,"activity":3.0E-4,"lastBolusTime":1702943622383,"time":"2023-12-19T03:33:29.228Z","iobWithZeroTemp":{"iob":-0.236,"basaliob":-0.244,"bolussnooze":0,"activity":-0.0027,"lastBolusTime":1702943622383,"time":"2023-12-19T03:33:29.228Z"}},{"iob":0.01,"basaliob":0.003,"bolussnooze":0,"activity":3.0E-4,"lastBolusTime":1702943622383,"time":"2023-12-19T03:38:29.228Z","iobWithZeroTemp":{"iob":-0.234,"basaliob":-0.241,"bolussnooze":0,"activity":-0.0027,"lastBolusTime":1702943622383,"time":"2023-12-19T03:38:29.228Z"}},{"iob":0.008,"basaliob":0.002,"bolussnooze":0,"activity":3.0E-4,"lastBolusTime":1702943622383,"time":"2023-12-19T03:43:29.228Z","iobWithZeroTemp":{"iob":-0.234,"basaliob":-0.24,"bolussnooze":0,"activity":-0.0027,"lastBolusTime":1702943622383,"time":"2023-12-19T03:43:29.228Z"}},{"iob":0.007,"basaliob":0.002,"bolussnooze":0,"activity":3.0E-4,"lastBolusTime":1702943622383,"time":"2023-12-19T03:48:29.228Z","iobWithZeroTemp":{"iob":-0.233,"basaliob":-0.238,"bolussnooze":0,"activity":-0.0026,"lastBolusTime":1702943622383,"time":"2023-12-19T03:48:29.228Z"}},{"iob":0.006,"basaliob":0.002,"bolussnooze":0,"activity":1.0E-4,"lastBolusTime":1702943622383,"time":"2023-12-19T03:53:29.228Z","iobWithZeroTemp":{"iob":-0.232,"basaliob":-0.236,"bolussnooze":0,"activity":-0.0028,"lastBolusTime":1702943622383,"time":"2023-12-19T03:53:29.228Z"}}],"profile":{"max_iob":10,"type":"current","max_daily_basal":0.25,"max_basal":1,"min_bg":90,"max_bg":90,"target_bg":90,"carb_ratio":15.6,"sens":84,"max_daily_safety_multiplier":5,"current_basal_safety_multiplier":5,"lgsThreshold":95,"high_temptarget_raises_sensitivity":false,"low_temptarget_lowers_sensitivity":false,"sensitivity_raises_target":true,"resistance_lowers_target":true,"adv_target_adjustments":false,"exercise_mode":false,"half_basal_exercise_target":160,"maxCOB":120,"skip_neutral_temps":false,"remainingCarbsCap":90,"enableUAM":true,"A52_risk_enable":false,"SMBInterval":5,"enableSMB_with_COB":true,"enableSMB_with_temptarget":false,"allowSMB_with_high_temptarget":false,"enableSMB_always":false,"enableSMB_after_carbs":true,"maxSMBBasalMinutes":120,"maxUAMSMBBasalMinutes":120,"bolus_increment":0.05,"carbsReqThreshold":1,"current_basal":0.20000000298023224,"temptargetSet":false,"autosens_max":1.2,"autosens_min":0.7,"variable_sens":76.1,"insulinDivisor":75,"TDD":22.2533603783233},"autosens_data":{"ratio":1},"meal_data":{"carbs":39,"mealCOB":0,"slopeFromMaxDeviation":-0.025799999999999913,"slopeFromMinDeviation":0.4695,"lastBolusTime":1702943622383,"lastCarbTime":1702935386937},"microBolusAllowed":true,"currentTime":1702943910695,"flatBGsDetected":false,"tdd1D":20.141666612277426,"tdd7D":26.78606000595613,"tddLast24H":20.1874999538064,"tddLast4H":4.474999993294477,"tddLast8to4H":0.5000000059604646},"output":{"temp":"absolute","bg":142,"tick":"+2","eventualBG":166,"targetBG":90,"insulinReq":0.41,"deliverAt":"2023-12-18T23:58:30.695Z","sensitivityRatio":1,"variable_sens":76.1,"predBGs":{"IOB":[142,143,144,144,144,144,143,142,141,139,137,135,132,130,128,125,123,122,120,118,117,115,114,113,111,110,109,109,108,107,106,106,105,105,104,104,104,103,103,103,102,102,102,102,102,102,101],"ZT":[142,138,135,131,127,123,120,116,113,110,107,104,102,99,97,95,93,91,90,89,88,87,87,86,86,86,86,86,87,87,88,89,89,90],"UAM":[142,143,145,146,147,148,149,150,151,152,153,155,156,157,158,159,160,161,162,163,164,164,165,166,167,167,168,168,168,169,169,169,169,168,168,168,167,167,167,167,167,167,166]},"reason":"COB: 0, Dev: 32, BGI: -4, ISF: 76, CR: 15.6, Target: 90, minPredBG 121, minGuardBG 143, IOBpredBG 101, UAMpredBG 166; Eventual BG 166 >= 90,  insulinReq 0.41; setting 30m low temp of 0.03U\/h. Waiting 0m 12s to microbolus again. ","COB":0,"IOB":0.854,"rate":0.03,"duration":30,"timestamp":"2023-12-18T23:58:30.721Z"}}