{"algorithm":"OpenAPSSMBDynamicISFPlugin","input":{"glucoseStatus":{"glucose":105,"noise":0,"delta":1,"short_avgdelta":1.28,"long_avgdelta":0.82,"date":1702898271000},"currenttemp":{"temp":"absolute","duration":25,"rate":0.55,"minutesrunning":5},"iob_data":[{"iob":0.128,"basaliob":0.017,"bolussnooze":0,"activity":0.0016,"lastBolusTime":1702893506960,"time":"2023-12-18T11:18:26.927Z","iobWithZeroTemp":{"iob":0.128,"basaliob":0.017,"bolussnooze":0,"activity":0.0016,"lastBolusTime":1702893506960,"time":"2023-12-18T11:18:26.927Z"}},{"iob":0.12,"basaliob":0.019,"bolussnooze":0,"activity":0.0016,"lastBolusTime":1702893506960,"time":"2023-12-18T11:23:26.927Z","iobWithZeroTemp":{"iob":0.11,"basaliob":0.009,"bolussnooze":0,"activity":0.0016,"lastBolusTime":1702893506960,"time":"2023-12-18T11:23:26.927Z"}},{"iob":0.112,"basaliob":0.02,"bolussnooze":0,"activity":0.0016,"lastBolusTime":1702893506960,"time":"2023-12-18T11:28:26.927Z","iobWithZeroTemp":{"iob":0.09,"basaliob":-0.002,"bolussnooze":0,"activity":0.0016,"lastBolusTime":1702893506960,"time":"2023-12-18T11:28:26.927Z"}},{"iob":0.104,"basaliob":0.021,"bolussnooze":0,"activity":0.0015,"lastBolusTime":1702893506960,"time":"2023-12-18T11:33:26.927Z","iobWithZeroTemp":{"iob":0.069,"basaliob":-0.014,"bolussnooze":0,"activity":0.0014,"lastBolusTime":1702893506960,"time":"2023-12-18T11:33:26.927Z"}},{"iob":0.096,"basaliob":0.021,"bolussnooze":0,"activity":0.0014,"lastBolusTime":1702893506960,"time":"2023-12-18T11:38:26.927Z","iobWithZeroTemp":{"iob":0.05,"basaliob":-0.025,"bolussnooze":0,"activity":0.0012,"lastBolusTime":1702893506960,"time":"2023-12-18T11:38:26.927Z"}},{"iob":0.089,"basaliob":0.021,"bolussnooze":0,"activity":0.0014,"lastBolusTime":1702893506960,"time":"2023-12-18T11:43:26.927Z","iobWithZeroTemp":{"iob":0.031,"basaliob":-0.037,"bolussnooze":0,"activity":0.0011,"lastBolusTime":1702893506960,"time":"2023-12-18T11:43:26.927Z"}},{"iob":0.083,"basaliob":0.021,"bolussnooze":0,"activity":0.0012,"lastBolusTime":1702893506960,"time":"2023-12-18T11:48:26.927Z","iobWithZeroTemp":{"iob":0.014,"basaliob":-0.048,"bolussnooze":0,"activity":8.0E-4,"lastBolusTime":1702893506960,"time":"2023-12-18T11:48:26.927Z"}},{"iob":0.077,"basaliob":0.021,"bolussnooze":0,"activity":0.0012,"lastBolusTime":1702893506960,"time":"2023-12-18T11:53:26.927Z","iobWithZeroTemp":{"iob":-0.002,"basaliob":-0.058,"bolussnooze":0,"activity":7.0E-4,"lastBolusTime":1702893506960,"time":"2023-12-18T11:53:26.927Z"}},{"iob":0.07,"basaliob":0.02,"bolussnooze":0,"activity":0.0011,"lastBolusTime":1702893506960,"time":"2023-12-18T11:58:26.927Z","iobWithZeroTemp":{"iob":-0.019,"basaliob":-0.069,"bolussnooze":0,"activity":5.0E-4,"lastBolusTime":1702893506960,"time":"2023-12-18T11:58:26.927Z"}},{"iob":0.065,"basaliob":0.02,"bolussnooze":0,"activity":0.001,"lastBolusTime":1702893506960,"time":"2023-12-18T12:03:26.927Z","iobWithZeroTemp":{"iob":-0.034,"basaliob":-0.079,"bolussnooze":0,"activity":3.0E-4,"lastBolusTime":1702893506960,"time":"2023-12-18T12:03:26.927Z"}},{"iob":0.06,"basaliob":0.019,"bolussnooze":0,"activity":0.0011,"lastBolusTime":1702893506960,"time":"2023-12-18T12:08:26.927Z","iobWithZeroTemp":{"iob":-0.047,"basaliob":-0.088,"bolussnooze":0,"activity":3.0E-4,"lastBolusTime":1702893506960,"time":"2023-12-18T12:08:26.927Z"}},{"iob":0.055,"basaliob":0.018,"bolussnooze":0,"activity":0.001,"lastBolusTime":1702893506960,"time":"2023-12-18T12:13:26.927Z","iobWithZeroTemp":{"iob":-0.061,"basaliob":-0.098,"bolussnooze":0,"activity":1.0E-4,"lastBolusTime":1702893506960,"time":"2023-12-18T12:13:26.927Z"}},{"iob":0.05,"basaliob":0.017,"bolussnooze":0,"activity":9.0E-4,"lastBolusTime":1702893506960,"time":"2023-12-18T12:18:26.927Z","iobWithZeroTemp":{"iob":-0.074,"basaliob":-0.107,"bolussnooze":0,"activity":-1.0E-4,"lastBolusTime":1702893506960,"time":"2023-12-18T12:18:26.927Z"}},{"iob":0.046,"basaliob":0.016,"bolussnooze":0,"activity":8.0E-4,"lastBolusTime":1702893506960,"time":"2023-12-18T12:23:26.927Z","iobWithZeroTemp":{"iob":-0.085,"basaliob":-0.115,"bolussnooze":0,"activity":-3.0E-4,"lastBolusTime":1702893506960,"time":"2023-12-18T12:23:26.927Z"}},{"iob":0.043,"basaliob":0.016,"bolussnooze":0,"activity":8.0E-4,"lastBolusTime":1702893506960,"time":"2023-12-18T12:28:26.927Z","iobWithZeroTemp":{"iob":-0.095,"basaliob":-0.122,"bolussnooze":0,"activity":-4.0E-4,"lastBolusTime":1702893506960,"time":"2023-12-18T12:28:26.927Z"}},{"iob":0.039,"basaliob":0.015,"bolussnooze":0,"activity":7.0E-4,"lastBolusTime":1702893506960,"time":"2023-12-18T12:33:26.927Z","iobWithZeroTemp":{"iob":-0.105,"basaliob":-0.129,"bolussnooze":0,"activity":-6.0E-4,"lastBolusTime":1702893506960,"time":"2023-12-18T12:33:26.927Z"}},{"iob":0.035,"basaliob":0.014,"bolussnooze":0,"activity":7.0E-4,"lastBolusTime":1702893506960,"time":"2023-12-18T12:38:26.927Z","iobWithZeroTemp":{"iob":-0.115,"basaliob":-0.136,"bolussnooze":0,"activity":-7.0E-4,"lastBolusTime":1702893506960,"time":"2023-12-18T12:38:26.927Z"}},{"iob":0.032,"basaliob":0.013,"bolussnooze":0,"activity":6.0E-4,"lastBolusTime":1702893506960,"time":"2023-12-18T12:43:26.927Z","iobWithZeroTemp":{"iob":-0.124,"basaliob":-0.143,"bolussnooze":0,"activity":-9.0E-4,"lastBolusTime":1702893506960,"time":"2023-12-18T12:43:26.927Z"}},{"iob":0.029,"basaliob":0.012,"bolussnooze":0,"activity":6.0E-4,"lastBolusTime":1702893506960,"time":"2023-12-18T12:48:26.927Z","iobWithZeroTemp":{"iob":-0.132,"basaliob":-0.149,"bolussnooze":0,"activity":-9.0E-4,"lastBolusTime":1702893506960,"time":"2023-12-18T12:48:26.927Z"}},{"iob":0.026,"basaliob":0.011,"bolussnooze":0,"activity":6.0E-4,"lastBolusTime":1702893506960,"time":"2023-12-18T12:53:26.927Z","iobWithZeroTemp":{"iob":-0.139,"basaliob":-0.154,"bolussnooze":0,"activity":-0.001,"lastBolusTime":1702893506960,"time":"2023-12-18T12:53:26.927Z"}},{"iob":0.023,"basaliob":0.01,"bolussnooze":0,"activity":5.0E-4,"lastBolusTime":1702893506960,"time":"2023-12-18T12:58:26.927Z","iobWithZeroTemp":{"iob":-0.146,"basaliob":-0.159,"bolussnooze":0,"activity":-0.0012,"lastBolusTime":1702893506960,"time":"2023-12-18T12:58:26.927Z"}},{"iob":0.022,"basaliob":0.01,"bolussnooze":0,"activity":4.0E-4,"lastBolusTime":1702893506960,"time":"2023-12-18T13:03:26.927Z","iobWithZeroTemp":{"iob":-0.151,"basaliob":-0.163,"bolussnooze":0,"activity":-0.0013,"lastBolusTime":1702893506960,"time":"2023-12-18T13:03:26.927Z"}},{"iob":0.02,"basaliob":0.009,"bolussnooze":0,"activity":4.0E-4,"lastBolusTime":1702893506960,"time":"2023-12-18T13:08:26.927Z","iobWithZeroTemp":{"iob":-0.157,"basaliob":-0.168,"bolussnooze":0,"activity":-0.0014,"lastBolusTime":1702893506960,"time":"2023-12-18T13:08:26.927Z"}},{"iob":0.017,"basaliob":0.008,"bolussnooze":0,"activity":3.0E-4,"lastBolusTime":1702893506960,"time":"2023-12-18T13:13:26.927Z","iobWithZeroTemp":{"iob":-0.163,"basaliob":-0.172,"bolussnooze":0,"activity":-0.0016,"lastBolusTime":1702893506960,"time":"2023-12-18T13:13:26.927Z"}},{"iob":0.016,"basaliob":0.008,"bolussnooze":0,"activity":3.0E-4,"lastBolusTime":1702893506960,"time":"2023-12-18T13:18:26.927Z","iobWithZeroTemp":{"iob":-0.167,"basaliob":-0.175,"bolussnooze":0,"activity":-0.0016,"lastBolusTime":1702893506960,"time":"2023-12-18T13:18:26.927Z"}},{"iob":0.014,"basaliob":0.007,"bolussnooze":0,"activity":3.0E-4,"lastBolusTime":1702893506960,"time":"2023-12-18T13:23:26.927Z","iobWithZeroTemp":{"iob":-0.172,"basaliob":-0.179,"bolussnooze":0,"activity":-0.0017,"lastBolusTime":1702893506960,"time":"2023-12-18T13:23:26.927Z"}},{"iob":0.012,"basaliob":0.006,"bolussnooze":0,"activity":3.0E-4,"lastBolusTime":1702893506960,"time":"2023-12-18T13:28:26.927Z","iobWithZeroTemp":{"iob":-0.177,"basaliob":-0.183,"bolussnooze":0,"activity":-0.0017,"lastBolusTime":1702893506960,"time":"2023-12-18T13:28:26.927Z"}},{"iob":0.012,"basaliob":0.006,"bolussnooze":0,"activity":2.0E-4,"lastBolusTime":1702893506960,"time":"2023-12-18T13:33:26.927Z","iobWithZeroTemp":{"iob":-0.179,"basaliob":-0.185,"bolussnooze":0,"activity":-0.0019,"lastBolusTime":1702893506960,"time":"2023-12-18T13:33:26.927Z"}},{"iob":0.01,"basaliob":0.005,"bolussnooze":0,"activity":2.0E-4,"lastBolusTime":1702893506960,"time":"2023-12-18T13:38:26.927Z","iobWithZeroTemp":{"iob":-0.183,"basaliob":-0.188,"bolussnooze":0,"activity":-0.0019,"lastBolusTime":1702893506960,"time":"2023-12-18T13:38:26.927Z"}},{"iob":0.009,"basaliob":0.005,"bolussnooze":0,"activity":2.0E-4,"lastBolusTime":1702893506960,"time":"2023-12-18T13:43:26.927Z","iobWithZeroTemp":{"iob":-0.186,"basaliob":-0.19,"bolussnooze":0,"activity":-0.0019,"lastBolusTime":1702893506960,"time":"2023-12-18T13:43:26.927Z"}},{"iob":0.008,"basaliob":0.004,"bolussnooze":0,"activity":2.0E-4,"lastBolusTime":1702893506960,"time":"2023-12-18T13:48:26.927Z","iobWithZeroTemp":{"iob":-0.189,"basaliob":-0.193,"bolussnooze":0,"activity":-0.002,"lastBolusTime":1702893506960,"time":"2023-12-18T13:48:26.927Z"}},{"iob":0.007,"basaliob":0.004,"bolussnooze":0,"activity":2.0E-4,"lastBolusTime":1702893506960,"time":"2023-12-18T13:53:26.927Z","iobWithZeroTemp":{"iob":-0.191,"basaliob":-0.194,"bolussnooze":0,"activity":-0.002,"lastBolusTime":1702893506960,"time":"2023-12-18T13:53:26.927Z"}},{"iob":0.007,"basaliob":0.004,"bolussnooze":0,"activity":2.0E-4,"lastBolusTime":1702893506960,"time":"2023-12-18T13:58:26.927Z","iobWithZeroTemp":{"iob":-0.192,"basaliob":-0.195,"bolussnooze":0,"activity":-0.002,"lastBolusTime":1702893506960,"time":"2023-12-18T13:58:26.927Z"}},{"iob":0.005,"basaliob":0.003,"bolussnooze":0,"activity":2.0E-4,"lastBolusTime":1702893506960,"time":"2023-12-18T14:03:26.927Z","iobWithZeroTemp":{"iob":-0.2,"basaliob":-0.202,"bolussnooze":0,"activity":-0.0021,"lastBolusTime":1702893506960,"time":"2023-12-18T14:03:26.927Z"}},{"iob":0.005,"basaliob":0.003,"bolussnooze":0,"activity":2.0E-4,"lastBolusTime":1702893506960,"time":"2023-12-18T14:08:26.927Z","iobWithZeroTemp":{"iob":-0.205,"basaliob":-0.207,"bolussnooze":0,"activity":-0.0021,"lastBolusTime":1702893506960,"time":"2023-12-18T14:08:26.927Z"}},{"iob":0.005,"basaliob":0.003,"bolussnooze":0,"activity":2.0E-4,"lastBolusTime":1702893506960,"time":"2023-12-18T14:13:26.927Z","iobWithZeroTemp":{"iob":-0.21,"basaliob":-0.212,"bolussnooze":0,"activity":-0.0021,"lastBolusTime":1702893506960,"time":"2023-12-18T14:13:26.927Z"}},{"iob":0.003,"basaliob":0.002,"bolussnooze":0,"activity":1.0E-4,"lastBolusTime":1702893506960,"time":"2023-12-18T14:18:26.927Z","iobWithZeroTemp":{"iob":-0.217,"basaliob":-0.218,"bolussnooze":0,"activity":-0.0023,"lastBolusTime":1702893506960,"time":"2023-12-18T14:18:26.927Z"}},{"iob":0.003,"basaliob":0.002,"bolussnooze":0,"activity":1.0E-4,"lastBolusTime":1702893506960,"time":"2023-12-18T14:23:26.927Z","iobWithZeroTemp":{"iob":-0.221,"basaliob":-0.222,"bolussnooze":0,"activity":-0.0023,"lastBolusTime":1702893506960,"time":"2023-12-18T14:23:26.927Z"}},{"iob":0.003,"basaliob":0.002,"bolussnooze":0,"activity":0,"lastBolusTime":1702893506960,"time":"2023-12-18T14:28:26.927Z","iobWithZeroTemp":{"iob":-0.226,"basaliob":-0.227,"bolussnooze":0,"activity":-0.0025,"lastBolusTime":1702893506960,"time":"2023-12-18T14:28:26.927Z"}},{"iob":0.003,"basaliob":0.002,"bolussnooze":0,"activity":0,"lastBolusTime":1702893506960,"time":"2023-12-18T14:33:26.927Z","iobWithZeroTemp":{"iob":-0.23,"basaliob":-0.231,"bolussnooze":0,"activity":-0.0025,"lastBolusTime":1702893506960,"time":"2023-12-18T14:33:26.927Z"}},{"iob":0.003,"basaliob":0.002,"bolussnooze":0,"activity":0,"lastBolusTime":1702893506960,"time":"2023-12-18T14:38:26.927Z","iobWithZeroTemp":{"iob":-0.234,"basaliob":-0.235,"bolussnooze":0,"activity":-0.0026,"lastBolusTime":1702893506960,"time":"2023-12-18T14:38:26.927Z"}},{"iob":0.002,"basaliob":0.001,"bolussnooze":0,"activity":0,"lastBolusTime":1702893506960,"time":"2023-12-18T14:43:26.927Z","iobWithZeroTemp":{"iob":-0.238,"basaliob":-0.239,"bolussnooze":0,"activity":-0.0026,"lastBolusTime":1702893506960,"time":"2023-12-18T14:43:26.927Z"}},{"iob":0.001,"basaliob":0.001,"bolussnooze":0,"activity":0,"lastBolusTime":1702893506960,"time":"2023-12-18T14:48:26.927Z","iobWithZeroTemp":{"iob":-0.243,"basaliob":-0.243,"bolussnooze":0,"activity":-0.0027,"lastBolusTime":1702893506960,"time":"2023-12-18T14:48:26.927Z"}},{"iob":0.001,"basaliob":0.001,"bolussnooze":0,"activity":0,"lastBolusTime":1702893506960,"time":"2023-12-18T14:53:26.927Z","iobWithZeroTemp":{"iob":-0.246,"basaliob":-0.246,"bolussnooze":0,"activity":-0.0027,"lastBolusTime":1702893506960,"time":"2023-12-18T14:53:26.927Z"}},{"iob":0.001,"basaliob":0.001,"bolussnooze":0,"activity":0,"lastBolusTime":1702893506960,"time":"2023-12-18T14:58:26.927Z","iobWithZeroTemp":{"iob":-0.249,"basaliob":-0.249,"bolussnooze":0,"activity":-0.0028,"lastBolusTime":1702893506960,"time":"2023-12-18T14:58:26.927Z"}},{"iob":0.001,"basaliob":0.001,"bolussnooze":0,"activity":0,"lastBolusTime":1702893506960,"time":"2023-12-18T15:03:26.927Z","iobWithZeroTemp":{"iob":-0.252,"basaliob":-0.252,"bolussnooze":0,"activity":-0.0028,"lastBolusTime":1702893506960,"time":"2023-12-18T15:03:26.927Z"}},{"iob":0.001,"basaliob":0.001,"bolussnooze":0,"activity":0,"lastBolusTime":1702893506960,"time":"2023-12-18T15:08:26.927Z","iobWithZeroTemp":{"iob":-0.254,"basaliob":-0.254,"bolussnooze":0,"activity":-0.0028,"lastBolusTime":1702893506960,"time":"2023-12-18T15:08:26.927Z"}},{"iob":0.001,"basaliob":0.001,"bolussnooze":0,"activity":0,"lastBolusTime":1702893506960,"time":"2023-12-18T15:13:26.927Z","iobWithZeroTemp":{"iob":-0.256,"basaliob":-0.256,"bolussnooze":0,"activity":-0.0029,"lastBolusTime":1702893506960,"time":"2023-12-18T15:13:26.927Z"}}],"profile":{"max_iob":10,"type":"current","max_daily_basal":0.25,"max_basal":0.75,"min_bg":90,"max_bg":90,"target_bg":90,"carb_ratio":12.4,"sens":84,"max_daily_safety_multiplier":5,"current_basal_safety_multiplier":5,"lgsThreshold":95,"high_temptarget_raises_sensitivity":false,"low_temptarget_lowers_sensitivity":false,"sensitivity_raises_target":true,"resistance_lowers_target":true,"adv_target_adjustments":false,"exercise_mode":false,"half_basal_exercise_target":160,"maxCOB":120,"skip_neutral_temps":false,"remainingCarbsCap":90,"enableUAM":true,"A52_risk_enable":false,"SMBInterval":5,"enableSMB_with_COB":true,"enableSMB_with_temptarget":false,"allowSMB_with_high_temptarget":false,"enableSMB_always":false,"enableSMB_after_carbs":true,"maxSMBBasalMinutes":120,"maxUAMSMBBasalMinutes":120,"bolus_increment":0.05,"carbsReqThreshold":1,"current_basal":0.15000000596046448,"temptargetSet":false,"autosens_max":1.2,"autosens_min":0.7,"variable_sens":101.7,"insulinDivisor":75,"TDD":20.217796513769912},"autosens_data":{"ratio":1},"meal_data":{"carbs":0,"mealCOB":0,"slopeFromMaxDeviation":-0,"slopeFromMinDeviation":0.34457142857142853,"lastBolusTime":1702893506960,"lastCarbTime":0},"microBolusAllowed":true,"currentTime":1702898308001,"flatBGsDetected":false,"tdd1D":22.354166475186748,"tdd7D":26.782783919711285,"tddLast24H":22.04999983087182,"tddLast4H":1.100000011175871,"tddLast8to4H":3.720833381762107},"output":{"temp":"absolute","bg":105,"tick":"+1","eventualBG":105,"targetBG":90,"insulinReq":0.14,"deliverAt":"2023-12-18T11:18:28.001Z","sensitivityRatio":1,"variable_sens":101.7,"predBGs":{"IOB":[105,106,107,107,108,108,108,108,108,108,108,108,107,107,106,106,105,105,105,104,104,104,104,103,103,103,103,103,103,103,103,102],"ZT":[105,104,103,103,102,101,101,100,100,100,99,99,99,99,99,100,100,100,101,101,102,102,103,104,105,105],"UAM":[105,106,107,107,108,108,109,109,110,110,110,110,110,110,110,109,109,109,108,108,108,107,107,107,107,107,107,106,106,106,106,106,106,106,106,106,106,106,105]},"reason":"COB: 0, Dev: 11, BGI: -1, ISF: 102, CR: 12.4, Target: 90, minPredBG 104, minGuardBG 105, IOBpredBG 102, UAMpredBG 105; Eventual BG 105 >= 90, temp 0.55 >~ req 0.43U\/hr. ","COB":0,"IOB":0.128,"timestamp":"2023-12-18T11:18:28.015Z"}}