{"algorithm":"OpenAPSSMBDynamicISFPlugin","input":{"glucoseStatus":{"glucose":104,"noise":0,"delta":-8,"short_avgdelta":-8.17,"long_avgdelta":-3.77,"date":1703051578000},"currenttemp":{"temp":"absolute","duration":100,"rate":0,"minutesrunning":20},"iob_data":[{"iob":2.773,"basaliob":0.276,"bolussnooze":2.0044,"activity":0.0224,"lastBolusTime":1703050271042,"time":"2023-12-20T05:53:25.563Z","iobWithZeroTemp":{"iob":2.773,"basaliob":0.276,"bolussnooze":2.0044,"activity":0.0224,"lastBolusTime":1703050271042,"time":"2023-12-20T05:53:25.563Z"}},{"iob":2.656,"basaliob":0.26,"bolussnooze":1.771,"activity":0.0243,"lastBolusTime":1703050271042,"time":"2023-12-20T05:58:25.563Z","iobWithZeroTemp":{"iob":2.643,"basaliob":0.247,"bolussnooze":1.771,"activity":0.0243,"lastBolusTime":1703050271042,"time":"2023-12-20T05:58:25.563Z"}},{"iob":2.531,"basaliob":0.244,"bolussnooze":1.5464,"activity":0.0254,"lastBolusTime":1703050271042,"time":"2023-12-20T06:03:25.563Z","iobWithZeroTemp":{"iob":2.497,"basaliob":0.21,"bolussnooze":1.5464,"activity":0.0253,"lastBolusTime":1703050271042,"time":"2023-12-20T06:03:25.563Z"}},{"iob":2.403,"basaliob":0.229,"bolussnooze":1.3367,"activity":0.0262,"lastBolusTime":1703050271042,"time":"2023-12-20T06:08:25.563Z","iobWithZeroTemp":{"iob":2.349,"basaliob":0.175,"bolussnooze":1.3367,"activity":0.026,"lastBolusTime":1703050271042,"time":"2023-12-20T06:08:25.563Z"}},{"iob":2.271,"basaliob":0.214,"bolussnooze":1.1452,"activity":0.0264,"lastBolusTime":1703050271042,"time":"2023-12-20T06:13:25.563Z","iobWithZeroTemp":{"iob":2.198,"basaliob":0.141,"bolussnooze":1.1452,"activity":0.0261,"lastBolusTime":1703050271042,"time":"2023-12-20T06:13:25.563Z"}},{"iob":2.139,"basaliob":0.199,"bolussnooze":0.9732,"activity":0.0264,"lastBolusTime":1703050271042,"time":"2023-12-20T06:18:25.563Z","iobWithZeroTemp":{"iob":2.046,"basaliob":0.106,"bolussnooze":0.9732,"activity":0.026,"lastBolusTime":1703050271042,"time":"2023-12-20T06:18:25.563Z"}},{"iob":2.008,"basaliob":0.185,"bolussnooze":0.8211,"activity":0.026,"lastBolusTime":1703050271042,"time":"2023-12-20T06:23:25.563Z","iobWithZeroTemp":{"iob":1.897,"basaliob":0.074,"bolussnooze":0.8211,"activity":0.0254,"lastBolusTime":1703050271042,"time":"2023-12-20T06:23:25.563Z"}},{"iob":1.879,"basaliob":0.171,"bolussnooze":0.6879,"activity":0.0253,"lastBolusTime":1703050271042,"time":"2023-12-20T06:28:25.563Z","iobWithZeroTemp":{"iob":1.75,"basaliob":0.042,"bolussnooze":0.6879,"activity":0.0246,"lastBolusTime":1703050271042,"time":"2023-12-20T06:28:25.563Z"}},{"iob":1.754,"basaliob":0.158,"bolussnooze":0.5726,"activity":0.0246,"lastBolusTime":1703050271042,"time":"2023-12-20T06:33:25.563Z","iobWithZeroTemp":{"iob":1.609,"basaliob":0.013,"bolussnooze":0.5726,"activity":0.0237,"lastBolusTime":1703050271042,"time":"2023-12-20T06:33:25.563Z"}},{"iob":1.633,"basaliob":0.146,"bolussnooze":0.4736,"activity":0.0238,"lastBolusTime":1703050271042,"time":"2023-12-20T06:38:25.563Z","iobWithZeroTemp":{"iob":1.472,"basaliob":-0.015,"bolussnooze":0.4736,"activity":0.0227,"lastBolusTime":1703050271042,"time":"2023-12-20T06:38:25.563Z"}},{"iob":1.517,"basaliob":0.135,"bolussnooze":0.3892,"activity":0.0227,"lastBolusTime":1703050271042,"time":"2023-12-20T06:43:25.563Z","iobWithZeroTemp":{"iob":1.341,"basaliob":-0.041,"bolussnooze":0.3892,"activity":0.0214,"lastBolusTime":1703050271042,"time":"2023-12-20T06:43:25.563Z"}},{"iob":1.406,"basaliob":0.124,"bolussnooze":0.3179,"activity":0.0217,"lastBolusTime":1703050271042,"time":"2023-12-20T06:48:25.563Z","iobWithZeroTemp":{"iob":1.216,"basaliob":-0.066,"bolussnooze":0.3179,"activity":0.0203,"lastBolusTime":1703050271042,"time":"2023-12-20T06:48:25.563Z"}},{"iob":1.3,"basaliob":0.114,"bolussnooze":0.2579,"activity":0.0206,"lastBolusTime":1703050271042,"time":"2023-12-20T06:53:25.563Z","iobWithZeroTemp":{"iob":1.096,"basaliob":-0.09,"bolussnooze":0.2579,"activity":0.019,"lastBolusTime":1703050271042,"time":"2023-12-20T06:53:25.563Z"}},{"iob":1.2,"basaliob":0.104,"bolussnooze":0.2079,"activity":0.0194,"lastBolusTime":1703050271042,"time":"2023-12-20T06:58:25.563Z","iobWithZeroTemp":{"iob":0.984,"basaliob":-0.112,"bolussnooze":0.2079,"activity":0.0176,"lastBolusTime":1703050271042,"time":"2023-12-20T06:58:25.563Z"}},{"iob":1.106,"basaliob":0.096,"bolussnooze":0.1664,"activity":0.0183,"lastBolusTime":1703050271042,"time":"2023-12-20T07:03:25.563Z","iobWithZeroTemp":{"iob":0.887,"basaliob":-0.123,"bolussnooze":0.1664,"activity":0.0164,"lastBolusTime":1703050271042,"time":"2023-12-20T07:03:25.563Z"}},{"iob":1.016,"basaliob":0.087,"bolussnooze":0.1322,"activity":0.0173,"lastBolusTime":1703050271042,"time":"2023-12-20T07:08:25.563Z","iobWithZeroTemp":{"iob":0.794,"basaliob":-0.135,"bolussnooze":0.1322,"activity":0.0152,"lastBolusTime":1703050271042,"time":"2023-12-20T07:08:25.563Z"}},{"iob":0.933,"basaliob":0.08,"bolussnooze":0.1042,"activity":0.0162,"lastBolusTime":1703050271042,"time":"2023-12-20T07:13:25.563Z","iobWithZeroTemp":{"iob":0.709,"basaliob":-0.144,"bolussnooze":0.1042,"activity":0.014,"lastBolusTime":1703050271042,"time":"2023-12-20T07:13:25.563Z"}},{"iob":0.854,"basaliob":0.072,"bolussnooze":0.0814,"activity":0.0151,"lastBolusTime":1703050271042,"time":"2023-12-20T07:18:25.563Z","iobWithZeroTemp":{"iob":0.629,"basaliob":-0.153,"bolussnooze":0.0814,"activity":0.0128,"lastBolusTime":1703050271042,"time":"2023-12-20T07:18:25.563Z"}},{"iob":0.782,"basaliob":0.066,"bolussnooze":0.0629,"activity":0.0141,"lastBolusTime":1703050271042,"time":"2023-12-20T07:23:25.563Z","iobWithZeroTemp":{"iob":0.556,"basaliob":-0.16,"bolussnooze":0.0629,"activity":0.0118,"lastBolusTime":1703050271042,"time":"2023-12-20T07:23:25.563Z"}},{"iob":0.714,"basaliob":0.06,"bolussnooze":0.0481,"activity":0.0131,"lastBolusTime":1703050271042,"time":"2023-12-20T07:28:25.563Z","iobWithZeroTemp":{"iob":0.487,"basaliob":-0.167,"bolussnooze":0.0481,"activity":0.0107,"lastBolusTime":1703050271042,"time":"2023-12-20T07:28:25.563Z"}},{"iob":0.651,"basaliob":0.054,"bolussnooze":0.0363,"activity":0.0122,"lastBolusTime":1703050271042,"time":"2023-12-20T07:33:25.563Z","iobWithZeroTemp":{"iob":0.424,"basaliob":-0.173,"bolussnooze":0.0363,"activity":0.0097,"lastBolusTime":1703050271042,"time":"2023-12-20T07:33:25.563Z"}},{"iob":0.593,"basaliob":0.049,"bolussnooze":0.027,"activity":0.0112,"lastBolusTime":1703050271042,"time":"2023-12-20T07:38:25.563Z","iobWithZeroTemp":{"iob":0.365,"basaliob":-0.179,"bolussnooze":0.027,"activity":0.0087,"lastBolusTime":1703050271042,"time":"2023-12-20T07:38:25.563Z"}},{"iob":0.538,"basaliob":0.044,"bolussnooze":0.0197,"activity":0.0104,"lastBolusTime":1703050271042,"time":"2023-12-20T07:43:25.563Z","iobWithZeroTemp":{"iob":0.311,"basaliob":-0.183,"bolussnooze":0.0197,"activity":0.0079,"lastBolusTime":1703050271042,"time":"2023-12-20T07:43:25.563Z"}},{"iob":0.489,"basaliob":0.04,"bolussnooze":0.0141,"activity":0.0095,"lastBolusTime":1703050271042,"time":"2023-12-20T07:48:25.563Z","iobWithZeroTemp":{"iob":0.262,"basaliob":-0.187,"bolussnooze":0.0141,"activity":0.0069,"lastBolusTime":1703050271042,"time":"2023-12-20T07:48:25.563Z"}},{"iob":0.443,"basaliob":0.036,"bolussnooze":0.0098,"activity":0.0089,"lastBolusTime":1703050271042,"time":"2023-12-20T07:53:25.563Z","iobWithZeroTemp":{"iob":0.216,"basaliob":-0.191,"bolussnooze":0.0098,"activity":0.0063,"lastBolusTime":1703050271042,"time":"2023-12-20T07:53:25.563Z"}},{"iob":0.4,"basaliob":0.032,"bolussnooze":0.0066,"activity":0.0081,"lastBolusTime":1703050271042,"time":"2023-12-20T07:58:25.563Z","iobWithZeroTemp":{"iob":0.174,"basaliob":-0.194,"bolussnooze":0.0066,"activity":0.0055,"lastBolusTime":1703050271042,"time":"2023-12-20T07:58:25.563Z"}},{"iob":0.362,"basaliob":0.029,"bolussnooze":0.0042,"activity":0.0074,"lastBolusTime":1703050271042,"time":"2023-12-20T08:03:25.563Z","iobWithZeroTemp":{"iob":0.136,"basaliob":-0.197,"bolussnooze":0.0042,"activity":0.0048,"lastBolusTime":1703050271042,"time":"2023-12-20T08:03:25.563Z"}},{"iob":0.326,"basaliob":0.026,"bolussnooze":0.0025,"activity":0.0068,"lastBolusTime":1703050271042,"time":"2023-12-20T08:08:25.563Z","iobWithZeroTemp":{"iob":0.101,"basaliob":-0.199,"bolussnooze":0.0025,"activity":0.0042,"lastBolusTime":1703050271042,"time":"2023-12-20T08:08:25.563Z"}},{"iob":0.293,"basaliob":0.023,"bolussnooze":0.0014,"activity":0.0062,"lastBolusTime":1703050271042,"time":"2023-12-20T08:13:25.563Z","iobWithZeroTemp":{"iob":0.069,"basaliob":-0.201,"bolussnooze":0.0014,"activity":0.0036,"lastBolusTime":1703050271042,"time":"2023-12-20T08:13:25.563Z"}},{"iob":0.264,"basaliob":0.021,"bolussnooze":6.0E-4,"activity":0.0057,"lastBolusTime":1703050271042,"time":"2023-12-20T08:18:25.563Z","iobWithZeroTemp":{"iob":0.04,"basaliob":-0.203,"bolussnooze":6.0E-4,"activity":0.0031,"lastBolusTime":1703050271042,"time":"2023-12-20T08:18:25.563Z"}},{"iob":0.236,"basaliob":0.018,"bolussnooze":2.0E-4,"activity":0.0051,"lastBolusTime":1703050271042,"time":"2023-12-20T08:23:25.563Z","iobWithZeroTemp":{"iob":0.013,"basaliob":-0.205,"bolussnooze":2.0E-4,"activity":0.0025,"lastBolusTime":1703050271042,"time":"2023-12-20T08:23:25.563Z"}},{"iob":0.212,"basaliob":0.016,"bolussnooze":0,"activity":0.0047,"lastBolusTime":1703050271042,"time":"2023-12-20T08:28:25.563Z","iobWithZeroTemp":{"iob":-0.01,"basaliob":-0.206,"bolussnooze":0,"activity":0.0021,"lastBolusTime":1703050271042,"time":"2023-12-20T08:28:25.563Z"}},{"iob":0.19,"basaliob":0.015,"bolussnooze":0,"activity":0.0043,"lastBolusTime":1703050271042,"time":"2023-12-20T08:33:25.563Z","iobWithZeroTemp":{"iob":-0.032,"basaliob":-0.207,"bolussnooze":0,"activity":0.0017,"lastBolusTime":1703050271042,"time":"2023-12-20T08:33:25.563Z"}},{"iob":0.169,"basaliob":0.013,"bolussnooze":0,"activity":0.0039,"lastBolusTime":1703050271042,"time":"2023-12-20T08:38:25.563Z","iobWithZeroTemp":{"iob":-0.052,"basaliob":-0.208,"bolussnooze":0,"activity":0.0013,"lastBolusTime":1703050271042,"time":"2023-12-20T08:38:25.563Z"}},{"iob":0.15,"basaliob":0.011,"bolussnooze":0,"activity":0.0035,"lastBolusTime":1703050271042,"time":"2023-12-20T08:43:25.563Z","iobWithZeroTemp":{"iob":-0.07,"basaliob":-0.209,"bolussnooze":0,"activity":9.0E-4,"lastBolusTime":1703050271042,"time":"2023-12-20T08:43:25.563Z"}},{"iob":0.134,"basaliob":0.01,"bolussnooze":0,"activity":0.0032,"lastBolusTime":1703050271042,"time":"2023-12-20T08:48:25.563Z","iobWithZeroTemp":{"iob":-0.086,"basaliob":-0.21,"bolussnooze":0,"activity":6.0E-4,"lastBolusTime":1703050271042,"time":"2023-12-20T08:48:25.563Z"}},{"iob":0.119,"basaliob":0.009,"bolussnooze":0,"activity":0.0028,"lastBolusTime":1703050271042,"time":"2023-12-20T08:53:25.563Z","iobWithZeroTemp":{"iob":-0.1,"basaliob":-0.21,"bolussnooze":0,"activity":2.0E-4,"lastBolusTime":1703050271042,"time":"2023-12-20T08:53:25.563Z"}},{"iob":0.105,"basaliob":0.008,"bolussnooze":0,"activity":0.0026,"lastBolusTime":1703050271042,"time":"2023-12-20T08:58:25.563Z","iobWithZeroTemp":{"iob":-0.113,"basaliob":-0.21,"bolussnooze":0,"activity":0,"lastBolusTime":1703050271042,"time":"2023-12-20T08:58:25.563Z"}},{"iob":0.093,"basaliob":0.007,"bolussnooze":0,"activity":0.0023,"lastBolusTime":1703050271042,"time":"2023-12-20T09:03:25.563Z","iobWithZeroTemp":{"iob":-0.129,"basaliob":-0.215,"bolussnooze":0,"activity":-3.0E-4,"lastBolusTime":1703050271042,"time":"2023-12-20T09:03:25.563Z"}},{"iob":0.082,"basaliob":0.006,"bolussnooze":0,"activity":0.0021,"lastBolusTime":1703050271042,"time":"2023-12-20T09:08:25.563Z","iobWithZeroTemp":{"iob":-0.143,"basaliob":-0.219,"bolussnooze":0,"activity":-5.0E-4,"lastBolusTime":1703050271042,"time":"2023-12-20T09:08:25.563Z"}},{"iob":0.072,"basaliob":0.005,"bolussnooze":0,"activity":0.0018,"lastBolusTime":1703050271042,"time":"2023-12-20T09:13:25.563Z","iobWithZeroTemp":{"iob":-0.157,"basaliob":-0.224,"bolussnooze":0,"activity":-8.0E-4,"lastBolusTime":1703050271042,"time":"2023-12-20T09:13:25.563Z"}},{"iob":0.063,"basaliob":0.004,"bolussnooze":0,"activity":0.0017,"lastBolusTime":1703050271042,"time":"2023-12-20T09:18:25.563Z","iobWithZeroTemp":{"iob":-0.169,"basaliob":-0.228,"bolussnooze":0,"activity":-0.001,"lastBolusTime":1703050271042,"time":"2023-12-20T09:18:25.563Z"}},{"iob":0.055,"basaliob":0.004,"bolussnooze":0,"activity":0.0015,"lastBolusTime":1703050271042,"time":"2023-12-20T09:23:25.563Z","iobWithZeroTemp":{"iob":-0.181,"basaliob":-0.232,"bolussnooze":0,"activity":-0.0012,"lastBolusTime":1703050271042,"time":"2023-12-20T09:23:25.563Z"}},{"iob":0.048,"basaliob":0.003,"bolussnooze":0,"activity":0.0013,"lastBolusTime":1703050271042,"time":"2023-12-20T09:28:25.563Z","iobWithZeroTemp":{"iob":-0.191,"basaliob":-0.236,"bolussnooze":0,"activity":-0.0014,"lastBolusTime":1703050271042,"time":"2023-12-20T09:28:25.563Z"}},{"iob":0.042,"basaliob":0.003,"bolussnooze":0,"activity":0.0012,"lastBolusTime":1703050271042,"time":"2023-12-20T09:33:25.563Z","iobWithZeroTemp":{"iob":-0.2,"basaliob":-0.239,"bolussnooze":0,"activity":-0.0015,"lastBolusTime":1703050271042,"time":"2023-12-20T09:33:25.563Z"}},{"iob":0.036,"basaliob":0.002,"bolussnooze":0,"activity":0.0011,"lastBolusTime":1703050271042,"time":"2023-12-20T09:38:25.563Z","iobWithZeroTemp":{"iob":-0.209,"basaliob":-0.243,"bolussnooze":0,"activity":-0.0017,"lastBolusTime":1703050271042,"time":"2023-12-20T09:38:25.563Z"}},{"iob":0.031,"basaliob":0.002,"bolussnooze":0,"activity":0.001,"lastBolusTime":1703050271042,"time":"2023-12-20T09:43:25.563Z","iobWithZeroTemp":{"iob":-0.216,"basaliob":-0.245,"bolussnooze":0,"activity":-0.0018,"lastBolusTime":1703050271042,"time":"2023-12-20T09:43:25.563Z"}},{"iob":0.027,"basaliob":0.002,"bolussnooze":0,"activity":9.0E-4,"lastBolusTime":1703050271042,"time":"2023-12-20T09:48:25.563Z","iobWithZeroTemp":{"iob":-0.223,"basaliob":-0.248,"bolussnooze":0,"activity":-0.0019,"lastBolusTime":1703050271042,"time":"2023-12-20T09:48:25.563Z"}}],"profile":{"max_iob":10,"type":"current","max_daily_basal":0.25,"max_basal":1,"min_bg":90,"max_bg":90,"target_bg":90,"carb_ratio":12.6,"sens":84,"max_daily_safety_multiplier":5,"current_basal_safety_multiplier":5,"lgsThreshold":95,"high_temptarget_raises_sensitivity":false,"low_temptarget_lowers_sensitivity":false,"sensitivity_raises_target":true,"resistance_lowers_target":true,"adv_target_adjustments":false,"exercise_mode":false,"half_basal_exercise_target":160,"maxCOB":120,"skip_neutral_temps":false,"remainingCarbsCap":90,"enableUAM":true,"A52_risk_enable":false,"SMBInterval":5,"enableSMB_with_COB":true,"enableSMB_with_temptarget":false,"allowSMB_with_high_temptarget":false,"enableSMB_always":false,"enableSMB_after_carbs":true,"maxSMBBasalMinutes":120,"maxUAMSMBBasalMinutes":120,"bolus_increment":0.05,"carbsReqThreshold":1,"current_basal":0.20000000298023224,"temptargetSet":false,"autosens_max":1.2,"autosens_min":0.7,"variable_sens":102.1,"insulinDivisor":75,"TDD":20.263659560627957},"autosens_data":{"ratio":1},"meal_data":{"carbs":34,"mealCOB":0,"slopeFromMaxDeviation":-1.2457500000000001,"slopeFromMinDeviation":0,"lastBolusTime":1703050271042,"lastCarbTime":1703051607356},"microBolusAllowed":true,"currentTime":1703051607411,"flatBGsDetected":false,"tdd1D":18.86250000521541,"tdd7D":20.877380982715465,"tddLast24H":21.933333328862986,"tddLast4H":3.8291666666666666,"tddLast8to4H":2.750000041723251},"output":{"temp":"absolute","bg":104,"tick":-8,"eventualBG":39,"targetBG":90,"insulinReq":0,"deliverAt":"2023-12-20T05:53:27.411Z","sensitivityRatio":1,"variable_sens":102.1,"predBGs":{"IOB":[104,96,85,73,58,39,39,39,39,39,39,39,39],"ZT":[104,93,79,64,45,39,39,39,39,39,39,39,39,39,39,39,39,39,39,39,39,39,39,39,39,39,39,39,39,39,39,39,39,39,39,39,39,39,39,39,39,39,39,39,39,39,39,39],"UAM":[104,95,82,67,49,39,39,39,39,39,39,39,39]},"reason":"COB: 0, Dev: 20, BGI: -11, ISF: 102, CR: 12.6, Target: 90, minPredBG -353, minGuardBG -437, IOBpredBG 39, UAMpredBG 39; 65 add'l carbs req w\/in 10m; minGuardBG -437<95","COB":0,"IOB":2.773,"carbsReq":65,"carbsReqWithin":10,"duration":120,"rate":0,"timestamp":"2023-12-20T05:53:27.437Z"}}