{"algorithm":"OpenAPSSMBDynamicISFPlugin","input":{"glucoseStatus":{"glucose":100,"noise":0,"delta":0,"short_avgdelta":0.39,"long_avgdelta":0.89,"date":1702925873000},"currenttemp":{"temp":"absolute","duration":20,"rate":0.3,"minutesrunning":10},"iob_data":[{"iob":-0.069,"basaliob":-0.114,"bolussnooze":0,"activity":-9.0E-4,"lastBolusTime":1702916312788,"time":"2023-12-18T18:58:22.763Z","iobWithZeroTemp":{"iob":-0.069,"basaliob":-0.114,"bolussnooze":0,"activity":-9.0E-4,"lastBolusTime":1702916312788,"time":"2023-12-18T18:58:22.763Z"}},{"iob":-0.065,"basaliob":-0.104,"bolussnooze":0,"activity":-9.0E-4,"lastBolusTime":1702916312788,"time":"2023-12-18T19:03:22.763Z","iobWithZeroTemp":{"iob":-0.075,"basaliob":-0.114,"bolussnooze":0,"activity":-9.0E-4,"lastBolusTime":1702916312788,"time":"2023-12-18T19:03:22.763Z"}},{"iob":-0.061,"basaliob":-0.095,"bolussnooze":0,"activity":-9.0E-4,"lastBolusTime":1702916312788,"time":"2023-12-18T19:08:22.763Z","iobWithZeroTemp":{"iob":-0.083,"basaliob":-0.117,"bolussnooze":0,"activity":-9.0E-4,"lastBolusTime":1702916312788,"time":"2023-12-18T19:08:22.763Z"}},{"iob":-0.056,"basaliob":-0.086,"bolussnooze":0,"activity":-9.0E-4,"lastBolusTime":1702916312788,"time":"2023-12-18T19:13:22.763Z","iobWithZeroTemp":{"iob":-0.091,"basaliob":-0.121,"bolussnooze":0,"activity":-0.001,"lastBolusTime":1702916312788,"time":"2023-12-18T19:13:22.763Z"}},{"iob":-0.052,"basaliob":-0.078,"bolussnooze":0,"activity":-8.0E-4,"lastBolusTime":1702916312788,"time":"2023-12-18T19:18:22.763Z","iobWithZeroTemp":{"iob":-0.098,"basaliob":-0.124,"bolussnooze":0,"activity":-0.001,"lastBolusTime":1702916312788,"time":"2023-12-18T19:18:22.763Z"}},{"iob":-0.047,"basaliob":-0.07,"bolussnooze":0,"activity":-8.0E-4,"lastBolusTime":1702916312788,"time":"2023-12-18T19:23:22.763Z","iobWithZeroTemp":{"iob":-0.105,"basaliob":-0.128,"bolussnooze":0,"activity":-0.0011,"lastBolusTime":1702916312788,"time":"2023-12-18T19:23:22.763Z"}},{"iob":-0.044,"basaliob":-0.064,"bolussnooze":0,"activity":-8.0E-4,"lastBolusTime":1702916312788,"time":"2023-12-18T19:28:22.763Z","iobWithZeroTemp":{"iob":-0.113,"basaliob":-0.133,"bolussnooze":0,"activity":-0.0012,"lastBolusTime":1702916312788,"time":"2023-12-18T19:28:22.763Z"}},{"iob":-0.041,"basaliob":-0.058,"bolussnooze":0,"activity":-7.0E-4,"lastBolusTime":1702916312788,"time":"2023-12-18T19:33:22.763Z","iobWithZeroTemp":{"iob":-0.12,"basaliob":-0.137,"bolussnooze":0,"activity":-0.0012,"lastBolusTime":1702916312788,"time":"2023-12-18T19:33:22.763Z"}},{"iob":-0.037,"basaliob":-0.052,"bolussnooze":0,"activity":-7.0E-4,"lastBolusTime":1702916312788,"time":"2023-12-18T19:38:22.763Z","iobWithZeroTemp":{"iob":-0.126,"basaliob":-0.141,"bolussnooze":0,"activity":-0.0013,"lastBolusTime":1702916312788,"time":"2023-12-18T19:38:22.763Z"}},{"iob":-0.034,"basaliob":-0.047,"bolussnooze":0,"activity":-6.0E-4,"lastBolusTime":1702916312788,"time":"2023-12-18T19:43:22.763Z","iobWithZeroTemp":{"iob":-0.133,"basaliob":-0.146,"bolussnooze":0,"activity":-0.0013,"lastBolusTime":1702916312788,"time":"2023-12-18T19:43:22.763Z"}},{"iob":-0.031,"basaliob":-0.042,"bolussnooze":0,"activity":-6.0E-4,"lastBolusTime":1702916312788,"time":"2023-12-18T19:48:22.763Z","iobWithZeroTemp":{"iob":-0.138,"basaliob":-0.149,"bolussnooze":0,"activity":-0.0014,"lastBolusTime":1702916312788,"time":"2023-12-18T19:48:22.763Z"}},{"iob":-0.028,"basaliob":-0.038,"bolussnooze":0,"activity":-5.0E-4,"lastBolusTime":1702916312788,"time":"2023-12-18T19:53:22.763Z","iobWithZeroTemp":{"iob":-0.144,"basaliob":-0.154,"bolussnooze":0,"activity":-0.0014,"lastBolusTime":1702916312788,"time":"2023-12-18T19:53:22.763Z"}},{"iob":-0.026,"basaliob":-0.034,"bolussnooze":0,"activity":-4.0E-4,"lastBolusTime":1702916312788,"time":"2023-12-18T19:58:22.763Z","iobWithZeroTemp":{"iob":-0.15,"basaliob":-0.158,"bolussnooze":0,"activity":-0.0014,"lastBolusTime":1702916312788,"time":"2023-12-18T19:58:22.763Z"}},{"iob":-0.023,"basaliob":-0.03,"bolussnooze":0,"activity":-5.0E-4,"lastBolusTime":1702916312788,"time":"2023-12-18T20:03:22.763Z","iobWithZeroTemp":{"iob":-0.154,"basaliob":-0.161,"bolussnooze":0,"activity":-0.0016,"lastBolusTime":1702916312788,"time":"2023-12-18T20:03:22.763Z"}},{"iob":-0.021,"basaliob":-0.027,"bolussnooze":0,"activity":-4.0E-4,"lastBolusTime":1702916312788,"time":"2023-12-18T20:08:22.763Z","iobWithZeroTemp":{"iob":-0.159,"basaliob":-0.165,"bolussnooze":0,"activity":-0.0016,"lastBolusTime":1702916312788,"time":"2023-12-18T20:08:22.763Z"}},{"iob":-0.019,"basaliob":-0.024,"bolussnooze":0,"activity":-4.0E-4,"lastBolusTime":1702916312788,"time":"2023-12-18T20:13:22.763Z","iobWithZeroTemp":{"iob":-0.163,"basaliob":-0.168,"bolussnooze":0,"activity":-0.0017,"lastBolusTime":1702916312788,"time":"2023-12-18T20:13:22.763Z"}},{"iob":-0.017,"basaliob":-0.021,"bolussnooze":0,"activity":-4.0E-4,"lastBolusTime":1702916312788,"time":"2023-12-18T20:18:22.763Z","iobWithZeroTemp":{"iob":-0.167,"basaliob":-0.171,"bolussnooze":0,"activity":-0.0018,"lastBolusTime":1702916312788,"time":"2023-12-18T20:18:22.763Z"}},{"iob":-0.015,"basaliob":-0.019,"bolussnooze":0,"activity":-3.0E-4,"lastBolusTime":1702916312788,"time":"2023-12-18T20:23:22.763Z","iobWithZeroTemp":{"iob":-0.171,"basaliob":-0.175,"bolussnooze":0,"activity":-0.0018,"lastBolusTime":1702916312788,"time":"2023-12-18T20:23:22.763Z"}},{"iob":-0.013,"basaliob":-0.016,"bolussnooze":0,"activity":-3.0E-4,"lastBolusTime":1702916312788,"time":"2023-12-18T20:28:22.763Z","iobWithZeroTemp":{"iob":-0.174,"basaliob":-0.177,"bolussnooze":0,"activity":-0.0018,"lastBolusTime":1702916312788,"time":"2023-12-18T20:28:22.763Z"}},{"iob":-0.012,"basaliob":-0.015,"bolussnooze":0,"activity":-3.0E-4,"lastBolusTime":1702916312788,"time":"2023-12-18T20:33:22.763Z","iobWithZeroTemp":{"iob":-0.177,"basaliob":-0.18,"bolussnooze":0,"activity":-0.0019,"lastBolusTime":1702916312788,"time":"2023-12-18T20:33:22.763Z"}},{"iob":-0.011,"basaliob":-0.013,"bolussnooze":0,"activity":-2.0E-4,"lastBolusTime":1702916312788,"time":"2023-12-18T20:38:22.763Z","iobWithZeroTemp":{"iob":-0.18,"basaliob":-0.182,"bolussnooze":0,"activity":-0.0019,"lastBolusTime":1702916312788,"time":"2023-12-18T20:38:22.763Z"}},{"iob":-0.009,"basaliob":-0.011,"bolussnooze":0,"activity":-2.0E-4,"lastBolusTime":1702916312788,"time":"2023-12-18T20:43:22.763Z","iobWithZeroTemp":{"iob":-0.182,"basaliob":-0.184,"bolussnooze":0,"activity":-0.0019,"lastBolusTime":1702916312788,"time":"2023-12-18T20:43:22.763Z"}},{"iob":-0.009,"basaliob":-0.01,"bolussnooze":0,"activity":-2.0E-4,"lastBolusTime":1702916312788,"time":"2023-12-18T20:48:22.763Z","iobWithZeroTemp":{"iob":-0.186,"basaliob":-0.187,"bolussnooze":0,"activity":-0.002,"lastBolusTime":1702916312788,"time":"2023-12-18T20:48:22.763Z"}},{"iob":-0.008,"basaliob":-0.009,"bolussnooze":0,"activity":-1.0E-4,"lastBolusTime":1702916312788,"time":"2023-12-18T20:53:22.763Z","iobWithZeroTemp":{"iob":-0.188,"basaliob":-0.189,"bolussnooze":0,"activity":-0.002,"lastBolusTime":1702916312788,"time":"2023-12-18T20:53:22.763Z"}},{"iob":-0.007,"basaliob":-0.008,"bolussnooze":0,"activity":-2.0E-4,"lastBolusTime":1702916312788,"time":"2023-12-18T20:58:22.763Z","iobWithZeroTemp":{"iob":-0.19,"basaliob":-0.191,"bolussnooze":0,"activity":-0.0021,"lastBolusTime":1702916312788,"time":"2023-12-18T20:58:22.763Z"}},{"iob":-0.006,"basaliob":-0.007,"bolussnooze":0,"activity":-2.0E-4,"lastBolusTime":1702916312788,"time":"2023-12-18T21:03:22.763Z","iobWithZeroTemp":{"iob":-0.192,"basaliob":-0.193,"bolussnooze":0,"activity":-0.0022,"lastBolusTime":1702916312788,"time":"2023-12-18T21:03:22.763Z"}},{"iob":-0.005,"basaliob":-0.006,"bolussnooze":0,"activity":-2.0E-4,"lastBolusTime":1702916312788,"time":"2023-12-18T21:08:22.763Z","iobWithZeroTemp":{"iob":-0.194,"basaliob":-0.195,"bolussnooze":0,"activity":-0.0022,"lastBolusTime":1702916312788,"time":"2023-12-18T21:08:22.763Z"}},{"iob":-0.005,"basaliob":-0.005,"bolussnooze":0,"activity":-1.0E-4,"lastBolusTime":1702916312788,"time":"2023-12-18T21:13:22.763Z","iobWithZeroTemp":{"iob":-0.196,"basaliob":-0.196,"bolussnooze":0,"activity":-0.0022,"lastBolusTime":1702916312788,"time":"2023-12-18T21:13:22.763Z"}},{"iob":-0.004,"basaliob":-0.004,"bolussnooze":0,"activity":-1.0E-4,"lastBolusTime":1702916312788,"time":"2023-12-18T21:18:22.763Z","iobWithZeroTemp":{"iob":-0.197,"basaliob":-0.197,"bolussnooze":0,"activity":-0.0022,"lastBolusTime":1702916312788,"time":"2023-12-18T21:18:22.763Z"}},{"iob":-0.004,"basaliob":-0.004,"bolussnooze":0,"activity":-1.0E-4,"lastBolusTime":1702916312788,"time":"2023-12-18T21:23:22.763Z","iobWithZeroTemp":{"iob":-0.199,"basaliob":-0.199,"bolussnooze":0,"activity":-0.0022,"lastBolusTime":1702916312788,"time":"2023-12-18T21:23:22.763Z"}},{"iob":-0.003,"basaliob":-0.003,"bolussnooze":0,"activity":-1.0E-4,"lastBolusTime":1702916312788,"time":"2023-12-18T21:28:22.763Z","iobWithZeroTemp":{"iob":-0.2,"basaliob":-0.2,"bolussnooze":0,"activity":-0.0023,"lastBolusTime":1702916312788,"time":"2023-12-18T21:28:22.763Z"}},{"iob":-0.003,"basaliob":-0.003,"bolussnooze":0,"activity":-1.0E-4,"lastBolusTime":1702916312788,"time":"2023-12-18T21:33:22.763Z","iobWithZeroTemp":{"iob":-0.201,"basaliob":-0.201,"bolussnooze":0,"activity":-0.0023,"lastBolusTime":1702916312788,"time":"2023-12-18T21:33:22.763Z"}},{"iob":-0.002,"basaliob":-0.002,"bolussnooze":0,"activity":-1.0E-4,"lastBolusTime":1702916312788,"time":"2023-12-18T21:38:22.763Z","iobWithZeroTemp":{"iob":-0.201,"basaliob":-0.201,"bolussnooze":0,"activity":-0.0023,"lastBolusTime":1702916312788,"time":"2023-12-18T21:38:22.763Z"}},{"iob":-0.002,"basaliob":-0.002,"bolussnooze":0,"activity":-1.0E-4,"lastBolusTime":1702916312788,"time":"2023-12-18T21:43:22.763Z","iobWithZeroTemp":{"iob":-0.203,"basaliob":-0.203,"bolussnooze":0,"activity":-0.0024,"lastBolusTime":1702916312788,"time":"2023-12-18T21:43:22.763Z"}},{"iob":-0.002,"basaliob":-0.002,"bolussnooze":0,"activity":-1.0E-4,"lastBolusTime":1702916312788,"time":"2023-12-18T21:48:22.763Z","iobWithZeroTemp":{"iob":-0.204,"basaliob":-0.204,"bolussnooze":0,"activity":-0.0024,"lastBolusTime":1702916312788,"time":"2023-12-18T21:48:22.763Z"}},{"iob":-0.001,"basaliob":-0.001,"bolussnooze":0,"activity":-1.0E-4,"lastBolusTime":1702916312788,"time":"2023-12-18T21:53:22.763Z","iobWithZeroTemp":{"iob":-0.204,"basaliob":-0.204,"bolussnooze":0,"activity":-0.0024,"lastBolusTime":1702916312788,"time":"2023-12-18T21:53:22.763Z"}},{"iob":-0.001,"basaliob":-0.001,"bolussnooze":0,"activity":0,"lastBolusTime":1702916312788,"time":"2023-12-18T21:58:22.763Z","iobWithZeroTemp":{"iob":-0.205,"basaliob":-0.205,"bolussnooze":0,"activity":-0.0023,"lastBolusTime":1702916312788,"time":"2023-12-18T21:58:22.763Z"}},{"iob":-0.001,"basaliob":-0.001,"bolussnooze":0,"activity":0,"lastBolusTime":1702916312788,"time":"2023-12-18T22:03:22.763Z","iobWithZeroTemp":{"iob":-0.21,"basaliob":-0.21,"bolussnooze":0,"activity":-0.0024,"lastBolusTime":1702916312788,"time":"2023-12-18T22:03:22.763Z"}},{"iob":-0.001,"basaliob":-0.001,"bolussnooze":0,"activity":0,"lastBolusTime":1702916312788,"time":"2023-12-18T22:08:22.763Z","iobWithZeroTemp":{"iob":-0.214,"basaliob":-0.214,"bolussnooze":0,"activity":-0.0024,"lastBolusTime":1702916312788,"time":"2023-12-18T22:08:22.763Z"}},{"iob":-0.001,"basaliob":-0.001,"bolussnooze":0,"activity":0,"lastBolusTime":1702916312788,"time":"2023-12-18T22:13:22.763Z","iobWithZeroTemp":{"iob":-0.219,"basaliob":-0.219,"bolussnooze":0,"activity":-0.0024,"lastBolusTime":1702916312788,"time":"2023-12-18T22:13:22.763Z"}},{"iob":0,"basaliob":0,"bolussnooze":0,"activity":0,"lastBolusTime":1702916312788,"time":"2023-12-18T22:18:22.763Z","iobWithZeroTemp":{"iob":-0.223,"basaliob":-0.223,"bolussnooze":0,"activity":-0.0025,"lastBolusTime":1702916312788,"time":"2023-12-18T22:18:22.763Z"}},{"iob":0,"basaliob":0,"bolussnooze":0,"activity":0,"lastBolusTime":0,"time":"2023-12-18T22:23:22.763Z","iobWithZeroTemp":{"iob":-0.227,"basaliob":-0.227,"bolussnooze":0,"activity":-0.0025,"lastBolusTime":0,"time":"2023-12-18T22:23:22.763Z"}},{"iob":0,"basaliob":0,"bolussnooze":0,"activity":0,"lastBolusTime":0,"time":"2023-12-18T22:28:22.763Z","iobWithZeroTemp":{"iob":-0.231,"basaliob":-0.231,"bolussnooze":0,"activity":-0.0025,"lastBolusTime":0,"time":"2023-12-18T22:28:22.763Z"}},{"iob":0,"basaliob":0,"bolussnooze":0,"activity":0,"lastBolusTime":0,"time":"2023-12-18T22:33:22.763Z","iobWithZeroTemp":{"iob":-0.235,"basaliob":-0.235,"bolussnooze":0,"activity":-0.0026,"lastBolusTime":0,"time":"2023-12-18T22:33:22.763Z"}},{"iob":0,"basaliob":0,"bolussnooze":0,"activity":0,"lastBolusTime":0,"time":"2023-12-18T22:38:22.763Z","iobWithZeroTemp":{"iob":-0.238,"basaliob":-0.238,"bolussnooze":0,"activity":-0.0026,"lastBolusTime":0,"time":"2023-12-18T22:38:22.763Z"}},{"iob":0,"basaliob":0,"bolussnooze":0,"activity":0,"lastBolusTime":0,"time":"2023-12-18T22:43:22.763Z","iobWithZeroTemp":{"iob":-0.242,"basaliob":-0.242,"bolussnooze":0,"activity":-0.0027,"lastBolusTime":0,"time":"2023-12-18T22:43:22.763Z"}},{"iob":0,"basaliob":0,"bolussnooze":0,"activity":0,"lastBolusTime":0,"time":"2023-12-18T22:48:22.763Z","iobWithZeroTemp":{"iob":-0.245,"basaliob":-0.245,"bolussnooze":0,"activity":-0.0027,"lastBolusTime":0,"time":"2023-12-18T22:48:22.763Z"}},{"iob":0,"basaliob":0,"bolussnooze":0,"activity":0,"lastBolusTime":0,"time":"2023-12-18T22:53:22.763Z","iobWithZeroTemp":{"iob":-0.248,"basaliob":-0.248,"bolussnooze":0,"activity":-0.0028,"lastBolusTime":0,"time":"2023-12-18T22:53:22.763Z"}}],"profile":{"max_iob":10,"type":"current","max_daily_basal":0.25,"max_basal":1,"min_bg":105,"max_bg":105,"target_bg":105,"carb_ratio":14.8,"sens":84,"max_daily_safety_multiplier":5,"current_basal_safety_multiplier":5,"lgsThreshold":95,"high_temptarget_raises_sensitivity":false,"low_temptarget_lowers_sensitivity":false,"sensitivity_raises_target":true,"resistance_lowers_target":true,"adv_target_adjustments":false,"exercise_mode":false,"half_basal_exercise_target":160,"maxCOB":120,"skip_neutral_temps":false,"remainingCarbsCap":90,"enableUAM":true,"A52_risk_enable":false,"SMBInterval":5,"enableSMB_with_COB":true,"enableSMB_with_temptarget":false,"allowSMB_with_high_temptarget":false,"enableSMB_always":false,"enableSMB_after_carbs":true,"maxSMBBasalMinutes":120,"maxUAMSMBBasalMinutes":120,"bolus_increment":0.05,"carbsReqThreshold":1,"current_basal":0.20000000298023224,"temptargetSet":true,"autosens_max":1.2,"autosens_min":0.7,"variable_sens":92.2,"insulinDivisor":75,"TDD":23.033521436026085},"autosens_data":{"ratio":1},"meal_data":{"carbs":0,"mealCOB":0,"slopeFromMaxDeviation":-0.1875,"slopeFromMinDeviation":0.140125,"lastBolusTime":1702916312788,"lastCarbTime":0},"microBolusAllowed":true,"currentTime":1702925903970,"flatBGsDetected":false,"tdd1D":22.354166475186748,"tdd7D":26.782783919711285,"tddLast24H":18.833333339293794,"tddLast4H":1.13333336537083,"tddLast8to4H":8.383333202203115},"output":{"temp":"absolute","bg":100,"tick":"+0","eventualBG":106,"targetBG":105,"insulinReq":0,"deliverAt":"2023-12-18T18:58:23.970Z","sensitivityRatio":1,"variable_sens":92.2,"predBGs":{"IOB":[100,100,100,100,100,101,101,101,101,101,102,102,102,102,102,103,103,103,103,103,103,103,104],"ZT":[100,100,101,101,102,102,103,103,104,104,105,106,106,107,107,108,109,110,110,111,112,113,114,115,115,116,117,118,119,120,121,122,123,124,125,126,126]},"reason":"COB: 0, Dev: 0, BGI: 0, ISF: 92, CR: 14.8, Target: 105, minPredBG 103, minGuardBG 100, IOBpredBG 104; Eventual BG 106 > 105 but Min. Delta 0.00 < Exp. Delta 0; setting current basal of 0.2 as temp. . Setting neutral temp basal of 0.20000000298023224U\/hr","COB":0,"IOB":-0.069,"duration":30,"rate":0.20000000298023224,"timestamp":"2023-12-18T18:58:23.986Z"}}