{"algorithm":"OpenAPSSMBDynamicISFPlugin","input":{"glucoseStatus":{"glucose":91,"noise":0,"delta":-2,"short_avgdelta":-1.67,"long_avgdelta":1.13,"date":1703018576000},"currenttemp":{"temp":"absolute","duration":106,"rate":0,"minutesrunning":14},"iob_data":[{"iob":2.429,"basaliob":-0.138,"bolussnooze":2.2742,"activity":0.0132,"lastBolusTime":1703017737703,"time":"2023-12-19T20:43:25.522Z","iobWithZeroTemp":{"iob":2.429,"basaliob":-0.138,"bolussnooze":2.2742,"activity":0.0132,"lastBolusTime":1703017737703,"time":"2023-12-19T20:43:25.522Z"}},{"iob":2.355,"basaliob":-0.129,"bolussnooze":2.0568,"activity":0.0161,"lastBolusTime":1703017737703,"time":"2023-12-19T20:48:25.522Z","iobWithZeroTemp":{"iob":2.345,"basaliob":-0.139,"bolussnooze":2.0568,"activity":0.0161,"lastBolusTime":1703017737703,"time":"2023-12-19T20:48:25.522Z"}},{"iob":2.269,"basaliob":-0.12,"bolussnooze":1.831,"activity":0.0183,"lastBolusTime":1703017737703,"time":"2023-12-19T20:53:25.522Z","iobWithZeroTemp":{"iob":2.247,"basaliob":-0.142,"bolussnooze":1.831,"activity":0.0183,"lastBolusTime":1703017737703,"time":"2023-12-19T20:53:25.522Z"}},{"iob":2.173,"basaliob":-0.112,"bolussnooze":1.609,"activity":0.0198,"lastBolusTime":1703017737703,"time":"2023-12-19T20:58:25.522Z","iobWithZeroTemp":{"iob":2.138,"basaliob":-0.147,"bolussnooze":1.609,"activity":0.0197,"lastBolusTime":1703017737703,"time":"2023-12-19T20:58:25.522Z"}},{"iob":2.072,"basaliob":-0.103,"bolussnooze":1.3984,"activity":0.0208,"lastBolusTime":1703017737703,"time":"2023-12-19T21:03:25.522Z","iobWithZeroTemp":{"iob":2.026,"basaliob":-0.149,"bolussnooze":1.3984,"activity":0.0206,"lastBolusTime":1703017737703,"time":"2023-12-19T21:03:25.522Z"}},{"iob":1.965,"basaliob":-0.096,"bolussnooze":1.2038,"activity":0.0214,"lastBolusTime":1703017737703,"time":"2023-12-19T21:08:25.522Z","iobWithZeroTemp":{"iob":1.907,"basaliob":-0.154,"bolussnooze":1.2038,"activity":0.0211,"lastBolusTime":1703017737703,"time":"2023-12-19T21:08:25.522Z"}},{"iob":1.858,"basaliob":-0.088,"bolussnooze":1.0275,"activity":0.0216,"lastBolusTime":1703017737703,"time":"2023-12-19T21:13:25.522Z","iobWithZeroTemp":{"iob":1.789,"basaliob":-0.157,"bolussnooze":1.0275,"activity":0.0212,"lastBolusTime":1703017737703,"time":"2023-12-19T21:13:25.522Z"}},{"iob":1.75,"basaliob":-0.081,"bolussnooze":0.8704,"activity":0.0215,"lastBolusTime":1703017737703,"time":"2023-12-19T21:18:25.522Z","iobWithZeroTemp":{"iob":1.671,"basaliob":-0.16,"bolussnooze":0.8704,"activity":0.021,"lastBolusTime":1703017737703,"time":"2023-12-19T21:18:25.522Z"}},{"iob":1.643,"basaliob":-0.075,"bolussnooze":0.732,"activity":0.0212,"lastBolusTime":1703017737703,"time":"2023-12-19T21:23:25.522Z","iobWithZeroTemp":{"iob":1.554,"basaliob":-0.164,"bolussnooze":0.732,"activity":0.0206,"lastBolusTime":1703017737703,"time":"2023-12-19T21:23:25.522Z"}},{"iob":1.538,"basaliob":-0.069,"bolussnooze":0.6115,"activity":0.0207,"lastBolusTime":1703017737703,"time":"2023-12-19T21:28:25.522Z","iobWithZeroTemp":{"iob":1.439,"basaliob":-0.168,"bolussnooze":0.6115,"activity":0.02,"lastBolusTime":1703017737703,"time":"2023-12-19T21:28:25.522Z"}},{"iob":1.436,"basaliob":-0.063,"bolussnooze":0.5075,"activity":0.0201,"lastBolusTime":1703017737703,"time":"2023-12-19T21:33:25.522Z","iobWithZeroTemp":{"iob":1.329,"basaliob":-0.17,"bolussnooze":0.5075,"activity":0.0193,"lastBolusTime":1703017737703,"time":"2023-12-19T21:33:25.522Z"}},{"iob":1.337,"basaliob":-0.057,"bolussnooze":0.4186,"activity":0.0194,"lastBolusTime":1703017737703,"time":"2023-12-19T21:38:25.522Z","iobWithZeroTemp":{"iob":1.221,"basaliob":-0.173,"bolussnooze":0.4186,"activity":0.0185,"lastBolusTime":1703017737703,"time":"2023-12-19T21:38:25.522Z"}},{"iob":1.242,"basaliob":-0.052,"bolussnooze":0.3431,"activity":0.0186,"lastBolusTime":1703017737703,"time":"2023-12-19T21:43:25.522Z","iobWithZeroTemp":{"iob":1.118,"basaliob":-0.176,"bolussnooze":0.3431,"activity":0.0176,"lastBolusTime":1703017737703,"time":"2023-12-19T21:43:25.522Z"}},{"iob":1.151,"basaliob":-0.048,"bolussnooze":0.2794,"activity":0.0177,"lastBolusTime":1703017737703,"time":"2023-12-19T21:48:25.522Z","iobWithZeroTemp":{"iob":1.02,"basaliob":-0.179,"bolussnooze":0.2794,"activity":0.0166,"lastBolusTime":1703017737703,"time":"2023-12-19T21:48:25.522Z"}},{"iob":1.065,"basaliob":-0.043,"bolussnooze":0.226,"activity":0.0169,"lastBolusTime":1703017737703,"time":"2023-12-19T21:53:25.522Z","iobWithZeroTemp":{"iob":0.927,"basaliob":-0.181,"bolussnooze":0.226,"activity":0.0157,"lastBolusTime":1703017737703,"time":"2023-12-19T21:53:25.522Z"}},{"iob":0.983,"basaliob":-0.039,"bolussnooze":0.1816,"activity":0.0159,"lastBolusTime":1703017737703,"time":"2023-12-19T21:58:25.522Z","iobWithZeroTemp":{"iob":0.839,"basaliob":-0.183,"bolussnooze":0.1816,"activity":0.0146,"lastBolusTime":1703017737703,"time":"2023-12-19T21:58:25.522Z"}},{"iob":0.905,"basaliob":-0.036,"bolussnooze":0.1449,"activity":0.015,"lastBolusTime":1703017737703,"time":"2023-12-19T22:03:25.522Z","iobWithZeroTemp":{"iob":0.751,"basaliob":-0.19,"bolussnooze":0.1449,"activity":0.0136,"lastBolusTime":1703017737703,"time":"2023-12-19T22:03:25.522Z"}},{"iob":0.833,"basaliob":-0.032,"bolussnooze":0.1147,"activity":0.0142,"lastBolusTime":1703017737703,"time":"2023-12-19T22:08:25.522Z","iobWithZeroTemp":{"iob":0.669,"basaliob":-0.196,"bolussnooze":0.1147,"activity":0.0127,"lastBolusTime":1703017737703,"time":"2023-12-19T22:08:25.522Z"}},{"iob":0.764,"basaliob":-0.029,"bolussnooze":0.0901,"activity":0.0132,"lastBolusTime":1703017737703,"time":"2023-12-19T22:13:25.522Z","iobWithZeroTemp":{"iob":0.591,"basaliob":-0.202,"bolussnooze":0.0901,"activity":0.0116,"lastBolusTime":1703017737703,"time":"2023-12-19T22:13:25.522Z"}},{"iob":0.701,"basaliob":-0.026,"bolussnooze":0.0701,"activity":0.0124,"lastBolusTime":1703017737703,"time":"2023-12-19T22:18:25.522Z","iobWithZeroTemp":{"iob":0.52,"basaliob":-0.207,"bolussnooze":0.0701,"activity":0.0107,"lastBolusTime":1703017737703,"time":"2023-12-19T22:18:25.522Z"}},{"iob":0.64,"basaliob":-0.024,"bolussnooze":0.0539,"activity":0.0115,"lastBolusTime":1703017737703,"time":"2023-12-19T22:23:25.522Z","iobWithZeroTemp":{"iob":0.451,"basaliob":-0.213,"bolussnooze":0.0539,"activity":0.0097,"lastBolusTime":1703017737703,"time":"2023-12-19T22:23:25.522Z"}},{"iob":0.585,"basaliob":-0.021,"bolussnooze":0.041,"activity":0.0107,"lastBolusTime":1703017737703,"time":"2023-12-19T22:28:25.522Z","iobWithZeroTemp":{"iob":0.388,"basaliob":-0.218,"bolussnooze":0.041,"activity":0.0088,"lastBolusTime":1703017737703,"time":"2023-12-19T22:28:25.522Z"}},{"iob":0.534,"basaliob":-0.019,"bolussnooze":0.0308,"activity":0.0099,"lastBolusTime":1703017737703,"time":"2023-12-19T22:33:25.522Z","iobWithZeroTemp":{"iob":0.33,"basaliob":-0.223,"bolussnooze":0.0308,"activity":0.0079,"lastBolusTime":1703017737703,"time":"2023-12-19T22:33:25.522Z"}},{"iob":0.486,"basaliob":-0.017,"bolussnooze":0.0227,"activity":0.0092,"lastBolusTime":1703017737703,"time":"2023-12-19T22:38:25.522Z","iobWithZeroTemp":{"iob":0.276,"basaliob":-0.227,"bolussnooze":0.0227,"activity":0.0071,"lastBolusTime":1703017737703,"time":"2023-12-19T22:38:25.522Z"}},{"iob":0.442,"basaliob":-0.015,"bolussnooze":0.0164,"activity":0.0085,"lastBolusTime":1703017737703,"time":"2023-12-19T22:43:25.522Z","iobWithZeroTemp":{"iob":0.225,"basaliob":-0.232,"bolussnooze":0.0164,"activity":0.0063,"lastBolusTime":1703017737703,"time":"2023-12-19T22:43:25.522Z"}},{"iob":0.401,"basaliob":-0.014,"bolussnooze":0.0116,"activity":0.0078,"lastBolusTime":1703017737703,"time":"2023-12-19T22:48:25.522Z","iobWithZeroTemp":{"iob":0.179,"basaliob":-0.236,"bolussnooze":0.0116,"activity":0.0056,"lastBolusTime":1703017737703,"time":"2023-12-19T22:48:25.522Z"}},{"iob":0.363,"basaliob":-0.012,"bolussnooze":0.008,"activity":0.0072,"lastBolusTime":1703017737703,"time":"2023-12-19T22:53:25.522Z","iobWithZeroTemp":{"iob":0.135,"basaliob":-0.24,"bolussnooze":0.008,"activity":0.0049,"lastBolusTime":1703017737703,"time":"2023-12-19T22:53:25.522Z"}},{"iob":0.329,"basaliob":-0.011,"bolussnooze":0.0052,"activity":0.0066,"lastBolusTime":1703017737703,"time":"2023-12-19T22:58:25.522Z","iobWithZeroTemp":{"iob":0.097,"basaliob":-0.243,"bolussnooze":0.0052,"activity":0.0042,"lastBolusTime":1703017737703,"time":"2023-12-19T22:58:25.522Z"}},{"iob":0.297,"basaliob":-0.01,"bolussnooze":0.0033,"activity":0.0061,"lastBolusTime":1703017737703,"time":"2023-12-19T23:03:25.522Z","iobWithZeroTemp":{"iob":0.06,"basaliob":-0.247,"bolussnooze":0.0033,"activity":0.0036,"lastBolusTime":1703017737703,"time":"2023-12-19T23:03:25.522Z"}},{"iob":0.267,"basaliob":-0.009,"bolussnooze":0.0019,"activity":0.0056,"lastBolusTime":1703017737703,"time":"2023-12-19T23:08:25.522Z","iobWithZeroTemp":{"iob":0.026,"basaliob":-0.25,"bolussnooze":0.0019,"activity":0.0031,"lastBolusTime":1703017737703,"time":"2023-12-19T23:08:25.522Z"}},{"iob":0.241,"basaliob":-0.008,"bolussnooze":0.001,"activity":0.0051,"lastBolusTime":1703017737703,"time":"2023-12-19T23:13:25.522Z","iobWithZeroTemp":{"iob":-0.004,"basaliob":-0.253,"bolussnooze":0.001,"activity":0.0025,"lastBolusTime":1703017737703,"time":"2023-12-19T23:13:25.522Z"}},{"iob":0.216,"basaliob":-0.007,"bolussnooze":4.0E-4,"activity":0.0046,"lastBolusTime":1703017737703,"time":"2023-12-19T23:18:25.522Z","iobWithZeroTemp":{"iob":-0.032,"basaliob":-0.255,"bolussnooze":4.0E-4,"activity":0.0019,"lastBolusTime":1703017737703,"time":"2023-12-19T23:18:25.522Z"}},{"iob":0.194,"basaliob":-0.006,"bolussnooze":1.0E-4,"activity":0.0042,"lastBolusTime":1703017737703,"time":"2023-12-19T23:23:25.522Z","iobWithZeroTemp":{"iob":-0.057,"basaliob":-0.257,"bolussnooze":1.0E-4,"activity":0.0015,"lastBolusTime":1703017737703,"time":"2023-12-19T23:23:25.522Z"}},{"iob":0.174,"basaliob":-0.005,"bolussnooze":0,"activity":0.0039,"lastBolusTime":1703017737703,"time":"2023-12-19T23:28:25.522Z","iobWithZeroTemp":{"iob":-0.08,"basaliob":-0.259,"bolussnooze":0,"activity":0.0011,"lastBolusTime":1703017737703,"time":"2023-12-19T23:28:25.522Z"}},{"iob":0.155,"basaliob":-0.005,"bolussnooze":0,"activity":0.0035,"lastBolusTime":1703017737703,"time":"2023-12-19T23:33:25.522Z","iobWithZeroTemp":{"iob":-0.102,"basaliob":-0.262,"bolussnooze":0,"activity":7.0E-4,"lastBolusTime":1703017737703,"time":"2023-12-19T23:33:25.522Z"}},{"iob":0.139,"basaliob":-0.004,"bolussnooze":0,"activity":0.0032,"lastBolusTime":1703017737703,"time":"2023-12-19T23:38:25.522Z","iobWithZeroTemp":{"iob":-0.12,"basaliob":-0.263,"bolussnooze":0,"activity":3.0E-4,"lastBolusTime":1703017737703,"time":"2023-12-19T23:38:25.522Z"}},{"iob":0.124,"basaliob":-0.003,"bolussnooze":0,"activity":0.0029,"lastBolusTime":1703017737703,"time":"2023-12-19T23:43:25.522Z","iobWithZeroTemp":{"iob":-0.138,"basaliob":-0.265,"bolussnooze":0,"activity":0,"lastBolusTime":1703017737703,"time":"2023-12-19T23:43:25.522Z"}},{"iob":0.11,"basaliob":-0.003,"bolussnooze":0,"activity":0.0026,"lastBolusTime":1703017737703,"time":"2023-12-19T23:48:25.522Z","iobWithZeroTemp":{"iob":-0.154,"basaliob":-0.267,"bolussnooze":0,"activity":-4.0E-4,"lastBolusTime":1703017737703,"time":"2023-12-19T23:48:25.522Z"}},{"iob":0.097,"basaliob":-0.003,"bolussnooze":0,"activity":0.0023,"lastBolusTime":1703017737703,"time":"2023-12-19T23:53:25.522Z","iobWithZeroTemp":{"iob":-0.168,"basaliob":-0.268,"bolussnooze":0,"activity":-7.0E-4,"lastBolusTime":1703017737703,"time":"2023-12-19T23:53:25.522Z"}},{"iob":0.087,"basaliob":-0.002,"bolussnooze":0,"activity":0.0021,"lastBolusTime":1703017737703,"time":"2023-12-19T23:58:25.522Z","iobWithZeroTemp":{"iob":-0.18,"basaliob":-0.269,"bolussnooze":0,"activity":-9.0E-4,"lastBolusTime":1703017737703,"time":"2023-12-19T23:58:25.522Z"}},{"iob":0.076,"basaliob":-0.002,"bolussnooze":0,"activity":0.0019,"lastBolusTime":1703017737703,"time":"2023-12-20T00:03:25.522Z","iobWithZeroTemp":{"iob":-0.188,"basaliob":-0.266,"bolussnooze":0,"activity":-0.0011,"lastBolusTime":1703017737703,"time":"2023-12-20T00:03:25.522Z"}},{"iob":0.067,"basaliob":-0.002,"bolussnooze":0,"activity":0.0017,"lastBolusTime":1703017737703,"time":"2023-12-20T00:08:25.522Z","iobWithZeroTemp":{"iob":-0.195,"basaliob":-0.264,"bolussnooze":0,"activity":-0.0014,"lastBolusTime":1703017737703,"time":"2023-12-20T00:08:25.522Z"}},{"iob":0.06,"basaliob":-0.001,"bolussnooze":0,"activity":0.0016,"lastBolusTime":1703017737703,"time":"2023-12-20T00:13:25.522Z","iobWithZeroTemp":{"iob":-0.199,"basaliob":-0.26,"bolussnooze":0,"activity":-0.0015,"lastBolusTime":1703017737703,"time":"2023-12-20T00:13:25.522Z"}},{"iob":0.052,"basaliob":-0.001,"bolussnooze":0,"activity":0.0014,"lastBolusTime":1703017737703,"time":"2023-12-20T00:18:25.522Z","iobWithZeroTemp":{"iob":-0.204,"basaliob":-0.257,"bolussnooze":0,"activity":-0.0017,"lastBolusTime":1703017737703,"time":"2023-12-20T00:18:25.522Z"}},{"iob":0.045,"basaliob":-0.001,"bolussnooze":0,"activity":0.0013,"lastBolusTime":1703017737703,"time":"2023-12-20T00:23:25.522Z","iobWithZeroTemp":{"iob":-0.208,"basaliob":-0.254,"bolussnooze":0,"activity":-0.0018,"lastBolusTime":1703017737703,"time":"2023-12-20T00:23:25.522Z"}},{"iob":0.039,"basaliob":-0.001,"bolussnooze":0,"activity":0.0011,"lastBolusTime":1703017737703,"time":"2023-12-20T00:28:25.522Z","iobWithZeroTemp":{"iob":-0.212,"basaliob":-0.252,"bolussnooze":0,"activity":-0.0019,"lastBolusTime":1703017737703,"time":"2023-12-20T00:28:25.522Z"}},{"iob":0.034,"basaliob":-0.001,"bolussnooze":0,"activity":0.001,"lastBolusTime":1703017737703,"time":"2023-12-20T00:33:25.522Z","iobWithZeroTemp":{"iob":-0.214,"basaliob":-0.249,"bolussnooze":0,"activity":-0.002,"lastBolusTime":1703017737703,"time":"2023-12-20T00:33:25.522Z"}},{"iob":0.029,"basaliob":-0.001,"bolussnooze":0,"activity":9.0E-4,"lastBolusTime":1703017737703,"time":"2023-12-20T00:38:25.522Z","iobWithZeroTemp":{"iob":-0.216,"basaliob":-0.246,"bolussnooze":0,"activity":-0.0021,"lastBolusTime":1703017737703,"time":"2023-12-20T00:38:25.522Z"}}],"profile":{"max_iob":10,"type":"current","max_daily_basal":0.25,"max_basal":0.75,"min_bg":90,"max_bg":90,"target_bg":90,"carb_ratio":14.8,"sens":84,"max_daily_safety_multiplier":5,"current_basal_safety_multiplier":5,"lgsThreshold":95,"high_temptarget_raises_sensitivity":false,"low_temptarget_lowers_sensitivity":false,"sensitivity_raises_target":true,"resistance_lowers_target":true,"adv_target_adjustments":false,"exercise_mode":false,"half_basal_exercise_target":160,"maxCOB":120,"skip_neutral_temps":false,"remainingCarbsCap":90,"enableUAM":true,"A52_risk_enable":false,"SMBInterval":5,"enableSMB_with_COB":true,"enableSMB_with_temptarget":false,"allowSMB_with_high_temptarget":false,"enableSMB_always":false,"enableSMB_after_carbs":true,"maxSMBBasalMinutes":120,"maxUAMSMBBasalMinutes":120,"bolus_increment":0.05,"carbsReqThreshold":1,"current_basal":0.15000000596046448,"temptargetSet":false,"autosens_max":1.2,"autosens_min":0.7,"variable_sens":92.9,"insulinDivisor":75,"TDD":24.38763541490863},"autosens_data":{"ratio":1},"meal_data":{"carbs":3,"mealCOB":0,"slopeFromMaxDeviation":-0.13099999999999978,"slopeFromMinDeviation":0.44179999999999997,"lastBolusTime":1703017737703,"lastCarbTime":1703005061965},"microBolusAllowed":true,"currentTime":1703018606253,"flatBGsDetected":false,"tdd1D":20.141666612277426,"tdd7D":26.78606000595613,"tddLast24H":18.933333334823452,"tddLast4H":3.7791667620340985,"tddLast8to4H":5.716666496048371},"output":{"temp":"absolute","bg":91,"tick":-2,"eventualBG":39,"targetBG":90,"insulinReq":0,"deliverAt":"2023-12-19T20:43:26.253Z","sensitivityRatio":1,"variable_sens":92.9,"predBGs":{"IOB":[91,89,84,79,71,62,51,39,39,39,39,39,39],"ZT":[91,85,77,67,56,43,39,39,39,39,39,39,39,39,39,39,39,39,39,39,39,39,39,39,39,39,39,39,39,39,39,39,39,39,39,39,39,39,39,39,39,39,39,39,39,39,39,39],"UAM":[91,89,85,80,73,65,56,45,39,39,39,39,39]},"reason":"COB: 0, Dev: 25, BGI: -6, ISF: 93, CR: 14.8, Target: 90, minPredBG -242, minGuardBG -236, IOBpredBG 39, UAMpredBG 39; 53 add'l carbs req w\/in 0m; minGuardBG -236<95","COB":0,"IOB":2.429,"carbsReq":53,"carbsReqWithin":0,"duration":120,"rate":0,"timestamp":"2023-12-19T20:43:26.273Z"}}