{"algorithm":"OpenAPSSMBDynamicISFPlugin","input":{"glucoseStatus":{"glucose":97,"noise":0,"delta":-1,"short_avgdelta":-1.22,"long_avgdelta":-2.69,"date":1702948673000},"currenttemp":{"temp":"absolute","duration":80,"rate":0,"minutesrunning":40},"iob_data":[{"iob":0.209,"basaliob":-0.084,"bolussnooze":0,"activity":0.0051,"lastBolusTime":1702944224267,"time":"2023-12-19T01:18:26.134Z","iobWithZeroTemp":{"iob":0.209,"basaliob":-0.084,"bolussnooze":0,"activity":0.0051,"lastBolusTime":1702944224267,"time":"2023-12-19T01:18:26.134Z"}},{"iob":0.185,"basaliob":-0.083,"bolussnooze":0,"activity":0.0046,"lastBolusTime":1702944224267,"time":"2023-12-19T01:23:26.134Z","iobWithZeroTemp":{"iob":0.172,"basaliob":-0.096,"bolussnooze":0,"activity":0.0046,"lastBolusTime":1702944224267,"time":"2023-12-19T01:23:26.134Z"}},{"iob":0.163,"basaliob":-0.081,"bolussnooze":0,"activity":0.0041,"lastBolusTime":1702944224267,"time":"2023-12-19T01:28:26.134Z","iobWithZeroTemp":{"iob":0.133,"basaliob":-0.111,"bolussnooze":0,"activity":0.004,"lastBolusTime":1702944224267,"time":"2023-12-19T01:28:26.134Z"}},{"iob":0.143,"basaliob":-0.079,"bolussnooze":0,"activity":0.0037,"lastBolusTime":1702944224267,"time":"2023-12-19T01:33:26.134Z","iobWithZeroTemp":{"iob":0.097,"basaliob":-0.125,"bolussnooze":0,"activity":0.0036,"lastBolusTime":1702944224267,"time":"2023-12-19T01:33:26.134Z"}},{"iob":0.126,"basaliob":-0.076,"bolussnooze":0,"activity":0.0033,"lastBolusTime":1702944224267,"time":"2023-12-19T01:38:26.134Z","iobWithZeroTemp":{"iob":0.064,"basaliob":-0.138,"bolussnooze":0,"activity":0.0031,"lastBolusTime":1702944224267,"time":"2023-12-19T01:38:26.134Z"}},{"iob":0.11,"basaliob":-0.073,"bolussnooze":0,"activity":0.0029,"lastBolusTime":1702944224267,"time":"2023-12-19T01:43:26.134Z","iobWithZeroTemp":{"iob":0.033,"basaliob":-0.15,"bolussnooze":0,"activity":0.0026,"lastBolusTime":1702944224267,"time":"2023-12-19T01:43:26.134Z"}},{"iob":0.097,"basaliob":-0.069,"bolussnooze":0,"activity":0.0026,"lastBolusTime":1702944224267,"time":"2023-12-19T01:48:26.134Z","iobWithZeroTemp":{"iob":0.005,"basaliob":-0.161,"bolussnooze":0,"activity":0.0021,"lastBolusTime":1702944224267,"time":"2023-12-19T01:48:26.134Z"}},{"iob":0.084,"basaliob":-0.066,"bolussnooze":0,"activity":0.0023,"lastBolusTime":1702944224267,"time":"2023-12-19T01:53:26.134Z","iobWithZeroTemp":{"iob":-0.022,"basaliob":-0.172,"bolussnooze":0,"activity":0.0017,"lastBolusTime":1702944224267,"time":"2023-12-19T01:53:26.134Z"}},{"iob":0.074,"basaliob":-0.062,"bolussnooze":0,"activity":0.0021,"lastBolusTime":1702944224267,"time":"2023-12-19T01:58:26.134Z","iobWithZeroTemp":{"iob":-0.045,"basaliob":-0.181,"bolussnooze":0,"activity":0.0014,"lastBolusTime":1702944224267,"time":"2023-12-19T01:58:26.134Z"}},{"iob":0.064,"basaliob":-0.059,"bolussnooze":0,"activity":0.0018,"lastBolusTime":1702944224267,"time":"2023-12-19T02:03:26.134Z","iobWithZeroTemp":{"iob":-0.067,"basaliob":-0.19,"bolussnooze":0,"activity":9.0E-4,"lastBolusTime":1702944224267,"time":"2023-12-19T02:03:26.134Z"}},{"iob":0.056,"basaliob":-0.055,"bolussnooze":0,"activity":0.0016,"lastBolusTime":1702944224267,"time":"2023-12-19T02:08:26.134Z","iobWithZeroTemp":{"iob":-0.087,"basaliob":-0.198,"bolussnooze":0,"activity":6.0E-4,"lastBolusTime":1702944224267,"time":"2023-12-19T02:08:26.134Z"}},{"iob":0.047,"basaliob":-0.052,"bolussnooze":0,"activity":0.0014,"lastBolusTime":1702944224267,"time":"2023-12-19T02:13:26.134Z","iobWithZeroTemp":{"iob":-0.107,"basaliob":-0.206,"bolussnooze":0,"activity":2.0E-4,"lastBolusTime":1702944224267,"time":"2023-12-19T02:13:26.134Z"}},{"iob":0.041,"basaliob":-0.048,"bolussnooze":0,"activity":0.0012,"lastBolusTime":1702944224267,"time":"2023-12-19T02:18:26.134Z","iobWithZeroTemp":{"iob":-0.124,"basaliob":-0.213,"bolussnooze":0,"activity":-1.0E-4,"lastBolusTime":1702944224267,"time":"2023-12-19T02:18:26.134Z"}},{"iob":0.035,"basaliob":-0.045,"bolussnooze":0,"activity":0.0012,"lastBolusTime":1702944224267,"time":"2023-12-19T02:23:26.134Z","iobWithZeroTemp":{"iob":-0.14,"basaliob":-0.22,"bolussnooze":0,"activity":-2.0E-4,"lastBolusTime":1702944224267,"time":"2023-12-19T02:23:26.134Z"}},{"iob":0.03,"basaliob":-0.042,"bolussnooze":0,"activity":0.001,"lastBolusTime":1702944224267,"time":"2023-12-19T02:28:26.134Z","iobWithZeroTemp":{"iob":-0.154,"basaliob":-0.226,"bolussnooze":0,"activity":-6.0E-4,"lastBolusTime":1702944224267,"time":"2023-12-19T02:28:26.134Z"}},{"iob":0.025,"basaliob":-0.039,"bolussnooze":0,"activity":9.0E-4,"lastBolusTime":1702944224267,"time":"2023-12-19T02:33:26.134Z","iobWithZeroTemp":{"iob":-0.167,"basaliob":-0.231,"bolussnooze":0,"activity":-8.0E-4,"lastBolusTime":1702944224267,"time":"2023-12-19T02:33:26.134Z"}},{"iob":0.021,"basaliob":-0.036,"bolussnooze":0,"activity":7.0E-4,"lastBolusTime":1702944224267,"time":"2023-12-19T02:38:26.134Z","iobWithZeroTemp":{"iob":-0.179,"basaliob":-0.236,"bolussnooze":0,"activity":-0.0011,"lastBolusTime":1702944224267,"time":"2023-12-19T02:38:26.134Z"}},{"iob":0.018,"basaliob":-0.033,"bolussnooze":0,"activity":7.0E-4,"lastBolusTime":1702944224267,"time":"2023-12-19T02:43:26.134Z","iobWithZeroTemp":{"iob":-0.189,"basaliob":-0.24,"bolussnooze":0,"activity":-0.0012,"lastBolusTime":1702944224267,"time":"2023-12-19T02:43:26.134Z"}},{"iob":0.015,"basaliob":-0.03,"bolussnooze":0,"activity":6.0E-4,"lastBolusTime":1702944224267,"time":"2023-12-19T02:48:26.134Z","iobWithZeroTemp":{"iob":-0.199,"basaliob":-0.244,"bolussnooze":0,"activity":-0.0014,"lastBolusTime":1702944224267,"time":"2023-12-19T02:48:26.134Z"}},{"iob":0.012,"basaliob":-0.028,"bolussnooze":0,"activity":5.0E-4,"lastBolusTime":1702944224267,"time":"2023-12-19T02:53:26.134Z","iobWithZeroTemp":{"iob":-0.208,"basaliob":-0.248,"bolussnooze":0,"activity":-0.0016,"lastBolusTime":1702944224267,"time":"2023-12-19T02:53:26.134Z"}},{"iob":0.01,"basaliob":-0.026,"bolussnooze":0,"activity":5.0E-4,"lastBolusTime":1702944224267,"time":"2023-12-19T02:58:26.134Z","iobWithZeroTemp":{"iob":-0.216,"basaliob":-0.252,"bolussnooze":0,"activity":-0.0017,"lastBolusTime":1702944224267,"time":"2023-12-19T02:58:26.134Z"}},{"iob":0.007,"basaliob":-0.024,"bolussnooze":0,"activity":4.0E-4,"lastBolusTime":1702944224267,"time":"2023-12-19T03:03:26.134Z","iobWithZeroTemp":{"iob":-0.22,"basaliob":-0.251,"bolussnooze":0,"activity":-0.0019,"lastBolusTime":1702944224267,"time":"2023-12-19T03:03:26.134Z"}},{"iob":0.006,"basaliob":-0.022,"bolussnooze":0,"activity":3.0E-4,"lastBolusTime":1702944224267,"time":"2023-12-19T03:08:26.134Z","iobWithZeroTemp":{"iob":-0.222,"basaliob":-0.25,"bolussnooze":0,"activity":-0.0021,"lastBolusTime":1702944224267,"time":"2023-12-19T03:08:26.134Z"}},{"iob":0.004,"basaliob":-0.02,"bolussnooze":0,"activity":2.0E-4,"lastBolusTime":1702944224267,"time":"2023-12-19T03:13:26.134Z","iobWithZeroTemp":{"iob":-0.224,"basaliob":-0.248,"bolussnooze":0,"activity":-0.0023,"lastBolusTime":1702944224267,"time":"2023-12-19T03:13:26.134Z"}},{"iob":0.003,"basaliob":-0.018,"bolussnooze":0,"activity":3.0E-4,"lastBolusTime":1702944224267,"time":"2023-12-19T03:18:26.134Z","iobWithZeroTemp":{"iob":-0.225,"basaliob":-0.246,"bolussnooze":0,"activity":-0.0022,"lastBolusTime":1702944224267,"time":"2023-12-19T03:18:26.134Z"}},{"iob":0.003,"basaliob":-0.016,"bolussnooze":0,"activity":2.0E-4,"lastBolusTime":1702944224267,"time":"2023-12-19T03:23:26.134Z","iobWithZeroTemp":{"iob":-0.225,"basaliob":-0.244,"bolussnooze":0,"activity":-0.0023,"lastBolusTime":1702944224267,"time":"2023-12-19T03:23:26.134Z"}},{"iob":0.001,"basaliob":-0.015,"bolussnooze":0,"activity":1.0E-4,"lastBolusTime":1702944224267,"time":"2023-12-19T03:28:26.134Z","iobWithZeroTemp":{"iob":-0.227,"basaliob":-0.243,"bolussnooze":0,"activity":-0.0025,"lastBolusTime":1702944224267,"time":"2023-12-19T03:28:26.134Z"}},{"iob":0,"basaliob":-0.014,"bolussnooze":0,"activity":1.0E-4,"lastBolusTime":1702944224267,"time":"2023-12-19T03:33:26.134Z","iobWithZeroTemp":{"iob":-0.228,"basaliob":-0.242,"bolussnooze":0,"activity":-0.0025,"lastBolusTime":1702944224267,"time":"2023-12-19T03:33:26.134Z"}},{"iob":0,"basaliob":-0.012,"bolussnooze":0,"activity":2.0E-4,"lastBolusTime":1702944224267,"time":"2023-12-19T03:38:26.134Z","iobWithZeroTemp":{"iob":-0.227,"basaliob":-0.239,"bolussnooze":0,"activity":-0.0024,"lastBolusTime":1702944224267,"time":"2023-12-19T03:38:26.134Z"}},{"iob":0,"basaliob":-0.011,"bolussnooze":0,"activity":1.0E-4,"lastBolusTime":1702944224267,"time":"2023-12-19T03:43:26.134Z","iobWithZeroTemp":{"iob":-0.226,"basaliob":-0.237,"bolussnooze":0,"activity":-0.0025,"lastBolusTime":1702944224267,"time":"2023-12-19T03:43:26.134Z"}},{"iob":-0.001,"basaliob":-0.01,"bolussnooze":0,"activity":1.0E-4,"lastBolusTime":1702944224267,"time":"2023-12-19T03:48:26.134Z","iobWithZeroTemp":{"iob":-0.227,"basaliob":-0.236,"bolussnooze":0,"activity":-0.0025,"lastBolusTime":1702944224267,"time":"2023-12-19T03:48:26.134Z"}},{"iob":-0.001,"basaliob":-0.009,"bolussnooze":0,"activity":0,"lastBolusTime":1702944224267,"time":"2023-12-19T03:53:26.134Z","iobWithZeroTemp":{"iob":-0.226,"basaliob":-0.234,"bolussnooze":0,"activity":-0.0026,"lastBolusTime":1702944224267,"time":"2023-12-19T03:53:26.134Z"}},{"iob":-0.001,"basaliob":-0.008,"bolussnooze":0,"activity":0,"lastBolusTime":1702944224267,"time":"2023-12-19T03:58:26.134Z","iobWithZeroTemp":{"iob":-0.225,"basaliob":-0.232,"bolussnooze":0,"activity":-0.0027,"lastBolusTime":1702944224267,"time":"2023-12-19T03:58:26.134Z"}},{"iob":-0.001,"basaliob":-0.007,"bolussnooze":0,"activity":0,"lastBolusTime":1702944224267,"time":"2023-12-19T04:03:26.134Z","iobWithZeroTemp":{"iob":-0.233,"basaliob":-0.239,"bolussnooze":0,"activity":-0.0027,"lastBolusTime":1702944224267,"time":"2023-12-19T04:03:26.134Z"}},{"iob":-0.002,"basaliob":-0.007,"bolussnooze":0,"activity":1.0E-4,"lastBolusTime":1702944224267,"time":"2023-12-19T04:08:26.134Z","iobWithZeroTemp":{"iob":-0.241,"basaliob":-0.246,"bolussnooze":0,"activity":-0.0026,"lastBolusTime":1702944224267,"time":"2023-12-19T04:08:26.134Z"}},{"iob":-0.002,"basaliob":-0.006,"bolussnooze":0,"activity":0,"lastBolusTime":1702944224267,"time":"2023-12-19T04:13:26.134Z","iobWithZeroTemp":{"iob":-0.249,"basaliob":-0.253,"bolussnooze":0,"activity":-0.0027,"lastBolusTime":1702944224267,"time":"2023-12-19T04:13:26.134Z"}},{"iob":-0.001,"basaliob":-0.005,"bolussnooze":0,"activity":0,"lastBolusTime":1702944224267,"time":"2023-12-19T04:18:26.134Z","iobWithZeroTemp":{"iob":-0.255,"basaliob":-0.259,"bolussnooze":0,"activity":-0.0028,"lastBolusTime":1702944224267,"time":"2023-12-19T04:18:26.134Z"}},{"iob":-0.002,"basaliob":-0.005,"bolussnooze":0,"activity":0,"lastBolusTime":1702944224267,"time":"2023-12-19T04:23:26.134Z","iobWithZeroTemp":{"iob":-0.262,"basaliob":-0.265,"bolussnooze":0,"activity":-0.0028,"lastBolusTime":1702944224267,"time":"2023-12-19T04:23:26.134Z"}},{"iob":-0.001,"basaliob":-0.004,"bolussnooze":0,"activity":0,"lastBolusTime":1702944224267,"time":"2023-12-19T04:28:26.134Z","iobWithZeroTemp":{"iob":-0.268,"basaliob":-0.271,"bolussnooze":0,"activity":-0.0029,"lastBolusTime":1702944224267,"time":"2023-12-19T04:28:26.134Z"}},{"iob":-0.002,"basaliob":-0.004,"bolussnooze":0,"activity":0,"lastBolusTime":1702944224267,"time":"2023-12-19T04:33:26.134Z","iobWithZeroTemp":{"iob":-0.275,"basaliob":-0.277,"bolussnooze":0,"activity":-0.003,"lastBolusTime":1702944224267,"time":"2023-12-19T04:33:26.134Z"}},{"iob":-0.001,"basaliob":-0.003,"bolussnooze":0,"activity":0,"lastBolusTime":1702944224267,"time":"2023-12-19T04:38:26.134Z","iobWithZeroTemp":{"iob":-0.28,"basaliob":-0.282,"bolussnooze":0,"activity":-0.003,"lastBolusTime":1702944224267,"time":"2023-12-19T04:38:26.134Z"}},{"iob":-0.002,"basaliob":-0.003,"bolussnooze":0,"activity":0,"lastBolusTime":1702944224267,"time":"2023-12-19T04:43:26.134Z","iobWithZeroTemp":{"iob":-0.287,"basaliob":-0.288,"bolussnooze":0,"activity":-0.0031,"lastBolusTime":1702944224267,"time":"2023-12-19T04:43:26.134Z"}},{"iob":-0.002,"basaliob":-0.003,"bolussnooze":0,"activity":-1.0E-4,"lastBolusTime":1702944224267,"time":"2023-12-19T04:48:26.134Z","iobWithZeroTemp":{"iob":-0.292,"basaliob":-0.293,"bolussnooze":0,"activity":-0.0032,"lastBolusTime":1702944224267,"time":"2023-12-19T04:48:26.134Z"}},{"iob":-0.001,"basaliob":-0.002,"bolussnooze":0,"activity":-1.0E-4,"lastBolusTime":1702944224267,"time":"2023-12-19T04:53:26.134Z","iobWithZeroTemp":{"iob":-0.296,"basaliob":-0.297,"bolussnooze":0,"activity":-0.0033,"lastBolusTime":1702944224267,"time":"2023-12-19T04:53:26.134Z"}},{"iob":-0.001,"basaliob":-0.002,"bolussnooze":0,"activity":-1.0E-4,"lastBolusTime":1702944224267,"time":"2023-12-19T04:58:26.134Z","iobWithZeroTemp":{"iob":-0.301,"basaliob":-0.302,"bolussnooze":0,"activity":-0.0034,"lastBolusTime":1702944224267,"time":"2023-12-19T04:58:26.134Z"}},{"iob":-0.001,"basaliob":-0.002,"bolussnooze":0,"activity":0,"lastBolusTime":1702944224267,"time":"2023-12-19T05:03:26.134Z","iobWithZeroTemp":{"iob":-0.301,"basaliob":-0.302,"bolussnooze":0,"activity":-0.0033,"lastBolusTime":1702944224267,"time":"2023-12-19T05:03:26.134Z"}},{"iob":-0.002,"basaliob":-0.002,"bolussnooze":0,"activity":0,"lastBolusTime":1702944224267,"time":"2023-12-19T05:08:26.134Z","iobWithZeroTemp":{"iob":-0.302,"basaliob":-0.302,"bolussnooze":0,"activity":-0.0034,"lastBolusTime":1702944224267,"time":"2023-12-19T05:08:26.134Z"}},{"iob":-0.001,"basaliob":-0.001,"bolussnooze":0,"activity":0,"lastBolusTime":1702944224267,"time":"2023-12-19T05:13:26.134Z","iobWithZeroTemp":{"iob":-0.3,"basaliob":-0.3,"bolussnooze":0,"activity":-0.0034,"lastBolusTime":1702944224267,"time":"2023-12-19T05:13:26.134Z"}}],"profile":{"max_iob":10,"type":"current","max_daily_basal":0.25,"max_basal":1,"min_bg":90,"max_bg":90,"target_bg":90,"carb_ratio":15.6,"sens":84,"max_daily_safety_multiplier":5,"current_basal_safety_multiplier":5,"lgsThreshold":95,"high_temptarget_raises_sensitivity":false,"low_temptarget_lowers_sensitivity":false,"sensitivity_raises_target":true,"resistance_lowers_target":true,"adv_target_adjustments":false,"exercise_mode":false,"half_basal_exercise_target":160,"maxCOB":120,"skip_neutral_temps":false,"remainingCarbsCap":90,"enableUAM":true,"A52_risk_enable":false,"SMBInterval":5,"enableSMB_with_COB":true,"enableSMB_with_temptarget":false,"allowSMB_with_high_temptarget":false,"enableSMB_always":false,"enableSMB_after_carbs":true,"maxSMBBasalMinutes":120,"maxUAMSMBBasalMinutes":120,"bolus_increment":0.05,"carbsReqThreshold":1,"current_basal":0.20000000298023224,"temptargetSet":false,"autosens_max":1.2,"autosens_min":0.7,"variable_sens":103.5,"insulinDivisor":75,"TDD":20.95398541490863},"autosens_data":{"ratio":1},"meal_data":{"carbs":14,"mealCOB":0,"slopeFromMaxDeviation":-0.23919999999999997,"slopeFromMinDeviation":0.4355,"lastBolusTime":1702944224267,"lastCarbTime":1702935386937},"microBolusAllowed":true,"currentTime":1702948707886,"flatBGsDetected":false,"tdd1D":20.141666612277426,"tdd7D":26.78606000595613,"tddLast24H":19.8541666234533,"tddLast4H":2.7375000417232513,"tddLast8to4H":2.366666621218125},"output":{"temp":"absolute","bg":97,"tick":-1,"eventualBG":84,"targetBG":90,"insulinReq":0,"deliverAt":"2023-12-19T01:18:27.886Z","sensitivityRatio":1,"variable_sens":103.5,"predBGs":{"IOB":[97,96,94,93,92,91,90,90,89,88,87,86,86,85,84,84,83,83,82,82,82,82,81,81,81,81,81,81,81,80],"ZT":[97,94,92,90,88,86,85,83,82,82,81,81,81,81,81,81,82,82,83,84,85,86,87,88,89,90],"UAM":[97,96,94,93,91,89,88,86,85,84,83,82,81,80,80,79,79,78,78,77,77,77,77,76]},"reason":"COB: 0, Dev: 9, BGI: -3, ISF: 104, CR: 15.6, Target: 90, minPredBG 79, minGuardBG 76, IOBpredBG 80, UAMpredBG 76; 2 add'l carbs req w\/in 10m; minGuardBG 76<95 80m left and 0 ~ req 0U\/hr: no temp required","COB":0,"IOB":0.209,"carbsReq":2,"carbsReqWithin":10,"timestamp":"2023-12-19T01:18:27.920Z"}}