{"algorithm":"OpenAPSSMBDynamicISFPlugin","input":{"glucoseStatus":{"glucose":114,"noise":0,"delta":-2,"short_avgdelta":-2,"long_avgdelta":-0.73,"date":1702854770000},"currenttemp":{"temp":"absolute","duration":115,"rate":0,"minutesrunning":5},"iob_data":[{"iob":0.455,"basaliob":0.064,"bolussnooze":0,"activity":0.0061,"lastBolusTime":1702853609765,"time":"2023-12-17T23:13:19.424Z","iobWithZeroTemp":{"iob":0.455,"basaliob":0.064,"bolussnooze":0,"activity":0.0061,"lastBolusTime":1702853609765,"time":"2023-12-17T23:13:19.424Z"}},{"iob":0.426,"basaliob":0.061,"bolussnooze":0,"activity":0.0059,"lastBolusTime":1702853609765,"time":"2023-12-17T23:18:19.424Z","iobWithZeroTemp":{"iob":0.413,"basaliob":0.048,"bolussnooze":0,"activity":0.0059,"lastBolusTime":1702853609765,"time":"2023-12-17T23:18:19.424Z"}},{"iob":0.396,"basaliob":0.057,"bolussnooze":0,"activity":0.0057,"lastBolusTime":1702853609765,"time":"2023-12-17T23:23:19.424Z","iobWithZeroTemp":{"iob":0.366,"basaliob":0.027,"bolussnooze":0,"activity":0.0056,"lastBolusTime":1702853609765,"time":"2023-12-17T23:23:19.424Z"}},{"iob":0.368,"basaliob":0.054,"bolussnooze":0,"activity":0.0055,"lastBolusTime":1702853609765,"time":"2023-12-17T23:28:19.424Z","iobWithZeroTemp":{"iob":0.322,"basaliob":0.008,"bolussnooze":0,"activity":0.0054,"lastBolusTime":1702853609765,"time":"2023-12-17T23:28:19.424Z"}},{"iob":0.341,"basaliob":0.05,"bolussnooze":0,"activity":0.0053,"lastBolusTime":1702853609765,"time":"2023-12-17T23:33:19.424Z","iobWithZeroTemp":{"iob":0.279,"basaliob":-0.012,"bolussnooze":0,"activity":0.0051,"lastBolusTime":1702853609765,"time":"2023-12-17T23:33:19.424Z"}},{"iob":0.316,"basaliob":0.047,"bolussnooze":0,"activity":0.005,"lastBolusTime":1702853609765,"time":"2023-12-17T23:38:19.424Z","iobWithZeroTemp":{"iob":0.239,"basaliob":-0.03,"bolussnooze":0,"activity":0.0047,"lastBolusTime":1702853609765,"time":"2023-12-17T23:38:19.424Z"}},{"iob":0.292,"basaliob":0.044,"bolussnooze":0,"activity":0.0047,"lastBolusTime":1702853609765,"time":"2023-12-17T23:43:19.424Z","iobWithZeroTemp":{"iob":0.2,"basaliob":-0.048,"bolussnooze":0,"activity":0.0042,"lastBolusTime":1702853609765,"time":"2023-12-17T23:43:19.424Z"}},{"iob":0.269,"basaliob":0.041,"bolussnooze":0,"activity":0.0045,"lastBolusTime":1702853609765,"time":"2023-12-17T23:48:19.424Z","iobWithZeroTemp":{"iob":0.163,"basaliob":-0.065,"bolussnooze":0,"activity":0.0039,"lastBolusTime":1702853609765,"time":"2023-12-17T23:48:19.424Z"}},{"iob":0.247,"basaliob":0.038,"bolussnooze":0,"activity":0.0042,"lastBolusTime":1702853609765,"time":"2023-12-17T23:53:19.424Z","iobWithZeroTemp":{"iob":0.128,"basaliob":-0.081,"bolussnooze":0,"activity":0.0035,"lastBolusTime":1702853609765,"time":"2023-12-17T23:53:19.424Z"}},{"iob":0.227,"basaliob":0.035,"bolussnooze":0,"activity":0.004,"lastBolusTime":1702853609765,"time":"2023-12-17T23:58:19.424Z","iobWithZeroTemp":{"iob":0.096,"basaliob":-0.096,"bolussnooze":0,"activity":0.0031,"lastBolusTime":1702853609765,"time":"2023-12-17T23:58:19.424Z"}},{"iob":0.207,"basaliob":0.032,"bolussnooze":0,"activity":0.0037,"lastBolusTime":1702853609765,"time":"2023-12-18T00:03:19.424Z","iobWithZeroTemp":{"iob":0.068,"basaliob":-0.107,"bolussnooze":0,"activity":0.0027,"lastBolusTime":1702853609765,"time":"2023-12-18T00:03:19.424Z"}},{"iob":0.19,"basaliob":0.03,"bolussnooze":0,"activity":0.0034,"lastBolusTime":1702853609765,"time":"2023-12-18T00:08:19.424Z","iobWithZeroTemp":{"iob":0.044,"basaliob":-0.116,"bolussnooze":0,"activity":0.0022,"lastBolusTime":1702853609765,"time":"2023-12-18T00:08:19.424Z"}},{"iob":0.173,"basaliob":0.027,"bolussnooze":0,"activity":0.0032,"lastBolusTime":1702853609765,"time":"2023-12-18T00:13:19.424Z","iobWithZeroTemp":{"iob":0.02,"basaliob":-0.126,"bolussnooze":0,"activity":0.0019,"lastBolusTime":1702853609765,"time":"2023-12-18T00:13:19.424Z"}},{"iob":0.158,"basaliob":0.025,"bolussnooze":0,"activity":0.0029,"lastBolusTime":1702853609765,"time":"2023-12-18T00:18:19.424Z","iobWithZeroTemp":{"iob":-0.001,"basaliob":-0.134,"bolussnooze":0,"activity":0.0015,"lastBolusTime":1702853609765,"time":"2023-12-18T00:18:19.424Z"}},{"iob":0.144,"basaliob":0.023,"bolussnooze":0,"activity":0.0027,"lastBolusTime":1702853609765,"time":"2023-12-18T00:23:19.424Z","iobWithZeroTemp":{"iob":-0.02,"basaliob":-0.141,"bolussnooze":0,"activity":0.0012,"lastBolusTime":1702853609765,"time":"2023-12-18T00:23:19.424Z"}},{"iob":0.131,"basaliob":0.021,"bolussnooze":0,"activity":0.0025,"lastBolusTime":1702853609765,"time":"2023-12-18T00:28:19.424Z","iobWithZeroTemp":{"iob":-0.038,"basaliob":-0.148,"bolussnooze":0,"activity":9.0E-4,"lastBolusTime":1702853609765,"time":"2023-12-18T00:28:19.424Z"}},{"iob":0.118,"basaliob":0.019,"bolussnooze":0,"activity":0.0024,"lastBolusTime":1702853609765,"time":"2023-12-18T00:33:19.424Z","iobWithZeroTemp":{"iob":-0.055,"basaliob":-0.154,"bolussnooze":0,"activity":7.0E-4,"lastBolusTime":1702853609765,"time":"2023-12-18T00:33:19.424Z"}},{"iob":0.108,"basaliob":0.018,"bolussnooze":0,"activity":0.0021,"lastBolusTime":1702853609765,"time":"2023-12-18T00:38:19.424Z","iobWithZeroTemp":{"iob":-0.069,"basaliob":-0.159,"bolussnooze":0,"activity":4.0E-4,"lastBolusTime":1702853609765,"time":"2023-12-18T00:38:19.424Z"}},{"iob":0.097,"basaliob":0.016,"bolussnooze":0,"activity":0.002,"lastBolusTime":1702853609765,"time":"2023-12-18T00:43:19.424Z","iobWithZeroTemp":{"iob":-0.084,"basaliob":-0.165,"bolussnooze":0,"activity":2.0E-4,"lastBolusTime":1702853609765,"time":"2023-12-18T00:43:19.424Z"}},{"iob":0.088,"basaliob":0.015,"bolussnooze":0,"activity":0.0018,"lastBolusTime":1702853609765,"time":"2023-12-18T00:48:19.424Z","iobWithZeroTemp":{"iob":-0.096,"basaliob":-0.169,"bolussnooze":0,"activity":-1.0E-4,"lastBolusTime":1702853609765,"time":"2023-12-18T00:48:19.424Z"}},{"iob":0.079,"basaliob":0.013,"bolussnooze":0,"activity":0.0017,"lastBolusTime":1702853609765,"time":"2023-12-18T00:53:19.424Z","iobWithZeroTemp":{"iob":-0.108,"basaliob":-0.174,"bolussnooze":0,"activity":-2.0E-4,"lastBolusTime":1702853609765,"time":"2023-12-18T00:53:19.424Z"}},{"iob":0.071,"basaliob":0.012,"bolussnooze":0,"activity":0.0015,"lastBolusTime":1702853609765,"time":"2023-12-18T00:58:19.424Z","iobWithZeroTemp":{"iob":-0.119,"basaliob":-0.178,"bolussnooze":0,"activity":-5.0E-4,"lastBolusTime":1702853609765,"time":"2023-12-18T00:58:19.424Z"}},{"iob":0.064,"basaliob":0.011,"bolussnooze":0,"activity":0.0013,"lastBolusTime":1702853609765,"time":"2023-12-18T01:03:19.424Z","iobWithZeroTemp":{"iob":-0.132,"basaliob":-0.185,"bolussnooze":0,"activity":-8.0E-4,"lastBolusTime":1702853609765,"time":"2023-12-18T01:03:19.424Z"}},{"iob":0.058,"basaliob":0.01,"bolussnooze":0,"activity":0.0012,"lastBolusTime":1702853609765,"time":"2023-12-18T01:08:19.424Z","iobWithZeroTemp":{"iob":-0.145,"basaliob":-0.193,"bolussnooze":0,"activity":-9.0E-4,"lastBolusTime":1702853609765,"time":"2023-12-18T01:08:19.424Z"}},{"iob":0.052,"basaliob":0.009,"bolussnooze":0,"activity":0.0011,"lastBolusTime":1702853609765,"time":"2023-12-18T01:13:19.424Z","iobWithZeroTemp":{"iob":-0.156,"basaliob":-0.199,"bolussnooze":0,"activity":-0.0011,"lastBolusTime":1702853609765,"time":"2023-12-18T01:13:19.424Z"}},{"iob":0.046,"basaliob":0.008,"bolussnooze":0,"activity":0.0011,"lastBolusTime":1702853609765,"time":"2023-12-18T01:18:19.424Z","iobWithZeroTemp":{"iob":-0.168,"basaliob":-0.206,"bolussnooze":0,"activity":-0.0011,"lastBolusTime":1702853609765,"time":"2023-12-18T01:18:19.424Z"}},{"iob":0.041,"basaliob":0.007,"bolussnooze":0,"activity":0.001,"lastBolusTime":1702853609765,"time":"2023-12-18T01:23:19.424Z","iobWithZeroTemp":{"iob":-0.178,"basaliob":-0.212,"bolussnooze":0,"activity":-0.0013,"lastBolusTime":1702853609765,"time":"2023-12-18T01:23:19.424Z"}},{"iob":0.037,"basaliob":0.006,"bolussnooze":0,"activity":8.0E-4,"lastBolusTime":1702853609765,"time":"2023-12-18T01:28:19.424Z","iobWithZeroTemp":{"iob":-0.187,"basaliob":-0.218,"bolussnooze":0,"activity":-0.0016,"lastBolusTime":1702853609765,"time":"2023-12-18T01:28:19.424Z"}},{"iob":0.033,"basaliob":0.006,"bolussnooze":0,"activity":7.0E-4,"lastBolusTime":1702853609765,"time":"2023-12-18T01:33:19.424Z","iobWithZeroTemp":{"iob":-0.196,"basaliob":-0.223,"bolussnooze":0,"activity":-0.0017,"lastBolusTime":1702853609765,"time":"2023-12-18T01:33:19.424Z"}},{"iob":0.029,"basaliob":0.005,"bolussnooze":0,"activity":7.0E-4,"lastBolusTime":1702853609765,"time":"2023-12-18T01:38:19.424Z","iobWithZeroTemp":{"iob":-0.204,"basaliob":-0.228,"bolussnooze":0,"activity":-0.0018,"lastBolusTime":1702853609765,"time":"2023-12-18T01:38:19.424Z"}},{"iob":0.027,"basaliob":0.005,"bolussnooze":0,"activity":6.0E-4,"lastBolusTime":1702853609765,"time":"2023-12-18T01:43:19.424Z","iobWithZeroTemp":{"iob":-0.21,"basaliob":-0.232,"bolussnooze":0,"activity":-0.0019,"lastBolusTime":1702853609765,"time":"2023-12-18T01:43:19.424Z"}},{"iob":0.023,"basaliob":0.004,"bolussnooze":0,"activity":6.0E-4,"lastBolusTime":1702853609765,"time":"2023-12-18T01:48:19.424Z","iobWithZeroTemp":{"iob":-0.218,"basaliob":-0.237,"bolussnooze":0,"activity":-0.002,"lastBolusTime":1702853609765,"time":"2023-12-18T01:48:19.424Z"}},{"iob":0.021,"basaliob":0.004,"bolussnooze":0,"activity":5.0E-4,"lastBolusTime":1702853609765,"time":"2023-12-18T01:53:19.424Z","iobWithZeroTemp":{"iob":-0.224,"basaliob":-0.241,"bolussnooze":0,"activity":-0.0022,"lastBolusTime":1702853609765,"time":"2023-12-18T01:53:19.424Z"}},{"iob":0.018,"basaliob":0.003,"bolussnooze":0,"activity":5.0E-4,"lastBolusTime":1702853609765,"time":"2023-12-18T01:58:19.424Z","iobWithZeroTemp":{"iob":-0.23,"basaliob":-0.245,"bolussnooze":0,"activity":-0.0022,"lastBolusTime":1702853609765,"time":"2023-12-18T01:58:19.424Z"}},{"iob":0.016,"basaliob":0.003,"bolussnooze":0,"activity":4.0E-4,"lastBolusTime":1702853609765,"time":"2023-12-18T02:03:19.424Z","iobWithZeroTemp":{"iob":-0.235,"basaliob":-0.248,"bolussnooze":0,"activity":-0.0024,"lastBolusTime":1702853609765,"time":"2023-12-18T02:03:19.424Z"}},{"iob":0.015,"basaliob":0.003,"bolussnooze":0,"activity":4.0E-4,"lastBolusTime":1702853609765,"time":"2023-12-18T02:08:19.424Z","iobWithZeroTemp":{"iob":-0.239,"basaliob":-0.251,"bolussnooze":0,"activity":-0.0024,"lastBolusTime":1702853609765,"time":"2023-12-18T02:08:19.424Z"}},{"iob":0.012,"basaliob":0.002,"bolussnooze":0,"activity":4.0E-4,"lastBolusTime":1702853609765,"time":"2023-12-18T02:13:19.424Z","iobWithZeroTemp":{"iob":-0.244,"basaliob":-0.254,"bolussnooze":0,"activity":-0.0024,"lastBolusTime":1702853609765,"time":"2023-12-18T02:13:19.424Z"}},{"iob":0.011,"basaliob":0.002,"bolussnooze":0,"activity":2.0E-4,"lastBolusTime":1702853609765,"time":"2023-12-18T02:18:19.424Z","iobWithZeroTemp":{"iob":-0.248,"basaliob":-0.257,"bolussnooze":0,"activity":-0.0027,"lastBolusTime":1702853609765,"time":"2023-12-18T02:18:19.424Z"}},{"iob":0.01,"basaliob":0.002,"bolussnooze":0,"activity":2.0E-4,"lastBolusTime":1702853609765,"time":"2023-12-18T02:23:19.424Z","iobWithZeroTemp":{"iob":-0.251,"basaliob":-0.259,"bolussnooze":0,"activity":-0.0027,"lastBolusTime":1702853609765,"time":"2023-12-18T02:23:19.424Z"}},{"iob":0.009,"basaliob":0.002,"bolussnooze":0,"activity":2.0E-4,"lastBolusTime":1702853609765,"time":"2023-12-18T02:28:19.424Z","iobWithZeroTemp":{"iob":-0.254,"basaliob":-0.261,"bolussnooze":0,"activity":-0.0028,"lastBolusTime":1702853609765,"time":"2023-12-18T02:28:19.424Z"}},{"iob":0.007,"basaliob":0.001,"bolussnooze":0,"activity":2.0E-4,"lastBolusTime":1702853609765,"time":"2023-12-18T02:33:19.424Z","iobWithZeroTemp":{"iob":-0.258,"basaliob":-0.264,"bolussnooze":0,"activity":-0.0028,"lastBolusTime":1702853609765,"time":"2023-12-18T02:33:19.424Z"}},{"iob":0.006,"basaliob":0.001,"bolussnooze":0,"activity":1.0E-4,"lastBolusTime":1702853609765,"time":"2023-12-18T02:38:19.424Z","iobWithZeroTemp":{"iob":-0.26,"basaliob":-0.265,"bolussnooze":0,"activity":-0.0029,"lastBolusTime":1702853609765,"time":"2023-12-18T02:38:19.424Z"}},{"iob":0.006,"basaliob":0.001,"bolussnooze":0,"activity":1.0E-4,"lastBolusTime":1702853609765,"time":"2023-12-18T02:43:19.424Z","iobWithZeroTemp":{"iob":-0.262,"basaliob":-0.267,"bolussnooze":0,"activity":-0.003,"lastBolusTime":1702853609765,"time":"2023-12-18T02:43:19.424Z"}},{"iob":0.005,"basaliob":0.001,"bolussnooze":0,"activity":1.0E-4,"lastBolusTime":1702853609765,"time":"2023-12-18T02:48:19.424Z","iobWithZeroTemp":{"iob":-0.264,"basaliob":-0.268,"bolussnooze":0,"activity":-0.003,"lastBolusTime":1702853609765,"time":"2023-12-18T02:48:19.424Z"}},{"iob":0.004,"basaliob":0.001,"bolussnooze":0,"activity":1.0E-4,"lastBolusTime":1702853609765,"time":"2023-12-18T02:53:19.424Z","iobWithZeroTemp":{"iob":-0.266,"basaliob":-0.269,"bolussnooze":0,"activity":-0.003,"lastBolusTime":1702853609765,"time":"2023-12-18T02:53:19.424Z"}},{"iob":0.004,"basaliob":0.001,"bolussnooze":0,"activity":1.0E-4,"lastBolusTime":1702853609765,"time":"2023-12-18T02:58:19.424Z","iobWithZeroTemp":{"iob":-0.267,"basaliob":-0.27,"bolussnooze":0,"activity":-0.003,"lastBolusTime":1702853609765,"time":"2023-12-18T02:58:19.424Z"}},{"iob":0.003,"basaliob":0.001,"bolussnooze":0,"activity":1.0E-4,"lastBolusTime":1702853609765,"time":"2023-12-18T03:03:19.424Z","iobWithZeroTemp":{"iob":-0.265,"basaliob":-0.267,"bolussnooze":0,"activity":-0.003,"lastBolusTime":1702853609765,"time":"2023-12-18T03:03:19.424Z"}},{"iob":0.002,"basaliob":0,"bolussnooze":0,"activity":1.0E-4,"lastBolusTime":1702853609765,"time":"2023-12-18T03:08:19.424Z","iobWithZeroTemp":{"iob":-0.263,"basaliob":-0.265,"bolussnooze":0,"activity":-0.003,"lastBolusTime":1702853609765,"time":"2023-12-18T03:08:19.424Z"}}],"profile":{"max_iob":10,"type":"current","max_daily_basal":0.25,"max_basal":1,"min_bg":90,"max_bg":90,"target_bg":90,"carb_ratio":15.6,"sens":84,"max_daily_safety_multiplier":5,"current_basal_safety_multiplier":5,"lgsThreshold":95,"high_temptarget_raises_sensitivity":false,"low_temptarget_lowers_sensitivity":false,"sensitivity_raises_target":true,"resistance_lowers_target":true,"adv_target_adjustments":false,"exercise_mode":false,"half_basal_exercise_target":160,"maxCOB":120,"skip_neutral_temps":false,"remainingCarbsCap":90,"enableUAM":true,"A52_risk_enable":false,"SMBInterval":5,"enableSMB_with_COB":true,"enableSMB_with_temptarget":false,"allowSMB_with_high_temptarget":false,"enableSMB_always":false,"enableSMB_after_carbs":true,"maxSMBBasalMinutes":120,"maxUAMSMBBasalMinutes":120,"bolus_increment":0.05,"carbsReqThreshold":1,"current_basal":0.20000000298023224,"temptargetSet":false,"autosens_max":1.2,"autosens_min":0.7,"variable_sens":83.4,"insulinDivisor":75,"TDD":23.344546525424114},"autosens_data":{"ratio":1},"meal_data":{"carbs":25,"mealCOB":0,"slopeFromMaxDeviation":-0.7151666666666667,"slopeFromMinDeviation":0,"lastBolusTime":1702853609765,"lastCarbTime":1702840508052},"microBolusAllowed":true,"currentTime":1702854801213,"flatBGsDetected":false,"tdd1D":22.354166475186748,"tdd7D":26.782783919711285,"tddLast24H":22.404166475186745,"tddLast4H":2.8291667121152084,"tddLast8to4H":4.949999988079071},"output":{"temp":"absolute","bg":114,"tick":-2,"eventualBG":79,"targetBG":90,"insulinReq":0,"deliverAt":"2023-12-17T23:13:21.213Z","sensitivityRatio":1,"variable_sens":83.4,"predBGs":{"IOB":[114,112,110,108,106,104,102,100,98,96,94,93,91,89,88,87,85,84,83,82,81,80,80,79,78,78,77,76,76,76,75,75,75,74,74,74,74,73],"ZT":[114,111,109,107,104,102,100,98,96,94,93,92,91,90,89,88,88,88,87,87,87,87,88,88,89,89,90,90],"UAM":[114,111,109,107,104,102,100,97,95,93,91,90,88,86,85,84,82,81,80,79,78,77,76,75,75,74,73,73,72,72,72,71,71,71,70,70,70,70,70,69]},"reason":"COB: 0, Dev: 3, BGI: -3, ISF: 83, CR: 15.6, Target: 90, minPredBG 78, minGuardBG 69, IOBpredBG 73, UAMpredBG 69; minGuardBG 69<95 115m left and 0 ~ req 0U\/hr: no temp required","COB":0,"IOB":0.455,"timestamp":"2023-12-17T23:13:21.242Z"}}