{"algorithm":"OpenAPSSMBDynamicISFPlugin","input":{"glucoseStatus":{"glucose":119,"noise":0,"delta":-3,"short_avgdelta":-2.39,"long_avgdelta":-1.29,"date":1702873971000},"currenttemp":{"temp":"absolute","duration":25,"rate":0,"minutesrunning":5},"iob_data":[{"iob":0.247,"basaliob":0.247,"bolussnooze":0,"activity":0.0033,"lastBolusTime":1702853609765,"time":"2023-12-18T04:33:20.700Z","iobWithZeroTemp":{"iob":0.247,"basaliob":0.247,"bolussnooze":0,"activity":0.0033,"lastBolusTime":1702853609765,"time":"2023-12-18T04:33:20.700Z"}},{"iob":0.231,"basaliob":0.231,"bolussnooze":0,"activity":0.0032,"lastBolusTime":1702853609765,"time":"2023-12-18T04:38:20.700Z","iobWithZeroTemp":{"iob":0.214,"basaliob":0.214,"bolussnooze":0,"activity":0.0032,"lastBolusTime":1702853609765,"time":"2023-12-18T04:38:20.700Z"}},{"iob":0.215,"basaliob":0.215,"bolussnooze":0,"activity":0.0031,"lastBolusTime":1702853609765,"time":"2023-12-18T04:43:20.700Z","iobWithZeroTemp":{"iob":0.178,"basaliob":0.178,"bolussnooze":0,"activity":0.003,"lastBolusTime":1702853609765,"time":"2023-12-18T04:43:20.700Z"}},{"iob":0.2,"basaliob":0.2,"bolussnooze":0,"activity":0.003,"lastBolusTime":1702853609765,"time":"2023-12-18T04:48:20.700Z","iobWithZeroTemp":{"iob":0.142,"basaliob":0.142,"bolussnooze":0,"activity":0.0028,"lastBolusTime":1702853609765,"time":"2023-12-18T04:48:20.700Z"}},{"iob":0.185,"basaliob":0.185,"bolussnooze":0,"activity":0.0029,"lastBolusTime":1702853609765,"time":"2023-12-18T04:53:20.700Z","iobWithZeroTemp":{"iob":0.108,"basaliob":0.108,"bolussnooze":0,"activity":0.0026,"lastBolusTime":1702853609765,"time":"2023-12-18T04:53:20.700Z"}},{"iob":0.171,"basaliob":0.171,"bolussnooze":0,"activity":0.0027,"lastBolusTime":0,"time":"2023-12-18T04:58:20.700Z","iobWithZeroTemp":{"iob":0.075,"basaliob":0.075,"bolussnooze":0,"activity":0.0023,"lastBolusTime":0,"time":"2023-12-18T04:58:20.700Z"}},{"iob":0.158,"basaliob":0.158,"bolussnooze":0,"activity":0.0026,"lastBolusTime":0,"time":"2023-12-18T05:03:20.700Z","iobWithZeroTemp":{"iob":0.048,"basaliob":0.048,"bolussnooze":0,"activity":0.002,"lastBolusTime":0,"time":"2023-12-18T05:03:20.700Z"}},{"iob":0.146,"basaliob":0.146,"bolussnooze":0,"activity":0.0024,"lastBolusTime":0,"time":"2023-12-18T05:08:20.700Z","iobWithZeroTemp":{"iob":0.022,"basaliob":0.022,"bolussnooze":0,"activity":0.0017,"lastBolusTime":0,"time":"2023-12-18T05:08:20.700Z"}},{"iob":0.134,"basaliob":0.134,"bolussnooze":0,"activity":0.0023,"lastBolusTime":0,"time":"2023-12-18T05:13:20.700Z","iobWithZeroTemp":{"iob":-0.003,"basaliob":-0.003,"bolussnooze":0,"activity":0.0014,"lastBolusTime":0,"time":"2023-12-18T05:13:20.700Z"}},{"iob":0.123,"basaliob":0.123,"bolussnooze":0,"activity":0.0021,"lastBolusTime":0,"time":"2023-12-18T05:18:20.700Z","iobWithZeroTemp":{"iob":-0.025,"basaliob":-0.025,"bolussnooze":0,"activity":0.001,"lastBolusTime":0,"time":"2023-12-18T05:18:20.700Z"}},{"iob":0.113,"basaliob":0.113,"bolussnooze":0,"activity":0.002,"lastBolusTime":0,"time":"2023-12-18T05:23:20.700Z","iobWithZeroTemp":{"iob":-0.046,"basaliob":-0.046,"bolussnooze":0,"activity":8.0E-4,"lastBolusTime":0,"time":"2023-12-18T05:23:20.700Z"}},{"iob":0.103,"basaliob":0.103,"bolussnooze":0,"activity":0.0019,"lastBolusTime":0,"time":"2023-12-18T05:28:20.700Z","iobWithZeroTemp":{"iob":-0.067,"basaliob":-0.067,"bolussnooze":0,"activity":6.0E-4,"lastBolusTime":0,"time":"2023-12-18T05:28:20.700Z"}},{"iob":0.094,"basaliob":0.094,"bolussnooze":0,"activity":0.0017,"lastBolusTime":0,"time":"2023-12-18T05:33:20.700Z","iobWithZeroTemp":{"iob":-0.085,"basaliob":-0.085,"bolussnooze":0,"activity":2.0E-4,"lastBolusTime":0,"time":"2023-12-18T05:33:20.700Z"}},{"iob":0.086,"basaliob":0.086,"bolussnooze":0,"activity":0.0016,"lastBolusTime":0,"time":"2023-12-18T05:38:20.700Z","iobWithZeroTemp":{"iob":-0.102,"basaliob":-0.102,"bolussnooze":0,"activity":0,"lastBolusTime":0,"time":"2023-12-18T05:38:20.700Z"}},{"iob":0.078,"basaliob":0.078,"bolussnooze":0,"activity":0.0015,"lastBolusTime":0,"time":"2023-12-18T05:43:20.700Z","iobWithZeroTemp":{"iob":-0.119,"basaliob":-0.119,"bolussnooze":0,"activity":-2.0E-4,"lastBolusTime":0,"time":"2023-12-18T05:43:20.700Z"}},{"iob":0.071,"basaliob":0.071,"bolussnooze":0,"activity":0.0014,"lastBolusTime":0,"time":"2023-12-18T05:48:20.700Z","iobWithZeroTemp":{"iob":-0.133,"basaliob":-0.133,"bolussnooze":0,"activity":-5.0E-4,"lastBolusTime":0,"time":"2023-12-18T05:48:20.700Z"}},{"iob":0.064,"basaliob":0.064,"bolussnooze":0,"activity":0.0013,"lastBolusTime":0,"time":"2023-12-18T05:53:20.700Z","iobWithZeroTemp":{"iob":-0.147,"basaliob":-0.147,"bolussnooze":0,"activity":-7.0E-4,"lastBolusTime":0,"time":"2023-12-18T05:53:20.700Z"}},{"iob":0.058,"basaliob":0.058,"bolussnooze":0,"activity":0.0012,"lastBolusTime":0,"time":"2023-12-18T05:58:20.700Z","iobWithZeroTemp":{"iob":-0.16,"basaliob":-0.16,"bolussnooze":0,"activity":-9.0E-4,"lastBolusTime":0,"time":"2023-12-18T05:58:20.700Z"}},{"iob":0.053,"basaliob":0.053,"bolussnooze":0,"activity":0.0011,"lastBolusTime":0,"time":"2023-12-18T06:03:20.700Z","iobWithZeroTemp":{"iob":-0.175,"basaliob":-0.175,"bolussnooze":0,"activity":-0.0011,"lastBolusTime":0,"time":"2023-12-18T06:03:20.700Z"}},{"iob":0.048,"basaliob":0.048,"bolussnooze":0,"activity":0.001,"lastBolusTime":0,"time":"2023-12-18T06:08:20.700Z","iobWithZeroTemp":{"iob":-0.189,"basaliob":-0.189,"bolussnooze":0,"activity":-0.0013,"lastBolusTime":0,"time":"2023-12-18T06:08:20.700Z"}},{"iob":0.043,"basaliob":0.043,"bolussnooze":0,"activity":9.0E-4,"lastBolusTime":0,"time":"2023-12-18T06:13:20.700Z","iobWithZeroTemp":{"iob":-0.204,"basaliob":-0.204,"bolussnooze":0,"activity":-0.0015,"lastBolusTime":0,"time":"2023-12-18T06:13:20.700Z"}},{"iob":0.039,"basaliob":0.039,"bolussnooze":0,"activity":8.0E-4,"lastBolusTime":0,"time":"2023-12-18T06:18:20.700Z","iobWithZeroTemp":{"iob":-0.216,"basaliob":-0.216,"bolussnooze":0,"activity":-0.0017,"lastBolusTime":0,"time":"2023-12-18T06:18:20.700Z"}},{"iob":0.035,"basaliob":0.035,"bolussnooze":0,"activity":7.0E-4,"lastBolusTime":0,"time":"2023-12-18T06:23:20.700Z","iobWithZeroTemp":{"iob":-0.228,"basaliob":-0.228,"bolussnooze":0,"activity":-0.0019,"lastBolusTime":0,"time":"2023-12-18T06:23:20.700Z"}},{"iob":0.031,"basaliob":0.031,"bolussnooze":0,"activity":7.0E-4,"lastBolusTime":0,"time":"2023-12-18T06:28:20.700Z","iobWithZeroTemp":{"iob":-0.239,"basaliob":-0.239,"bolussnooze":0,"activity":-0.002,"lastBolusTime":0,"time":"2023-12-18T06:28:20.700Z"}},{"iob":0.028,"basaliob":0.028,"bolussnooze":0,"activity":6.0E-4,"lastBolusTime":0,"time":"2023-12-18T06:33:20.700Z","iobWithZeroTemp":{"iob":-0.249,"basaliob":-0.249,"bolussnooze":0,"activity":-0.0022,"lastBolusTime":0,"time":"2023-12-18T06:33:20.700Z"}},{"iob":0.025,"basaliob":0.025,"bolussnooze":0,"activity":6.0E-4,"lastBolusTime":0,"time":"2023-12-18T06:38:20.700Z","iobWithZeroTemp":{"iob":-0.259,"basaliob":-0.259,"bolussnooze":0,"activity":-0.0023,"lastBolusTime":0,"time":"2023-12-18T06:38:20.700Z"}},{"iob":0.022,"basaliob":0.022,"bolussnooze":0,"activity":5.0E-4,"lastBolusTime":0,"time":"2023-12-18T06:43:20.700Z","iobWithZeroTemp":{"iob":-0.268,"basaliob":-0.268,"bolussnooze":0,"activity":-0.0025,"lastBolusTime":0,"time":"2023-12-18T06:43:20.700Z"}},{"iob":0.02,"basaliob":0.02,"bolussnooze":0,"activity":5.0E-4,"lastBolusTime":0,"time":"2023-12-18T06:48:20.700Z","iobWithZeroTemp":{"iob":-0.275,"basaliob":-0.275,"bolussnooze":0,"activity":-0.0026,"lastBolusTime":0,"time":"2023-12-18T06:48:20.700Z"}},{"iob":0.018,"basaliob":0.018,"bolussnooze":0,"activity":4.0E-4,"lastBolusTime":0,"time":"2023-12-18T06:53:20.700Z","iobWithZeroTemp":{"iob":-0.282,"basaliob":-0.282,"bolussnooze":0,"activity":-0.0028,"lastBolusTime":0,"time":"2023-12-18T06:53:20.700Z"}},{"iob":0.016,"basaliob":0.016,"bolussnooze":0,"activity":4.0E-4,"lastBolusTime":0,"time":"2023-12-18T06:58:20.700Z","iobWithZeroTemp":{"iob":-0.289,"basaliob":-0.289,"bolussnooze":0,"activity":-0.0029,"lastBolusTime":0,"time":"2023-12-18T06:58:20.700Z"}},{"iob":0.014,"basaliob":0.014,"bolussnooze":0,"activity":3.0E-4,"lastBolusTime":0,"time":"2023-12-18T07:03:20.700Z","iobWithZeroTemp":{"iob":-0.287,"basaliob":-0.287,"bolussnooze":0,"activity":-0.003,"lastBolusTime":0,"time":"2023-12-18T07:03:20.700Z"}},{"iob":0.012,"basaliob":0.012,"bolussnooze":0,"activity":3.0E-4,"lastBolusTime":0,"time":"2023-12-18T07:08:20.700Z","iobWithZeroTemp":{"iob":-0.285,"basaliob":-0.285,"bolussnooze":0,"activity":-0.0031,"lastBolusTime":0,"time":"2023-12-18T07:08:20.700Z"}},{"iob":0.011,"basaliob":0.011,"bolussnooze":0,"activity":3.0E-4,"lastBolusTime":0,"time":"2023-12-18T07:13:20.700Z","iobWithZeroTemp":{"iob":-0.282,"basaliob":-0.282,"bolussnooze":0,"activity":-0.0031,"lastBolusTime":0,"time":"2023-12-18T07:13:20.700Z"}},{"iob":0.01,"basaliob":0.01,"bolussnooze":0,"activity":2.0E-4,"lastBolusTime":0,"time":"2023-12-18T07:18:20.700Z","iobWithZeroTemp":{"iob":-0.278,"basaliob":-0.278,"bolussnooze":0,"activity":-0.0032,"lastBolusTime":0,"time":"2023-12-18T07:18:20.700Z"}},{"iob":0.009,"basaliob":0.009,"bolussnooze":0,"activity":2.0E-4,"lastBolusTime":0,"time":"2023-12-18T07:23:20.700Z","iobWithZeroTemp":{"iob":-0.275,"basaliob":-0.275,"bolussnooze":0,"activity":-0.0032,"lastBolusTime":0,"time":"2023-12-18T07:23:20.700Z"}},{"iob":0.007,"basaliob":0.007,"bolussnooze":0,"activity":2.0E-4,"lastBolusTime":0,"time":"2023-12-18T07:28:20.700Z","iobWithZeroTemp":{"iob":-0.272,"basaliob":-0.272,"bolussnooze":0,"activity":-0.0032,"lastBolusTime":0,"time":"2023-12-18T07:28:20.700Z"}},{"iob":0.007,"basaliob":0.007,"bolussnooze":0,"activity":2.0E-4,"lastBolusTime":0,"time":"2023-12-18T07:33:20.700Z","iobWithZeroTemp":{"iob":-0.268,"basaliob":-0.268,"bolussnooze":0,"activity":-0.0032,"lastBolusTime":0,"time":"2023-12-18T07:33:20.700Z"}},{"iob":0.006,"basaliob":0.006,"bolussnooze":0,"activity":2.0E-4,"lastBolusTime":0,"time":"2023-12-18T07:38:20.700Z","iobWithZeroTemp":{"iob":-0.265,"basaliob":-0.265,"bolussnooze":0,"activity":-0.0031,"lastBolusTime":0,"time":"2023-12-18T07:38:20.700Z"}},{"iob":0.005,"basaliob":0.005,"bolussnooze":0,"activity":1.0E-4,"lastBolusTime":0,"time":"2023-12-18T07:43:20.700Z","iobWithZeroTemp":{"iob":-0.261,"basaliob":-0.261,"bolussnooze":0,"activity":-0.0032,"lastBolusTime":0,"time":"2023-12-18T07:43:20.700Z"}},{"iob":0.004,"basaliob":0.004,"bolussnooze":0,"activity":1.0E-4,"lastBolusTime":0,"time":"2023-12-18T07:48:20.700Z","iobWithZeroTemp":{"iob":-0.259,"basaliob":-0.259,"bolussnooze":0,"activity":-0.0032,"lastBolusTime":0,"time":"2023-12-18T07:48:20.700Z"}},{"iob":0.004,"basaliob":0.004,"bolussnooze":0,"activity":1.0E-4,"lastBolusTime":0,"time":"2023-12-18T07:53:20.700Z","iobWithZeroTemp":{"iob":-0.255,"basaliob":-0.255,"bolussnooze":0,"activity":-0.0031,"lastBolusTime":0,"time":"2023-12-18T07:53:20.700Z"}},{"iob":0.003,"basaliob":0.003,"bolussnooze":0,"activity":1.0E-4,"lastBolusTime":0,"time":"2023-12-18T07:58:20.700Z","iobWithZeroTemp":{"iob":-0.252,"basaliob":-0.252,"bolussnooze":0,"activity":-0.0031,"lastBolusTime":0,"time":"2023-12-18T07:58:20.700Z"}},{"iob":0.003,"basaliob":0.003,"bolussnooze":0,"activity":1.0E-4,"lastBolusTime":0,"time":"2023-12-18T08:03:20.700Z","iobWithZeroTemp":{"iob":-0.249,"basaliob":-0.249,"bolussnooze":0,"activity":-0.0031,"lastBolusTime":0,"time":"2023-12-18T08:03:20.700Z"}},{"iob":0.002,"basaliob":0.002,"bolussnooze":0,"activity":1.0E-4,"lastBolusTime":0,"time":"2023-12-18T08:08:20.700Z","iobWithZeroTemp":{"iob":-0.246,"basaliob":-0.246,"bolussnooze":0,"activity":-0.003,"lastBolusTime":0,"time":"2023-12-18T08:08:20.700Z"}},{"iob":0.002,"basaliob":0.002,"bolussnooze":0,"activity":1.0E-4,"lastBolusTime":0,"time":"2023-12-18T08:13:20.700Z","iobWithZeroTemp":{"iob":-0.243,"basaliob":-0.243,"bolussnooze":0,"activity":-0.003,"lastBolusTime":0,"time":"2023-12-18T08:13:20.700Z"}},{"iob":0.002,"basaliob":0.002,"bolussnooze":0,"activity":1.0E-4,"lastBolusTime":0,"time":"2023-12-18T08:18:20.700Z","iobWithZeroTemp":{"iob":-0.241,"basaliob":-0.241,"bolussnooze":0,"activity":-0.003,"lastBolusTime":0,"time":"2023-12-18T08:18:20.700Z"}},{"iob":0.001,"basaliob":0.001,"bolussnooze":0,"activity":0,"lastBolusTime":0,"time":"2023-12-18T08:23:20.700Z","iobWithZeroTemp":{"iob":-0.239,"basaliob":-0.239,"bolussnooze":0,"activity":-0.003,"lastBolusTime":0,"time":"2023-12-18T08:23:20.700Z"}},{"iob":0.001,"basaliob":0.001,"bolussnooze":0,"activity":0,"lastBolusTime":0,"time":"2023-12-18T08:28:20.700Z","iobWithZeroTemp":{"iob":-0.236,"basaliob":-0.236,"bolussnooze":0,"activity":-0.003,"lastBolusTime":0,"time":"2023-12-18T08:28:20.700Z"}}],"profile":{"max_iob":10,"type":"current","max_daily_basal":0.25,"max_basal":1.25,"min_bg":90,"max_bg":90,"target_bg":90,"carb_ratio":15.6,"sens":84,"max_daily_safety_multiplier":5,"current_basal_safety_multiplier":5,"lgsThreshold":95,"high_temptarget_raises_sensitivity":false,"low_temptarget_lowers_sensitivity":false,"sensitivity_raises_target":true,"resistance_lowers_target":true,"adv_target_adjustments":false,"exercise_mode":false,"half_basal_exercise_target":160,"maxCOB":120,"skip_neutral_temps":false,"remainingCarbsCap":90,"enableUAM":true,"A52_risk_enable":false,"SMBInterval":5,"enableSMB_with_COB":true,"enableSMB_with_temptarget":false,"allowSMB_with_high_temptarget":false,"enableSMB_always":false,"enableSMB_after_carbs":true,"maxSMBBasalMinutes":120,"maxUAMSMBBasalMinutes":120,"bolus_increment":0.05,"carbsReqThreshold":1,"current_basal":0.25,"temptargetSet":false,"autosens_max":1.2,"autosens_min":0.7,"variable_sens":95.2,"insulinDivisor":75,"TDD":19.896046480577578},"autosens_data":{"ratio":1},"meal_data":{"carbs":0,"mealCOB":0,"slopeFromMaxDeviation":-0.5275555555555554,"slopeFromMinDeviation":0,"lastBolusTime":1702853609765,"lastCarbTime":0},"microBolusAllowed":true,"currentTime":1702874002384,"flatBGsDetected":false,"tdd1D":22.354166475186748,"tdd7D":26.782783919711285,"tddLast24H":22.312499771267177,"tddLast4H":1.5875000000000004,"tddLast8to4H":2.0416666852931185},"output":{"temp":"absolute","bg":119,"tick":-3,"eventualBG":97,"targetBG":90,"insulinReq":0,"deliverAt":"2023-12-18T04:33:22.384Z","sensitivityRatio":1,"variable_sens":95.2,"predBGs":{"IOB":[119,116,113,111,108,106,104,102,100,99,97,96,95,94,93,93,92,91,90,90,89,89,88,88,87,87,87,86,86,86,86,85,85,85,85,85,85,85,84],"ZT":[119,117,116,114,113,112,111,110,109,108,108,107,107,107,107,107,107,107,108,109,109]},"reason":"COB: 0, Dev: 2, BGI: -2, ISF: 95, CR: 15.6, Target: 90, minPredBG 96, minGuardBG 84, IOBpredBG 84; minGuardBG 84<95 25m left and 0 ~ req 0U\/hr: no temp required","COB":0,"IOB":0.247,"timestamp":"2023-12-18T04:33:22.417Z"}}