{"algorithm":"OpenAPSSMBDynamicISFPlugin","input":{"glucoseStatus":{"glucose":104,"noise":0,"delta":3,"short_avgdelta":3.28,"long_avgdelta":2.32,"date":1702911773000},"currenttemp":{"temp":"absolute","duration":80,"rate":0,"minutesrunning":40},"iob_data":[{"iob":2.814,"basaliob":-0.148,"bolussnooze":0.5937,"activity":0.0451,"lastBolusTime":1702911508500,"time":"2023-12-18T15:03:20.527Z","iobWithZeroTemp":{"iob":2.814,"basaliob":-0.148,"bolussnooze":0.5937,"activity":0.0451,"lastBolusTime":1702911508500,"time":"2023-12-18T15:03:20.527Z"}},{"iob":2.594,"basaliob":-0.144,"bolussnooze":0.4804,"activity":0.0427,"lastBolusTime":1702911508500,"time":"2023-12-18T15:08:20.527Z","iobWithZeroTemp":{"iob":2.581,"basaliob":-0.157,"bolussnooze":0.4804,"activity":0.0427,"lastBolusTime":1702911508500,"time":"2023-12-18T15:08:20.527Z"}},{"iob":2.387,"basaliob":-0.139,"bolussnooze":0.3861,"activity":0.0401,"lastBolusTime":1702911508500,"time":"2023-12-18T15:13:20.527Z","iobWithZeroTemp":{"iob":2.357,"basaliob":-0.169,"bolussnooze":0.3861,"activity":0.04,"lastBolusTime":1702911508500,"time":"2023-12-18T15:13:20.527Z"}},{"iob":2.193,"basaliob":-0.133,"bolussnooze":0.3081,"activity":0.0376,"lastBolusTime":1702911508500,"time":"2023-12-18T15:18:20.527Z","iobWithZeroTemp":{"iob":2.147,"basaliob":-0.179,"bolussnooze":0.3081,"activity":0.0375,"lastBolusTime":1702911508500,"time":"2023-12-18T15:18:20.527Z"}},{"iob":2.011,"basaliob":-0.127,"bolussnooze":0.2439,"activity":0.0353,"lastBolusTime":1702911508500,"time":"2023-12-18T15:23:20.527Z","iobWithZeroTemp":{"iob":1.949,"basaliob":-0.189,"bolussnooze":0.2439,"activity":0.0351,"lastBolusTime":1702911508500,"time":"2023-12-18T15:23:20.527Z"}},{"iob":1.841,"basaliob":-0.121,"bolussnooze":0.1915,"activity":0.0328,"lastBolusTime":1702911508500,"time":"2023-12-18T15:28:20.527Z","iobWithZeroTemp":{"iob":1.764,"basaliob":-0.198,"bolussnooze":0.1915,"activity":0.0325,"lastBolusTime":1702911508500,"time":"2023-12-18T15:28:20.527Z"}},{"iob":1.682,"basaliob":-0.115,"bolussnooze":0.1491,"activity":0.0306,"lastBolusTime":1702911508500,"time":"2023-12-18T15:33:20.527Z","iobWithZeroTemp":{"iob":1.59,"basaliob":-0.207,"bolussnooze":0.1491,"activity":0.0301,"lastBolusTime":1702911508500,"time":"2023-12-18T15:33:20.527Z"}},{"iob":1.535,"basaliob":-0.108,"bolussnooze":0.1149,"activity":0.0284,"lastBolusTime":1702911508500,"time":"2023-12-18T15:38:20.527Z","iobWithZeroTemp":{"iob":1.429,"basaliob":-0.214,"bolussnooze":0.1149,"activity":0.0278,"lastBolusTime":1702911508500,"time":"2023-12-18T15:38:20.527Z"}},{"iob":1.398,"basaliob":-0.102,"bolussnooze":0.0875,"activity":0.0263,"lastBolusTime":1702911508500,"time":"2023-12-18T15:43:20.527Z","iobWithZeroTemp":{"iob":1.279,"basaliob":-0.221,"bolussnooze":0.0875,"activity":0.0256,"lastBolusTime":1702911508500,"time":"2023-12-18T15:43:20.527Z"}},{"iob":1.272,"basaliob":-0.095,"bolussnooze":0.0659,"activity":0.0243,"lastBolusTime":1702911508500,"time":"2023-12-18T15:48:20.527Z","iobWithZeroTemp":{"iob":1.141,"basaliob":-0.226,"bolussnooze":0.0659,"activity":0.0234,"lastBolusTime":1702911508500,"time":"2023-12-18T15:48:20.527Z"}},{"iob":1.154,"basaliob":-0.089,"bolussnooze":0.0489,"activity":0.0225,"lastBolusTime":1702911508500,"time":"2023-12-18T15:53:20.527Z","iobWithZeroTemp":{"iob":1.011,"basaliob":-0.232,"bolussnooze":0.0489,"activity":0.0215,"lastBolusTime":1702911508500,"time":"2023-12-18T15:53:20.527Z"}},{"iob":1.046,"basaliob":-0.083,"bolussnooze":0.0358,"activity":0.0207,"lastBolusTime":1702911508500,"time":"2023-12-18T15:58:20.527Z","iobWithZeroTemp":{"iob":0.892,"basaliob":-0.237,"bolussnooze":0.0358,"activity":0.0195,"lastBolusTime":1702911508500,"time":"2023-12-18T15:58:20.527Z"}},{"iob":0.947,"basaliob":-0.077,"bolussnooze":0.0257,"activity":0.0191,"lastBolusTime":1702911508500,"time":"2023-12-18T16:03:20.527Z","iobWithZeroTemp":{"iob":0.782,"basaliob":-0.242,"bolussnooze":0.0257,"activity":0.0178,"lastBolusTime":1702911508500,"time":"2023-12-18T16:03:20.527Z"}},{"iob":0.856,"basaliob":-0.072,"bolussnooze":0.0181,"activity":0.0175,"lastBolusTime":1702911508500,"time":"2023-12-18T16:08:20.527Z","iobWithZeroTemp":{"iob":0.681,"basaliob":-0.247,"bolussnooze":0.0181,"activity":0.0161,"lastBolusTime":1702911508500,"time":"2023-12-18T16:08:20.527Z"}},{"iob":0.773,"basaliob":-0.066,"bolussnooze":0.0125,"activity":0.0161,"lastBolusTime":1702911508500,"time":"2023-12-18T16:13:20.527Z","iobWithZeroTemp":{"iob":0.589,"basaliob":-0.25,"bolussnooze":0.0125,"activity":0.0145,"lastBolusTime":1702911508500,"time":"2023-12-18T16:13:20.527Z"}},{"iob":0.696,"basaliob":-0.061,"bolussnooze":0.0085,"activity":0.0146,"lastBolusTime":1702911508500,"time":"2023-12-18T16:18:20.527Z","iobWithZeroTemp":{"iob":0.504,"basaliob":-0.253,"bolussnooze":0.0085,"activity":0.0129,"lastBolusTime":1702911508500,"time":"2023-12-18T16:18:20.527Z"}},{"iob":0.625,"basaliob":-0.057,"bolussnooze":0.0057,"activity":0.0134,"lastBolusTime":1702911508500,"time":"2023-12-18T16:23:20.527Z","iobWithZeroTemp":{"iob":0.425,"basaliob":-0.257,"bolussnooze":0.0057,"activity":0.0116,"lastBolusTime":1702911508500,"time":"2023-12-18T16:23:20.527Z"}},{"iob":0.562,"basaliob":-0.052,"bolussnooze":0.0038,"activity":0.0122,"lastBolusTime":1702911508500,"time":"2023-12-18T16:28:20.527Z","iobWithZeroTemp":{"iob":0.355,"basaliob":-0.259,"bolussnooze":0.0038,"activity":0.0103,"lastBolusTime":1702911508500,"time":"2023-12-18T16:28:20.527Z"}},{"iob":0.503,"basaliob":-0.048,"bolussnooze":0.0025,"activity":0.0111,"lastBolusTime":1702911508500,"time":"2023-12-18T16:33:20.527Z","iobWithZeroTemp":{"iob":0.289,"basaliob":-0.262,"bolussnooze":0.0025,"activity":0.0091,"lastBolusTime":1702911508500,"time":"2023-12-18T16:33:20.527Z"}},{"iob":0.45,"basaliob":-0.044,"bolussnooze":0.0016,"activity":0.0101,"lastBolusTime":1702911508500,"time":"2023-12-18T16:38:20.527Z","iobWithZeroTemp":{"iob":0.23,"basaliob":-0.264,"bolussnooze":0.0016,"activity":0.008,"lastBolusTime":1702911508500,"time":"2023-12-18T16:38:20.527Z"}},{"iob":0.402,"basaliob":-0.04,"bolussnooze":0.001,"activity":0.0092,"lastBolusTime":1702911508500,"time":"2023-12-18T16:43:20.527Z","iobWithZeroTemp":{"iob":0.176,"basaliob":-0.266,"bolussnooze":0.001,"activity":0.007,"lastBolusTime":1702911508500,"time":"2023-12-18T16:43:20.527Z"}},{"iob":0.358,"basaliob":-0.037,"bolussnooze":6.0E-4,"activity":0.0083,"lastBolusTime":1702911508500,"time":"2023-12-18T16:48:20.527Z","iobWithZeroTemp":{"iob":0.127,"basaliob":-0.268,"bolussnooze":6.0E-4,"activity":0.006,"lastBolusTime":1702911508500,"time":"2023-12-18T16:48:20.527Z"}},{"iob":0.318,"basaliob":-0.034,"bolussnooze":3.0E-4,"activity":0.0075,"lastBolusTime":1702911508500,"time":"2023-12-18T16:53:20.527Z","iobWithZeroTemp":{"iob":0.082,"basaliob":-0.27,"bolussnooze":3.0E-4,"activity":0.0051,"lastBolusTime":1702911508500,"time":"2023-12-18T16:53:20.527Z"}},{"iob":0.282,"basaliob":-0.031,"bolussnooze":1.0E-4,"activity":0.0068,"lastBolusTime":1702911508500,"time":"2023-12-18T16:58:20.527Z","iobWithZeroTemp":{"iob":0.042,"basaliob":-0.271,"bolussnooze":1.0E-4,"activity":0.0043,"lastBolusTime":1702911508500,"time":"2023-12-18T16:58:20.527Z"}},{"iob":0.25,"basaliob":-0.028,"bolussnooze":0,"activity":0.0062,"lastBolusTime":1702911508500,"time":"2023-12-18T17:03:20.527Z","iobWithZeroTemp":{"iob":0.006,"basaliob":-0.272,"bolussnooze":0,"activity":0.0036,"lastBolusTime":1702911508500,"time":"2023-12-18T17:03:20.527Z"}},{"iob":0.222,"basaliob":-0.025,"bolussnooze":0,"activity":0.0055,"lastBolusTime":1702911508500,"time":"2023-12-18T17:08:20.527Z","iobWithZeroTemp":{"iob":-0.026,"basaliob":-0.273,"bolussnooze":0,"activity":0.0029,"lastBolusTime":1702911508500,"time":"2023-12-18T17:08:20.527Z"}},{"iob":0.195,"basaliob":-0.023,"bolussnooze":0,"activity":0.0049,"lastBolusTime":1702911508500,"time":"2023-12-18T17:13:20.527Z","iobWithZeroTemp":{"iob":-0.056,"basaliob":-0.274,"bolussnooze":0,"activity":0.0022,"lastBolusTime":1702911508500,"time":"2023-12-18T17:13:20.527Z"}},{"iob":0.171,"basaliob":-0.021,"bolussnooze":0,"activity":0.0045,"lastBolusTime":1702911508500,"time":"2023-12-18T17:18:20.527Z","iobWithZeroTemp":{"iob":-0.084,"basaliob":-0.276,"bolussnooze":0,"activity":0.0017,"lastBolusTime":1702911508500,"time":"2023-12-18T17:18:20.527Z"}},{"iob":0.15,"basaliob":-0.019,"bolussnooze":0,"activity":0.004,"lastBolusTime":1702911508500,"time":"2023-12-18T17:23:20.527Z","iobWithZeroTemp":{"iob":-0.107,"basaliob":-0.276,"bolussnooze":0,"activity":0.0012,"lastBolusTime":1702911508500,"time":"2023-12-18T17:23:20.527Z"}},{"iob":0.132,"basaliob":-0.017,"bolussnooze":0,"activity":0.0035,"lastBolusTime":1702911508500,"time":"2023-12-18T17:28:20.527Z","iobWithZeroTemp":{"iob":-0.128,"basaliob":-0.277,"bolussnooze":0,"activity":6.0E-4,"lastBolusTime":1702911508500,"time":"2023-12-18T17:28:20.527Z"}},{"iob":0.115,"basaliob":-0.015,"bolussnooze":0,"activity":0.0032,"lastBolusTime":1702911508500,"time":"2023-12-18T17:33:20.527Z","iobWithZeroTemp":{"iob":-0.147,"basaliob":-0.277,"bolussnooze":0,"activity":3.0E-4,"lastBolusTime":1702911508500,"time":"2023-12-18T17:33:20.527Z"}},{"iob":0.099,"basaliob":-0.014,"bolussnooze":0,"activity":0.0028,"lastBolusTime":1702911508500,"time":"2023-12-18T17:38:20.527Z","iobWithZeroTemp":{"iob":-0.165,"basaliob":-0.278,"bolussnooze":0,"activity":-1.0E-4,"lastBolusTime":1702911508500,"time":"2023-12-18T17:38:20.527Z"}},{"iob":0.087,"basaliob":-0.012,"bolussnooze":0,"activity":0.0025,"lastBolusTime":1702911508500,"time":"2023-12-18T17:43:20.527Z","iobWithZeroTemp":{"iob":-0.179,"basaliob":-0.278,"bolussnooze":0,"activity":-5.0E-4,"lastBolusTime":1702911508500,"time":"2023-12-18T17:43:20.527Z"}},{"iob":0.075,"basaliob":-0.011,"bolussnooze":0,"activity":0.0023,"lastBolusTime":1702911508500,"time":"2023-12-18T17:48:20.527Z","iobWithZeroTemp":{"iob":-0.193,"basaliob":-0.279,"bolussnooze":0,"activity":-7.0E-4,"lastBolusTime":1702911508500,"time":"2023-12-18T17:48:20.527Z"}},{"iob":0.064,"basaliob":-0.01,"bolussnooze":0,"activity":0.002,"lastBolusTime":1702911508500,"time":"2023-12-18T17:53:20.527Z","iobWithZeroTemp":{"iob":-0.205,"basaliob":-0.279,"bolussnooze":0,"activity":-0.0011,"lastBolusTime":1702911508500,"time":"2023-12-18T17:53:20.527Z"}},{"iob":0.055,"basaliob":-0.009,"bolussnooze":0,"activity":0.0017,"lastBolusTime":1702911508500,"time":"2023-12-18T17:58:20.527Z","iobWithZeroTemp":{"iob":-0.215,"basaliob":-0.279,"bolussnooze":0,"activity":-0.0014,"lastBolusTime":1702911508500,"time":"2023-12-18T17:58:20.527Z"}},{"iob":0.046,"basaliob":-0.008,"bolussnooze":0,"activity":0.0015,"lastBolusTime":1702911508500,"time":"2023-12-18T18:03:20.527Z","iobWithZeroTemp":{"iob":-0.226,"basaliob":-0.28,"bolussnooze":0,"activity":-0.0016,"lastBolusTime":1702911508500,"time":"2023-12-18T18:03:20.527Z"}},{"iob":0.039,"basaliob":-0.007,"bolussnooze":0,"activity":0.0013,"lastBolusTime":1702911508500,"time":"2023-12-18T18:08:20.527Z","iobWithZeroTemp":{"iob":-0.234,"basaliob":-0.28,"bolussnooze":0,"activity":-0.0018,"lastBolusTime":1702911508500,"time":"2023-12-18T18:08:20.527Z"}},{"iob":0.033,"basaliob":-0.006,"bolussnooze":0,"activity":0.0011,"lastBolusTime":1702911508500,"time":"2023-12-18T18:13:20.527Z","iobWithZeroTemp":{"iob":-0.241,"basaliob":-0.28,"bolussnooze":0,"activity":-0.0021,"lastBolusTime":1702911508500,"time":"2023-12-18T18:13:20.527Z"}},{"iob":0.028,"basaliob":-0.005,"bolussnooze":0,"activity":0.0011,"lastBolusTime":1702911508500,"time":"2023-12-18T18:18:20.527Z","iobWithZeroTemp":{"iob":-0.247,"basaliob":-0.28,"bolussnooze":0,"activity":-0.0021,"lastBolusTime":1702911508500,"time":"2023-12-18T18:18:20.527Z"}},{"iob":0.023,"basaliob":-0.005,"bolussnooze":0,"activity":9.0E-4,"lastBolusTime":1702911508500,"time":"2023-12-18T18:23:20.527Z","iobWithZeroTemp":{"iob":-0.252,"basaliob":-0.28,"bolussnooze":0,"activity":-0.0023,"lastBolusTime":1702911508500,"time":"2023-12-18T18:23:20.527Z"}},{"iob":0.019,"basaliob":-0.004,"bolussnooze":0,"activity":8.0E-4,"lastBolusTime":1702911508500,"time":"2023-12-18T18:28:20.527Z","iobWithZeroTemp":{"iob":-0.257,"basaliob":-0.28,"bolussnooze":0,"activity":-0.0024,"lastBolusTime":1702911508500,"time":"2023-12-18T18:28:20.527Z"}},{"iob":0.015,"basaliob":-0.004,"bolussnooze":0,"activity":6.0E-4,"lastBolusTime":1702911508500,"time":"2023-12-18T18:33:20.527Z","iobWithZeroTemp":{"iob":-0.262,"basaliob":-0.281,"bolussnooze":0,"activity":-0.0026,"lastBolusTime":1702911508500,"time":"2023-12-18T18:33:20.527Z"}},{"iob":0.013,"basaliob":-0.003,"bolussnooze":0,"activity":5.0E-4,"lastBolusTime":1702911508500,"time":"2023-12-18T18:38:20.527Z","iobWithZeroTemp":{"iob":-0.264,"basaliob":-0.28,"bolussnooze":0,"activity":-0.0027,"lastBolusTime":1702911508500,"time":"2023-12-18T18:38:20.527Z"}},{"iob":0.01,"basaliob":-0.003,"bolussnooze":0,"activity":4.0E-4,"lastBolusTime":1702911508500,"time":"2023-12-18T18:43:20.527Z","iobWithZeroTemp":{"iob":-0.268,"basaliob":-0.281,"bolussnooze":0,"activity":-0.0028,"lastBolusTime":1702911508500,"time":"2023-12-18T18:43:20.527Z"}},{"iob":0.008,"basaliob":-0.002,"bolussnooze":0,"activity":4.0E-4,"lastBolusTime":1702911508500,"time":"2023-12-18T18:48:20.527Z","iobWithZeroTemp":{"iob":-0.27,"basaliob":-0.28,"bolussnooze":0,"activity":-0.0029,"lastBolusTime":1702911508500,"time":"2023-12-18T18:48:20.527Z"}},{"iob":0.006,"basaliob":-0.002,"bolussnooze":0,"activity":3.0E-4,"lastBolusTime":1702911508500,"time":"2023-12-18T18:53:20.527Z","iobWithZeroTemp":{"iob":-0.272,"basaliob":-0.28,"bolussnooze":0,"activity":-0.003,"lastBolusTime":1702911508500,"time":"2023-12-18T18:53:20.527Z"}},{"iob":0.004,"basaliob":-0.002,"bolussnooze":0,"activity":2.0E-4,"lastBolusTime":1702911508500,"time":"2023-12-18T18:58:20.527Z","iobWithZeroTemp":{"iob":-0.275,"basaliob":-0.281,"bolussnooze":0,"activity":-0.0031,"lastBolusTime":1702911508500,"time":"2023-12-18T18:58:20.527Z"}}],"profile":{"max_iob":10,"type":"current","max_daily_basal":0.25,"max_basal":1,"min_bg":90,"max_bg":90,"target_bg":90,"carb_ratio":12.4,"sens":79,"max_daily_safety_multiplier":5,"current_basal_safety_multiplier":5,"lgsThreshold":95,"high_temptarget_raises_sensitivity":false,"low_temptarget_lowers_sensitivity":false,"sensitivity_raises_target":true,"resistance_lowers_target":true,"adv_target_adjustments":false,"exercise_mode":false,"half_basal_exercise_target":160,"maxCOB":120,"skip_neutral_temps":false,"remainingCarbsCap":90,"enableUAM":true,"A52_risk_enable":false,"SMBInterval":5,"enableSMB_with_COB":true,"enableSMB_with_temptarget":false,"allowSMB_with_high_temptarget":false,"enableSMB_always":false,"enableSMB_after_carbs":true,"maxSMBBasalMinutes":120,"maxUAMSMBBasalMinutes":120,"bolus_increment":0.05,"carbsReqThreshold":1,"current_basal":0.20000000298023224,"temptargetSet":false,"autosens_max":1.2,"autosens_min":0.7,"variable_sens":71.7,"insulinDivisor":75,"TDD":28.869571296913318},"autosens_data":{"ratio":1},"meal_data":{"carbs":86,"mealCOB":39.10029620253166,"slopeFromMaxDeviation":-0.2937272727272725,"slopeFromMinDeviation":0.53125,"lastBolusTime":1702911508500,"lastCarbTime":1702908490573},"microBolusAllowed":true,"currentTime":1702911801520,"flatBGsDetected":false,"tdd1D":22.354166475186748,"tdd7D":26.782783919711285,"tddLast24H":22.749999963492154,"tddLast4H":8.483333203693231,"tddLast8to4H":1.0583333452542623},"output":{"temp":"absolute","bg":104,"tick":"+3","eventualBG":269,"targetBG":90,"insulinReq":0.32,"deliverAt":"2023-12-18T15:03:21.520Z","sensitivityRatio":1,"variable_sens":71.7,"predBGs":{"IOB":[104,101,98,94,89,83,77,69,60,50,39,39,39],"ZT":[104,88,71,52,39,39,39,39,39,39,39,39,39,39,39,39,39,39,39,39,39,39,39,39,39,39,39,39,39,39,39,39,39,39,39,39,39,39,39,39,39,39,39,39,39,39,39,39],"COB":[104,102,100,99,98,98,97,98,98,99,100,102,103,105,107,108,110,112,114,115,117,118,120,121,122,122,123,123,123,122,122,121,120,119,118,117,117,116,116,115,115,114,114,114,114,114,114,113],"UAM":[104,107,110,113,118,122,128,134,140,147,154,161,168,175,182,189,196,203,210,216,223,229,234,239,244,249,253,257,260,263,266,268,269,270,271,271,271,270,270,270,270,269]},"reason":"COB: 39.1, Dev: 115, BGI: -16, ISF: 72, CR: 12.4, Target: 90, minPredBG 113, minGuardBG 102, IOBpredBG 39, COBpredBG 113, UAMpredBG 269; Eventual BG 269 >= 90,  insulinReq 0.32; setting 60m low temp of 0U\/h. Waiting 0m 6s to microbolus again. ","COB":39.10029620253166,"IOB":2.814,"rate":0,"duration":60,"timestamp":"2023-12-18T15:03:21.532Z"}}