{"algorithm":"OpenAPSSMBDynamicISFPlugin","input":{"glucoseStatus":{"glucose":74,"noise":0,"delta":-1,"short_avgdelta":-0.72,"long_avgdelta":-0.87,"date":1703014076000},"currenttemp":{"temp":"absolute","duration":105,"rate":0,"minutesrunning":15},"iob_data":[{"iob":-0.017,"basaliob":-0.19,"bolussnooze":5.0E-4,"activity":0.0015,"lastBolusTime":1703006930326,"time":"2023-12-19T19:28:24.020Z","iobWithZeroTemp":{"iob":-0.017,"basaliob":-0.19,"bolussnooze":5.0E-4,"activity":0.0015,"lastBolusTime":1703006930326,"time":"2023-12-19T19:28:24.020Z"}},{"iob":-0.024,"basaliob":-0.18,"bolussnooze":3.0E-4,"activity":0.0012,"lastBolusTime":1703006930326,"time":"2023-12-19T19:33:24.020Z","iobWithZeroTemp":{"iob":-0.034,"basaliob":-0.19,"bolussnooze":3.0E-4,"activity":0.0012,"lastBolusTime":1703006930326,"time":"2023-12-19T19:33:24.020Z"}},{"iob":-0.029,"basaliob":-0.17,"bolussnooze":2.0E-4,"activity":9.0E-4,"lastBolusTime":1703006930326,"time":"2023-12-19T19:38:24.020Z","iobWithZeroTemp":{"iob":-0.051,"basaliob":-0.192,"bolussnooze":2.0E-4,"activity":9.0E-4,"lastBolusTime":1703006930326,"time":"2023-12-19T19:38:24.020Z"}},{"iob":-0.033,"basaliob":-0.16,"bolussnooze":1.0E-4,"activity":6.0E-4,"lastBolusTime":1703006930326,"time":"2023-12-19T19:43:24.020Z","iobWithZeroTemp":{"iob":-0.068,"basaliob":-0.195,"bolussnooze":1.0E-4,"activity":5.0E-4,"lastBolusTime":1703006930326,"time":"2023-12-19T19:43:24.020Z"}},{"iob":-0.035,"basaliob":-0.15,"bolussnooze":0,"activity":4.0E-4,"lastBolusTime":1703006930326,"time":"2023-12-19T19:48:24.020Z","iobWithZeroTemp":{"iob":-0.081,"basaliob":-0.196,"bolussnooze":0,"activity":2.0E-4,"lastBolusTime":1703006930326,"time":"2023-12-19T19:48:24.020Z"}},{"iob":-0.038,"basaliob":-0.141,"bolussnooze":0,"activity":3.0E-4,"lastBolusTime":1703006930326,"time":"2023-12-19T19:53:24.020Z","iobWithZeroTemp":{"iob":-0.096,"basaliob":-0.199,"bolussnooze":0,"activity":0,"lastBolusTime":1703006930326,"time":"2023-12-19T19:53:24.020Z"}},{"iob":-0.039,"basaliob":-0.131,"bolussnooze":0,"activity":1.0E-4,"lastBolusTime":1703006930326,"time":"2023-12-19T19:58:24.020Z","iobWithZeroTemp":{"iob":-0.108,"basaliob":-0.2,"bolussnooze":0,"activity":-3.0E-4,"lastBolusTime":1703006930326,"time":"2023-12-19T19:58:24.020Z"}},{"iob":-0.039,"basaliob":-0.122,"bolussnooze":0,"activity":0,"lastBolusTime":1703006930326,"time":"2023-12-19T20:03:24.020Z","iobWithZeroTemp":{"iob":-0.118,"basaliob":-0.201,"bolussnooze":0,"activity":-5.0E-4,"lastBolusTime":1703006930326,"time":"2023-12-19T20:03:24.020Z"}},{"iob":-0.039,"basaliob":-0.113,"bolussnooze":0,"activity":0,"lastBolusTime":1703006930326,"time":"2023-12-19T20:08:24.020Z","iobWithZeroTemp":{"iob":-0.128,"basaliob":-0.202,"bolussnooze":0,"activity":-6.0E-4,"lastBolusTime":1703006930326,"time":"2023-12-19T20:08:24.020Z"}},{"iob":-0.039,"basaliob":-0.105,"bolussnooze":0,"activity":-1.0E-4,"lastBolusTime":1703006930326,"time":"2023-12-19T20:13:24.020Z","iobWithZeroTemp":{"iob":-0.138,"basaliob":-0.204,"bolussnooze":0,"activity":-8.0E-4,"lastBolusTime":1703006930326,"time":"2023-12-19T20:13:24.020Z"}},{"iob":-0.038,"basaliob":-0.097,"bolussnooze":0,"activity":-1.0E-4,"lastBolusTime":1703006930326,"time":"2023-12-19T20:18:24.020Z","iobWithZeroTemp":{"iob":-0.145,"basaliob":-0.204,"bolussnooze":0,"activity":-9.0E-4,"lastBolusTime":1703006930326,"time":"2023-12-19T20:18:24.020Z"}},{"iob":-0.038,"basaliob":-0.09,"bolussnooze":0,"activity":-3.0E-4,"lastBolusTime":1703006930326,"time":"2023-12-19T20:23:24.020Z","iobWithZeroTemp":{"iob":-0.154,"basaliob":-0.206,"bolussnooze":0,"activity":-0.0012,"lastBolusTime":1703006930326,"time":"2023-12-19T20:23:24.020Z"}},{"iob":-0.036,"basaliob":-0.083,"bolussnooze":0,"activity":-3.0E-4,"lastBolusTime":1703006930326,"time":"2023-12-19T20:28:24.020Z","iobWithZeroTemp":{"iob":-0.16,"basaliob":-0.207,"bolussnooze":0,"activity":-0.0013,"lastBolusTime":1703006930326,"time":"2023-12-19T20:28:24.020Z"}},{"iob":-0.035,"basaliob":-0.076,"bolussnooze":0,"activity":-3.0E-4,"lastBolusTime":1703006930326,"time":"2023-12-19T20:33:24.020Z","iobWithZeroTemp":{"iob":-0.166,"basaliob":-0.207,"bolussnooze":0,"activity":-0.0014,"lastBolusTime":1703006930326,"time":"2023-12-19T20:33:24.020Z"}},{"iob":-0.034,"basaliob":-0.07,"bolussnooze":0,"activity":-3.0E-4,"lastBolusTime":1703006930326,"time":"2023-12-19T20:38:24.020Z","iobWithZeroTemp":{"iob":-0.172,"basaliob":-0.208,"bolussnooze":0,"activity":-0.0015,"lastBolusTime":1703006930326,"time":"2023-12-19T20:38:24.020Z"}},{"iob":-0.032,"basaliob":-0.064,"bolussnooze":0,"activity":-3.0E-4,"lastBolusTime":1703006930326,"time":"2023-12-19T20:43:24.020Z","iobWithZeroTemp":{"iob":-0.176,"basaliob":-0.208,"bolussnooze":0,"activity":-0.0016,"lastBolusTime":1703006930326,"time":"2023-12-19T20:43:24.020Z"}},{"iob":-0.03,"basaliob":-0.058,"bolussnooze":0,"activity":-4.0E-4,"lastBolusTime":1703006930326,"time":"2023-12-19T20:48:24.020Z","iobWithZeroTemp":{"iob":-0.18,"basaliob":-0.208,"bolussnooze":0,"activity":-0.0018,"lastBolusTime":1703006930326,"time":"2023-12-19T20:48:24.020Z"}},{"iob":-0.028,"basaliob":-0.053,"bolussnooze":0,"activity":-3.0E-4,"lastBolusTime":1703006930326,"time":"2023-12-19T20:53:24.020Z","iobWithZeroTemp":{"iob":-0.184,"basaliob":-0.209,"bolussnooze":0,"activity":-0.0018,"lastBolusTime":1703006930326,"time":"2023-12-19T20:53:24.020Z"}},{"iob":-0.027,"basaliob":-0.049,"bolussnooze":0,"activity":-3.0E-4,"lastBolusTime":1703006930326,"time":"2023-12-19T20:58:24.020Z","iobWithZeroTemp":{"iob":-0.188,"basaliob":-0.21,"bolussnooze":0,"activity":-0.0018,"lastBolusTime":1703006930326,"time":"2023-12-19T20:58:24.020Z"}},{"iob":-0.025,"basaliob":-0.044,"bolussnooze":0,"activity":-3.0E-4,"lastBolusTime":1703006930326,"time":"2023-12-19T21:03:24.020Z","iobWithZeroTemp":{"iob":-0.19,"basaliob":-0.209,"bolussnooze":0,"activity":-0.0019,"lastBolusTime":1703006930326,"time":"2023-12-19T21:03:24.020Z"}},{"iob":-0.023,"basaliob":-0.04,"bolussnooze":0,"activity":-3.0E-4,"lastBolusTime":1703006930326,"time":"2023-12-19T21:08:24.020Z","iobWithZeroTemp":{"iob":-0.192,"basaliob":-0.209,"bolussnooze":0,"activity":-0.002,"lastBolusTime":1703006930326,"time":"2023-12-19T21:08:24.020Z"}},{"iob":-0.022,"basaliob":-0.036,"bolussnooze":0,"activity":-3.0E-4,"lastBolusTime":1703006930326,"time":"2023-12-19T21:13:24.020Z","iobWithZeroTemp":{"iob":-0.195,"basaliob":-0.209,"bolussnooze":0,"activity":-0.002,"lastBolusTime":1703006930326,"time":"2023-12-19T21:13:24.020Z"}},{"iob":-0.021,"basaliob":-0.033,"bolussnooze":0,"activity":-3.0E-4,"lastBolusTime":1703006930326,"time":"2023-12-19T21:18:24.020Z","iobWithZeroTemp":{"iob":-0.198,"basaliob":-0.21,"bolussnooze":0,"activity":-0.0021,"lastBolusTime":1703006930326,"time":"2023-12-19T21:18:24.020Z"}},{"iob":-0.019,"basaliob":-0.03,"bolussnooze":0,"activity":-3.0E-4,"lastBolusTime":1703006930326,"time":"2023-12-19T21:23:24.020Z","iobWithZeroTemp":{"iob":-0.199,"basaliob":-0.21,"bolussnooze":0,"activity":-0.0022,"lastBolusTime":1703006930326,"time":"2023-12-19T21:23:24.020Z"}},{"iob":-0.018,"basaliob":-0.027,"bolussnooze":0,"activity":-3.0E-4,"lastBolusTime":1703006930326,"time":"2023-12-19T21:28:24.020Z","iobWithZeroTemp":{"iob":-0.201,"basaliob":-0.21,"bolussnooze":0,"activity":-0.0022,"lastBolusTime":1703006930326,"time":"2023-12-19T21:28:24.020Z"}},{"iob":-0.016,"basaliob":-0.024,"bolussnooze":0,"activity":-3.0E-4,"lastBolusTime":1703006930326,"time":"2023-12-19T21:33:24.020Z","iobWithZeroTemp":{"iob":-0.202,"basaliob":-0.21,"bolussnooze":0,"activity":-0.0023,"lastBolusTime":1703006930326,"time":"2023-12-19T21:33:24.020Z"}},{"iob":-0.015,"basaliob":-0.022,"bolussnooze":0,"activity":-3.0E-4,"lastBolusTime":1703006930326,"time":"2023-12-19T21:38:24.020Z","iobWithZeroTemp":{"iob":-0.204,"basaliob":-0.211,"bolussnooze":0,"activity":-0.0023,"lastBolusTime":1703006930326,"time":"2023-12-19T21:38:24.020Z"}},{"iob":-0.014,"basaliob":-0.02,"bolussnooze":0,"activity":-2.0E-4,"lastBolusTime":1703006930326,"time":"2023-12-19T21:43:24.020Z","iobWithZeroTemp":{"iob":-0.205,"basaliob":-0.211,"bolussnooze":0,"activity":-0.0023,"lastBolusTime":1703006930326,"time":"2023-12-19T21:43:24.020Z"}},{"iob":-0.013,"basaliob":-0.018,"bolussnooze":0,"activity":-2.0E-4,"lastBolusTime":1703006930326,"time":"2023-12-19T21:48:24.020Z","iobWithZeroTemp":{"iob":-0.206,"basaliob":-0.211,"bolussnooze":0,"activity":-0.0023,"lastBolusTime":1703006930326,"time":"2023-12-19T21:48:24.020Z"}},{"iob":-0.012,"basaliob":-0.016,"bolussnooze":0,"activity":-3.0E-4,"lastBolusTime":1703006930326,"time":"2023-12-19T21:53:24.020Z","iobWithZeroTemp":{"iob":-0.207,"basaliob":-0.211,"bolussnooze":0,"activity":-0.0024,"lastBolusTime":1703006930326,"time":"2023-12-19T21:53:24.020Z"}},{"iob":-0.011,"basaliob":-0.014,"bolussnooze":0,"activity":-2.0E-4,"lastBolusTime":1703006930326,"time":"2023-12-19T21:58:24.020Z","iobWithZeroTemp":{"iob":-0.208,"basaliob":-0.211,"bolussnooze":0,"activity":-0.0024,"lastBolusTime":1703006930326,"time":"2023-12-19T21:58:24.020Z"}},{"iob":-0.01,"basaliob":-0.013,"bolussnooze":0,"activity":-2.0E-4,"lastBolusTime":1703006930326,"time":"2023-12-19T22:03:24.020Z","iobWithZeroTemp":{"iob":-0.212,"basaliob":-0.215,"bolussnooze":0,"activity":-0.0024,"lastBolusTime":1703006930326,"time":"2023-12-19T22:03:24.020Z"}},{"iob":-0.009,"basaliob":-0.011,"bolussnooze":0,"activity":-2.0E-4,"lastBolusTime":1703006930326,"time":"2023-12-19T22:08:24.020Z","iobWithZeroTemp":{"iob":-0.217,"basaliob":-0.219,"bolussnooze":0,"activity":-0.0025,"lastBolusTime":1703006930326,"time":"2023-12-19T22:08:24.020Z"}},{"iob":-0.008,"basaliob":-0.01,"bolussnooze":0,"activity":-1.0E-4,"lastBolusTime":1703006930326,"time":"2023-12-19T22:13:24.020Z","iobWithZeroTemp":{"iob":-0.221,"basaliob":-0.223,"bolussnooze":0,"activity":-0.0024,"lastBolusTime":1703006930326,"time":"2023-12-19T22:13:24.020Z"}},{"iob":-0.008,"basaliob":-0.009,"bolussnooze":0,"activity":-1.0E-4,"lastBolusTime":1703006930326,"time":"2023-12-19T22:18:24.020Z","iobWithZeroTemp":{"iob":-0.226,"basaliob":-0.227,"bolussnooze":0,"activity":-0.0025,"lastBolusTime":1703006930326,"time":"2023-12-19T22:18:24.020Z"}},{"iob":-0.007,"basaliob":-0.008,"bolussnooze":0,"activity":-1.0E-4,"lastBolusTime":1703006930326,"time":"2023-12-19T22:23:24.020Z","iobWithZeroTemp":{"iob":-0.23,"basaliob":-0.231,"bolussnooze":0,"activity":-0.0025,"lastBolusTime":1703006930326,"time":"2023-12-19T22:23:24.020Z"}},{"iob":-0.006,"basaliob":-0.007,"bolussnooze":0,"activity":-2.0E-4,"lastBolusTime":1703006930326,"time":"2023-12-19T22:28:24.020Z","iobWithZeroTemp":{"iob":-0.233,"basaliob":-0.234,"bolussnooze":0,"activity":-0.0027,"lastBolusTime":1703006930326,"time":"2023-12-19T22:28:24.020Z"}},{"iob":-0.005,"basaliob":-0.006,"bolussnooze":0,"activity":-2.0E-4,"lastBolusTime":1703006930326,"time":"2023-12-19T22:33:24.020Z","iobWithZeroTemp":{"iob":-0.236,"basaliob":-0.237,"bolussnooze":0,"activity":-0.0027,"lastBolusTime":1703006930326,"time":"2023-12-19T22:33:24.020Z"}},{"iob":-0.004,"basaliob":-0.005,"bolussnooze":0,"activity":-1.0E-4,"lastBolusTime":1703006930326,"time":"2023-12-19T22:38:24.020Z","iobWithZeroTemp":{"iob":-0.239,"basaliob":-0.24,"bolussnooze":0,"activity":-0.0027,"lastBolusTime":1703006930326,"time":"2023-12-19T22:38:24.020Z"}},{"iob":-0.005,"basaliob":-0.005,"bolussnooze":0,"activity":-1.0E-4,"lastBolusTime":1703006930326,"time":"2023-12-19T22:43:24.020Z","iobWithZeroTemp":{"iob":-0.244,"basaliob":-0.244,"bolussnooze":0,"activity":-0.0027,"lastBolusTime":1703006930326,"time":"2023-12-19T22:43:24.020Z"}},{"iob":-0.004,"basaliob":-0.004,"bolussnooze":0,"activity":-1.0E-4,"lastBolusTime":1703006930326,"time":"2023-12-19T22:48:24.020Z","iobWithZeroTemp":{"iob":-0.247,"basaliob":-0.247,"bolussnooze":0,"activity":-0.0028,"lastBolusTime":1703006930326,"time":"2023-12-19T22:48:24.020Z"}},{"iob":-0.004,"basaliob":-0.004,"bolussnooze":0,"activity":-1.0E-4,"lastBolusTime":1703006930326,"time":"2023-12-19T22:53:24.020Z","iobWithZeroTemp":{"iob":-0.25,"basaliob":-0.25,"bolussnooze":0,"activity":-0.0028,"lastBolusTime":1703006930326,"time":"2023-12-19T22:53:24.020Z"}},{"iob":-0.003,"basaliob":-0.003,"bolussnooze":0,"activity":-1.0E-4,"lastBolusTime":1703006930326,"time":"2023-12-19T22:58:24.020Z","iobWithZeroTemp":{"iob":-0.252,"basaliob":-0.252,"bolussnooze":0,"activity":-0.0028,"lastBolusTime":1703006930326,"time":"2023-12-19T22:58:24.020Z"}},{"iob":-0.003,"basaliob":-0.003,"bolussnooze":0,"activity":-1.0E-4,"lastBolusTime":1703006930326,"time":"2023-12-19T23:03:24.020Z","iobWithZeroTemp":{"iob":-0.255,"basaliob":-0.255,"bolussnooze":0,"activity":-0.0029,"lastBolusTime":1703006930326,"time":"2023-12-19T23:03:24.020Z"}},{"iob":-0.002,"basaliob":-0.002,"bolussnooze":0,"activity":-1.0E-4,"lastBolusTime":1703006930326,"time":"2023-12-19T23:08:24.020Z","iobWithZeroTemp":{"iob":-0.256,"basaliob":-0.256,"bolussnooze":0,"activity":-0.0029,"lastBolusTime":1703006930326,"time":"2023-12-19T23:08:24.020Z"}},{"iob":-0.002,"basaliob":-0.002,"bolussnooze":0,"activity":-1.0E-4,"lastBolusTime":1703006930326,"time":"2023-12-19T23:13:24.020Z","iobWithZeroTemp":{"iob":-0.259,"basaliob":-0.259,"bolussnooze":0,"activity":-0.003,"lastBolusTime":1703006930326,"time":"2023-12-19T23:13:24.020Z"}},{"iob":-0.002,"basaliob":-0.002,"bolussnooze":0,"activity":-1.0E-4,"lastBolusTime":1703006930326,"time":"2023-12-19T23:18:24.020Z","iobWithZeroTemp":{"iob":-0.261,"basaliob":-0.261,"bolussnooze":0,"activity":-0.003,"lastBolusTime":1703006930326,"time":"2023-12-19T23:18:24.020Z"}},{"iob":-0.001,"basaliob":-0.001,"bolussnooze":0,"activity":0,"lastBolusTime":1703006930326,"time":"2023-12-19T23:23:24.020Z","iobWithZeroTemp":{"iob":-0.262,"basaliob":-0.262,"bolussnooze":0,"activity":-0.0029,"lastBolusTime":1703006930326,"time":"2023-12-19T23:23:24.020Z"}}],"profile":{"max_iob":10,"type":"current","max_daily_basal":0.25,"max_basal":0.75,"min_bg":105,"max_bg":105,"target_bg":105,"carb_ratio":14.8,"sens":84,"max_daily_safety_multiplier":5,"current_basal_safety_multiplier":5,"lgsThreshold":95,"high_temptarget_raises_sensitivity":false,"low_temptarget_lowers_sensitivity":false,"sensitivity_raises_target":true,"resistance_lowers_target":true,"adv_target_adjustments":false,"exercise_mode":false,"half_basal_exercise_target":160,"maxCOB":120,"skip_neutral_temps":false,"remainingCarbsCap":90,"enableUAM":true,"A52_risk_enable":false,"SMBInterval":5,"enableSMB_with_COB":true,"enableSMB_with_temptarget":false,"allowSMB_with_high_temptarget":false,"enableSMB_always":false,"enableSMB_after_carbs":true,"maxSMBBasalMinutes":120,"maxUAMSMBBasalMinutes":120,"bolus_increment":0.05,"carbsReqThreshold":1,"current_basal":0.15000000596046448,"temptargetSet":true,"autosens_max":1.2,"autosens_min":0.7,"variable_sens":121.3,"insulinDivisor":75,"TDD":21.611510299104253},"autosens_data":{"ratio":1},"meal_data":{"carbs":7,"mealCOB":0,"slopeFromMaxDeviation":-0.07425,"slopeFromMinDeviation":0.19154545454545452,"lastBolusTime":1703006930326,"lastCarbTime":1703005061965},"microBolusAllowed":true,"currentTime":1703014104993,"flatBGsDetected":false,"tdd1D":20.141666612277426,"tdd7D":26.78606000595613,"tddLast24H":18.34166652734081,"tddLast4H":1.9333333512147268,"tddLast8to4H":5.349999815225601},"output":{"temp":"absolute","bg":74,"tick":-1,"eventualBG":76,"targetBG":105,"insulinReq":0,"deliverAt":"2023-12-19T19:28:24.993Z","sensitivityRatio":1,"variable_sens":121.3,"predBGs":{"IOB":[74,73,72,72,71,71,71,70,70,70,70,70,71,71,71,71,71,72,72,72,72,72,73,73,73,73,73,74,74,74,74,74,74,74,74,74,74,75],"ZT":[74,73,72,72,72,71,71,72,72,72,73,73,74,75,76,77,78,79,80,81,82,83,84,85,86,88,89,90,91,92,94,95,96,97,99,100,101,102,104,105]},"reason":"COB: 0, Dev: 0, BGI: -1, ISF: 121, CR: 14.8, Target: 105, minPredBG 71, minGuardBG 70, IOBpredBG 75; 2 add'l carbs req w\/in 0m; minGuardBG 70<95","COB":0,"IOB":-0.017,"carbsReq":2,"carbsReqWithin":0,"duration":120,"rate":0,"timestamp":"2023-12-19T19:28:25.016Z"}}