{"algorithm":"OpenAPSSMBDynamicISFPlugin","input":{"glucoseStatus":{"glucose":103,"noise":0,"delta":7,"short_avgdelta":5.72,"long_avgdelta":1.71,"date":1703053978000},"currenttemp":{"temp":"absolute","duration":25,"rate":0.55,"minutesrunning":5},"iob_data":[{"iob":1.651,"basaliob":0.056,"bolussnooze":0.572,"activity":0.0237,"lastBolusTime":1703050271042,"time":"2023-12-20T06:33:27.292Z","iobWithZeroTemp":{"iob":1.651,"basaliob":0.056,"bolussnooze":0.572,"activity":0.0237,"lastBolusTime":1703050271042,"time":"2023-12-20T06:33:27.292Z"}},{"iob":1.534,"basaliob":0.048,"bolussnooze":0.473,"activity":0.0228,"lastBolusTime":1703050271042,"time":"2023-12-20T06:38:27.292Z","iobWithZeroTemp":{"iob":1.517,"basaliob":0.031,"bolussnooze":0.473,"activity":0.0228,"lastBolusTime":1703050271042,"time":"2023-12-20T06:38:27.292Z"}},{"iob":1.423,"basaliob":0.041,"bolussnooze":0.3888,"activity":0.0218,"lastBolusTime":1703050271042,"time":"2023-12-20T06:43:27.292Z","iobWithZeroTemp":{"iob":1.386,"basaliob":0.004,"bolussnooze":0.3888,"activity":0.0217,"lastBolusTime":1703050271042,"time":"2023-12-20T06:43:27.292Z"}},{"iob":1.317,"basaliob":0.036,"bolussnooze":0.3175,"activity":0.0207,"lastBolusTime":1703050271042,"time":"2023-12-20T06:48:27.292Z","iobWithZeroTemp":{"iob":1.259,"basaliob":-0.022,"bolussnooze":0.3175,"activity":0.0205,"lastBolusTime":1703050271042,"time":"2023-12-20T06:48:27.292Z"}},{"iob":1.216,"basaliob":0.03,"bolussnooze":0.2576,"activity":0.0196,"lastBolusTime":1703050271042,"time":"2023-12-20T06:53:27.292Z","iobWithZeroTemp":{"iob":1.139,"basaliob":-0.047,"bolussnooze":0.2576,"activity":0.0193,"lastBolusTime":1703050271042,"time":"2023-12-20T06:53:27.292Z"}},{"iob":1.121,"basaliob":0.026,"bolussnooze":0.2077,"activity":0.0184,"lastBolusTime":1703050271042,"time":"2023-12-20T06:58:27.292Z","iobWithZeroTemp":{"iob":1.025,"basaliob":-0.07,"bolussnooze":0.2077,"activity":0.018,"lastBolusTime":1703050271042,"time":"2023-12-20T06:58:27.292Z"}},{"iob":1.032,"basaliob":0.022,"bolussnooze":0.1662,"activity":0.0173,"lastBolusTime":1703050271042,"time":"2023-12-20T07:03:27.292Z","iobWithZeroTemp":{"iob":0.926,"basaliob":-0.084,"bolussnooze":0.1662,"activity":0.0167,"lastBolusTime":1703050271042,"time":"2023-12-20T07:03:27.292Z"}},{"iob":0.947,"basaliob":0.018,"bolussnooze":0.132,"activity":0.0162,"lastBolusTime":1703050271042,"time":"2023-12-20T07:08:27.292Z","iobWithZeroTemp":{"iob":0.831,"basaliob":-0.098,"bolussnooze":0.132,"activity":0.0155,"lastBolusTime":1703050271042,"time":"2023-12-20T07:08:27.292Z"}},{"iob":0.868,"basaliob":0.015,"bolussnooze":0.104,"activity":0.0153,"lastBolusTime":1703050271042,"time":"2023-12-20T07:13:27.292Z","iobWithZeroTemp":{"iob":0.743,"basaliob":-0.11,"bolussnooze":0.104,"activity":0.0144,"lastBolusTime":1703050271042,"time":"2023-12-20T07:13:27.292Z"}},{"iob":0.795,"basaliob":0.013,"bolussnooze":0.0813,"activity":0.0142,"lastBolusTime":1703050271042,"time":"2023-12-20T07:18:27.292Z","iobWithZeroTemp":{"iob":0.662,"basaliob":-0.12,"bolussnooze":0.0813,"activity":0.0132,"lastBolusTime":1703050271042,"time":"2023-12-20T07:18:27.292Z"}},{"iob":0.727,"basaliob":0.011,"bolussnooze":0.0628,"activity":0.0132,"lastBolusTime":1703050271042,"time":"2023-12-20T07:23:27.292Z","iobWithZeroTemp":{"iob":0.587,"basaliob":-0.129,"bolussnooze":0.0628,"activity":0.0121,"lastBolusTime":1703050271042,"time":"2023-12-20T07:23:27.292Z"}},{"iob":0.663,"basaliob":0.009,"bolussnooze":0.0481,"activity":0.0123,"lastBolusTime":1703050271042,"time":"2023-12-20T07:28:27.292Z","iobWithZeroTemp":{"iob":0.516,"basaliob":-0.138,"bolussnooze":0.0481,"activity":0.0111,"lastBolusTime":1703050271042,"time":"2023-12-20T07:28:27.292Z"}},{"iob":0.604,"basaliob":0.007,"bolussnooze":0.0363,"activity":0.0114,"lastBolusTime":1703050271042,"time":"2023-12-20T07:33:27.292Z","iobWithZeroTemp":{"iob":0.451,"basaliob":-0.146,"bolussnooze":0.0363,"activity":0.0101,"lastBolusTime":1703050271042,"time":"2023-12-20T07:33:27.292Z"}},{"iob":0.548,"basaliob":0.005,"bolussnooze":0.027,"activity":0.0105,"lastBolusTime":1703050271042,"time":"2023-12-20T07:38:27.292Z","iobWithZeroTemp":{"iob":0.39,"basaliob":-0.153,"bolussnooze":0.027,"activity":0.0091,"lastBolusTime":1703050271042,"time":"2023-12-20T07:38:27.292Z"}},{"iob":0.498,"basaliob":0.004,"bolussnooze":0.0197,"activity":0.0097,"lastBolusTime":1703050271042,"time":"2023-12-20T07:43:27.292Z","iobWithZeroTemp":{"iob":0.334,"basaliob":-0.16,"bolussnooze":0.0197,"activity":0.0082,"lastBolusTime":1703050271042,"time":"2023-12-20T07:43:27.292Z"}},{"iob":0.452,"basaliob":0.003,"bolussnooze":0.0141,"activity":0.0089,"lastBolusTime":1703050271042,"time":"2023-12-20T07:48:27.292Z","iobWithZeroTemp":{"iob":0.284,"basaliob":-0.165,"bolussnooze":0.0141,"activity":0.0073,"lastBolusTime":1703050271042,"time":"2023-12-20T07:48:27.292Z"}},{"iob":0.409,"basaliob":0.002,"bolussnooze":0.0098,"activity":0.0082,"lastBolusTime":1703050271042,"time":"2023-12-20T07:53:27.292Z","iobWithZeroTemp":{"iob":0.236,"basaliob":-0.171,"bolussnooze":0.0098,"activity":0.0065,"lastBolusTime":1703050271042,"time":"2023-12-20T07:53:27.292Z"}},{"iob":0.369,"basaliob":0.001,"bolussnooze":0.0066,"activity":0.0075,"lastBolusTime":1703050271042,"time":"2023-12-20T07:58:27.292Z","iobWithZeroTemp":{"iob":0.193,"basaliob":-0.175,"bolussnooze":0.0066,"activity":0.0057,"lastBolusTime":1703050271042,"time":"2023-12-20T07:58:27.292Z"}},{"iob":0.334,"basaliob":0.001,"bolussnooze":0.0042,"activity":0.0069,"lastBolusTime":1703050271042,"time":"2023-12-20T08:03:27.292Z","iobWithZeroTemp":{"iob":0.154,"basaliob":-0.179,"bolussnooze":0.0042,"activity":0.0051,"lastBolusTime":1703050271042,"time":"2023-12-20T08:03:27.292Z"}},{"iob":0.3,"basaliob":0,"bolussnooze":0.0025,"activity":0.0063,"lastBolusTime":1703050271042,"time":"2023-12-20T08:08:27.292Z","iobWithZeroTemp":{"iob":0.117,"basaliob":-0.183,"bolussnooze":0.0025,"activity":0.0044,"lastBolusTime":1703050271042,"time":"2023-12-20T08:08:27.292Z"}},{"iob":0.27,"basaliob":0,"bolussnooze":0.0014,"activity":0.0058,"lastBolusTime":1703050271042,"time":"2023-12-20T08:13:27.292Z","iobWithZeroTemp":{"iob":0.084,"basaliob":-0.186,"bolussnooze":0.0014,"activity":0.0039,"lastBolusTime":1703050271042,"time":"2023-12-20T08:13:27.292Z"}},{"iob":0.242,"basaliob":-0.001,"bolussnooze":6.0E-4,"activity":0.0053,"lastBolusTime":1703050271042,"time":"2023-12-20T08:18:27.292Z","iobWithZeroTemp":{"iob":0.053,"basaliob":-0.19,"bolussnooze":6.0E-4,"activity":0.0033,"lastBolusTime":1703050271042,"time":"2023-12-20T08:18:27.292Z"}},{"iob":0.217,"basaliob":-0.001,"bolussnooze":2.0E-4,"activity":0.0048,"lastBolusTime":1703050271042,"time":"2023-12-20T08:23:27.292Z","iobWithZeroTemp":{"iob":0.026,"basaliob":-0.192,"bolussnooze":2.0E-4,"activity":0.0028,"lastBolusTime":1703050271042,"time":"2023-12-20T08:23:27.292Z"}},{"iob":0.195,"basaliob":-0.001,"bolussnooze":0,"activity":0.0043,"lastBolusTime":1703050271042,"time":"2023-12-20T08:28:27.292Z","iobWithZeroTemp":{"iob":0.002,"basaliob":-0.194,"bolussnooze":0,"activity":0.0022,"lastBolusTime":1703050271042,"time":"2023-12-20T08:28:27.292Z"}},{"iob":0.174,"basaliob":-0.001,"bolussnooze":0,"activity":0.0039,"lastBolusTime":1703050271042,"time":"2023-12-20T08:33:27.292Z","iobWithZeroTemp":{"iob":-0.021,"basaliob":-0.196,"bolussnooze":0,"activity":0.0018,"lastBolusTime":1703050271042,"time":"2023-12-20T08:33:27.292Z"}},{"iob":0.154,"basaliob":-0.002,"bolussnooze":0,"activity":0.0036,"lastBolusTime":1703050271042,"time":"2023-12-20T08:38:27.292Z","iobWithZeroTemp":{"iob":-0.043,"basaliob":-0.199,"bolussnooze":0,"activity":0.0014,"lastBolusTime":1703050271042,"time":"2023-12-20T08:38:27.292Z"}},{"iob":0.137,"basaliob":-0.002,"bolussnooze":0,"activity":0.0032,"lastBolusTime":1703050271042,"time":"2023-12-20T08:43:27.292Z","iobWithZeroTemp":{"iob":-0.062,"basaliob":-0.201,"bolussnooze":0,"activity":0.001,"lastBolusTime":1703050271042,"time":"2023-12-20T08:43:27.292Z"}},{"iob":0.122,"basaliob":-0.002,"bolussnooze":0,"activity":0.0029,"lastBolusTime":1703050271042,"time":"2023-12-20T08:48:27.292Z","iobWithZeroTemp":{"iob":-0.078,"basaliob":-0.202,"bolussnooze":0,"activity":7.0E-4,"lastBolusTime":1703050271042,"time":"2023-12-20T08:48:27.292Z"}},{"iob":0.108,"basaliob":-0.002,"bolussnooze":0,"activity":0.0026,"lastBolusTime":1703050271042,"time":"2023-12-20T08:53:27.292Z","iobWithZeroTemp":{"iob":-0.093,"basaliob":-0.203,"bolussnooze":0,"activity":3.0E-4,"lastBolusTime":1703050271042,"time":"2023-12-20T08:53:27.292Z"}},{"iob":0.095,"basaliob":-0.002,"bolussnooze":0,"activity":0.0024,"lastBolusTime":1703050271042,"time":"2023-12-20T08:58:27.292Z","iobWithZeroTemp":{"iob":-0.107,"basaliob":-0.204,"bolussnooze":0,"activity":1.0E-4,"lastBolusTime":1703050271042,"time":"2023-12-20T08:58:27.292Z"}},{"iob":0.084,"basaliob":-0.002,"bolussnooze":0,"activity":0.0021,"lastBolusTime":1703050271042,"time":"2023-12-20T09:03:27.292Z","iobWithZeroTemp":{"iob":-0.124,"basaliob":-0.21,"bolussnooze":0,"activity":-2.0E-4,"lastBolusTime":1703050271042,"time":"2023-12-20T09:03:27.292Z"}},{"iob":0.074,"basaliob":-0.002,"bolussnooze":0,"activity":0.0019,"lastBolusTime":1703050271042,"time":"2023-12-20T09:08:27.292Z","iobWithZeroTemp":{"iob":-0.139,"basaliob":-0.215,"bolussnooze":0,"activity":-5.0E-4,"lastBolusTime":1703050271042,"time":"2023-12-20T09:08:27.292Z"}},{"iob":0.065,"basaliob":-0.002,"bolussnooze":0,"activity":0.0017,"lastBolusTime":1703050271042,"time":"2023-12-20T09:13:27.292Z","iobWithZeroTemp":{"iob":-0.152,"basaliob":-0.219,"bolussnooze":0,"activity":-7.0E-4,"lastBolusTime":1703050271042,"time":"2023-12-20T09:13:27.292Z"}},{"iob":0.056,"basaliob":-0.002,"bolussnooze":0,"activity":0.0016,"lastBolusTime":1703050271042,"time":"2023-12-20T09:18:27.292Z","iobWithZeroTemp":{"iob":-0.166,"basaliob":-0.224,"bolussnooze":0,"activity":-8.0E-4,"lastBolusTime":1703050271042,"time":"2023-12-20T09:18:27.292Z"}},{"iob":0.049,"basaliob":-0.002,"bolussnooze":0,"activity":0.0014,"lastBolusTime":1703050271042,"time":"2023-12-20T09:23:27.292Z","iobWithZeroTemp":{"iob":-0.177,"basaliob":-0.228,"bolussnooze":0,"activity":-0.0011,"lastBolusTime":1703050271042,"time":"2023-12-20T09:23:27.292Z"}},{"iob":0.043,"basaliob":-0.002,"bolussnooze":0,"activity":0.0012,"lastBolusTime":1703050271042,"time":"2023-12-20T09:28:27.292Z","iobWithZeroTemp":{"iob":-0.187,"basaliob":-0.232,"bolussnooze":0,"activity":-0.0013,"lastBolusTime":1703050271042,"time":"2023-12-20T09:28:27.292Z"}},{"iob":0.038,"basaliob":-0.001,"bolussnooze":0,"activity":0.0011,"lastBolusTime":1703050271042,"time":"2023-12-20T09:33:27.292Z","iobWithZeroTemp":{"iob":-0.196,"basaliob":-0.235,"bolussnooze":0,"activity":-0.0015,"lastBolusTime":1703050271042,"time":"2023-12-20T09:33:27.292Z"}},{"iob":0.033,"basaliob":-0.001,"bolussnooze":0,"activity":0.001,"lastBolusTime":1703050271042,"time":"2023-12-20T09:38:27.292Z","iobWithZeroTemp":{"iob":-0.205,"basaliob":-0.239,"bolussnooze":0,"activity":-0.0016,"lastBolusTime":1703050271042,"time":"2023-12-20T09:38:27.292Z"}},{"iob":0.028,"basaliob":-0.001,"bolussnooze":0,"activity":9.0E-4,"lastBolusTime":1703050271042,"time":"2023-12-20T09:43:27.292Z","iobWithZeroTemp":{"iob":-0.214,"basaliob":-0.243,"bolussnooze":0,"activity":-0.0018,"lastBolusTime":1703050271042,"time":"2023-12-20T09:43:27.292Z"}},{"iob":0.024,"basaliob":-0.001,"bolussnooze":0,"activity":8.0E-4,"lastBolusTime":1703050271042,"time":"2023-12-20T09:48:27.292Z","iobWithZeroTemp":{"iob":-0.221,"basaliob":-0.246,"bolussnooze":0,"activity":-0.0019,"lastBolusTime":1703050271042,"time":"2023-12-20T09:48:27.292Z"}},{"iob":0.02,"basaliob":-0.001,"bolussnooze":0,"activity":7.0E-4,"lastBolusTime":1703050271042,"time":"2023-12-20T09:53:27.292Z","iobWithZeroTemp":{"iob":-0.228,"basaliob":-0.249,"bolussnooze":0,"activity":-0.002,"lastBolusTime":1703050271042,"time":"2023-12-20T09:53:27.292Z"}},{"iob":0.017,"basaliob":-0.001,"bolussnooze":0,"activity":6.0E-4,"lastBolusTime":1703050271042,"time":"2023-12-20T09:58:27.292Z","iobWithZeroTemp":{"iob":-0.234,"basaliob":-0.252,"bolussnooze":0,"activity":-0.0022,"lastBolusTime":1703050271042,"time":"2023-12-20T09:58:27.292Z"}},{"iob":0.014,"basaliob":-0.001,"bolussnooze":0,"activity":5.0E-4,"lastBolusTime":1703050271042,"time":"2023-12-20T10:03:27.292Z","iobWithZeroTemp":{"iob":-0.235,"basaliob":-0.25,"bolussnooze":0,"activity":-0.0023,"lastBolusTime":1703050271042,"time":"2023-12-20T10:03:27.292Z"}},{"iob":0.012,"basaliob":-0.001,"bolussnooze":0,"activity":5.0E-4,"lastBolusTime":1703050271042,"time":"2023-12-20T10:08:27.292Z","iobWithZeroTemp":{"iob":-0.236,"basaliob":-0.249,"bolussnooze":0,"activity":-0.0023,"lastBolusTime":1703050271042,"time":"2023-12-20T10:08:27.292Z"}},{"iob":0.01,"basaliob":-0.001,"bolussnooze":0,"activity":4.0E-4,"lastBolusTime":1703050271042,"time":"2023-12-20T10:13:27.292Z","iobWithZeroTemp":{"iob":-0.236,"basaliob":-0.247,"bolussnooze":0,"activity":-0.0025,"lastBolusTime":1703050271042,"time":"2023-12-20T10:13:27.292Z"}},{"iob":0.008,"basaliob":-0.001,"bolussnooze":0,"activity":3.0E-4,"lastBolusTime":1703050271042,"time":"2023-12-20T10:18:27.292Z","iobWithZeroTemp":{"iob":-0.236,"basaliob":-0.245,"bolussnooze":0,"activity":-0.0026,"lastBolusTime":1703050271042,"time":"2023-12-20T10:18:27.292Z"}},{"iob":0.006,"basaliob":-0.001,"bolussnooze":0,"activity":3.0E-4,"lastBolusTime":1703050271042,"time":"2023-12-20T10:23:27.292Z","iobWithZeroTemp":{"iob":-0.236,"basaliob":-0.243,"bolussnooze":0,"activity":-0.0026,"lastBolusTime":1703050271042,"time":"2023-12-20T10:23:27.292Z"}},{"iob":0.005,"basaliob":-0.001,"bolussnooze":0,"activity":3.0E-4,"lastBolusTime":1703050271042,"time":"2023-12-20T10:28:27.292Z","iobWithZeroTemp":{"iob":-0.235,"basaliob":-0.241,"bolussnooze":0,"activity":-0.0026,"lastBolusTime":1703050271042,"time":"2023-12-20T10:28:27.292Z"}}],"profile":{"max_iob":10,"type":"current","max_daily_basal":0.25,"max_basal":1.25,"min_bg":90,"max_bg":90,"target_bg":90,"carb_ratio":12.6,"sens":84,"max_daily_safety_multiplier":5,"current_basal_safety_multiplier":5,"lgsThreshold":95,"high_temptarget_raises_sensitivity":false,"low_temptarget_lowers_sensitivity":false,"sensitivity_raises_target":true,"resistance_lowers_target":true,"adv_target_adjustments":false,"exercise_mode":false,"half_basal_exercise_target":160,"maxCOB":120,"skip_neutral_temps":false,"remainingCarbsCap":90,"enableUAM":true,"A52_risk_enable":false,"SMBInterval":5,"enableSMB_with_COB":true,"enableSMB_with_temptarget":false,"allowSMB_with_high_temptarget":false,"enableSMB_always":false,"enableSMB_after_carbs":true,"maxSMBBasalMinutes":120,"maxUAMSMBBasalMinutes":120,"bolus_increment":0.05,"carbsReqThreshold":1,"current_basal":0.25,"temptargetSet":false,"autosens_max":1.2,"autosens_min":0.7,"variable_sens":104.8,"insulinDivisor":75,"TDD":19.867659557087435},"autosens_data":{"ratio":1},"meal_data":{"carbs":34,"mealCOB":24.7297,"slopeFromMaxDeviation":0,"slopeFromMinDeviation":1.43975,"lastBolusTime":1703050271042,"lastCarbTime":1703051607356},"microBolusAllowed":true,"currentTime":1703054008545,"flatBGsDetected":false,"tdd1D":18.86250000521541,"tdd7D":20.877380982715465,"tddLast24H":18.991666661451262,"tddLast4H":3.7541666666666664,"tddLast8to4H":2.25833336909612},"output":{"temp":"absolute","bg":103,"tick":"+7","eventualBG":282,"targetBG":90,"insulinReq":0.3,"deliverAt":"2023-12-20T06:33:28.545Z","sensitivityRatio":1,"variable_sens":104.8,"predBGs":{"IOB":[103,107,111,113,115,116,116,115,114,111,107,101,95,89,82,76,71,65,60,54,49,44,39],"ZT":[103,91,78,64,49,39,39,39,39,39,39,39,39,39,39,39,39,39,39,39,39,39,39,39,39,39,39,39,39,39,39,39,39,39,39,39,39,39,39,39,39,39,39,39,39,39,39,39],"COB":[103,108,112,117,121,125,128,132,135,138,141,143,145,147,148,149,150,150,150,150,148,147,145,142,140,138,136,134,133,131,130,129,128,127,126,126,125,124,124,123,123,123,122,122,122,121],"UAM":[103,108,114,120,126,132,139,146,154,161,169,176,183,191,198,205,212,219,226,232,238,244,249,254,259,263,267,271,274,277,279,281,282,283,284,284,284,283,283,283,282]},"reason":"COB: 24.7, Dev: 109, BGI: -12, ISF: 105, CR: 12.6, Target: 90, minPredBG 121, minGuardBG 108, IOBpredBG 39, COBpredBG 121, UAMpredBG 282; Eventual BG 282 >= 90,  insulinReq 0.3; setting 60m low temp of 0U\/h. Microbolusing 0.15U. ","COB":24.7297,"IOB":1.651,"units":0.15,"rate":0,"duration":60,"timestamp":"2023-12-20T06:33:28.557Z"}}