{"algorithm":"OpenAPSSMBDynamicISFPlugin","input":{"glucoseStatus":{"glucose":144,"noise":0,"delta":-4,"short_avgdelta":-3.39,"long_avgdelta":-0.59,"date":1702888071000},"currenttemp":{"temp":"absolute","duration":115,"rate":0,"minutesrunning":5},"iob_data":[{"iob":0.804,"basaliob":-0.01,"bolussnooze":0.0356,"activity":0.0128,"lastBolusTime":1702886611386,"time":"2023-12-18T08:28:19.049Z","iobWithZeroTemp":{"iob":0.804,"basaliob":-0.01,"bolussnooze":0.0356,"activity":0.0128,"lastBolusTime":1702886611386,"time":"2023-12-18T08:28:19.049Z"}},{"iob":0.742,"basaliob":-0.008,"bolussnooze":0.0265,"activity":0.0122,"lastBolusTime":1702886611386,"time":"2023-12-18T08:33:19.049Z","iobWithZeroTemp":{"iob":0.732,"basaliob":-0.018,"bolussnooze":0.0265,"activity":0.0122,"lastBolusTime":1702886611386,"time":"2023-12-18T08:33:19.049Z"}},{"iob":0.683,"basaliob":-0.006,"bolussnooze":0.0193,"activity":0.0114,"lastBolusTime":1702886611386,"time":"2023-12-18T08:38:19.049Z","iobWithZeroTemp":{"iob":0.661,"basaliob":-0.028,"bolussnooze":0.0193,"activity":0.0114,"lastBolusTime":1702886611386,"time":"2023-12-18T08:38:19.049Z"}},{"iob":0.628,"basaliob":-0.005,"bolussnooze":0.0138,"activity":0.0108,"lastBolusTime":1702886611386,"time":"2023-12-18T08:43:19.049Z","iobWithZeroTemp":{"iob":0.593,"basaliob":-0.04,"bolussnooze":0.0138,"activity":0.0107,"lastBolusTime":1702886611386,"time":"2023-12-18T08:43:19.049Z"}},{"iob":0.575,"basaliob":-0.004,"bolussnooze":0.0096,"activity":0.0101,"lastBolusTime":1702886611386,"time":"2023-12-18T08:48:19.049Z","iobWithZeroTemp":{"iob":0.529,"basaliob":-0.05,"bolussnooze":0.0096,"activity":0.0099,"lastBolusTime":1702886611386,"time":"2023-12-18T08:48:19.049Z"}},{"iob":0.527,"basaliob":-0.003,"bolussnooze":0.0064,"activity":0.0094,"lastBolusTime":1702886611386,"time":"2023-12-18T08:53:19.049Z","iobWithZeroTemp":{"iob":0.469,"basaliob":-0.061,"bolussnooze":0.0064,"activity":0.0091,"lastBolusTime":1702886611386,"time":"2023-12-18T08:53:19.049Z"}},{"iob":0.482,"basaliob":-0.002,"bolussnooze":0.0041,"activity":0.0087,"lastBolusTime":1702886611386,"time":"2023-12-18T08:58:19.049Z","iobWithZeroTemp":{"iob":0.413,"basaliob":-0.071,"bolussnooze":0.0041,"activity":0.0083,"lastBolusTime":1702886611386,"time":"2023-12-18T08:58:19.049Z"}},{"iob":0.439,"basaliob":-0.002,"bolussnooze":0.0025,"activity":0.0082,"lastBolusTime":1702886611386,"time":"2023-12-18T09:03:19.049Z","iobWithZeroTemp":{"iob":0.356,"basaliob":-0.085,"bolussnooze":0.0025,"activity":0.0077,"lastBolusTime":1702886611386,"time":"2023-12-18T09:03:19.049Z"}},{"iob":0.4,"basaliob":-0.001,"bolussnooze":0.0013,"activity":0.0075,"lastBolusTime":1702886611386,"time":"2023-12-18T09:08:19.049Z","iobWithZeroTemp":{"iob":0.303,"basaliob":-0.098,"bolussnooze":0.0013,"activity":0.0069,"lastBolusTime":1702886611386,"time":"2023-12-18T09:08:19.049Z"}},{"iob":0.364,"basaliob":0,"bolussnooze":6.0E-4,"activity":0.007,"lastBolusTime":1702886611386,"time":"2023-12-18T09:13:19.049Z","iobWithZeroTemp":{"iob":0.253,"basaliob":-0.111,"bolussnooze":6.0E-4,"activity":0.0063,"lastBolusTime":1702886611386,"time":"2023-12-18T09:13:19.049Z"}},{"iob":0.33,"basaliob":0,"bolussnooze":2.0E-4,"activity":0.0064,"lastBolusTime":1702886611386,"time":"2023-12-18T09:18:19.049Z","iobWithZeroTemp":{"iob":0.207,"basaliob":-0.123,"bolussnooze":2.0E-4,"activity":0.0056,"lastBolusTime":1702886611386,"time":"2023-12-18T09:18:19.049Z"}},{"iob":0.299,"basaliob":0,"bolussnooze":0,"activity":0.0059,"lastBolusTime":1702886611386,"time":"2023-12-18T09:23:19.049Z","iobWithZeroTemp":{"iob":0.164,"basaliob":-0.135,"bolussnooze":0,"activity":0.0049,"lastBolusTime":1702886611386,"time":"2023-12-18T09:23:19.049Z"}},{"iob":0.271,"basaliob":0.001,"bolussnooze":0,"activity":0.0054,"lastBolusTime":1702886611386,"time":"2023-12-18T09:28:19.049Z","iobWithZeroTemp":{"iob":0.124,"basaliob":-0.146,"bolussnooze":0,"activity":0.0043,"lastBolusTime":1702886611386,"time":"2023-12-18T09:28:19.049Z"}},{"iob":0.245,"basaliob":0.001,"bolussnooze":0,"activity":0.0051,"lastBolusTime":1702886611386,"time":"2023-12-18T09:33:19.049Z","iobWithZeroTemp":{"iob":0.087,"basaliob":-0.157,"bolussnooze":0,"activity":0.0039,"lastBolusTime":1702886611386,"time":"2023-12-18T09:33:19.049Z"}},{"iob":0.221,"basaliob":0.001,"bolussnooze":0,"activity":0.0046,"lastBolusTime":1702886611386,"time":"2023-12-18T09:38:19.049Z","iobWithZeroTemp":{"iob":0.053,"basaliob":-0.167,"bolussnooze":0,"activity":0.0032,"lastBolusTime":1702886611386,"time":"2023-12-18T09:38:19.049Z"}},{"iob":0.199,"basaliob":0.001,"bolussnooze":0,"activity":0.0042,"lastBolusTime":1702886611386,"time":"2023-12-18T09:43:19.049Z","iobWithZeroTemp":{"iob":0.022,"basaliob":-0.176,"bolussnooze":0,"activity":0.0027,"lastBolusTime":1702886611386,"time":"2023-12-18T09:43:19.049Z"}},{"iob":0.179,"basaliob":0.001,"bolussnooze":0,"activity":0.0039,"lastBolusTime":1702886611386,"time":"2023-12-18T09:48:19.049Z","iobWithZeroTemp":{"iob":-0.007,"basaliob":-0.185,"bolussnooze":0,"activity":0.0023,"lastBolusTime":1702886611386,"time":"2023-12-18T09:48:19.049Z"}},{"iob":0.16,"basaliob":0.001,"bolussnooze":0,"activity":0.0035,"lastBolusTime":1702886611386,"time":"2023-12-18T09:53:19.049Z","iobWithZeroTemp":{"iob":-0.034,"basaliob":-0.193,"bolussnooze":0,"activity":0.0018,"lastBolusTime":1702886611386,"time":"2023-12-18T09:53:19.049Z"}},{"iob":0.143,"basaliob":0.001,"bolussnooze":0,"activity":0.0032,"lastBolusTime":1702886611386,"time":"2023-12-18T09:58:19.049Z","iobWithZeroTemp":{"iob":-0.059,"basaliob":-0.201,"bolussnooze":0,"activity":0.0013,"lastBolusTime":1702886611386,"time":"2023-12-18T09:58:19.049Z"}},{"iob":0.128,"basaliob":0.001,"bolussnooze":0,"activity":0.0029,"lastBolusTime":1702886611386,"time":"2023-12-18T10:03:19.049Z","iobWithZeroTemp":{"iob":-0.077,"basaliob":-0.204,"bolussnooze":0,"activity":9.0E-4,"lastBolusTime":1702886611386,"time":"2023-12-18T10:03:19.049Z"}},{"iob":0.114,"basaliob":0.001,"bolussnooze":0,"activity":0.0026,"lastBolusTime":1702886611386,"time":"2023-12-18T10:08:19.049Z","iobWithZeroTemp":{"iob":-0.093,"basaliob":-0.206,"bolussnooze":0,"activity":5.0E-4,"lastBolusTime":1702886611386,"time":"2023-12-18T10:08:19.049Z"}},{"iob":0.102,"basaliob":0.001,"bolussnooze":0,"activity":0.0024,"lastBolusTime":1702886611386,"time":"2023-12-18T10:13:19.049Z","iobWithZeroTemp":{"iob":-0.107,"basaliob":-0.208,"bolussnooze":0,"activity":3.0E-4,"lastBolusTime":1702886611386,"time":"2023-12-18T10:13:19.049Z"}},{"iob":0.091,"basaliob":0.001,"bolussnooze":0,"activity":0.0021,"lastBolusTime":1702886611386,"time":"2023-12-18T10:18:19.049Z","iobWithZeroTemp":{"iob":-0.12,"basaliob":-0.21,"bolussnooze":0,"activity":-1.0E-4,"lastBolusTime":1702886611386,"time":"2023-12-18T10:18:19.049Z"}},{"iob":0.08,"basaliob":0.001,"bolussnooze":0,"activity":0.0019,"lastBolusTime":1702886611386,"time":"2023-12-18T10:23:19.049Z","iobWithZeroTemp":{"iob":-0.132,"basaliob":-0.211,"bolussnooze":0,"activity":-4.0E-4,"lastBolusTime":1702886611386,"time":"2023-12-18T10:23:19.049Z"}},{"iob":0.071,"basaliob":0.001,"bolussnooze":0,"activity":0.0017,"lastBolusTime":1702886611386,"time":"2023-12-18T10:28:19.049Z","iobWithZeroTemp":{"iob":-0.143,"basaliob":-0.213,"bolussnooze":0,"activity":-6.0E-4,"lastBolusTime":1702886611386,"time":"2023-12-18T10:28:19.049Z"}},{"iob":0.063,"basaliob":0.001,"bolussnooze":0,"activity":0.0016,"lastBolusTime":1702886611386,"time":"2023-12-18T10:33:19.049Z","iobWithZeroTemp":{"iob":-0.151,"basaliob":-0.213,"bolussnooze":0,"activity":-8.0E-4,"lastBolusTime":1702886611386,"time":"2023-12-18T10:33:19.049Z"}},{"iob":0.055,"basaliob":0.001,"bolussnooze":0,"activity":0.0014,"lastBolusTime":1702886611386,"time":"2023-12-18T10:38:19.049Z","iobWithZeroTemp":{"iob":-0.16,"basaliob":-0.214,"bolussnooze":0,"activity":-0.001,"lastBolusTime":1702886611386,"time":"2023-12-18T10:38:19.049Z"}},{"iob":0.049,"basaliob":0.001,"bolussnooze":0,"activity":0.0013,"lastBolusTime":1702886611386,"time":"2023-12-18T10:43:19.049Z","iobWithZeroTemp":{"iob":-0.166,"basaliob":-0.214,"bolussnooze":0,"activity":-0.0011,"lastBolusTime":1702886611386,"time":"2023-12-18T10:43:19.049Z"}},{"iob":0.043,"basaliob":0.001,"bolussnooze":0,"activity":0.0011,"lastBolusTime":1702886611386,"time":"2023-12-18T10:48:19.049Z","iobWithZeroTemp":{"iob":-0.173,"basaliob":-0.215,"bolussnooze":0,"activity":-0.0013,"lastBolusTime":1702886611386,"time":"2023-12-18T10:48:19.049Z"}},{"iob":0.037,"basaliob":0.001,"bolussnooze":0,"activity":0.001,"lastBolusTime":1702886611386,"time":"2023-12-18T10:53:19.049Z","iobWithZeroTemp":{"iob":-0.179,"basaliob":-0.215,"bolussnooze":0,"activity":-0.0015,"lastBolusTime":1702886611386,"time":"2023-12-18T10:53:19.049Z"}},{"iob":0.033,"basaliob":0.001,"bolussnooze":0,"activity":9.0E-4,"lastBolusTime":1702886611386,"time":"2023-12-18T10:58:19.049Z","iobWithZeroTemp":{"iob":-0.183,"basaliob":-0.215,"bolussnooze":0,"activity":-0.0016,"lastBolusTime":1702886611386,"time":"2023-12-18T10:58:19.049Z"}},{"iob":0.028,"basaliob":0.001,"bolussnooze":0,"activity":8.0E-4,"lastBolusTime":1702886611386,"time":"2023-12-18T11:03:19.049Z","iobWithZeroTemp":{"iob":-0.188,"basaliob":-0.215,"bolussnooze":0,"activity":-0.0017,"lastBolusTime":1702886611386,"time":"2023-12-18T11:03:19.049Z"}},{"iob":0.025,"basaliob":0.001,"bolussnooze":0,"activity":7.0E-4,"lastBolusTime":1702886611386,"time":"2023-12-18T11:08:19.049Z","iobWithZeroTemp":{"iob":-0.191,"basaliob":-0.215,"bolussnooze":0,"activity":-0.0018,"lastBolusTime":1702886611386,"time":"2023-12-18T11:08:19.049Z"}},{"iob":0.021,"basaliob":0.001,"bolussnooze":0,"activity":6.0E-4,"lastBolusTime":1702886611386,"time":"2023-12-18T11:13:19.049Z","iobWithZeroTemp":{"iob":-0.195,"basaliob":-0.215,"bolussnooze":0,"activity":-0.0019,"lastBolusTime":1702886611386,"time":"2023-12-18T11:13:19.049Z"}},{"iob":0.019,"basaliob":0.001,"bolussnooze":0,"activity":5.0E-4,"lastBolusTime":1702886611386,"time":"2023-12-18T11:18:19.049Z","iobWithZeroTemp":{"iob":-0.197,"basaliob":-0.215,"bolussnooze":0,"activity":-0.002,"lastBolusTime":1702886611386,"time":"2023-12-18T11:18:19.049Z"}},{"iob":0.016,"basaliob":0.001,"bolussnooze":0,"activity":5.0E-4,"lastBolusTime":1702886611386,"time":"2023-12-18T11:23:19.049Z","iobWithZeroTemp":{"iob":-0.2,"basaliob":-0.215,"bolussnooze":0,"activity":-0.002,"lastBolusTime":1702886611386,"time":"2023-12-18T11:23:19.049Z"}},{"iob":0.014,"basaliob":0.001,"bolussnooze":0,"activity":4.0E-4,"lastBolusTime":1702886611386,"time":"2023-12-18T11:28:19.049Z","iobWithZeroTemp":{"iob":-0.202,"basaliob":-0.215,"bolussnooze":0,"activity":-0.0021,"lastBolusTime":1702886611386,"time":"2023-12-18T11:28:19.049Z"}},{"iob":0.012,"basaliob":0.001,"bolussnooze":0,"activity":4.0E-4,"lastBolusTime":1702886611386,"time":"2023-12-18T11:33:19.049Z","iobWithZeroTemp":{"iob":-0.203,"basaliob":-0.214,"bolussnooze":0,"activity":-0.0021,"lastBolusTime":1702886611386,"time":"2023-12-18T11:33:19.049Z"}},{"iob":0.01,"basaliob":0.001,"bolussnooze":0,"activity":3.0E-4,"lastBolusTime":1702886611386,"time":"2023-12-18T11:38:19.049Z","iobWithZeroTemp":{"iob":-0.205,"basaliob":-0.214,"bolussnooze":0,"activity":-0.0022,"lastBolusTime":1702886611386,"time":"2023-12-18T11:38:19.049Z"}},{"iob":0.009,"basaliob":0.001,"bolussnooze":0,"activity":3.0E-4,"lastBolusTime":1702886611386,"time":"2023-12-18T11:43:19.049Z","iobWithZeroTemp":{"iob":-0.206,"basaliob":-0.214,"bolussnooze":0,"activity":-0.0022,"lastBolusTime":1702886611386,"time":"2023-12-18T11:43:19.049Z"}},{"iob":0.007,"basaliob":0.001,"bolussnooze":0,"activity":2.0E-4,"lastBolusTime":1702886611386,"time":"2023-12-18T11:48:19.049Z","iobWithZeroTemp":{"iob":-0.208,"basaliob":-0.214,"bolussnooze":0,"activity":-0.0024,"lastBolusTime":1702886611386,"time":"2023-12-18T11:48:19.049Z"}},{"iob":0.005,"basaliob":0,"bolussnooze":0,"activity":2.0E-4,"lastBolusTime":1702886611386,"time":"2023-12-18T11:53:19.049Z","iobWithZeroTemp":{"iob":-0.209,"basaliob":-0.214,"bolussnooze":0,"activity":-0.0024,"lastBolusTime":1702886611386,"time":"2023-12-18T11:53:19.049Z"}},{"iob":0.004,"basaliob":0,"bolussnooze":0,"activity":2.0E-4,"lastBolusTime":1702886611386,"time":"2023-12-18T11:58:19.049Z","iobWithZeroTemp":{"iob":-0.21,"basaliob":-0.214,"bolussnooze":0,"activity":-0.0024,"lastBolusTime":1702886611386,"time":"2023-12-18T11:58:19.049Z"}},{"iob":0.004,"basaliob":0,"bolussnooze":0,"activity":1.0E-4,"lastBolusTime":1702886611386,"time":"2023-12-18T12:03:19.049Z","iobWithZeroTemp":{"iob":-0.21,"basaliob":-0.214,"bolussnooze":0,"activity":-0.0024,"lastBolusTime":1702886611386,"time":"2023-12-18T12:03:19.049Z"}},{"iob":0.003,"basaliob":0,"bolussnooze":0,"activity":1.0E-4,"lastBolusTime":1702886611386,"time":"2023-12-18T12:08:19.049Z","iobWithZeroTemp":{"iob":-0.211,"basaliob":-0.214,"bolussnooze":0,"activity":-0.0024,"lastBolusTime":1702886611386,"time":"2023-12-18T12:08:19.049Z"}},{"iob":0.002,"basaliob":0,"bolussnooze":0,"activity":1.0E-4,"lastBolusTime":1702886611386,"time":"2023-12-18T12:13:19.049Z","iobWithZeroTemp":{"iob":-0.211,"basaliob":-0.213,"bolussnooze":0,"activity":-0.0024,"lastBolusTime":1702886611386,"time":"2023-12-18T12:13:19.049Z"}},{"iob":0.002,"basaliob":0,"bolussnooze":0,"activity":1.0E-4,"lastBolusTime":1702886611386,"time":"2023-12-18T12:18:19.049Z","iobWithZeroTemp":{"iob":-0.211,"basaliob":-0.213,"bolussnooze":0,"activity":-0.0024,"lastBolusTime":1702886611386,"time":"2023-12-18T12:18:19.049Z"}},{"iob":0.002,"basaliob":0,"bolussnooze":0,"activity":1.0E-4,"lastBolusTime":1702886611386,"time":"2023-12-18T12:23:19.049Z","iobWithZeroTemp":{"iob":-0.211,"basaliob":-0.213,"bolussnooze":0,"activity":-0.0024,"lastBolusTime":1702886611386,"time":"2023-12-18T12:23:19.049Z"}}],"profile":{"max_iob":10,"type":"current","max_daily_basal":0.25,"max_basal":0.75,"min_bg":90,"max_bg":90,"target_bg":90,"carb_ratio":12.6,"sens":84,"max_daily_safety_multiplier":5,"current_basal_safety_multiplier":5,"lgsThreshold":95,"high_temptarget_raises_sensitivity":false,"low_temptarget_lowers_sensitivity":false,"sensitivity_raises_target":true,"resistance_lowers_target":true,"adv_target_adjustments":false,"exercise_mode":false,"half_basal_exercise_target":160,"maxCOB":120,"skip_neutral_temps":false,"remainingCarbsCap":90,"enableUAM":true,"A52_risk_enable":false,"SMBInterval":5,"enableSMB_with_COB":true,"enableSMB_with_temptarget":false,"allowSMB_with_high_temptarget":false,"enableSMB_always":false,"enableSMB_after_carbs":true,"maxSMBBasalMinutes":120,"maxUAMSMBBasalMinutes":120,"bolus_increment":0.05,"carbsReqThreshold":1,"current_basal":0.15000000596046448,"temptargetSet":false,"autosens_max":1.2,"autosens_min":0.7,"variable_sens":74.4,"insulinDivisor":75,"TDD":22.562446541798998},"autosens_data":{"ratio":1},"meal_data":{"carbs":33,"mealCOB":0.43500000000000716,"slopeFromMaxDeviation":-1.0021818181818183,"slopeFromMinDeviation":0,"lastBolusTime":1702886611386,"lastCarbTime":1702882100580},"microBolusAllowed":true,"currentTime":1702888100222,"flatBGsDetected":false,"tdd1D":22.354166475186748,"tdd7D":26.782783919711285,"tddLast24H":24.43333315675457,"tddLast4H":3.729166718820731,"tddLast8to4H":1.5333333333333337},"output":{"temp":"absolute","bg":144,"tick":-4,"eventualBG":89,"targetBG":90,"insulinReq":0,"deliverAt":"2023-12-18T08:28:20.222Z","sensitivityRatio":1,"variable_sens":74.4,"predBGs":{"IOB":[144,140,136,132,129,125,122,118,115,112,109,106,104,101,99,97,95,93,91,89,88,87,85,84,83,82,81,81,80,79,79,78,78,77,77,77,77,76,76,76,76,76,76,75],"ZT":[144,139,135,130,126,122,118,115,111,108,106,103,101,99,97,95,94,93,92,91,91,91,91,91,91,91,91,92,93,93,94,95,96,96],"COB":[144,140,136,132,128,125,121,118,115,112,110,107,105,103,101,99,98,96,95,94,93,92,91,90,90,89,88,88,87,87,87,86,86,86,85,85,85,85,85,85,85,84],"UAM":[144,139,135,130,126,122,118,114,111,107,104,101,99,96,94,91,89,87,85,84,82,81,79,78,77,76,75,75,74,73,73,72,72,71,71,71,70,70,70,70,69]},"reason":"COB: 0.4, Dev: 5, BGI: -5, ISF: 74, CR: 12.6, Target: 90, minPredBG 84, minGuardBG 69, IOBpredBG 75, COBpredBG 84, UAMpredBG 69; minGuardBG 69<95 115m left and 0 ~ req 0U\/hr: no temp required","COB":0.43500000000000716,"IOB":0.804,"timestamp":"2023-12-18T08:28:20.230Z"}}