{"algorithm":"OpenAPSSMBDynamicISFPlugin","input":{"glucoseStatus":{"glucose":154,"noise":0,"delta":-1,"short_avgdelta":-1.28,"long_avgdelta":-1.78,"date":1703031776000},"currenttemp":{"temp":"absolute","duration":25,"rate":0,"minutesrunning":5},"iob_data":[{"iob":0.716,"basaliob":-0.006,"bolussnooze":0,"activity":0.0119,"lastBolusTime":1703031215058,"time":"2023-12-20T00:23:28.097Z","iobWithZeroTemp":{"iob":0.716,"basaliob":-0.006,"bolussnooze":0,"activity":0.0119,"lastBolusTime":1703031215058,"time":"2023-12-20T00:23:28.097Z"}},{"iob":0.658,"basaliob":-0.008,"bolussnooze":0,"activity":0.0112,"lastBolusTime":1703031215058,"time":"2023-12-20T00:28:28.097Z","iobWithZeroTemp":{"iob":0.648,"basaliob":-0.018,"bolussnooze":0,"activity":0.0112,"lastBolusTime":1703031215058,"time":"2023-12-20T00:28:28.097Z"}},{"iob":0.603,"basaliob":-0.01,"bolussnooze":0,"activity":0.0105,"lastBolusTime":1703031215058,"time":"2023-12-20T00:33:28.097Z","iobWithZeroTemp":{"iob":0.581,"basaliob":-0.032,"bolussnooze":0,"activity":0.0105,"lastBolusTime":1703031215058,"time":"2023-12-20T00:33:28.097Z"}},{"iob":0.553,"basaliob":-0.011,"bolussnooze":0,"activity":0.0098,"lastBolusTime":1703031215058,"time":"2023-12-20T00:38:28.097Z","iobWithZeroTemp":{"iob":0.518,"basaliob":-0.046,"bolussnooze":0,"activity":0.0097,"lastBolusTime":1703031215058,"time":"2023-12-20T00:38:28.097Z"}},{"iob":0.505,"basaliob":-0.012,"bolussnooze":0,"activity":0.0092,"lastBolusTime":1703031215058,"time":"2023-12-20T00:43:28.097Z","iobWithZeroTemp":{"iob":0.459,"basaliob":-0.058,"bolussnooze":0,"activity":0.009,"lastBolusTime":1703031215058,"time":"2023-12-20T00:43:28.097Z"}},{"iob":0.461,"basaliob":-0.013,"bolussnooze":0,"activity":0.0085,"lastBolusTime":1703031215058,"time":"2023-12-20T00:48:28.097Z","iobWithZeroTemp":{"iob":0.403,"basaliob":-0.071,"bolussnooze":0,"activity":0.0082,"lastBolusTime":1703031215058,"time":"2023-12-20T00:48:28.097Z"}},{"iob":0.42,"basaliob":-0.013,"bolussnooze":0,"activity":0.0079,"lastBolusTime":1703031215058,"time":"2023-12-20T00:53:28.097Z","iobWithZeroTemp":{"iob":0.351,"basaliob":-0.082,"bolussnooze":0,"activity":0.0075,"lastBolusTime":1703031215058,"time":"2023-12-20T00:53:28.097Z"}},{"iob":0.382,"basaliob":-0.013,"bolussnooze":0,"activity":0.0073,"lastBolusTime":1703031215058,"time":"2023-12-20T00:58:28.097Z","iobWithZeroTemp":{"iob":0.303,"basaliob":-0.092,"bolussnooze":0,"activity":0.0068,"lastBolusTime":1703031215058,"time":"2023-12-20T00:58:28.097Z"}},{"iob":0.347,"basaliob":-0.013,"bolussnooze":0,"activity":0.0068,"lastBolusTime":1703031215058,"time":"2023-12-20T01:03:28.097Z","iobWithZeroTemp":{"iob":0.254,"basaliob":-0.106,"bolussnooze":0,"activity":0.0062,"lastBolusTime":1703031215058,"time":"2023-12-20T01:03:28.097Z"}},{"iob":0.315,"basaliob":-0.013,"bolussnooze":0,"activity":0.0062,"lastBolusTime":1703031215058,"time":"2023-12-20T01:08:28.097Z","iobWithZeroTemp":{"iob":0.208,"basaliob":-0.12,"bolussnooze":0,"activity":0.0055,"lastBolusTime":1703031215058,"time":"2023-12-20T01:08:28.097Z"}},{"iob":0.285,"basaliob":-0.013,"bolussnooze":0,"activity":0.0057,"lastBolusTime":1703031215058,"time":"2023-12-20T01:13:28.097Z","iobWithZeroTemp":{"iob":0.165,"basaliob":-0.133,"bolussnooze":0,"activity":0.0049,"lastBolusTime":1703031215058,"time":"2023-12-20T01:13:28.097Z"}},{"iob":0.257,"basaliob":-0.013,"bolussnooze":0,"activity":0.0052,"lastBolusTime":1703031215058,"time":"2023-12-20T01:18:28.097Z","iobWithZeroTemp":{"iob":0.125,"basaliob":-0.145,"bolussnooze":0,"activity":0.0043,"lastBolusTime":1703031215058,"time":"2023-12-20T01:18:28.097Z"}},{"iob":0.233,"basaliob":-0.012,"bolussnooze":0,"activity":0.0048,"lastBolusTime":1703031215058,"time":"2023-12-20T01:23:28.097Z","iobWithZeroTemp":{"iob":0.09,"basaliob":-0.155,"bolussnooze":0,"activity":0.0037,"lastBolusTime":1703031215058,"time":"2023-12-20T01:23:28.097Z"}},{"iob":0.209,"basaliob":-0.012,"bolussnooze":0,"activity":0.0044,"lastBolusTime":1703031215058,"time":"2023-12-20T01:28:28.097Z","iobWithZeroTemp":{"iob":0.055,"basaliob":-0.166,"bolussnooze":0,"activity":0.0032,"lastBolusTime":1703031215058,"time":"2023-12-20T01:28:28.097Z"}},{"iob":0.189,"basaliob":-0.011,"bolussnooze":0,"activity":0.004,"lastBolusTime":1703031215058,"time":"2023-12-20T01:33:28.097Z","iobWithZeroTemp":{"iob":0.024,"basaliob":-0.176,"bolussnooze":0,"activity":0.0027,"lastBolusTime":1703031215058,"time":"2023-12-20T01:33:28.097Z"}},{"iob":0.169,"basaliob":-0.011,"bolussnooze":0,"activity":0.0037,"lastBolusTime":1703031215058,"time":"2023-12-20T01:38:28.097Z","iobWithZeroTemp":{"iob":-0.005,"basaliob":-0.185,"bolussnooze":0,"activity":0.0022,"lastBolusTime":1703031215058,"time":"2023-12-20T01:38:28.097Z"}},{"iob":0.152,"basaliob":-0.01,"bolussnooze":0,"activity":0.0033,"lastBolusTime":1703031215058,"time":"2023-12-20T01:43:28.097Z","iobWithZeroTemp":{"iob":-0.031,"basaliob":-0.193,"bolussnooze":0,"activity":0.0017,"lastBolusTime":1703031215058,"time":"2023-12-20T01:43:28.097Z"}},{"iob":0.136,"basaliob":-0.01,"bolussnooze":0,"activity":0.003,"lastBolusTime":1703031215058,"time":"2023-12-20T01:48:28.097Z","iobWithZeroTemp":{"iob":-0.056,"basaliob":-0.202,"bolussnooze":0,"activity":0.0013,"lastBolusTime":1703031215058,"time":"2023-12-20T01:48:28.097Z"}},{"iob":0.122,"basaliob":-0.009,"bolussnooze":0,"activity":0.0028,"lastBolusTime":1703031215058,"time":"2023-12-20T01:53:28.097Z","iobWithZeroTemp":{"iob":-0.077,"basaliob":-0.208,"bolussnooze":0,"activity":0.001,"lastBolusTime":1703031215058,"time":"2023-12-20T01:53:28.097Z"}},{"iob":0.108,"basaliob":-0.009,"bolussnooze":0,"activity":0.0025,"lastBolusTime":1703031215058,"time":"2023-12-20T01:58:28.097Z","iobWithZeroTemp":{"iob":-0.099,"basaliob":-0.216,"bolussnooze":0,"activity":6.0E-4,"lastBolusTime":1703031215058,"time":"2023-12-20T01:58:28.097Z"}},{"iob":0.097,"basaliob":-0.008,"bolussnooze":0,"activity":0.0023,"lastBolusTime":1703031215058,"time":"2023-12-20T02:03:28.097Z","iobWithZeroTemp":{"iob":-0.116,"basaliob":-0.221,"bolussnooze":0,"activity":3.0E-4,"lastBolusTime":1703031215058,"time":"2023-12-20T02:03:28.097Z"}},{"iob":0.085,"basaliob":-0.008,"bolussnooze":0,"activity":0.002,"lastBolusTime":1703031215058,"time":"2023-12-20T02:08:28.097Z","iobWithZeroTemp":{"iob":-0.135,"basaliob":-0.228,"bolussnooze":0,"activity":-1.0E-4,"lastBolusTime":1703031215058,"time":"2023-12-20T02:08:28.097Z"}},{"iob":0.076,"basaliob":-0.007,"bolussnooze":0,"activity":0.0018,"lastBolusTime":1703031215058,"time":"2023-12-20T02:13:28.097Z","iobWithZeroTemp":{"iob":-0.149,"basaliob":-0.232,"bolussnooze":0,"activity":-4.0E-4,"lastBolusTime":1703031215058,"time":"2023-12-20T02:13:28.097Z"}},{"iob":0.067,"basaliob":-0.007,"bolussnooze":0,"activity":0.0016,"lastBolusTime":1703031215058,"time":"2023-12-20T02:18:28.097Z","iobWithZeroTemp":{"iob":-0.163,"basaliob":-0.237,"bolussnooze":0,"activity":-7.0E-4,"lastBolusTime":1703031215058,"time":"2023-12-20T02:18:28.097Z"}},{"iob":0.06,"basaliob":-0.006,"bolussnooze":0,"activity":0.0015,"lastBolusTime":1703031215058,"time":"2023-12-20T02:23:28.097Z","iobWithZeroTemp":{"iob":-0.175,"basaliob":-0.241,"bolussnooze":0,"activity":-9.0E-4,"lastBolusTime":1703031215058,"time":"2023-12-20T02:23:28.097Z"}},{"iob":0.053,"basaliob":-0.006,"bolussnooze":0,"activity":0.0013,"lastBolusTime":1703031215058,"time":"2023-12-20T02:28:28.097Z","iobWithZeroTemp":{"iob":-0.187,"basaliob":-0.246,"bolussnooze":0,"activity":-0.0012,"lastBolusTime":1703031215058,"time":"2023-12-20T02:28:28.097Z"}},{"iob":0.047,"basaliob":-0.005,"bolussnooze":0,"activity":0.0012,"lastBolusTime":1703031215058,"time":"2023-12-20T02:33:28.097Z","iobWithZeroTemp":{"iob":-0.197,"basaliob":-0.249,"bolussnooze":0,"activity":-0.0014,"lastBolusTime":1703031215058,"time":"2023-12-20T02:33:28.097Z"}},{"iob":0.041,"basaliob":-0.005,"bolussnooze":0,"activity":0.001,"lastBolusTime":1703031215058,"time":"2023-12-20T02:38:28.097Z","iobWithZeroTemp":{"iob":-0.206,"basaliob":-0.252,"bolussnooze":0,"activity":-0.0016,"lastBolusTime":1703031215058,"time":"2023-12-20T02:38:28.097Z"}},{"iob":0.035,"basaliob":-0.005,"bolussnooze":0,"activity":9.0E-4,"lastBolusTime":1703031215058,"time":"2023-12-20T02:43:28.097Z","iobWithZeroTemp":{"iob":-0.216,"basaliob":-0.256,"bolussnooze":0,"activity":-0.0018,"lastBolusTime":1703031215058,"time":"2023-12-20T02:43:28.097Z"}},{"iob":0.032,"basaliob":-0.004,"bolussnooze":0,"activity":8.0E-4,"lastBolusTime":1703031215058,"time":"2023-12-20T02:48:28.097Z","iobWithZeroTemp":{"iob":-0.222,"basaliob":-0.258,"bolussnooze":0,"activity":-0.0019,"lastBolusTime":1703031215058,"time":"2023-12-20T02:48:28.097Z"}},{"iob":0.027,"basaliob":-0.004,"bolussnooze":0,"activity":7.0E-4,"lastBolusTime":1703031215058,"time":"2023-12-20T02:53:28.097Z","iobWithZeroTemp":{"iob":-0.23,"basaliob":-0.261,"bolussnooze":0,"activity":-0.0021,"lastBolusTime":1703031215058,"time":"2023-12-20T02:53:28.097Z"}},{"iob":0.023,"basaliob":-0.004,"bolussnooze":0,"activity":6.0E-4,"lastBolusTime":1703031215058,"time":"2023-12-20T02:58:28.097Z","iobWithZeroTemp":{"iob":-0.236,"basaliob":-0.263,"bolussnooze":0,"activity":-0.0023,"lastBolusTime":1703031215058,"time":"2023-12-20T02:58:28.097Z"}},{"iob":0.021,"basaliob":-0.003,"bolussnooze":0,"activity":6.0E-4,"lastBolusTime":1703031215058,"time":"2023-12-20T03:03:28.097Z","iobWithZeroTemp":{"iob":-0.236,"basaliob":-0.26,"bolussnooze":0,"activity":-0.0023,"lastBolusTime":1703031215058,"time":"2023-12-20T03:03:28.097Z"}},{"iob":0.018,"basaliob":-0.003,"bolussnooze":0,"activity":5.0E-4,"lastBolusTime":1703031215058,"time":"2023-12-20T03:08:28.097Z","iobWithZeroTemp":{"iob":-0.237,"basaliob":-0.258,"bolussnooze":0,"activity":-0.0024,"lastBolusTime":1703031215058,"time":"2023-12-20T03:08:28.097Z"}},{"iob":0.015,"basaliob":-0.003,"bolussnooze":0,"activity":5.0E-4,"lastBolusTime":1703031215058,"time":"2023-12-20T03:13:28.097Z","iobWithZeroTemp":{"iob":-0.238,"basaliob":-0.256,"bolussnooze":0,"activity":-0.0024,"lastBolusTime":1703031215058,"time":"2023-12-20T03:13:28.097Z"}},{"iob":0.014,"basaliob":-0.002,"bolussnooze":0,"activity":5.0E-4,"lastBolusTime":1703031215058,"time":"2023-12-20T03:18:28.097Z","iobWithZeroTemp":{"iob":-0.237,"basaliob":-0.253,"bolussnooze":0,"activity":-0.0024,"lastBolusTime":1703031215058,"time":"2023-12-20T03:18:28.097Z"}},{"iob":0.011,"basaliob":-0.002,"bolussnooze":0,"activity":4.0E-4,"lastBolusTime":1703031215058,"time":"2023-12-20T03:23:28.097Z","iobWithZeroTemp":{"iob":-0.238,"basaliob":-0.251,"bolussnooze":0,"activity":-0.0026,"lastBolusTime":1703031215058,"time":"2023-12-20T03:23:28.097Z"}},{"iob":0.009,"basaliob":-0.002,"bolussnooze":0,"activity":4.0E-4,"lastBolusTime":1703031215058,"time":"2023-12-20T03:28:28.097Z","iobWithZeroTemp":{"iob":-0.238,"basaliob":-0.249,"bolussnooze":0,"activity":-0.0026,"lastBolusTime":1703031215058,"time":"2023-12-20T03:28:28.097Z"}},{"iob":0.008,"basaliob":-0.002,"bolussnooze":0,"activity":3.0E-4,"lastBolusTime":1703031215058,"time":"2023-12-20T03:33:28.097Z","iobWithZeroTemp":{"iob":-0.236,"basaliob":-0.246,"bolussnooze":0,"activity":-0.0026,"lastBolusTime":1703031215058,"time":"2023-12-20T03:33:28.097Z"}},{"iob":0.006,"basaliob":-0.002,"bolussnooze":0,"activity":3.0E-4,"lastBolusTime":1703031215058,"time":"2023-12-20T03:38:28.097Z","iobWithZeroTemp":{"iob":-0.236,"basaliob":-0.244,"bolussnooze":0,"activity":-0.0026,"lastBolusTime":1703031215058,"time":"2023-12-20T03:38:28.097Z"}},{"iob":0.005,"basaliob":-0.002,"bolussnooze":0,"activity":2.0E-4,"lastBolusTime":1703031215058,"time":"2023-12-20T03:43:28.097Z","iobWithZeroTemp":{"iob":-0.235,"basaliob":-0.242,"bolussnooze":0,"activity":-0.0027,"lastBolusTime":1703031215058,"time":"2023-12-20T03:43:28.097Z"}},{"iob":0.005,"basaliob":-0.001,"bolussnooze":0,"activity":2.0E-4,"lastBolusTime":1703031215058,"time":"2023-12-20T03:48:28.097Z","iobWithZeroTemp":{"iob":-0.233,"basaliob":-0.239,"bolussnooze":0,"activity":-0.0027,"lastBolusTime":1703031215058,"time":"2023-12-20T03:48:28.097Z"}},{"iob":0.004,"basaliob":-0.001,"bolussnooze":0,"activity":2.0E-4,"lastBolusTime":1703031215058,"time":"2023-12-20T03:53:28.097Z","iobWithZeroTemp":{"iob":-0.232,"basaliob":-0.237,"bolussnooze":0,"activity":-0.0027,"lastBolusTime":1703031215058,"time":"2023-12-20T03:53:28.097Z"}},{"iob":0.003,"basaliob":-0.001,"bolussnooze":0,"activity":2.0E-4,"lastBolusTime":1703031215058,"time":"2023-12-20T03:58:28.097Z","iobWithZeroTemp":{"iob":-0.231,"basaliob":-0.235,"bolussnooze":0,"activity":-0.0027,"lastBolusTime":1703031215058,"time":"2023-12-20T03:58:28.097Z"}},{"iob":0.002,"basaliob":-0.001,"bolussnooze":0,"activity":1.0E-4,"lastBolusTime":1703031215058,"time":"2023-12-20T04:03:28.097Z","iobWithZeroTemp":{"iob":-0.239,"basaliob":-0.242,"bolussnooze":0,"activity":-0.0028,"lastBolusTime":1703031215058,"time":"2023-12-20T04:03:28.097Z"}},{"iob":0.002,"basaliob":-0.001,"bolussnooze":0,"activity":1.0E-4,"lastBolusTime":1703031215058,"time":"2023-12-20T04:08:28.097Z","iobWithZeroTemp":{"iob":-0.245,"basaliob":-0.248,"bolussnooze":0,"activity":-0.0028,"lastBolusTime":1703031215058,"time":"2023-12-20T04:08:28.097Z"}},{"iob":0.001,"basaliob":-0.001,"bolussnooze":0,"activity":1.0E-4,"lastBolusTime":1703031215058,"time":"2023-12-20T04:13:28.097Z","iobWithZeroTemp":{"iob":-0.253,"basaliob":-0.255,"bolussnooze":0,"activity":-0.0028,"lastBolusTime":1703031215058,"time":"2023-12-20T04:13:28.097Z"}},{"iob":0.001,"basaliob":-0.001,"bolussnooze":0,"activity":1.0E-4,"lastBolusTime":1703031215058,"time":"2023-12-20T04:18:28.097Z","iobWithZeroTemp":{"iob":-0.259,"basaliob":-0.261,"bolussnooze":0,"activity":-0.0028,"lastBolusTime":1703031215058,"time":"2023-12-20T04:18:28.097Z"}}],"profile":{"max_iob":10,"type":"current","max_daily_basal":0.25,"max_basal":0.75,"min_bg":90,"max_bg":90,"target_bg":90,"carb_ratio":15.6,"sens":84,"max_daily_safety_multiplier":5,"current_basal_safety_multiplier":5,"lgsThreshold":95,"high_temptarget_raises_sensitivity":false,"low_temptarget_lowers_sensitivity":false,"sensitivity_raises_target":true,"resistance_lowers_target":true,"adv_target_adjustments":false,"exercise_mode":false,"half_basal_exercise_target":160,"maxCOB":120,"skip_neutral_temps":false,"remainingCarbsCap":90,"enableUAM":true,"A52_risk_enable":false,"SMBInterval":5,"enableSMB_with_COB":true,"enableSMB_with_temptarget":false,"allowSMB_with_high_temptarget":false,"enableSMB_always":false,"enableSMB_after_carbs":true,"maxSMBBasalMinutes":120,"maxUAMSMBBasalMinutes":120,"bolus_increment":0.05,"carbsReqThreshold":1,"current_basal":0.15000000596046448,"temptargetSet":false,"autosens_max":1.2,"autosens_min":0.7,"variable_sens":75.4,"insulinDivisor":75,"TDD":21.393084732933062},"autosens_data":{"ratio":1},"meal_data":{"carbs":38,"mealCOB":0,"slopeFromMaxDeviation":-0.4562,"slopeFromMinDeviation":0.0043333333333333,"lastBolusTime":1703031215058,"lastCarbTime":1703018782022},"microBolusAllowed":true,"currentTime":1703031810051,"flatBGsDetected":false,"tdd1D":18.86250000521541,"tdd7D":20.877380982715465,"tddLast24H":18.741666668156785,"tddLast4H":5.220833470424016,"tddLast8to4H":1.4041666785875957},"output":{"temp":"absolute","bg":154,"tick":-1,"eventualBG":119,"targetBG":90,"insulinReq":0.18,"deliverAt":"2023-12-20T00:23:30.051Z","sensitivityRatio":1,"variable_sens":75.4,"predBGs":{"IOB":[154,152,151,149,148,146,144,142,141,139,137,135,133,131,129,127,126,124,123,122,121,120,119,118,117,116,116,115,115,114,114,114,114,113,113,113,113,112,112,112,112,112,112,112,112,112,111],"ZT":[154,150,145,141,137,134,130,127,124,122,119,117,115,113,112,111,110,109,108,108,108,107,107,108,108,108,109,110,110],"UAM":[154,152,150,148,146,143,140,137,134,131,129,126,124,122,120,118,117,115,114,112,111,110,109,108,108,107,106,106,105,105,105,104,104,104,103,103,103,103,103,102]},"reason":"COB: 0, Dev: 19, BGI: -4, ISF: 75, CR: 15.6, Target: 90, minPredBG 105, minGuardBG 102, IOBpredBG 111, UAMpredBG 102; Eventual BG 119 >= 90,  insulinReq 0.18. Microbolusing 0.05U. temp 0.00 < 0.51U\/hr. ","COB":0,"IOB":0.716,"units":0.05,"duration":30,"rate":0.5100000059604645,"timestamp":"2023-12-20T00:23:30.078Z"}}