{"algorithm":"OpenAPSSMBDynamicISFPlugin","input":{"glucoseStatus":{"glucose":150,"noise":0,"delta":3,"short_avgdelta":3.39,"long_avgdelta":4.04,"date":1702886571000},"currenttemp":{"temp":"absolute","duration":20,"rate":0.75,"minutesrunning":10},"iob_data":[{"iob":1.059,"basaliob":-0.028,"bolussnooze":0.1292,"activity":0.0153,"lastBolusTime":1702886009108,"time":"2023-12-18T08:03:21.713Z","iobWithZeroTemp":{"iob":1.059,"basaliob":-0.028,"bolussnooze":0.1292,"activity":0.0153,"lastBolusTime":1702886009108,"time":"2023-12-18T08:03:21.713Z"}},{"iob":0.985,"basaliob":-0.022,"bolussnooze":0.1018,"activity":0.0147,"lastBolusTime":1702886009108,"time":"2023-12-18T08:08:21.713Z","iobWithZeroTemp":{"iob":0.975,"basaliob":-0.032,"bolussnooze":0.1018,"activity":0.0147,"lastBolusTime":1702886009108,"time":"2023-12-18T08:08:21.713Z"}},{"iob":0.913,"basaliob":-0.017,"bolussnooze":0.0795,"activity":0.014,"lastBolusTime":1702886009108,"time":"2023-12-18T08:13:21.713Z","iobWithZeroTemp":{"iob":0.891,"basaliob":-0.039,"bolussnooze":0.0795,"activity":0.014,"lastBolusTime":1702886009108,"time":"2023-12-18T08:13:21.713Z"}},{"iob":0.844,"basaliob":-0.013,"bolussnooze":0.0615,"activity":0.0133,"lastBolusTime":1702886009108,"time":"2023-12-18T08:18:21.713Z","iobWithZeroTemp":{"iob":0.809,"basaliob":-0.048,"bolussnooze":0.0615,"activity":0.0132,"lastBolusTime":1702886009108,"time":"2023-12-18T08:18:21.713Z"}},{"iob":0.78,"basaliob":-0.009,"bolussnooze":0.047,"activity":0.0127,"lastBolusTime":1702886009108,"time":"2023-12-18T08:23:21.713Z","iobWithZeroTemp":{"iob":0.734,"basaliob":-0.055,"bolussnooze":0.047,"activity":0.0125,"lastBolusTime":1702886009108,"time":"2023-12-18T08:23:21.713Z"}},{"iob":0.718,"basaliob":-0.006,"bolussnooze":0.0355,"activity":0.012,"lastBolusTime":1702886009108,"time":"2023-12-18T08:28:21.713Z","iobWithZeroTemp":{"iob":0.66,"basaliob":-0.064,"bolussnooze":0.0355,"activity":0.0117,"lastBolusTime":1702886009108,"time":"2023-12-18T08:28:21.713Z"}},{"iob":0.66,"basaliob":-0.004,"bolussnooze":0.0264,"activity":0.0113,"lastBolusTime":1702886009108,"time":"2023-12-18T08:33:21.713Z","iobWithZeroTemp":{"iob":0.591,"basaliob":-0.073,"bolussnooze":0.0264,"activity":0.0109,"lastBolusTime":1702886009108,"time":"2023-12-18T08:33:21.713Z"}},{"iob":0.606,"basaliob":-0.002,"bolussnooze":0.0193,"activity":0.0105,"lastBolusTime":1702886009108,"time":"2023-12-18T08:38:21.713Z","iobWithZeroTemp":{"iob":0.527,"basaliob":-0.081,"bolussnooze":0.0193,"activity":0.01,"lastBolusTime":1702886009108,"time":"2023-12-18T08:38:21.713Z"}},{"iob":0.555,"basaliob":0,"bolussnooze":0.0138,"activity":0.0098,"lastBolusTime":1702886009108,"time":"2023-12-18T08:43:21.713Z","iobWithZeroTemp":{"iob":0.466,"basaliob":-0.089,"bolussnooze":0.0138,"activity":0.0092,"lastBolusTime":1702886009108,"time":"2023-12-18T08:43:21.713Z"}},{"iob":0.507,"basaliob":0.001,"bolussnooze":0.0096,"activity":0.0092,"lastBolusTime":1702886009108,"time":"2023-12-18T08:48:21.713Z","iobWithZeroTemp":{"iob":0.408,"basaliob":-0.098,"bolussnooze":0.0096,"activity":0.0085,"lastBolusTime":1702886009108,"time":"2023-12-18T08:48:21.713Z"}},{"iob":0.463,"basaliob":0.002,"bolussnooze":0.0064,"activity":0.0085,"lastBolusTime":1702886009108,"time":"2023-12-18T08:53:21.713Z","iobWithZeroTemp":{"iob":0.356,"basaliob":-0.105,"bolussnooze":0.0064,"activity":0.0077,"lastBolusTime":1702886009108,"time":"2023-12-18T08:53:21.713Z"}},{"iob":0.422,"basaliob":0.003,"bolussnooze":0.0041,"activity":0.0079,"lastBolusTime":1702886009108,"time":"2023-12-18T08:58:21.713Z","iobWithZeroTemp":{"iob":0.306,"basaliob":-0.113,"bolussnooze":0.0041,"activity":0.007,"lastBolusTime":1702886009108,"time":"2023-12-18T08:58:21.713Z"}},{"iob":0.385,"basaliob":0.004,"bolussnooze":0.0025,"activity":0.0073,"lastBolusTime":1702886009108,"time":"2023-12-18T09:03:21.713Z","iobWithZeroTemp":{"iob":0.257,"basaliob":-0.124,"bolussnooze":0.0025,"activity":0.0063,"lastBolusTime":1702886009108,"time":"2023-12-18T09:03:21.713Z"}},{"iob":0.349,"basaliob":0.004,"bolussnooze":0.0013,"activity":0.0067,"lastBolusTime":1702886009108,"time":"2023-12-18T09:08:21.713Z","iobWithZeroTemp":{"iob":0.21,"basaliob":-0.135,"bolussnooze":0.0013,"activity":0.0056,"lastBolusTime":1702886009108,"time":"2023-12-18T09:08:21.713Z"}},{"iob":0.317,"basaliob":0.005,"bolussnooze":6.0E-4,"activity":0.0062,"lastBolusTime":1702886009108,"time":"2023-12-18T09:13:21.713Z","iobWithZeroTemp":{"iob":0.167,"basaliob":-0.145,"bolussnooze":6.0E-4,"activity":0.005,"lastBolusTime":1702886009108,"time":"2023-12-18T09:13:21.713Z"}},{"iob":0.287,"basaliob":0.005,"bolussnooze":2.0E-4,"activity":0.0058,"lastBolusTime":1702886009108,"time":"2023-12-18T09:18:21.713Z","iobWithZeroTemp":{"iob":0.127,"basaliob":-0.155,"bolussnooze":2.0E-4,"activity":0.0045,"lastBolusTime":1702886009108,"time":"2023-12-18T09:18:21.713Z"}},{"iob":0.259,"basaliob":0.005,"bolussnooze":0,"activity":0.0053,"lastBolusTime":1702886009108,"time":"2023-12-18T09:23:21.713Z","iobWithZeroTemp":{"iob":0.089,"basaliob":-0.165,"bolussnooze":0,"activity":0.0038,"lastBolusTime":1702886009108,"time":"2023-12-18T09:23:21.713Z"}},{"iob":0.234,"basaliob":0.005,"bolussnooze":0,"activity":0.0048,"lastBolusTime":1702886009108,"time":"2023-12-18T09:28:21.713Z","iobWithZeroTemp":{"iob":0.055,"basaliob":-0.174,"bolussnooze":0,"activity":0.0032,"lastBolusTime":1702886009108,"time":"2023-12-18T09:28:21.713Z"}},{"iob":0.211,"basaliob":0.005,"bolussnooze":0,"activity":0.0044,"lastBolusTime":1702886009108,"time":"2023-12-18T09:33:21.713Z","iobWithZeroTemp":{"iob":0.024,"basaliob":-0.182,"bolussnooze":0,"activity":0.0027,"lastBolusTime":1702886009108,"time":"2023-12-18T09:33:21.713Z"}},{"iob":0.189,"basaliob":0.005,"bolussnooze":0,"activity":0.004,"lastBolusTime":1702886009108,"time":"2023-12-18T09:38:21.713Z","iobWithZeroTemp":{"iob":-0.006,"basaliob":-0.19,"bolussnooze":0,"activity":0.0022,"lastBolusTime":1702886009108,"time":"2023-12-18T09:38:21.713Z"}},{"iob":0.17,"basaliob":0.005,"bolussnooze":0,"activity":0.0037,"lastBolusTime":1702886009108,"time":"2023-12-18T09:43:21.713Z","iobWithZeroTemp":{"iob":-0.033,"basaliob":-0.198,"bolussnooze":0,"activity":0.0018,"lastBolusTime":1702886009108,"time":"2023-12-18T09:43:21.713Z"}},{"iob":0.153,"basaliob":0.005,"bolussnooze":0,"activity":0.0033,"lastBolusTime":1702886009108,"time":"2023-12-18T09:48:21.713Z","iobWithZeroTemp":{"iob":-0.057,"basaliob":-0.205,"bolussnooze":0,"activity":0.0013,"lastBolusTime":1702886009108,"time":"2023-12-18T09:48:21.713Z"}},{"iob":0.137,"basaliob":0.005,"bolussnooze":0,"activity":0.003,"lastBolusTime":1702886009108,"time":"2023-12-18T09:53:21.713Z","iobWithZeroTemp":{"iob":-0.079,"basaliob":-0.211,"bolussnooze":0,"activity":9.0E-4,"lastBolusTime":1702886009108,"time":"2023-12-18T09:53:21.713Z"}},{"iob":0.122,"basaliob":0.005,"bolussnooze":0,"activity":0.0027,"lastBolusTime":1702886009108,"time":"2023-12-18T09:58:21.713Z","iobWithZeroTemp":{"iob":-0.1,"basaliob":-0.217,"bolussnooze":0,"activity":5.0E-4,"lastBolusTime":1702886009108,"time":"2023-12-18T09:58:21.713Z"}},{"iob":0.108,"basaliob":0.004,"bolussnooze":0,"activity":0.0025,"lastBolusTime":1702886009108,"time":"2023-12-18T10:03:21.713Z","iobWithZeroTemp":{"iob":-0.115,"basaliob":-0.219,"bolussnooze":0,"activity":2.0E-4,"lastBolusTime":1702886009108,"time":"2023-12-18T10:03:21.713Z"}},{"iob":0.097,"basaliob":0.004,"bolussnooze":0,"activity":0.0022,"lastBolusTime":1702886009108,"time":"2023-12-18T10:08:21.713Z","iobWithZeroTemp":{"iob":-0.127,"basaliob":-0.22,"bolussnooze":0,"activity":-2.0E-4,"lastBolusTime":1702886009108,"time":"2023-12-18T10:08:21.713Z"}},{"iob":0.086,"basaliob":0.004,"bolussnooze":0,"activity":0.002,"lastBolusTime":1702886009108,"time":"2023-12-18T10:13:21.713Z","iobWithZeroTemp":{"iob":-0.139,"basaliob":-0.221,"bolussnooze":0,"activity":-4.0E-4,"lastBolusTime":1702886009108,"time":"2023-12-18T10:13:21.713Z"}},{"iob":0.076,"basaliob":0.004,"bolussnooze":0,"activity":0.0018,"lastBolusTime":1702886009108,"time":"2023-12-18T10:18:21.713Z","iobWithZeroTemp":{"iob":-0.149,"basaliob":-0.221,"bolussnooze":0,"activity":-7.0E-4,"lastBolusTime":1702886009108,"time":"2023-12-18T10:18:21.713Z"}},{"iob":0.068,"basaliob":0.004,"bolussnooze":0,"activity":0.0016,"lastBolusTime":1702886009108,"time":"2023-12-18T10:23:21.713Z","iobWithZeroTemp":{"iob":-0.157,"basaliob":-0.221,"bolussnooze":0,"activity":-9.0E-4,"lastBolusTime":1702886009108,"time":"2023-12-18T10:23:21.713Z"}},{"iob":0.059,"basaliob":0.003,"bolussnooze":0,"activity":0.0015,"lastBolusTime":1702886009108,"time":"2023-12-18T10:28:21.713Z","iobWithZeroTemp":{"iob":-0.166,"basaliob":-0.222,"bolussnooze":0,"activity":-0.001,"lastBolusTime":1702886009108,"time":"2023-12-18T10:28:21.713Z"}},{"iob":0.052,"basaliob":0.003,"bolussnooze":0,"activity":0.0013,"lastBolusTime":1702886009108,"time":"2023-12-18T10:33:21.713Z","iobWithZeroTemp":{"iob":-0.173,"basaliob":-0.222,"bolussnooze":0,"activity":-0.0013,"lastBolusTime":1702886009108,"time":"2023-12-18T10:33:21.713Z"}},{"iob":0.046,"basaliob":0.003,"bolussnooze":0,"activity":0.0012,"lastBolusTime":1702886009108,"time":"2023-12-18T10:38:21.713Z","iobWithZeroTemp":{"iob":-0.178,"basaliob":-0.221,"bolussnooze":0,"activity":-0.0014,"lastBolusTime":1702886009108,"time":"2023-12-18T10:38:21.713Z"}},{"iob":0.04,"basaliob":0.003,"bolussnooze":0,"activity":0.001,"lastBolusTime":1702886009108,"time":"2023-12-18T10:43:21.713Z","iobWithZeroTemp":{"iob":-0.184,"basaliob":-0.221,"bolussnooze":0,"activity":-0.0016,"lastBolusTime":1702886009108,"time":"2023-12-18T10:43:21.713Z"}},{"iob":0.035,"basaliob":0.003,"bolussnooze":0,"activity":9.0E-4,"lastBolusTime":1702886009108,"time":"2023-12-18T10:48:21.713Z","iobWithZeroTemp":{"iob":-0.189,"basaliob":-0.221,"bolussnooze":0,"activity":-0.0017,"lastBolusTime":1702886009108,"time":"2023-12-18T10:48:21.713Z"}},{"iob":0.03,"basaliob":0.002,"bolussnooze":0,"activity":8.0E-4,"lastBolusTime":1702886009108,"time":"2023-12-18T10:53:21.713Z","iobWithZeroTemp":{"iob":-0.193,"basaliob":-0.221,"bolussnooze":0,"activity":-0.0018,"lastBolusTime":1702886009108,"time":"2023-12-18T10:53:21.713Z"}},{"iob":0.026,"basaliob":0.002,"bolussnooze":0,"activity":7.0E-4,"lastBolusTime":1702886009108,"time":"2023-12-18T10:58:21.713Z","iobWithZeroTemp":{"iob":-0.196,"basaliob":-0.22,"bolussnooze":0,"activity":-0.0019,"lastBolusTime":1702886009108,"time":"2023-12-18T10:58:21.713Z"}},{"iob":0.023,"basaliob":0.002,"bolussnooze":0,"activity":6.0E-4,"lastBolusTime":1702886009108,"time":"2023-12-18T11:03:21.713Z","iobWithZeroTemp":{"iob":-0.199,"basaliob":-0.22,"bolussnooze":0,"activity":-0.002,"lastBolusTime":1702886009108,"time":"2023-12-18T11:03:21.713Z"}},{"iob":0.02,"basaliob":0.002,"bolussnooze":0,"activity":6.0E-4,"lastBolusTime":1702886009108,"time":"2023-12-18T11:08:21.713Z","iobWithZeroTemp":{"iob":-0.201,"basaliob":-0.219,"bolussnooze":0,"activity":-0.002,"lastBolusTime":1702886009108,"time":"2023-12-18T11:08:21.713Z"}},{"iob":0.017,"basaliob":0.002,"bolussnooze":0,"activity":5.0E-4,"lastBolusTime":1702886009108,"time":"2023-12-18T11:13:21.713Z","iobWithZeroTemp":{"iob":-0.204,"basaliob":-0.219,"bolussnooze":0,"activity":-0.0021,"lastBolusTime":1702886009108,"time":"2023-12-18T11:13:21.713Z"}},{"iob":0.015,"basaliob":0.002,"bolussnooze":0,"activity":4.0E-4,"lastBolusTime":1702886009108,"time":"2023-12-18T11:18:21.713Z","iobWithZeroTemp":{"iob":-0.205,"basaliob":-0.218,"bolussnooze":0,"activity":-0.0022,"lastBolusTime":1702886009108,"time":"2023-12-18T11:18:21.713Z"}},{"iob":0.013,"basaliob":0.002,"bolussnooze":0,"activity":4.0E-4,"lastBolusTime":1702886009108,"time":"2023-12-18T11:23:21.713Z","iobWithZeroTemp":{"iob":-0.206,"basaliob":-0.217,"bolussnooze":0,"activity":-0.0022,"lastBolusTime":1702886009108,"time":"2023-12-18T11:23:21.713Z"}},{"iob":0.01,"basaliob":0.001,"bolussnooze":0,"activity":3.0E-4,"lastBolusTime":1702886009108,"time":"2023-12-18T11:28:21.713Z","iobWithZeroTemp":{"iob":-0.209,"basaliob":-0.218,"bolussnooze":0,"activity":-0.0023,"lastBolusTime":1702886009108,"time":"2023-12-18T11:28:21.713Z"}},{"iob":0.008,"basaliob":0.001,"bolussnooze":0,"activity":3.0E-4,"lastBolusTime":1702886009108,"time":"2023-12-18T11:33:21.713Z","iobWithZeroTemp":{"iob":-0.21,"basaliob":-0.217,"bolussnooze":0,"activity":-0.0023,"lastBolusTime":1702886009108,"time":"2023-12-18T11:33:21.713Z"}},{"iob":0.007,"basaliob":0.001,"bolussnooze":0,"activity":2.0E-4,"lastBolusTime":1702886009108,"time":"2023-12-18T11:38:21.713Z","iobWithZeroTemp":{"iob":-0.211,"basaliob":-0.217,"bolussnooze":0,"activity":-0.0024,"lastBolusTime":1702886009108,"time":"2023-12-18T11:38:21.713Z"}},{"iob":0.006,"basaliob":0.001,"bolussnooze":0,"activity":2.0E-4,"lastBolusTime":1702886009108,"time":"2023-12-18T11:43:21.713Z","iobWithZeroTemp":{"iob":-0.211,"basaliob":-0.216,"bolussnooze":0,"activity":-0.0024,"lastBolusTime":1702886009108,"time":"2023-12-18T11:43:21.713Z"}},{"iob":0.005,"basaliob":0.001,"bolussnooze":0,"activity":2.0E-4,"lastBolusTime":1702886009108,"time":"2023-12-18T11:48:21.713Z","iobWithZeroTemp":{"iob":-0.212,"basaliob":-0.216,"bolussnooze":0,"activity":-0.0024,"lastBolusTime":1702886009108,"time":"2023-12-18T11:48:21.713Z"}},{"iob":0.004,"basaliob":0.001,"bolussnooze":0,"activity":1.0E-4,"lastBolusTime":1702886009108,"time":"2023-12-18T11:53:21.713Z","iobWithZeroTemp":{"iob":-0.212,"basaliob":-0.215,"bolussnooze":0,"activity":-0.0025,"lastBolusTime":1702886009108,"time":"2023-12-18T11:53:21.713Z"}},{"iob":0.004,"basaliob":0.001,"bolussnooze":0,"activity":1.0E-4,"lastBolusTime":1702886009108,"time":"2023-12-18T11:58:21.713Z","iobWithZeroTemp":{"iob":-0.212,"basaliob":-0.215,"bolussnooze":0,"activity":-0.0025,"lastBolusTime":1702886009108,"time":"2023-12-18T11:58:21.713Z"}}],"profile":{"max_iob":10,"type":"current","max_daily_basal":0.25,"max_basal":0.75,"min_bg":90,"max_bg":90,"target_bg":90,"carb_ratio":12.6,"sens":84,"max_daily_safety_multiplier":5,"current_basal_safety_multiplier":5,"lgsThreshold":95,"high_temptarget_raises_sensitivity":false,"low_temptarget_lowers_sensitivity":false,"sensitivity_raises_target":true,"resistance_lowers_target":true,"adv_target_adjustments":false,"exercise_mode":false,"half_basal_exercise_target":160,"maxCOB":120,"skip_neutral_temps":false,"remainingCarbsCap":90,"enableUAM":true,"A52_risk_enable":false,"SMBInterval":5,"enableSMB_with_COB":true,"enableSMB_with_temptarget":false,"allowSMB_with_high_temptarget":false,"enableSMB_always":false,"enableSMB_after_carbs":true,"maxSMBBasalMinutes":120,"maxUAMSMBBasalMinutes":120,"bolus_increment":0.05,"carbsReqThreshold":1,"current_basal":0.15000000596046448,"temptargetSet":false,"autosens_max":1.2,"autosens_min":0.7,"variable_sens":73,"insulinDivisor":75,"TDD":22.456021539733698},"autosens_data":{"ratio":1},"meal_data":{"carbs":33,"mealCOB":4.849800000000007,"slopeFromMaxDeviation":-0.8217777777777779,"slopeFromMinDeviation":0,"lastBolusTime":1702886009108,"lastCarbTime":1702882100580},"microBolusAllowed":true,"currentTime":1702886603428,"flatBGsDetected":false,"tdd1D":22.354166475186748,"tdd7D":26.782783919711285,"tddLast24H":24.420833155264457,"tddLast4H":3.6041667173306147,"tddLast8to4H":1.6458333333333341},"output":{"temp":"absolute","bg":150,"tick":"+3","eventualBG":124,"targetBG":90,"insulinReq":0.22,"deliverAt":"2023-12-18T08:03:23.428Z","sensitivityRatio":1,"variable_sens":73,"predBGs":{"IOB":[150,152,154,156,157,157,157,157,156,154,153,150,147,145,142,140,138,136,134,132,130,129,128,126,125,124,123,123,122,121,121,120,120,119,119,118,118,118,118,117,117,117,117,117,117,117,117,116],"ZT":[150,144,139,134,128,123,119,114,110,106,102,98,95,92,89,86,84,82,80,79,77,76,76,75,75,75,75,75,75,76,77,77,78,79,80,81,82,83,84,85,86,88,89,90],"COB":[150,152,152,152,150,148,144,140,136,133,129,126,123,121,118,116,114,112,110,108,107,106,104,103,102,101,101,100,99,99,98,98,97,97,96,96,96,96,95],"UAM":[150,152,154,155,156,155,155,154,152,150,147,144,141,138,135,133,131,128,127,125,123,122,120,119,118,117,116,115,114,113,113,112,112,111,111,111,110,110,110,109]},"reason":"COB: 4.8, Dev: 51, BGI: -6, ISF: 73, CR: 12.6, Target: 90, minPredBG 106, minGuardBG 106, IOBpredBG 116, COBpredBG 95, UAMpredBG 109; Eventual BG 124 >= 90,  insulinReq 0.22. Microbolusing 0.1U. temp 0.75 >~ req 0.59U\/hr. ","COB":4.849800000000007,"IOB":1.059,"units":0.1,"timestamp":"2023-12-18T08:03:23.437Z"}}