{"algorithm":"OpenAPSSMBDynamicISFPlugin","input":{"glucoseStatus":{"glucose":83,"noise":0,"delta":-2,"short_avgdelta":-2.5,"long_avgdelta":-2.83,"date":1702949874000},"currenttemp":{"temp":"absolute","duration":60,"rate":0,"minutesrunning":60},"iob_data":[{"iob":0.061,"basaliob":-0.141,"bolussnooze":0,"activity":0.003,"lastBolusTime":1702944224267,"time":"2023-12-19T01:38:26.701Z","iobWithZeroTemp":{"iob":0.061,"basaliob":-0.141,"bolussnooze":0,"activity":0.003,"lastBolusTime":1702944224267,"time":"2023-12-19T01:38:26.701Z"}},{"iob":0.047,"basaliob":-0.136,"bolussnooze":0,"activity":0.0026,"lastBolusTime":1702944224267,"time":"2023-12-19T01:43:26.701Z","iobWithZeroTemp":{"iob":0.034,"basaliob":-0.149,"bolussnooze":0,"activity":0.0026,"lastBolusTime":1702944224267,"time":"2023-12-19T01:43:26.701Z"}},{"iob":0.035,"basaliob":-0.131,"bolussnooze":0,"activity":0.0022,"lastBolusTime":1702944224267,"time":"2023-12-19T01:48:26.701Z","iobWithZeroTemp":{"iob":0.005,"basaliob":-0.161,"bolussnooze":0,"activity":0.0021,"lastBolusTime":1702944224267,"time":"2023-12-19T01:48:26.701Z"}},{"iob":0.025,"basaliob":-0.125,"bolussnooze":0,"activity":0.0018,"lastBolusTime":1702944224267,"time":"2023-12-19T01:53:26.701Z","iobWithZeroTemp":{"iob":-0.021,"basaliob":-0.171,"bolussnooze":0,"activity":0.0017,"lastBolusTime":1702944224267,"time":"2023-12-19T01:53:26.701Z"}},{"iob":0.017,"basaliob":-0.119,"bolussnooze":0,"activity":0.0016,"lastBolusTime":1702944224267,"time":"2023-12-19T01:58:26.701Z","iobWithZeroTemp":{"iob":-0.045,"basaliob":-0.181,"bolussnooze":0,"activity":0.0014,"lastBolusTime":1702944224267,"time":"2023-12-19T01:58:26.701Z"}},{"iob":0.011,"basaliob":-0.112,"bolussnooze":0,"activity":0.0012,"lastBolusTime":1702944224267,"time":"2023-12-19T02:03:26.701Z","iobWithZeroTemp":{"iob":-0.066,"basaliob":-0.189,"bolussnooze":0,"activity":9.0E-4,"lastBolusTime":1702944224267,"time":"2023-12-19T02:03:26.701Z"}},{"iob":0.004,"basaliob":-0.106,"bolussnooze":0,"activity":0.001,"lastBolusTime":1702944224267,"time":"2023-12-19T02:08:26.701Z","iobWithZeroTemp":{"iob":-0.088,"basaliob":-0.198,"bolussnooze":0,"activity":5.0E-4,"lastBolusTime":1702944224267,"time":"2023-12-19T02:08:26.701Z"}},{"iob":-0.001,"basaliob":-0.1,"bolussnooze":0,"activity":8.0E-4,"lastBolusTime":1702944224267,"time":"2023-12-19T02:13:26.701Z","iobWithZeroTemp":{"iob":-0.107,"basaliob":-0.206,"bolussnooze":0,"activity":2.0E-4,"lastBolusTime":1702944224267,"time":"2023-12-19T02:13:26.701Z"}},{"iob":-0.005,"basaliob":-0.094,"bolussnooze":0,"activity":7.0E-4,"lastBolusTime":1702944224267,"time":"2023-12-19T02:18:26.701Z","iobWithZeroTemp":{"iob":-0.124,"basaliob":-0.213,"bolussnooze":0,"activity":0,"lastBolusTime":1702944224267,"time":"2023-12-19T02:18:26.701Z"}},{"iob":-0.008,"basaliob":-0.088,"bolussnooze":0,"activity":6.0E-4,"lastBolusTime":1702944224267,"time":"2023-12-19T02:23:26.701Z","iobWithZeroTemp":{"iob":-0.139,"basaliob":-0.219,"bolussnooze":0,"activity":-3.0E-4,"lastBolusTime":1702944224267,"time":"2023-12-19T02:23:26.701Z"}},{"iob":-0.01,"basaliob":-0.082,"bolussnooze":0,"activity":4.0E-4,"lastBolusTime":1702944224267,"time":"2023-12-19T02:28:26.701Z","iobWithZeroTemp":{"iob":-0.153,"basaliob":-0.225,"bolussnooze":0,"activity":-6.0E-4,"lastBolusTime":1702944224267,"time":"2023-12-19T02:28:26.701Z"}},{"iob":-0.012,"basaliob":-0.076,"bolussnooze":0,"activity":4.0E-4,"lastBolusTime":1702944224267,"time":"2023-12-19T02:33:26.701Z","iobWithZeroTemp":{"iob":-0.166,"basaliob":-0.23,"bolussnooze":0,"activity":-8.0E-4,"lastBolusTime":1702944224267,"time":"2023-12-19T02:33:26.701Z"}},{"iob":-0.013,"basaliob":-0.07,"bolussnooze":0,"activity":2.0E-4,"lastBolusTime":1702944224267,"time":"2023-12-19T02:38:26.701Z","iobWithZeroTemp":{"iob":-0.178,"basaliob":-0.235,"bolussnooze":0,"activity":-0.0011,"lastBolusTime":1702944224267,"time":"2023-12-19T02:38:26.701Z"}},{"iob":-0.014,"basaliob":-0.065,"bolussnooze":0,"activity":2.0E-4,"lastBolusTime":1702944224267,"time":"2023-12-19T02:43:26.701Z","iobWithZeroTemp":{"iob":-0.189,"basaliob":-0.24,"bolussnooze":0,"activity":-0.0012,"lastBolusTime":1702944224267,"time":"2023-12-19T02:43:26.701Z"}},{"iob":-0.015,"basaliob":-0.06,"bolussnooze":0,"activity":1.0E-4,"lastBolusTime":1702944224267,"time":"2023-12-19T02:48:26.701Z","iobWithZeroTemp":{"iob":-0.199,"basaliob":-0.244,"bolussnooze":0,"activity":-0.0015,"lastBolusTime":1702944224267,"time":"2023-12-19T02:48:26.701Z"}},{"iob":-0.016,"basaliob":-0.056,"bolussnooze":0,"activity":1.0E-4,"lastBolusTime":1702944224267,"time":"2023-12-19T02:53:26.701Z","iobWithZeroTemp":{"iob":-0.208,"basaliob":-0.248,"bolussnooze":0,"activity":-0.0016,"lastBolusTime":1702944224267,"time":"2023-12-19T02:53:26.701Z"}},{"iob":-0.015,"basaliob":-0.051,"bolussnooze":0,"activity":0,"lastBolusTime":1702944224267,"time":"2023-12-19T02:58:26.701Z","iobWithZeroTemp":{"iob":-0.215,"basaliob":-0.251,"bolussnooze":0,"activity":-0.0018,"lastBolusTime":1702944224267,"time":"2023-12-19T02:58:26.701Z"}},{"iob":-0.016,"basaliob":-0.047,"bolussnooze":0,"activity":0,"lastBolusTime":1702944224267,"time":"2023-12-19T03:03:26.701Z","iobWithZeroTemp":{"iob":-0.219,"basaliob":-0.25,"bolussnooze":0,"activity":-0.0019,"lastBolusTime":1702944224267,"time":"2023-12-19T03:03:26.701Z"}},{"iob":-0.015,"basaliob":-0.043,"bolussnooze":0,"activity":-1.0E-4,"lastBolusTime":1702944224267,"time":"2023-12-19T03:08:26.701Z","iobWithZeroTemp":{"iob":-0.221,"basaliob":-0.249,"bolussnooze":0,"activity":-0.0021,"lastBolusTime":1702944224267,"time":"2023-12-19T03:08:26.701Z"}},{"iob":-0.016,"basaliob":-0.04,"bolussnooze":0,"activity":-1.0E-4,"lastBolusTime":1702944224267,"time":"2023-12-19T03:13:26.701Z","iobWithZeroTemp":{"iob":-0.224,"basaliob":-0.248,"bolussnooze":0,"activity":-0.0022,"lastBolusTime":1702944224267,"time":"2023-12-19T03:13:26.701Z"}},{"iob":-0.015,"basaliob":-0.036,"bolussnooze":0,"activity":-1.0E-4,"lastBolusTime":1702944224267,"time":"2023-12-19T03:18:26.701Z","iobWithZeroTemp":{"iob":-0.225,"basaliob":-0.246,"bolussnooze":0,"activity":-0.0023,"lastBolusTime":1702944224267,"time":"2023-12-19T03:18:26.701Z"}},{"iob":-0.014,"basaliob":-0.033,"bolussnooze":0,"activity":-1.0E-4,"lastBolusTime":1702944224267,"time":"2023-12-19T03:23:26.701Z","iobWithZeroTemp":{"iob":-0.225,"basaliob":-0.244,"bolussnooze":0,"activity":-0.0023,"lastBolusTime":1702944224267,"time":"2023-12-19T03:23:26.701Z"}},{"iob":-0.014,"basaliob":-0.03,"bolussnooze":0,"activity":-2.0E-4,"lastBolusTime":1702944224267,"time":"2023-12-19T03:28:26.701Z","iobWithZeroTemp":{"iob":-0.227,"basaliob":-0.243,"bolussnooze":0,"activity":-0.0025,"lastBolusTime":1702944224267,"time":"2023-12-19T03:28:26.701Z"}},{"iob":-0.013,"basaliob":-0.027,"bolussnooze":0,"activity":-1.0E-4,"lastBolusTime":1702944224267,"time":"2023-12-19T03:33:26.701Z","iobWithZeroTemp":{"iob":-0.227,"basaliob":-0.241,"bolussnooze":0,"activity":-0.0024,"lastBolusTime":1702944224267,"time":"2023-12-19T03:33:26.701Z"}},{"iob":-0.013,"basaliob":-0.025,"bolussnooze":0,"activity":-1.0E-4,"lastBolusTime":1702944224267,"time":"2023-12-19T03:38:26.701Z","iobWithZeroTemp":{"iob":-0.227,"basaliob":-0.239,"bolussnooze":0,"activity":-0.0025,"lastBolusTime":1702944224267,"time":"2023-12-19T03:38:26.701Z"}},{"iob":-0.012,"basaliob":-0.023,"bolussnooze":0,"activity":-1.0E-4,"lastBolusTime":1702944224267,"time":"2023-12-19T03:43:26.701Z","iobWithZeroTemp":{"iob":-0.227,"basaliob":-0.238,"bolussnooze":0,"activity":-0.0025,"lastBolusTime":1702944224267,"time":"2023-12-19T03:43:26.701Z"}},{"iob":-0.011,"basaliob":-0.02,"bolussnooze":0,"activity":-1.0E-4,"lastBolusTime":1702944224267,"time":"2023-12-19T03:48:26.701Z","iobWithZeroTemp":{"iob":-0.226,"basaliob":-0.235,"bolussnooze":0,"activity":-0.0025,"lastBolusTime":1702944224267,"time":"2023-12-19T03:48:26.701Z"}},{"iob":-0.011,"basaliob":-0.019,"bolussnooze":0,"activity":-2.0E-4,"lastBolusTime":1702944224267,"time":"2023-12-19T03:53:26.701Z","iobWithZeroTemp":{"iob":-0.227,"basaliob":-0.235,"bolussnooze":0,"activity":-0.0027,"lastBolusTime":1702944224267,"time":"2023-12-19T03:53:26.701Z"}},{"iob":-0.01,"basaliob":-0.017,"bolussnooze":0,"activity":-1.0E-4,"lastBolusTime":1702944224267,"time":"2023-12-19T03:58:26.701Z","iobWithZeroTemp":{"iob":-0.226,"basaliob":-0.233,"bolussnooze":0,"activity":-0.0026,"lastBolusTime":1702944224267,"time":"2023-12-19T03:58:26.701Z"}},{"iob":-0.009,"basaliob":-0.015,"bolussnooze":0,"activity":-1.0E-4,"lastBolusTime":1702944224267,"time":"2023-12-19T04:03:26.701Z","iobWithZeroTemp":{"iob":-0.233,"basaliob":-0.239,"bolussnooze":0,"activity":-0.0026,"lastBolusTime":1702944224267,"time":"2023-12-19T04:03:26.701Z"}},{"iob":-0.009,"basaliob":-0.014,"bolussnooze":0,"activity":-1.0E-4,"lastBolusTime":1702944224267,"time":"2023-12-19T04:08:26.701Z","iobWithZeroTemp":{"iob":-0.241,"basaliob":-0.246,"bolussnooze":0,"activity":-0.0026,"lastBolusTime":1702944224267,"time":"2023-12-19T04:08:26.701Z"}},{"iob":-0.008,"basaliob":-0.012,"bolussnooze":0,"activity":-2.0E-4,"lastBolusTime":1702944224267,"time":"2023-12-19T04:13:26.701Z","iobWithZeroTemp":{"iob":-0.248,"basaliob":-0.252,"bolussnooze":0,"activity":-0.0028,"lastBolusTime":1702944224267,"time":"2023-12-19T04:13:26.701Z"}},{"iob":-0.007,"basaliob":-0.011,"bolussnooze":0,"activity":-1.0E-4,"lastBolusTime":1702944224267,"time":"2023-12-19T04:18:26.701Z","iobWithZeroTemp":{"iob":-0.255,"basaliob":-0.259,"bolussnooze":0,"activity":-0.0028,"lastBolusTime":1702944224267,"time":"2023-12-19T04:18:26.701Z"}},{"iob":-0.007,"basaliob":-0.01,"bolussnooze":0,"activity":-1.0E-4,"lastBolusTime":1702944224267,"time":"2023-12-19T04:23:26.701Z","iobWithZeroTemp":{"iob":-0.262,"basaliob":-0.265,"bolussnooze":0,"activity":-0.0028,"lastBolusTime":1702944224267,"time":"2023-12-19T04:23:26.701Z"}},{"iob":-0.006,"basaliob":-0.009,"bolussnooze":0,"activity":-1.0E-4,"lastBolusTime":1702944224267,"time":"2023-12-19T04:28:26.701Z","iobWithZeroTemp":{"iob":-0.268,"basaliob":-0.271,"bolussnooze":0,"activity":-0.0029,"lastBolusTime":1702944224267,"time":"2023-12-19T04:28:26.701Z"}},{"iob":-0.006,"basaliob":-0.008,"bolussnooze":0,"activity":-1.0E-4,"lastBolusTime":1702944224267,"time":"2023-12-19T04:33:26.701Z","iobWithZeroTemp":{"iob":-0.275,"basaliob":-0.277,"bolussnooze":0,"activity":-0.003,"lastBolusTime":1702944224267,"time":"2023-12-19T04:33:26.701Z"}},{"iob":-0.005,"basaliob":-0.007,"bolussnooze":0,"activity":-1.0E-4,"lastBolusTime":1702944224267,"time":"2023-12-19T04:38:26.701Z","iobWithZeroTemp":{"iob":-0.28,"basaliob":-0.282,"bolussnooze":0,"activity":-0.003,"lastBolusTime":1702944224267,"time":"2023-12-19T04:38:26.701Z"}},{"iob":-0.005,"basaliob":-0.006,"bolussnooze":0,"activity":0,"lastBolusTime":1702944224267,"time":"2023-12-19T04:43:26.701Z","iobWithZeroTemp":{"iob":-0.286,"basaliob":-0.287,"bolussnooze":0,"activity":-0.003,"lastBolusTime":1702944224267,"time":"2023-12-19T04:43:26.701Z"}},{"iob":-0.004,"basaliob":-0.005,"bolussnooze":0,"activity":-1.0E-4,"lastBolusTime":1702944224267,"time":"2023-12-19T04:48:26.701Z","iobWithZeroTemp":{"iob":-0.291,"basaliob":-0.292,"bolussnooze":0,"activity":-0.0032,"lastBolusTime":1702944224267,"time":"2023-12-19T04:48:26.701Z"}},{"iob":-0.004,"basaliob":-0.005,"bolussnooze":0,"activity":-1.0E-4,"lastBolusTime":1702944224267,"time":"2023-12-19T04:53:26.701Z","iobWithZeroTemp":{"iob":-0.296,"basaliob":-0.297,"bolussnooze":0,"activity":-0.0032,"lastBolusTime":1702944224267,"time":"2023-12-19T04:53:26.701Z"}},{"iob":-0.003,"basaliob":-0.004,"bolussnooze":0,"activity":-1.0E-4,"lastBolusTime":1702944224267,"time":"2023-12-19T04:58:26.701Z","iobWithZeroTemp":{"iob":-0.3,"basaliob":-0.301,"bolussnooze":0,"activity":-0.0033,"lastBolusTime":1702944224267,"time":"2023-12-19T04:58:26.701Z"}},{"iob":-0.003,"basaliob":-0.004,"bolussnooze":0,"activity":-1.0E-4,"lastBolusTime":1702944224267,"time":"2023-12-19T05:03:26.701Z","iobWithZeroTemp":{"iob":-0.301,"basaliob":-0.302,"bolussnooze":0,"activity":-0.0034,"lastBolusTime":1702944224267,"time":"2023-12-19T05:03:26.701Z"}},{"iob":-0.003,"basaliob":-0.003,"bolussnooze":0,"activity":-1.0E-4,"lastBolusTime":1702944224267,"time":"2023-12-19T05:08:26.701Z","iobWithZeroTemp":{"iob":-0.301,"basaliob":-0.301,"bolussnooze":0,"activity":-0.0034,"lastBolusTime":1702944224267,"time":"2023-12-19T05:08:26.701Z"}},{"iob":-0.003,"basaliob":-0.003,"bolussnooze":0,"activity":-1.0E-4,"lastBolusTime":1702944224267,"time":"2023-12-19T05:13:26.701Z","iobWithZeroTemp":{"iob":-0.301,"basaliob":-0.301,"bolussnooze":0,"activity":-0.0035,"lastBolusTime":1702944224267,"time":"2023-12-19T05:13:26.701Z"}},{"iob":-0.002,"basaliob":-0.002,"bolussnooze":0,"activity":-1.0E-4,"lastBolusTime":1702944224267,"time":"2023-12-19T05:18:26.701Z","iobWithZeroTemp":{"iob":-0.3,"basaliob":-0.3,"bolussnooze":0,"activity":-0.0035,"lastBolusTime":1702944224267,"time":"2023-12-19T05:18:26.701Z"}},{"iob":-0.002,"basaliob":-0.002,"bolussnooze":0,"activity":-1.0E-4,"lastBolusTime":1702944224267,"time":"2023-12-19T05:23:26.701Z","iobWithZeroTemp":{"iob":-0.299,"basaliob":-0.299,"bolussnooze":0,"activity":-0.0035,"lastBolusTime":1702944224267,"time":"2023-12-19T05:23:26.701Z"}},{"iob":-0.002,"basaliob":-0.002,"bolussnooze":0,"activity":-1.0E-4,"lastBolusTime":1702944224267,"time":"2023-12-19T05:28:26.701Z","iobWithZeroTemp":{"iob":-0.299,"basaliob":-0.299,"bolussnooze":0,"activity":-0.0035,"lastBolusTime":1702944224267,"time":"2023-12-19T05:28:26.701Z"}},{"iob":-0.002,"basaliob":-0.002,"bolussnooze":0,"activity":0,"lastBolusTime":1702944224267,"time":"2023-12-19T05:33:26.701Z","iobWithZeroTemp":{"iob":-0.298,"basaliob":-0.298,"bolussnooze":0,"activity":-0.0035,"lastBolusTime":1702944224267,"time":"2023-12-19T05:33:26.701Z"}}],"profile":{"max_iob":10,"type":"current","max_daily_basal":0.25,"max_basal":1,"min_bg":90,"max_bg":90,"target_bg":90,"carb_ratio":15.6,"sens":84,"max_daily_safety_multiplier":5,"current_basal_safety_multiplier":5,"lgsThreshold":95,"high_temptarget_raises_sensitivity":false,"low_temptarget_lowers_sensitivity":false,"sensitivity_raises_target":true,"resistance_lowers_target":true,"adv_target_adjustments":false,"exercise_mode":false,"half_basal_exercise_target":160,"maxCOB":120,"skip_neutral_temps":false,"remainingCarbsCap":90,"enableUAM":true,"A52_risk_enable":false,"SMBInterval":5,"enableSMB_with_COB":true,"enableSMB_with_temptarget":false,"allowSMB_with_high_temptarget":false,"enableSMB_always":false,"enableSMB_after_carbs":true,"maxSMBBasalMinutes":120,"maxUAMSMBBasalMinutes":120,"bolus_increment":0.05,"carbsReqThreshold":1,"current_basal":0.20000000298023224,"temptargetSet":false,"autosens_max":1.2,"autosens_min":0.7,"variable_sens":117.7,"insulinDivisor":75,"TDD":20.518385405467253},"autosens_data":{"ratio":1},"meal_data":{"carbs":0,"mealCOB":0,"slopeFromMaxDeviation":-0.2290909090909091,"slopeFromMinDeviation":0.123,"lastBolusTime":1702944224267,"lastCarbTime":0},"microBolusAllowed":true,"currentTime":1702949908396,"flatBGsDetected":false,"tdd1D":20.141666612277426,"tdd7D":26.78606000595613,"tddLast24H":19.6041666234533,"tddLast4H":2.1875000298023224,"tddLast8to4H":2.916666633139054},"output":{"temp":"absolute","bg":83,"tick":-2,"eventualBG":70,"targetBG":90,"insulinReq":0,"deliverAt":"2023-12-19T01:38:28.396Z","sensitivityRatio":1,"variable_sens":117.7,"predBGs":{"IOB":[83,81,78,77,75,74,72,72,71,70,70,69,69,69,69,69,69,69,69,69,69,69,69,69,69,69,69,69,69,69,70,70,70,70,70,70,70,70,70,70,70,70,70,70,71],"ZT":[83,81,80,78,77,77,76,76,76,76,76,76,77,77,78,79,80,81,82,83,85,86,87,89,90]},"reason":"COB: 0, Dev: -6, BGI: -2, ISF: 118, CR: 15.6, Target: 90, minPredBG 73, minGuardBG 69, IOBpredBG 71; 3 add'l carbs req w\/in 0m; minGuardBG 69<95 60m left and 0 ~ req 0U\/hr: no temp required","COB":0,"IOB":0.061,"carbsReq":3,"carbsReqWithin":0,"timestamp":"2023-12-19T01:38:28.408Z"}}