{"algorithm":"OpenAPSSMBDynamicISFPlugin","input":{"glucoseStatus":{"glucose":115,"noise":0,"delta":-4,"short_avgdelta":-3.39,"long_avgdelta":-1.76,"date":1702867671000},"currenttemp":{"temp":"absolute","duration":25,"rate":0,"minutesrunning":5},"iob_data":[{"iob":0.29,"basaliob":0.286,"bolussnooze":0,"activity":0.0038,"lastBolusTime":1702853609765,"time":"2023-12-18T02:48:19.668Z","iobWithZeroTemp":{"iob":0.29,"basaliob":0.286,"bolussnooze":0,"activity":0.0038,"lastBolusTime":1702853609765,"time":"2023-12-18T02:48:19.668Z"}},{"iob":0.271,"basaliob":0.268,"bolussnooze":0,"activity":0.0037,"lastBolusTime":1702853609765,"time":"2023-12-18T02:53:19.668Z","iobWithZeroTemp":{"iob":0.258,"basaliob":0.255,"bolussnooze":0,"activity":0.0037,"lastBolusTime":1702853609765,"time":"2023-12-18T02:53:19.668Z"}},{"iob":0.253,"basaliob":0.25,"bolussnooze":0,"activity":0.0036,"lastBolusTime":1702853609765,"time":"2023-12-18T02:58:19.668Z","iobWithZeroTemp":{"iob":0.223,"basaliob":0.22,"bolussnooze":0,"activity":0.0035,"lastBolusTime":1702853609765,"time":"2023-12-18T02:58:19.668Z"}},{"iob":0.234,"basaliob":0.232,"bolussnooze":0,"activity":0.0035,"lastBolusTime":1702853609765,"time":"2023-12-18T03:03:19.668Z","iobWithZeroTemp":{"iob":0.192,"basaliob":0.19,"bolussnooze":0,"activity":0.0034,"lastBolusTime":1702853609765,"time":"2023-12-18T03:03:19.668Z"}},{"iob":0.218,"basaliob":0.216,"bolussnooze":0,"activity":0.0034,"lastBolusTime":1702853609765,"time":"2023-12-18T03:08:19.668Z","iobWithZeroTemp":{"iob":0.164,"basaliob":0.162,"bolussnooze":0,"activity":0.0032,"lastBolusTime":1702853609765,"time":"2023-12-18T03:08:19.668Z"}},{"iob":0.202,"basaliob":0.2,"bolussnooze":0,"activity":0.0032,"lastBolusTime":1702853609765,"time":"2023-12-18T03:13:19.668Z","iobWithZeroTemp":{"iob":0.137,"basaliob":0.135,"bolussnooze":0,"activity":0.0029,"lastBolusTime":1702853609765,"time":"2023-12-18T03:13:19.668Z"}},{"iob":0.186,"basaliob":0.185,"bolussnooze":0,"activity":0.0031,"lastBolusTime":1702853609765,"time":"2023-12-18T03:18:19.668Z","iobWithZeroTemp":{"iob":0.11,"basaliob":0.109,"bolussnooze":0,"activity":0.0027,"lastBolusTime":1702853609765,"time":"2023-12-18T03:18:19.668Z"}},{"iob":0.171,"basaliob":0.17,"bolussnooze":0,"activity":0.0028,"lastBolusTime":1702853609765,"time":"2023-12-18T03:23:19.668Z","iobWithZeroTemp":{"iob":0.085,"basaliob":0.084,"bolussnooze":0,"activity":0.0023,"lastBolusTime":1702853609765,"time":"2023-12-18T03:23:19.668Z"}},{"iob":0.158,"basaliob":0.157,"bolussnooze":0,"activity":0.0026,"lastBolusTime":1702853609765,"time":"2023-12-18T03:28:19.668Z","iobWithZeroTemp":{"iob":0.062,"basaliob":0.061,"bolussnooze":0,"activity":0.002,"lastBolusTime":1702853609765,"time":"2023-12-18T03:28:19.668Z"}},{"iob":0.145,"basaliob":0.144,"bolussnooze":0,"activity":0.0025,"lastBolusTime":1702853609765,"time":"2023-12-18T03:33:19.668Z","iobWithZeroTemp":{"iob":0.04,"basaliob":0.039,"bolussnooze":0,"activity":0.0018,"lastBolusTime":1702853609765,"time":"2023-12-18T03:33:19.668Z"}},{"iob":0.133,"basaliob":0.132,"bolussnooze":0,"activity":0.0023,"lastBolusTime":1702853609765,"time":"2023-12-18T03:38:19.668Z","iobWithZeroTemp":{"iob":0.02,"basaliob":0.019,"bolussnooze":0,"activity":0.0015,"lastBolusTime":1702853609765,"time":"2023-12-18T03:38:19.668Z"}},{"iob":0.122,"basaliob":0.121,"bolussnooze":0,"activity":0.0022,"lastBolusTime":1702853609765,"time":"2023-12-18T03:43:19.668Z","iobWithZeroTemp":{"iob":0.001,"basaliob":0,"bolussnooze":0,"activity":0.0012,"lastBolusTime":1702853609765,"time":"2023-12-18T03:43:19.668Z"}},{"iob":0.11,"basaliob":0.11,"bolussnooze":0,"activity":0.002,"lastBolusTime":1702853609765,"time":"2023-12-18T03:48:19.668Z","iobWithZeroTemp":{"iob":-0.019,"basaliob":-0.019,"bolussnooze":0,"activity":9.0E-4,"lastBolusTime":1702853609765,"time":"2023-12-18T03:48:19.668Z"}},{"iob":0.101,"basaliob":0.101,"bolussnooze":0,"activity":0.0019,"lastBolusTime":1702853609765,"time":"2023-12-18T03:53:19.668Z","iobWithZeroTemp":{"iob":-0.035,"basaliob":-0.035,"bolussnooze":0,"activity":7.0E-4,"lastBolusTime":1702853609765,"time":"2023-12-18T03:53:19.668Z"}},{"iob":0.092,"basaliob":0.092,"bolussnooze":0,"activity":0.0017,"lastBolusTime":1702853609765,"time":"2023-12-18T03:58:19.668Z","iobWithZeroTemp":{"iob":-0.05,"basaliob":-0.05,"bolussnooze":0,"activity":5.0E-4,"lastBolusTime":1702853609765,"time":"2023-12-18T03:58:19.668Z"}},{"iob":0.083,"basaliob":0.083,"bolussnooze":0,"activity":0.0016,"lastBolusTime":1702853609765,"time":"2023-12-18T04:03:19.668Z","iobWithZeroTemp":{"iob":-0.074,"basaliob":-0.074,"bolussnooze":0,"activity":2.0E-4,"lastBolusTime":1702853609765,"time":"2023-12-18T04:03:19.668Z"}},{"iob":0.076,"basaliob":0.076,"bolussnooze":0,"activity":0.0015,"lastBolusTime":1702853609765,"time":"2023-12-18T04:08:19.668Z","iobWithZeroTemp":{"iob":-0.094,"basaliob":-0.094,"bolussnooze":0,"activity":0,"lastBolusTime":1702853609765,"time":"2023-12-18T04:08:19.668Z"}},{"iob":0.069,"basaliob":0.069,"bolussnooze":0,"activity":0.0014,"lastBolusTime":1702853609765,"time":"2023-12-18T04:13:19.668Z","iobWithZeroTemp":{"iob":-0.115,"basaliob":-0.115,"bolussnooze":0,"activity":-2.0E-4,"lastBolusTime":1702853609765,"time":"2023-12-18T04:13:19.668Z"}},{"iob":0.062,"basaliob":0.062,"bolussnooze":0,"activity":0.0013,"lastBolusTime":1702853609765,"time":"2023-12-18T04:18:19.668Z","iobWithZeroTemp":{"iob":-0.134,"basaliob":-0.134,"bolussnooze":0,"activity":-4.0E-4,"lastBolusTime":1702853609765,"time":"2023-12-18T04:18:19.668Z"}},{"iob":0.056,"basaliob":0.056,"bolussnooze":0,"activity":0.0011,"lastBolusTime":1702853609765,"time":"2023-12-18T04:23:19.668Z","iobWithZeroTemp":{"iob":-0.152,"basaliob":-0.152,"bolussnooze":0,"activity":-7.0E-4,"lastBolusTime":1702853609765,"time":"2023-12-18T04:23:19.668Z"}},{"iob":0.051,"basaliob":0.051,"bolussnooze":0,"activity":0.0011,"lastBolusTime":1702853609765,"time":"2023-12-18T04:28:19.668Z","iobWithZeroTemp":{"iob":-0.168,"basaliob":-0.168,"bolussnooze":0,"activity":-9.0E-4,"lastBolusTime":1702853609765,"time":"2023-12-18T04:28:19.668Z"}},{"iob":0.046,"basaliob":0.046,"bolussnooze":0,"activity":0.001,"lastBolusTime":1702853609765,"time":"2023-12-18T04:33:19.668Z","iobWithZeroTemp":{"iob":-0.184,"basaliob":-0.184,"bolussnooze":0,"activity":-0.0011,"lastBolusTime":1702853609765,"time":"2023-12-18T04:33:19.668Z"}},{"iob":0.041,"basaliob":0.041,"bolussnooze":0,"activity":9.0E-4,"lastBolusTime":1702853609765,"time":"2023-12-18T04:38:19.668Z","iobWithZeroTemp":{"iob":-0.199,"basaliob":-0.199,"bolussnooze":0,"activity":-0.0013,"lastBolusTime":1702853609765,"time":"2023-12-18T04:38:19.668Z"}},{"iob":0.037,"basaliob":0.037,"bolussnooze":0,"activity":8.0E-4,"lastBolusTime":1702853609765,"time":"2023-12-18T04:43:19.668Z","iobWithZeroTemp":{"iob":-0.212,"basaliob":-0.212,"bolussnooze":0,"activity":-0.0016,"lastBolusTime":1702853609765,"time":"2023-12-18T04:43:19.668Z"}},{"iob":0.033,"basaliob":0.033,"bolussnooze":0,"activity":7.0E-4,"lastBolusTime":1702853609765,"time":"2023-12-18T04:48:19.668Z","iobWithZeroTemp":{"iob":-0.225,"basaliob":-0.225,"bolussnooze":0,"activity":-0.0018,"lastBolusTime":1702853609765,"time":"2023-12-18T04:48:19.668Z"}},{"iob":0.03,"basaliob":0.03,"bolussnooze":0,"activity":7.0E-4,"lastBolusTime":1702853609765,"time":"2023-12-18T04:53:19.668Z","iobWithZeroTemp":{"iob":-0.236,"basaliob":-0.236,"bolussnooze":0,"activity":-0.0019,"lastBolusTime":1702853609765,"time":"2023-12-18T04:53:19.668Z"}},{"iob":0.026,"basaliob":0.026,"bolussnooze":0,"activity":6.0E-4,"lastBolusTime":0,"time":"2023-12-18T04:58:19.668Z","iobWithZeroTemp":{"iob":-0.247,"basaliob":-0.247,"bolussnooze":0,"activity":-0.0021,"lastBolusTime":0,"time":"2023-12-18T04:58:19.668Z"}},{"iob":0.023,"basaliob":0.023,"bolussnooze":0,"activity":5.0E-4,"lastBolusTime":0,"time":"2023-12-18T05:03:19.668Z","iobWithZeroTemp":{"iob":-0.253,"basaliob":-0.253,"bolussnooze":0,"activity":-0.0023,"lastBolusTime":0,"time":"2023-12-18T05:03:19.668Z"}},{"iob":0.021,"basaliob":0.021,"bolussnooze":0,"activity":5.0E-4,"lastBolusTime":0,"time":"2023-12-18T05:08:19.668Z","iobWithZeroTemp":{"iob":-0.257,"basaliob":-0.257,"bolussnooze":0,"activity":-0.0024,"lastBolusTime":0,"time":"2023-12-18T05:08:19.668Z"}},{"iob":0.019,"basaliob":0.019,"bolussnooze":0,"activity":4.0E-4,"lastBolusTime":0,"time":"2023-12-18T05:13:19.668Z","iobWithZeroTemp":{"iob":-0.261,"basaliob":-0.261,"bolussnooze":0,"activity":-0.0026,"lastBolusTime":0,"time":"2023-12-18T05:13:19.668Z"}},{"iob":0.016,"basaliob":0.016,"bolussnooze":0,"activity":4.0E-4,"lastBolusTime":0,"time":"2023-12-18T05:18:19.668Z","iobWithZeroTemp":{"iob":-0.266,"basaliob":-0.266,"bolussnooze":0,"activity":-0.0027,"lastBolusTime":0,"time":"2023-12-18T05:18:19.668Z"}},{"iob":0.015,"basaliob":0.015,"bolussnooze":0,"activity":4.0E-4,"lastBolusTime":0,"time":"2023-12-18T05:23:19.668Z","iobWithZeroTemp":{"iob":-0.268,"basaliob":-0.268,"bolussnooze":0,"activity":-0.0027,"lastBolusTime":0,"time":"2023-12-18T05:23:19.668Z"}},{"iob":0.013,"basaliob":0.013,"bolussnooze":0,"activity":3.0E-4,"lastBolusTime":0,"time":"2023-12-18T05:28:19.668Z","iobWithZeroTemp":{"iob":-0.271,"basaliob":-0.271,"bolussnooze":0,"activity":-0.0029,"lastBolusTime":0,"time":"2023-12-18T05:28:19.668Z"}},{"iob":0.011,"basaliob":0.011,"bolussnooze":0,"activity":3.0E-4,"lastBolusTime":0,"time":"2023-12-18T05:33:19.668Z","iobWithZeroTemp":{"iob":-0.274,"basaliob":-0.274,"bolussnooze":0,"activity":-0.0029,"lastBolusTime":0,"time":"2023-12-18T05:33:19.668Z"}},{"iob":0.01,"basaliob":0.01,"bolussnooze":0,"activity":3.0E-4,"lastBolusTime":0,"time":"2023-12-18T05:38:19.668Z","iobWithZeroTemp":{"iob":-0.276,"basaliob":-0.276,"bolussnooze":0,"activity":-0.0029,"lastBolusTime":0,"time":"2023-12-18T05:38:19.668Z"}},{"iob":0.009,"basaliob":0.009,"bolussnooze":0,"activity":2.0E-4,"lastBolusTime":0,"time":"2023-12-18T05:43:19.668Z","iobWithZeroTemp":{"iob":-0.277,"basaliob":-0.277,"bolussnooze":0,"activity":-0.0031,"lastBolusTime":0,"time":"2023-12-18T05:43:19.668Z"}},{"iob":0.008,"basaliob":0.008,"bolussnooze":0,"activity":2.0E-4,"lastBolusTime":0,"time":"2023-12-18T05:48:19.668Z","iobWithZeroTemp":{"iob":-0.278,"basaliob":-0.278,"bolussnooze":0,"activity":-0.0031,"lastBolusTime":0,"time":"2023-12-18T05:48:19.668Z"}},{"iob":0.007,"basaliob":0.007,"bolussnooze":0,"activity":2.0E-4,"lastBolusTime":0,"time":"2023-12-18T05:53:19.668Z","iobWithZeroTemp":{"iob":-0.28,"basaliob":-0.28,"bolussnooze":0,"activity":-0.0031,"lastBolusTime":0,"time":"2023-12-18T05:53:19.668Z"}},{"iob":0.006,"basaliob":0.006,"bolussnooze":0,"activity":2.0E-4,"lastBolusTime":0,"time":"2023-12-18T05:58:19.668Z","iobWithZeroTemp":{"iob":-0.281,"basaliob":-0.281,"bolussnooze":0,"activity":-0.0031,"lastBolusTime":0,"time":"2023-12-18T05:58:19.668Z"}},{"iob":0.005,"basaliob":0.005,"bolussnooze":0,"activity":1.0E-4,"lastBolusTime":0,"time":"2023-12-18T06:03:19.668Z","iobWithZeroTemp":{"iob":-0.286,"basaliob":-0.286,"bolussnooze":0,"activity":-0.0032,"lastBolusTime":0,"time":"2023-12-18T06:03:19.668Z"}},{"iob":0.004,"basaliob":0.004,"bolussnooze":0,"activity":1.0E-4,"lastBolusTime":0,"time":"2023-12-18T06:08:19.668Z","iobWithZeroTemp":{"iob":-0.291,"basaliob":-0.291,"bolussnooze":0,"activity":-0.0033,"lastBolusTime":0,"time":"2023-12-18T06:08:19.668Z"}},{"iob":0.004,"basaliob":0.004,"bolussnooze":0,"activity":1.0E-4,"lastBolusTime":0,"time":"2023-12-18T06:13:19.668Z","iobWithZeroTemp":{"iob":-0.295,"basaliob":-0.295,"bolussnooze":0,"activity":-0.0033,"lastBolusTime":0,"time":"2023-12-18T06:13:19.668Z"}},{"iob":0.003,"basaliob":0.003,"bolussnooze":0,"activity":1.0E-4,"lastBolusTime":0,"time":"2023-12-18T06:18:19.668Z","iobWithZeroTemp":{"iob":-0.299,"basaliob":-0.299,"bolussnooze":0,"activity":-0.0033,"lastBolusTime":0,"time":"2023-12-18T06:18:19.668Z"}},{"iob":0.003,"basaliob":0.003,"bolussnooze":0,"activity":1.0E-4,"lastBolusTime":0,"time":"2023-12-18T06:23:19.668Z","iobWithZeroTemp":{"iob":-0.303,"basaliob":-0.303,"bolussnooze":0,"activity":-0.0034,"lastBolusTime":0,"time":"2023-12-18T06:23:19.668Z"}},{"iob":0.002,"basaliob":0.002,"bolussnooze":0,"activity":1.0E-4,"lastBolusTime":0,"time":"2023-12-18T06:28:19.668Z","iobWithZeroTemp":{"iob":-0.307,"basaliob":-0.307,"bolussnooze":0,"activity":-0.0034,"lastBolusTime":0,"time":"2023-12-18T06:28:19.668Z"}},{"iob":0.002,"basaliob":0.002,"bolussnooze":0,"activity":1.0E-4,"lastBolusTime":0,"time":"2023-12-18T06:33:19.668Z","iobWithZeroTemp":{"iob":-0.311,"basaliob":-0.311,"bolussnooze":0,"activity":-0.0034,"lastBolusTime":0,"time":"2023-12-18T06:33:19.668Z"}},{"iob":0.002,"basaliob":0.002,"bolussnooze":0,"activity":1.0E-4,"lastBolusTime":0,"time":"2023-12-18T06:38:19.668Z","iobWithZeroTemp":{"iob":-0.314,"basaliob":-0.314,"bolussnooze":0,"activity":-0.0035,"lastBolusTime":0,"time":"2023-12-18T06:38:19.668Z"}},{"iob":0.002,"basaliob":0.002,"bolussnooze":0,"activity":1.0E-4,"lastBolusTime":0,"time":"2023-12-18T06:43:19.668Z","iobWithZeroTemp":{"iob":-0.316,"basaliob":-0.316,"bolussnooze":0,"activity":-0.0035,"lastBolusTime":0,"time":"2023-12-18T06:43:19.668Z"}}],"profile":{"max_iob":10,"type":"current","max_daily_basal":0.25,"max_basal":1,"min_bg":90,"max_bg":90,"target_bg":90,"carb_ratio":15.6,"sens":84,"max_daily_safety_multiplier":5,"current_basal_safety_multiplier":5,"lgsThreshold":95,"high_temptarget_raises_sensitivity":false,"low_temptarget_lowers_sensitivity":false,"sensitivity_raises_target":true,"resistance_lowers_target":true,"adv_target_adjustments":false,"exercise_mode":false,"half_basal_exercise_target":160,"maxCOB":120,"skip_neutral_temps":false,"remainingCarbsCap":90,"enableUAM":true,"A52_risk_enable":false,"SMBInterval":5,"enableSMB_with_COB":true,"enableSMB_with_temptarget":false,"allowSMB_with_high_temptarget":false,"enableSMB_always":false,"enableSMB_after_carbs":true,"maxSMBBasalMinutes":120,"maxUAMSMBBasalMinutes":120,"bolus_increment":0.05,"carbsReqThreshold":1,"current_basal":0.20000000298023224,"temptargetSet":false,"autosens_max":1.2,"autosens_min":0.7,"variable_sens":91.3,"insulinDivisor":75,"TDD":21.214396490609037},"autosens_data":{"ratio":1},"meal_data":{"carbs":0,"mealCOB":0,"slopeFromMaxDeviation":-0.29814285714285704,"slopeFromMinDeviation":0,"lastBolusTime":1702853609765,"lastCarbTime":0},"microBolusAllowed":true,"currentTime":1702867701386,"flatBGsDetected":false,"tdd1D":22.354166475186748,"tdd7D":26.782783919711285,"tddLast24H":22.22916643793384,"tddLast4H":1.8833333348234493,"tddLast8to4H":3.57083336537083},"output":{"temp":"absolute","bg":115,"tick":-4,"eventualBG":89,"targetBG":90,"insulinReq":0,"deliverAt":"2023-12-18T02:48:21.386Z","sensitivityRatio":1,"variable_sens":91.3,"predBGs":{"IOB":[115,111,108,104,101,98,95,92,90,88,86,85,84,83,82,81,80,79,78,77,77,76,75,75,74,74,73,73,73,72,72,72,72,71,71,71,71,71,71,71,70],"ZT":[115,113,112,110,108,107,105,104,103,102,101,100,100,99,99,99,99,99,99,99,99,100,100]},"reason":"COB: 0, Dev: 0, BGI: -2, ISF: 91, CR: 15.6, Target: 90, minPredBG 85, minGuardBG 70, IOBpredBG 70; minGuardBG 70<95","COB":0,"IOB":0.29,"duration":60,"rate":0,"timestamp":"2023-12-18T02:48:21.411Z"}}