{"algorithm":"OpenAPSSMBDynamicISFPlugin","input":{"glucoseStatus":{"glucose":116,"noise":0,"delta":-1,"short_avgdelta":-1.5,"long_avgdelta":-1.52,"date":1702874571000},"currenttemp":{"temp":"absolute","duration":15,"rate":0,"minutesrunning":15},"iob_data":[{"iob":0.174,"basaliob":0.174,"bolussnooze":0,"activity":0.003,"lastBolusTime":1702853609765,"time":"2023-12-18T04:43:21.150Z","iobWithZeroTemp":{"iob":0.174,"basaliob":0.174,"bolussnooze":0,"activity":0.003,"lastBolusTime":1702853609765,"time":"2023-12-18T04:43:21.150Z"}},{"iob":0.159,"basaliob":0.159,"bolussnooze":0,"activity":0.0028,"lastBolusTime":1702853609765,"time":"2023-12-18T04:48:21.150Z","iobWithZeroTemp":{"iob":0.142,"basaliob":0.142,"bolussnooze":0,"activity":0.0028,"lastBolusTime":1702853609765,"time":"2023-12-18T04:48:21.150Z"}},{"iob":0.145,"basaliob":0.145,"bolussnooze":0,"activity":0.0026,"lastBolusTime":1702853609765,"time":"2023-12-18T04:53:21.150Z","iobWithZeroTemp":{"iob":0.108,"basaliob":0.108,"bolussnooze":0,"activity":0.0025,"lastBolusTime":1702853609765,"time":"2023-12-18T04:53:21.150Z"}},{"iob":0.133,"basaliob":0.133,"bolussnooze":0,"activity":0.0024,"lastBolusTime":0,"time":"2023-12-18T04:58:21.150Z","iobWithZeroTemp":{"iob":0.075,"basaliob":0.075,"bolussnooze":0,"activity":0.0022,"lastBolusTime":0,"time":"2023-12-18T04:58:21.150Z"}},{"iob":0.121,"basaliob":0.121,"bolussnooze":0,"activity":0.0023,"lastBolusTime":0,"time":"2023-12-18T05:03:21.150Z","iobWithZeroTemp":{"iob":0.048,"basaliob":0.048,"bolussnooze":0,"activity":0.002,"lastBolusTime":0,"time":"2023-12-18T05:03:21.150Z"}},{"iob":0.11,"basaliob":0.11,"bolussnooze":0,"activity":0.0021,"lastBolusTime":0,"time":"2023-12-18T05:08:21.150Z","iobWithZeroTemp":{"iob":0.022,"basaliob":0.022,"bolussnooze":0,"activity":0.0017,"lastBolusTime":0,"time":"2023-12-18T05:08:21.150Z"}},{"iob":0.1,"basaliob":0.1,"bolussnooze":0,"activity":0.0019,"lastBolusTime":0,"time":"2023-12-18T05:13:21.150Z","iobWithZeroTemp":{"iob":-0.003,"basaliob":-0.003,"bolussnooze":0,"activity":0.0013,"lastBolusTime":0,"time":"2023-12-18T05:13:21.150Z"}},{"iob":0.091,"basaliob":0.091,"bolussnooze":0,"activity":0.0018,"lastBolusTime":0,"time":"2023-12-18T05:18:21.150Z","iobWithZeroTemp":{"iob":-0.025,"basaliob":-0.025,"bolussnooze":0,"activity":0.0011,"lastBolusTime":0,"time":"2023-12-18T05:18:21.150Z"}},{"iob":0.082,"basaliob":0.082,"bolussnooze":0,"activity":0.0016,"lastBolusTime":0,"time":"2023-12-18T05:23:21.150Z","iobWithZeroTemp":{"iob":-0.047,"basaliob":-0.047,"bolussnooze":0,"activity":8.0E-4,"lastBolusTime":0,"time":"2023-12-18T05:23:21.150Z"}},{"iob":0.074,"basaliob":0.074,"bolussnooze":0,"activity":0.0015,"lastBolusTime":0,"time":"2023-12-18T05:28:21.150Z","iobWithZeroTemp":{"iob":-0.067,"basaliob":-0.067,"bolussnooze":0,"activity":5.0E-4,"lastBolusTime":0,"time":"2023-12-18T05:28:21.150Z"}},{"iob":0.067,"basaliob":0.067,"bolussnooze":0,"activity":0.0014,"lastBolusTime":0,"time":"2023-12-18T05:33:21.150Z","iobWithZeroTemp":{"iob":-0.085,"basaliob":-0.085,"bolussnooze":0,"activity":3.0E-4,"lastBolusTime":0,"time":"2023-12-18T05:33:21.150Z"}},{"iob":0.061,"basaliob":0.061,"bolussnooze":0,"activity":0.0013,"lastBolusTime":0,"time":"2023-12-18T05:38:21.150Z","iobWithZeroTemp":{"iob":-0.102,"basaliob":-0.102,"bolussnooze":0,"activity":0,"lastBolusTime":0,"time":"2023-12-18T05:38:21.150Z"}},{"iob":0.055,"basaliob":0.055,"bolussnooze":0,"activity":0.0011,"lastBolusTime":0,"time":"2023-12-18T05:43:21.150Z","iobWithZeroTemp":{"iob":-0.118,"basaliob":-0.118,"bolussnooze":0,"activity":-3.0E-4,"lastBolusTime":0,"time":"2023-12-18T05:43:21.150Z"}},{"iob":0.049,"basaliob":0.049,"bolussnooze":0,"activity":0.001,"lastBolusTime":0,"time":"2023-12-18T05:48:21.150Z","iobWithZeroTemp":{"iob":-0.133,"basaliob":-0.133,"bolussnooze":0,"activity":-5.0E-4,"lastBolusTime":0,"time":"2023-12-18T05:48:21.150Z"}},{"iob":0.044,"basaliob":0.044,"bolussnooze":0,"activity":0.001,"lastBolusTime":0,"time":"2023-12-18T05:53:21.150Z","iobWithZeroTemp":{"iob":-0.147,"basaliob":-0.147,"bolussnooze":0,"activity":-7.0E-4,"lastBolusTime":0,"time":"2023-12-18T05:53:21.150Z"}},{"iob":0.04,"basaliob":0.04,"bolussnooze":0,"activity":9.0E-4,"lastBolusTime":0,"time":"2023-12-18T05:58:21.150Z","iobWithZeroTemp":{"iob":-0.159,"basaliob":-0.159,"bolussnooze":0,"activity":-9.0E-4,"lastBolusTime":0,"time":"2023-12-18T05:58:21.150Z"}},{"iob":0.036,"basaliob":0.036,"bolussnooze":0,"activity":8.0E-4,"lastBolusTime":0,"time":"2023-12-18T06:03:21.150Z","iobWithZeroTemp":{"iob":-0.174,"basaliob":-0.174,"bolussnooze":0,"activity":-0.0011,"lastBolusTime":0,"time":"2023-12-18T06:03:21.150Z"}},{"iob":0.032,"basaliob":0.032,"bolussnooze":0,"activity":7.0E-4,"lastBolusTime":0,"time":"2023-12-18T06:08:21.150Z","iobWithZeroTemp":{"iob":-0.189,"basaliob":-0.189,"bolussnooze":0,"activity":-0.0013,"lastBolusTime":0,"time":"2023-12-18T06:08:21.150Z"}},{"iob":0.028,"basaliob":0.028,"bolussnooze":0,"activity":6.0E-4,"lastBolusTime":0,"time":"2023-12-18T06:13:21.150Z","iobWithZeroTemp":{"iob":-0.204,"basaliob":-0.204,"bolussnooze":0,"activity":-0.0016,"lastBolusTime":0,"time":"2023-12-18T06:13:21.150Z"}},{"iob":0.025,"basaliob":0.025,"bolussnooze":0,"activity":6.0E-4,"lastBolusTime":0,"time":"2023-12-18T06:18:21.150Z","iobWithZeroTemp":{"iob":-0.216,"basaliob":-0.216,"bolussnooze":0,"activity":-0.0017,"lastBolusTime":0,"time":"2023-12-18T06:18:21.150Z"}},{"iob":0.022,"basaliob":0.022,"bolussnooze":0,"activity":5.0E-4,"lastBolusTime":0,"time":"2023-12-18T06:23:21.150Z","iobWithZeroTemp":{"iob":-0.228,"basaliob":-0.228,"bolussnooze":0,"activity":-0.0019,"lastBolusTime":0,"time":"2023-12-18T06:23:21.150Z"}},{"iob":0.02,"basaliob":0.02,"bolussnooze":0,"activity":5.0E-4,"lastBolusTime":0,"time":"2023-12-18T06:28:21.150Z","iobWithZeroTemp":{"iob":-0.239,"basaliob":-0.239,"bolussnooze":0,"activity":-0.002,"lastBolusTime":0,"time":"2023-12-18T06:28:21.150Z"}},{"iob":0.018,"basaliob":0.018,"bolussnooze":0,"activity":4.0E-4,"lastBolusTime":0,"time":"2023-12-18T06:33:21.150Z","iobWithZeroTemp":{"iob":-0.249,"basaliob":-0.249,"bolussnooze":0,"activity":-0.0022,"lastBolusTime":0,"time":"2023-12-18T06:33:21.150Z"}},{"iob":0.016,"basaliob":0.016,"bolussnooze":0,"activity":4.0E-4,"lastBolusTime":0,"time":"2023-12-18T06:38:21.150Z","iobWithZeroTemp":{"iob":-0.258,"basaliob":-0.258,"bolussnooze":0,"activity":-0.0023,"lastBolusTime":0,"time":"2023-12-18T06:38:21.150Z"}},{"iob":0.014,"basaliob":0.014,"bolussnooze":0,"activity":3.0E-4,"lastBolusTime":0,"time":"2023-12-18T06:43:21.150Z","iobWithZeroTemp":{"iob":-0.267,"basaliob":-0.267,"bolussnooze":0,"activity":-0.0026,"lastBolusTime":0,"time":"2023-12-18T06:43:21.150Z"}},{"iob":0.012,"basaliob":0.012,"bolussnooze":0,"activity":3.0E-4,"lastBolusTime":0,"time":"2023-12-18T06:48:21.150Z","iobWithZeroTemp":{"iob":-0.275,"basaliob":-0.275,"bolussnooze":0,"activity":-0.0027,"lastBolusTime":0,"time":"2023-12-18T06:48:21.150Z"}},{"iob":0.011,"basaliob":0.011,"bolussnooze":0,"activity":3.0E-4,"lastBolusTime":0,"time":"2023-12-18T06:53:21.150Z","iobWithZeroTemp":{"iob":-0.282,"basaliob":-0.282,"bolussnooze":0,"activity":-0.0027,"lastBolusTime":0,"time":"2023-12-18T06:53:21.150Z"}},{"iob":0.009,"basaliob":0.009,"bolussnooze":0,"activity":2.0E-4,"lastBolusTime":0,"time":"2023-12-18T06:58:21.150Z","iobWithZeroTemp":{"iob":-0.289,"basaliob":-0.289,"bolussnooze":0,"activity":-0.0029,"lastBolusTime":0,"time":"2023-12-18T06:58:21.150Z"}},{"iob":0.008,"basaliob":0.008,"bolussnooze":0,"activity":2.0E-4,"lastBolusTime":0,"time":"2023-12-18T07:03:21.150Z","iobWithZeroTemp":{"iob":-0.287,"basaliob":-0.287,"bolussnooze":0,"activity":-0.003,"lastBolusTime":0,"time":"2023-12-18T07:03:21.150Z"}},{"iob":0.007,"basaliob":0.007,"bolussnooze":0,"activity":2.0E-4,"lastBolusTime":0,"time":"2023-12-18T07:08:21.150Z","iobWithZeroTemp":{"iob":-0.285,"basaliob":-0.285,"bolussnooze":0,"activity":-0.0031,"lastBolusTime":0,"time":"2023-12-18T07:08:21.150Z"}},{"iob":0.006,"basaliob":0.006,"bolussnooze":0,"activity":2.0E-4,"lastBolusTime":0,"time":"2023-12-18T07:13:21.150Z","iobWithZeroTemp":{"iob":-0.282,"basaliob":-0.282,"bolussnooze":0,"activity":-0.0031,"lastBolusTime":0,"time":"2023-12-18T07:13:21.150Z"}},{"iob":0.005,"basaliob":0.005,"bolussnooze":0,"activity":2.0E-4,"lastBolusTime":0,"time":"2023-12-18T07:18:21.150Z","iobWithZeroTemp":{"iob":-0.279,"basaliob":-0.279,"bolussnooze":0,"activity":-0.0031,"lastBolusTime":0,"time":"2023-12-18T07:18:21.150Z"}},{"iob":0.005,"basaliob":0.005,"bolussnooze":0,"activity":1.0E-4,"lastBolusTime":0,"time":"2023-12-18T07:23:21.150Z","iobWithZeroTemp":{"iob":-0.275,"basaliob":-0.275,"bolussnooze":0,"activity":-0.0032,"lastBolusTime":0,"time":"2023-12-18T07:23:21.150Z"}},{"iob":0.004,"basaliob":0.004,"bolussnooze":0,"activity":1.0E-4,"lastBolusTime":0,"time":"2023-12-18T07:28:21.150Z","iobWithZeroTemp":{"iob":-0.272,"basaliob":-0.272,"bolussnooze":0,"activity":-0.0032,"lastBolusTime":0,"time":"2023-12-18T07:28:21.150Z"}},{"iob":0.003,"basaliob":0.003,"bolussnooze":0,"activity":1.0E-4,"lastBolusTime":0,"time":"2023-12-18T07:33:21.150Z","iobWithZeroTemp":{"iob":-0.269,"basaliob":-0.269,"bolussnooze":0,"activity":-0.0032,"lastBolusTime":0,"time":"2023-12-18T07:33:21.150Z"}},{"iob":0.003,"basaliob":0.003,"bolussnooze":0,"activity":1.0E-4,"lastBolusTime":0,"time":"2023-12-18T07:38:21.150Z","iobWithZeroTemp":{"iob":-0.265,"basaliob":-0.265,"bolussnooze":0,"activity":-0.0032,"lastBolusTime":0,"time":"2023-12-18T07:38:21.150Z"}},{"iob":0.002,"basaliob":0.002,"bolussnooze":0,"activity":1.0E-4,"lastBolusTime":0,"time":"2023-12-18T07:43:21.150Z","iobWithZeroTemp":{"iob":-0.262,"basaliob":-0.262,"bolussnooze":0,"activity":-0.0032,"lastBolusTime":0,"time":"2023-12-18T07:43:21.150Z"}},{"iob":0.002,"basaliob":0.002,"bolussnooze":0,"activity":1.0E-4,"lastBolusTime":0,"time":"2023-12-18T07:48:21.150Z","iobWithZeroTemp":{"iob":-0.258,"basaliob":-0.258,"bolussnooze":0,"activity":-0.0031,"lastBolusTime":0,"time":"2023-12-18T07:48:21.150Z"}},{"iob":0.002,"basaliob":0.002,"bolussnooze":0,"activity":1.0E-4,"lastBolusTime":0,"time":"2023-12-18T07:53:21.150Z","iobWithZeroTemp":{"iob":-0.255,"basaliob":-0.255,"bolussnooze":0,"activity":-0.0031,"lastBolusTime":0,"time":"2023-12-18T07:53:21.150Z"}},{"iob":0.001,"basaliob":0.001,"bolussnooze":0,"activity":1.0E-4,"lastBolusTime":0,"time":"2023-12-18T07:58:21.150Z","iobWithZeroTemp":{"iob":-0.252,"basaliob":-0.252,"bolussnooze":0,"activity":-0.0031,"lastBolusTime":0,"time":"2023-12-18T07:58:21.150Z"}},{"iob":0.001,"basaliob":0.001,"bolussnooze":0,"activity":0,"lastBolusTime":0,"time":"2023-12-18T08:03:21.150Z","iobWithZeroTemp":{"iob":-0.249,"basaliob":-0.249,"bolussnooze":0,"activity":-0.0031,"lastBolusTime":0,"time":"2023-12-18T08:03:21.150Z"}},{"iob":0.001,"basaliob":0.001,"bolussnooze":0,"activity":0,"lastBolusTime":0,"time":"2023-12-18T08:08:21.150Z","iobWithZeroTemp":{"iob":-0.246,"basaliob":-0.246,"bolussnooze":0,"activity":-0.0031,"lastBolusTime":0,"time":"2023-12-18T08:08:21.150Z"}},{"iob":0.001,"basaliob":0.001,"bolussnooze":0,"activity":0,"lastBolusTime":0,"time":"2023-12-18T08:13:21.150Z","iobWithZeroTemp":{"iob":-0.243,"basaliob":-0.243,"bolussnooze":0,"activity":-0.0031,"lastBolusTime":0,"time":"2023-12-18T08:13:21.150Z"}},{"iob":0.001,"basaliob":0.001,"bolussnooze":0,"activity":0,"lastBolusTime":0,"time":"2023-12-18T08:18:21.150Z","iobWithZeroTemp":{"iob":-0.24,"basaliob":-0.24,"bolussnooze":0,"activity":-0.003,"lastBolusTime":0,"time":"2023-12-18T08:18:21.150Z"}},{"iob":0,"basaliob":0,"bolussnooze":0,"activity":0,"lastBolusTime":0,"time":"2023-12-18T08:23:21.150Z","iobWithZeroTemp":{"iob":-0.239,"basaliob":-0.239,"bolussnooze":0,"activity":-0.003,"lastBolusTime":0,"time":"2023-12-18T08:23:21.150Z"}},{"iob":0,"basaliob":0,"bolussnooze":0,"activity":0,"lastBolusTime":0,"time":"2023-12-18T08:28:21.150Z","iobWithZeroTemp":{"iob":-0.236,"basaliob":-0.236,"bolussnooze":0,"activity":-0.003,"lastBolusTime":0,"time":"2023-12-18T08:28:21.150Z"}},{"iob":0,"basaliob":0,"bolussnooze":0,"activity":0,"lastBolusTime":0,"time":"2023-12-18T08:33:21.150Z","iobWithZeroTemp":{"iob":-0.234,"basaliob":-0.234,"bolussnooze":0,"activity":-0.0029,"lastBolusTime":0,"time":"2023-12-18T08:33:21.150Z"}},{"iob":0,"basaliob":0,"bolussnooze":0,"activity":0,"lastBolusTime":0,"time":"2023-12-18T08:38:21.150Z","iobWithZeroTemp":{"iob":-0.232,"basaliob":-0.232,"bolussnooze":0,"activity":-0.0029,"lastBolusTime":0,"time":"2023-12-18T08:38:21.150Z"}}],"profile":{"max_iob":10,"type":"current","max_daily_basal":0.25,"max_basal":1.25,"min_bg":90,"max_bg":90,"target_bg":90,"carb_ratio":15.6,"sens":84,"max_daily_safety_multiplier":5,"current_basal_safety_multiplier":5,"lgsThreshold":95,"high_temptarget_raises_sensitivity":false,"low_temptarget_lowers_sensitivity":false,"sensitivity_raises_target":true,"resistance_lowers_target":true,"adv_target_adjustments":false,"exercise_mode":false,"half_basal_exercise_target":160,"maxCOB":120,"skip_neutral_temps":false,"remainingCarbsCap":90,"enableUAM":true,"A52_risk_enable":false,"SMBInterval":5,"enableSMB_with_COB":true,"enableSMB_with_temptarget":false,"allowSMB_with_high_temptarget":false,"enableSMB_always":false,"enableSMB_after_carbs":true,"maxSMBBasalMinutes":120,"maxUAMSMBBasalMinutes":120,"bolus_increment":0.05,"carbsReqThreshold":1,"current_basal":0.25,"temptargetSet":false,"autosens_max":1.2,"autosens_min":0.7,"variable_sens":98.1,"insulinDivisor":75,"TDD":19.620496473496544},"autosens_data":{"ratio":1},"meal_data":{"carbs":0,"mealCOB":0,"slopeFromMaxDeviation":-0.4733636363636363,"slopeFromMinDeviation":0.249,"lastBolusTime":1702853609765,"lastCarbTime":0},"microBolusAllowed":true,"currentTime":1702874602679,"flatBGsDetected":false,"tdd1D":22.354166475186748,"tdd7D":26.782783919711285,"tddLast24H":22.10416643793384,"tddLast4H":1.5583333333333336,"tddLast8to4H":1.6458333400388558},"output":{"temp":"absolute","bg":116,"tick":-1,"eventualBG":99,"targetBG":90,"insulinReq":0.09,"deliverAt":"2023-12-18T04:43:22.679Z","sensitivityRatio":1,"variable_sens":98.1,"predBGs":{"IOB":[116,115,113,112,111,109,108,107,107,106,105,104,103,103,102,102,101,101,101,100,100,100,99,99,99,99,99,98,98,98,98,98,98,98,98,98,98,98,98,98,97],"ZT":[116,115,113,112,111,110,109,108,108,107,107,107,107,107,107,108,108,109,109]},"reason":"COB: 0, Dev: 0, BGI: -1, ISF: 98, CR: 15.6, Target: 90, minPredBG 102, minGuardBG 97, IOBpredBG 97; Eventual BG 99 >= 90, temp 0.00 < 0.43U\/hr. ","COB":0,"IOB":0.174,"duration":30,"rate":0.43,"timestamp":"2023-12-18T04:43:22.686Z"}}