{"algorithm":"OpenAPSSMBDynamicISFPlugin","input":{"glucoseStatus":{"glucose":174,"noise":0,"delta":2,"short_avgdelta":1.33,"long_avgdelta":2.07,"date":1703028477000},"currenttemp":{"temp":"absolute","duration":115,"rate":0,"minutesrunning":5},"iob_data":[{"iob":1.605,"basaliob":0.189,"bolussnooze":0,"activity":0.018,"lastBolusTime":1703027926416,"time":"2023-12-19T23:28:29.290Z","iobWithZeroTemp":{"iob":1.605,"basaliob":0.189,"bolussnooze":0,"activity":0.018,"lastBolusTime":1703027926416,"time":"2023-12-19T23:28:29.290Z"}},{"iob":1.514,"basaliob":0.179,"bolussnooze":0,"activity":0.0181,"lastBolusTime":1703027926416,"time":"2023-12-19T23:33:29.290Z","iobWithZeroTemp":{"iob":1.501,"basaliob":0.166,"bolussnooze":0,"activity":0.0181,"lastBolusTime":1703027926416,"time":"2023-12-19T23:33:29.290Z"}},{"iob":1.423,"basaliob":0.168,"bolussnooze":0,"activity":0.018,"lastBolusTime":1703027926416,"time":"2023-12-19T23:38:29.290Z","iobWithZeroTemp":{"iob":1.393,"basaliob":0.138,"bolussnooze":0,"activity":0.0179,"lastBolusTime":1703027926416,"time":"2023-12-19T23:38:29.290Z"}},{"iob":1.334,"basaliob":0.158,"bolussnooze":0,"activity":0.0177,"lastBolusTime":1703027926416,"time":"2023-12-19T23:43:29.290Z","iobWithZeroTemp":{"iob":1.288,"basaliob":0.112,"bolussnooze":0,"activity":0.0176,"lastBolusTime":1703027926416,"time":"2023-12-19T23:43:29.290Z"}},{"iob":1.247,"basaliob":0.148,"bolussnooze":0,"activity":0.0172,"lastBolusTime":1703027926416,"time":"2023-12-19T23:48:29.290Z","iobWithZeroTemp":{"iob":1.185,"basaliob":0.086,"bolussnooze":0,"activity":0.017,"lastBolusTime":1703027926416,"time":"2023-12-19T23:48:29.290Z"}},{"iob":1.163,"basaliob":0.139,"bolussnooze":0,"activity":0.0166,"lastBolusTime":1703027926416,"time":"2023-12-19T23:53:29.290Z","iobWithZeroTemp":{"iob":1.086,"basaliob":0.062,"bolussnooze":0,"activity":0.0163,"lastBolusTime":1703027926416,"time":"2023-12-19T23:53:29.290Z"}},{"iob":1.08,"basaliob":0.129,"bolussnooze":0,"activity":0.016,"lastBolusTime":1703027926416,"time":"2023-12-19T23:58:29.290Z","iobWithZeroTemp":{"iob":0.988,"basaliob":0.037,"bolussnooze":0,"activity":0.0155,"lastBolusTime":1703027926416,"time":"2023-12-19T23:58:29.290Z"}},{"iob":1.002,"basaliob":0.12,"bolussnooze":0,"activity":0.0153,"lastBolusTime":1703027926416,"time":"2023-12-20T00:03:29.290Z","iobWithZeroTemp":{"iob":0.9,"basaliob":0.018,"bolussnooze":0,"activity":0.0147,"lastBolusTime":1703027926416,"time":"2023-12-20T00:03:29.290Z"}},{"iob":0.928,"basaliob":0.112,"bolussnooze":0,"activity":0.0146,"lastBolusTime":1703027926416,"time":"2023-12-20T00:08:29.290Z","iobWithZeroTemp":{"iob":0.817,"basaliob":0.001,"bolussnooze":0,"activity":0.0139,"lastBolusTime":1703027926416,"time":"2023-12-20T00:08:29.290Z"}},{"iob":0.857,"basaliob":0.103,"bolussnooze":0,"activity":0.0138,"lastBolusTime":1703027926416,"time":"2023-12-20T00:13:29.290Z","iobWithZeroTemp":{"iob":0.738,"basaliob":-0.016,"bolussnooze":0,"activity":0.0129,"lastBolusTime":1703027926416,"time":"2023-12-20T00:13:29.290Z"}},{"iob":0.789,"basaliob":0.095,"bolussnooze":0,"activity":0.013,"lastBolusTime":1703027926416,"time":"2023-12-20T00:18:29.290Z","iobWithZeroTemp":{"iob":0.662,"basaliob":-0.032,"bolussnooze":0,"activity":0.012,"lastBolusTime":1703027926416,"time":"2023-12-20T00:18:29.290Z"}},{"iob":0.727,"basaliob":0.088,"bolussnooze":0,"activity":0.0122,"lastBolusTime":1703027926416,"time":"2023-12-20T00:23:29.290Z","iobWithZeroTemp":{"iob":0.592,"basaliob":-0.047,"bolussnooze":0,"activity":0.0111,"lastBolusTime":1703027926416,"time":"2023-12-20T00:23:29.290Z"}},{"iob":0.667,"basaliob":0.081,"bolussnooze":0,"activity":0.0115,"lastBolusTime":1703027926416,"time":"2023-12-20T00:28:29.290Z","iobWithZeroTemp":{"iob":0.525,"basaliob":-0.061,"bolussnooze":0,"activity":0.0103,"lastBolusTime":1703027926416,"time":"2023-12-20T00:28:29.290Z"}},{"iob":0.611,"basaliob":0.074,"bolussnooze":0,"activity":0.0108,"lastBolusTime":1703027926416,"time":"2023-12-20T00:33:29.290Z","iobWithZeroTemp":{"iob":0.463,"basaliob":-0.074,"bolussnooze":0,"activity":0.0095,"lastBolusTime":1703027926416,"time":"2023-12-20T00:33:29.290Z"}},{"iob":0.559,"basaliob":0.068,"bolussnooze":0,"activity":0.01,"lastBolusTime":1703027926416,"time":"2023-12-20T00:38:29.290Z","iobWithZeroTemp":{"iob":0.405,"basaliob":-0.086,"bolussnooze":0,"activity":0.0086,"lastBolusTime":1703027926416,"time":"2023-12-20T00:38:29.290Z"}},{"iob":0.511,"basaliob":0.062,"bolussnooze":0,"activity":0.0093,"lastBolusTime":1703027926416,"time":"2023-12-20T00:43:29.290Z","iobWithZeroTemp":{"iob":0.352,"basaliob":-0.097,"bolussnooze":0,"activity":0.0078,"lastBolusTime":1703027926416,"time":"2023-12-20T00:43:29.290Z"}},{"iob":0.466,"basaliob":0.057,"bolussnooze":0,"activity":0.0086,"lastBolusTime":1703027926416,"time":"2023-12-20T00:48:29.290Z","iobWithZeroTemp":{"iob":0.302,"basaliob":-0.107,"bolussnooze":0,"activity":0.007,"lastBolusTime":1703027926416,"time":"2023-12-20T00:48:29.290Z"}},{"iob":0.424,"basaliob":0.052,"bolussnooze":0,"activity":0.0081,"lastBolusTime":1703027926416,"time":"2023-12-20T00:53:29.290Z","iobWithZeroTemp":{"iob":0.255,"basaliob":-0.117,"bolussnooze":0,"activity":0.0065,"lastBolusTime":1703027926416,"time":"2023-12-20T00:53:29.290Z"}},{"iob":0.385,"basaliob":0.047,"bolussnooze":0,"activity":0.0074,"lastBolusTime":1703027926416,"time":"2023-12-20T00:58:29.290Z","iobWithZeroTemp":{"iob":0.212,"basaliob":-0.126,"bolussnooze":0,"activity":0.0057,"lastBolusTime":1703027926416,"time":"2023-12-20T00:58:29.290Z"}},{"iob":0.35,"basaliob":0.043,"bolussnooze":0,"activity":0.0068,"lastBolusTime":1703027926416,"time":"2023-12-20T01:03:29.290Z","iobWithZeroTemp":{"iob":0.169,"basaliob":-0.138,"bolussnooze":0,"activity":0.005,"lastBolusTime":1703027926416,"time":"2023-12-20T01:03:29.290Z"}},{"iob":0.317,"basaliob":0.039,"bolussnooze":0,"activity":0.0063,"lastBolusTime":1703027926416,"time":"2023-12-20T01:08:29.290Z","iobWithZeroTemp":{"iob":0.129,"basaliob":-0.149,"bolussnooze":0,"activity":0.0044,"lastBolusTime":1703027926416,"time":"2023-12-20T01:08:29.290Z"}},{"iob":0.288,"basaliob":0.036,"bolussnooze":0,"activity":0.0058,"lastBolusTime":1703027926416,"time":"2023-12-20T01:13:29.290Z","iobWithZeroTemp":{"iob":0.093,"basaliob":-0.159,"bolussnooze":0,"activity":0.0039,"lastBolusTime":1703027926416,"time":"2023-12-20T01:13:29.290Z"}},{"iob":0.259,"basaliob":0.032,"bolussnooze":0,"activity":0.0053,"lastBolusTime":1703027926416,"time":"2023-12-20T01:18:29.290Z","iobWithZeroTemp":{"iob":0.057,"basaliob":-0.17,"bolussnooze":0,"activity":0.0033,"lastBolusTime":1703027926416,"time":"2023-12-20T01:18:29.290Z"}},{"iob":0.234,"basaliob":0.029,"bolussnooze":0,"activity":0.0049,"lastBolusTime":1703027926416,"time":"2023-12-20T01:23:29.290Z","iobWithZeroTemp":{"iob":0.026,"basaliob":-0.179,"bolussnooze":0,"activity":0.0028,"lastBolusTime":1703027926416,"time":"2023-12-20T01:23:29.290Z"}},{"iob":0.211,"basaliob":0.026,"bolussnooze":0,"activity":0.0044,"lastBolusTime":1703027926416,"time":"2023-12-20T01:28:29.290Z","iobWithZeroTemp":{"iob":-0.003,"basaliob":-0.188,"bolussnooze":0,"activity":0.0022,"lastBolusTime":1703027926416,"time":"2023-12-20T01:28:29.290Z"}},{"iob":0.19,"basaliob":0.024,"bolussnooze":0,"activity":0.0041,"lastBolusTime":1703027926416,"time":"2023-12-20T01:33:29.290Z","iobWithZeroTemp":{"iob":-0.03,"basaliob":-0.196,"bolussnooze":0,"activity":0.0018,"lastBolusTime":1703027926416,"time":"2023-12-20T01:33:29.290Z"}},{"iob":0.17,"basaliob":0.021,"bolussnooze":0,"activity":0.0037,"lastBolusTime":1703027926416,"time":"2023-12-20T01:38:29.290Z","iobWithZeroTemp":{"iob":-0.055,"basaliob":-0.204,"bolussnooze":0,"activity":0.0014,"lastBolusTime":1703027926416,"time":"2023-12-20T01:38:29.290Z"}},{"iob":0.152,"basaliob":0.019,"bolussnooze":0,"activity":0.0033,"lastBolusTime":1703027926416,"time":"2023-12-20T01:43:29.290Z","iobWithZeroTemp":{"iob":-0.078,"basaliob":-0.211,"bolussnooze":0,"activity":9.0E-4,"lastBolusTime":1703027926416,"time":"2023-12-20T01:43:29.290Z"}},{"iob":0.136,"basaliob":0.017,"bolussnooze":0,"activity":0.0031,"lastBolusTime":1703027926416,"time":"2023-12-20T01:48:29.290Z","iobWithZeroTemp":{"iob":-0.098,"basaliob":-0.217,"bolussnooze":0,"activity":6.0E-4,"lastBolusTime":1703027926416,"time":"2023-12-20T01:48:29.290Z"}},{"iob":0.122,"basaliob":0.015,"bolussnooze":0,"activity":0.0027,"lastBolusTime":1703027926416,"time":"2023-12-20T01:53:29.290Z","iobWithZeroTemp":{"iob":-0.117,"basaliob":-0.224,"bolussnooze":0,"activity":2.0E-4,"lastBolusTime":1703027926416,"time":"2023-12-20T01:53:29.290Z"}},{"iob":0.109,"basaliob":0.014,"bolussnooze":0,"activity":0.0025,"lastBolusTime":1703027926416,"time":"2023-12-20T01:58:29.290Z","iobWithZeroTemp":{"iob":-0.133,"basaliob":-0.228,"bolussnooze":0,"activity":-1.0E-4,"lastBolusTime":1703027926416,"time":"2023-12-20T01:58:29.290Z"}},{"iob":0.097,"basaliob":0.012,"bolussnooze":0,"activity":0.0023,"lastBolusTime":1703027926416,"time":"2023-12-20T02:03:29.290Z","iobWithZeroTemp":{"iob":-0.149,"basaliob":-0.234,"bolussnooze":0,"activity":-4.0E-4,"lastBolusTime":1703027926416,"time":"2023-12-20T02:03:29.290Z"}},{"iob":0.086,"basaliob":0.011,"bolussnooze":0,"activity":0.0021,"lastBolusTime":1703027926416,"time":"2023-12-20T02:08:29.290Z","iobWithZeroTemp":{"iob":-0.163,"basaliob":-0.238,"bolussnooze":0,"activity":-6.0E-4,"lastBolusTime":1703027926416,"time":"2023-12-20T02:08:29.290Z"}},{"iob":0.077,"basaliob":0.01,"bolussnooze":0,"activity":0.0018,"lastBolusTime":1703027926416,"time":"2023-12-20T02:13:29.290Z","iobWithZeroTemp":{"iob":-0.175,"basaliob":-0.242,"bolussnooze":0,"activity":-0.001,"lastBolusTime":1703027926416,"time":"2023-12-20T02:13:29.290Z"}},{"iob":0.067,"basaliob":0.008,"bolussnooze":0,"activity":0.0016,"lastBolusTime":1703027926416,"time":"2023-12-20T02:18:29.290Z","iobWithZeroTemp":{"iob":-0.188,"basaliob":-0.247,"bolussnooze":0,"activity":-0.0012,"lastBolusTime":1703027926416,"time":"2023-12-20T02:18:29.290Z"}},{"iob":0.059,"basaliob":0.007,"bolussnooze":0,"activity":0.0015,"lastBolusTime":1703027926416,"time":"2023-12-20T02:23:29.290Z","iobWithZeroTemp":{"iob":-0.198,"basaliob":-0.25,"bolussnooze":0,"activity":-0.0014,"lastBolusTime":1703027926416,"time":"2023-12-20T02:23:29.290Z"}},{"iob":0.053,"basaliob":0.007,"bolussnooze":0,"activity":0.0014,"lastBolusTime":1703027926416,"time":"2023-12-20T02:28:29.290Z","iobWithZeroTemp":{"iob":-0.207,"basaliob":-0.253,"bolussnooze":0,"activity":-0.0015,"lastBolusTime":1703027926416,"time":"2023-12-20T02:28:29.290Z"}},{"iob":0.047,"basaliob":0.006,"bolussnooze":0,"activity":0.0012,"lastBolusTime":1703027926416,"time":"2023-12-20T02:33:29.290Z","iobWithZeroTemp":{"iob":-0.215,"basaliob":-0.256,"bolussnooze":0,"activity":-0.0017,"lastBolusTime":1703027926416,"time":"2023-12-20T02:33:29.290Z"}},{"iob":0.041,"basaliob":0.005,"bolussnooze":0,"activity":0.001,"lastBolusTime":1703027926416,"time":"2023-12-20T02:38:29.290Z","iobWithZeroTemp":{"iob":-0.223,"basaliob":-0.259,"bolussnooze":0,"activity":-0.002,"lastBolusTime":1703027926416,"time":"2023-12-20T02:38:29.290Z"}},{"iob":0.035,"basaliob":0.004,"bolussnooze":0,"activity":9.0E-4,"lastBolusTime":1703027926416,"time":"2023-12-20T02:43:29.290Z","iobWithZeroTemp":{"iob":-0.231,"basaliob":-0.262,"bolussnooze":0,"activity":-0.0021,"lastBolusTime":1703027926416,"time":"2023-12-20T02:43:29.290Z"}},{"iob":0.031,"basaliob":0.004,"bolussnooze":0,"activity":8.0E-4,"lastBolusTime":1703027926416,"time":"2023-12-20T02:48:29.290Z","iobWithZeroTemp":{"iob":-0.236,"basaliob":-0.263,"bolussnooze":0,"activity":-0.0022,"lastBolusTime":1703027926416,"time":"2023-12-20T02:48:29.290Z"}},{"iob":0.027,"basaliob":0.003,"bolussnooze":0,"activity":8.0E-4,"lastBolusTime":1703027926416,"time":"2023-12-20T02:53:29.290Z","iobWithZeroTemp":{"iob":-0.242,"basaliob":-0.266,"bolussnooze":0,"activity":-0.0023,"lastBolusTime":1703027926416,"time":"2023-12-20T02:53:29.290Z"}},{"iob":0.024,"basaliob":0.003,"bolussnooze":0,"activity":7.0E-4,"lastBolusTime":1703027926416,"time":"2023-12-20T02:58:29.290Z","iobWithZeroTemp":{"iob":-0.246,"basaliob":-0.267,"bolussnooze":0,"activity":-0.0024,"lastBolusTime":1703027926416,"time":"2023-12-20T02:58:29.290Z"}},{"iob":0.02,"basaliob":0.002,"bolussnooze":0,"activity":6.0E-4,"lastBolusTime":1703027926416,"time":"2023-12-20T03:03:29.290Z","iobWithZeroTemp":{"iob":-0.247,"basaliob":-0.265,"bolussnooze":0,"activity":-0.0025,"lastBolusTime":1703027926416,"time":"2023-12-20T03:03:29.290Z"}},{"iob":0.018,"basaliob":0.002,"bolussnooze":0,"activity":6.0E-4,"lastBolusTime":1703027926416,"time":"2023-12-20T03:08:29.290Z","iobWithZeroTemp":{"iob":-0.246,"basaliob":-0.262,"bolussnooze":0,"activity":-0.0025,"lastBolusTime":1703027926416,"time":"2023-12-20T03:08:29.290Z"}},{"iob":0.015,"basaliob":0.002,"bolussnooze":0,"activity":5.0E-4,"lastBolusTime":1703027926416,"time":"2023-12-20T03:13:29.290Z","iobWithZeroTemp":{"iob":-0.246,"basaliob":-0.259,"bolussnooze":0,"activity":-0.0026,"lastBolusTime":1703027926416,"time":"2023-12-20T03:13:29.290Z"}},{"iob":0.013,"basaliob":0.002,"bolussnooze":0,"activity":5.0E-4,"lastBolusTime":1703027926416,"time":"2023-12-20T03:18:29.290Z","iobWithZeroTemp":{"iob":-0.245,"basaliob":-0.256,"bolussnooze":0,"activity":-0.0026,"lastBolusTime":1703027926416,"time":"2023-12-20T03:18:29.290Z"}},{"iob":0.011,"basaliob":0.001,"bolussnooze":0,"activity":3.0E-4,"lastBolusTime":1703027926416,"time":"2023-12-20T03:23:29.290Z","iobWithZeroTemp":{"iob":-0.244,"basaliob":-0.254,"bolussnooze":0,"activity":-0.0028,"lastBolusTime":1703027926416,"time":"2023-12-20T03:23:29.290Z"}}],"profile":{"max_iob":10,"type":"current","max_daily_basal":0.25,"max_basal":1,"min_bg":90,"max_bg":90,"target_bg":90,"carb_ratio":15.6,"sens":84,"max_daily_safety_multiplier":5,"current_basal_safety_multiplier":5,"lgsThreshold":95,"high_temptarget_raises_sensitivity":false,"low_temptarget_lowers_sensitivity":false,"sensitivity_raises_target":true,"resistance_lowers_target":true,"adv_target_adjustments":false,"exercise_mode":false,"half_basal_exercise_target":160,"maxCOB":120,"skip_neutral_temps":false,"remainingCarbsCap":90,"enableUAM":true,"A52_risk_enable":false,"SMBInterval":5,"enableSMB_with_COB":true,"enableSMB_with_temptarget":false,"allowSMB_with_high_temptarget":false,"enableSMB_always":false,"enableSMB_after_carbs":true,"maxSMBBasalMinutes":120,"maxUAMSMBBasalMinutes":120,"bolus_increment":0.05,"carbsReqThreshold":1,"current_basal":0.20000000298023224,"temptargetSet":false,"autosens_max":1.2,"autosens_min":0.7,"variable_sens":69.6,"insulinDivisor":75,"TDD":21.557259734408277},"autosens_data":{"ratio":1},"meal_data":{"carbs":38,"mealCOB":0,"slopeFromMaxDeviation":-0.5676666666666664,"slopeFromMinDeviation":0.08537500000000009,"lastBolusTime":1703027926416,"lastCarbTime":1703018782022},"microBolusAllowed":true,"currentTime":1703028510646,"flatBGsDetected":false,"tdd1D":18.86250000521541,"tdd7D":20.877380982715465,"tddLast24H":19.445833344509207,"tddLast4H":5.112500135600567,"tddLast8to4H":1.9333333512147268},"output":{"temp":"absolute","bg":174,"tick":"+2","eventualBG":108,"targetBG":90,"insulinReq":-0.19,"deliverAt":"2023-12-19T23:28:30.646Z","sensitivityRatio":1,"variable_sens":69.6,"predBGs":{"IOB":[174,175,175,174,173,172,170,167,164,161,157,153,148,144,140,136,132,128,125,122,119,116,114,111,109,107,105,103,102,100,99,97,96,95,94,94,93,92,91,91,90,90,90,89,89,89,88],"ZT":[174,168,161,155,148,142,135,129,123,117,111,106,100,95,91,86,82,78,74,70,67,64,62,60,58,56,55,54,53,52,52,52,53,53,54,55,56,57,58,60,61,63,64,66,68,69,71,72],"UAM":[174,175,175,175,174,173,171,169,167,164,161,157,154,149,145,141,138,134,131,128,125,122,120,118,115,113,112,110,108,107,106,105,103,102,102,101,100,99,99,98,98,97,97,97,96]},"reason":"COB: 0, Dev: 46, BGI: -6, ISF: 70, CR: 15.6, Target: 90, minPredBG 74, minGuardBG 95, IOBpredBG 88, UAMpredBG 96; Eventual BG 108 >= 90,  insulinReq -0.19; setting 60m low temp of 0U\/h. ","COB":0,"IOB":1.605,"rate":0,"duration":60,"timestamp":"2023-12-19T23:28:30.675Z"}}