{"algorithm":"OpenAPSSMBDynamicISFPlugin","input":{"glucoseStatus":{"glucose":80,"noise":0,"delta":-3,"short_avgdelta":-3.39,"long_avgdelta":-4.03,"date":1703011977000},"currenttemp":{"temp":"absolute","duration":110,"rate":0,"minutesrunning":10},"iob_data":[{"iob":0.178,"basaliob":-0.155,"bolussnooze":0.0062,"activity":0.0047,"lastBolusTime":1703006930326,"time":"2023-12-19T18:53:24.212Z","iobWithZeroTemp":{"iob":0.178,"basaliob":-0.155,"bolussnooze":0.0062,"activity":0.0047,"lastBolusTime":1703006930326,"time":"2023-12-19T18:53:24.212Z"}},{"iob":0.156,"basaliob":-0.148,"bolussnooze":0.0046,"activity":0.0042,"lastBolusTime":1703006930326,"time":"2023-12-19T18:58:24.212Z","iobWithZeroTemp":{"iob":0.143,"basaliob":-0.161,"bolussnooze":0.0046,"activity":0.0042,"lastBolusTime":1703006930326,"time":"2023-12-19T18:58:24.212Z"}},{"iob":0.137,"basaliob":-0.141,"bolussnooze":0.0033,"activity":0.0037,"lastBolusTime":1703006930326,"time":"2023-12-19T19:03:24.212Z","iobWithZeroTemp":{"iob":0.111,"basaliob":-0.167,"bolussnooze":0.0033,"activity":0.0036,"lastBolusTime":1703006930326,"time":"2023-12-19T19:03:24.212Z"}},{"iob":0.12,"basaliob":-0.134,"bolussnooze":0.0024,"activity":0.0033,"lastBolusTime":1703006930326,"time":"2023-12-19T19:08:24.212Z","iobWithZeroTemp":{"iob":0.082,"basaliob":-0.172,"bolussnooze":0.0024,"activity":0.0032,"lastBolusTime":1703006930326,"time":"2023-12-19T19:08:24.212Z"}},{"iob":0.104,"basaliob":-0.127,"bolussnooze":0.0017,"activity":0.0029,"lastBolusTime":1703006930326,"time":"2023-12-19T19:13:24.212Z","iobWithZeroTemp":{"iob":0.054,"basaliob":-0.177,"bolussnooze":0.0017,"activity":0.0027,"lastBolusTime":1703006930326,"time":"2023-12-19T19:13:24.212Z"}},{"iob":0.09,"basaliob":-0.12,"bolussnooze":0.0011,"activity":0.0025,"lastBolusTime":1703006930326,"time":"2023-12-19T19:18:24.212Z","iobWithZeroTemp":{"iob":0.029,"basaliob":-0.181,"bolussnooze":0.0011,"activity":0.0022,"lastBolusTime":1703006930326,"time":"2023-12-19T19:18:24.212Z"}},{"iob":0.078,"basaliob":-0.112,"bolussnooze":7.0E-4,"activity":0.0023,"lastBolusTime":1703006930326,"time":"2023-12-19T19:23:24.212Z","iobWithZeroTemp":{"iob":0.006,"basaliob":-0.184,"bolussnooze":7.0E-4,"activity":0.0019,"lastBolusTime":1703006930326,"time":"2023-12-19T19:23:24.212Z"}},{"iob":0.068,"basaliob":-0.105,"bolussnooze":5.0E-4,"activity":0.002,"lastBolusTime":1703006930326,"time":"2023-12-19T19:28:24.212Z","iobWithZeroTemp":{"iob":-0.015,"basaliob":-0.188,"bolussnooze":5.0E-4,"activity":0.0015,"lastBolusTime":1703006930326,"time":"2023-12-19T19:28:24.212Z"}},{"iob":0.058,"basaliob":-0.098,"bolussnooze":3.0E-4,"activity":0.0018,"lastBolusTime":1703006930326,"time":"2023-12-19T19:33:24.212Z","iobWithZeroTemp":{"iob":-0.034,"basaliob":-0.19,"bolussnooze":3.0E-4,"activity":0.0012,"lastBolusTime":1703006930326,"time":"2023-12-19T19:33:24.212Z"}},{"iob":0.05,"basaliob":-0.091,"bolussnooze":2.0E-4,"activity":0.0016,"lastBolusTime":1703006930326,"time":"2023-12-19T19:38:24.212Z","iobWithZeroTemp":{"iob":-0.052,"basaliob":-0.193,"bolussnooze":2.0E-4,"activity":9.0E-4,"lastBolusTime":1703006930326,"time":"2023-12-19T19:38:24.212Z"}},{"iob":0.042,"basaliob":-0.085,"bolussnooze":1.0E-4,"activity":0.0013,"lastBolusTime":1703006930326,"time":"2023-12-19T19:43:24.212Z","iobWithZeroTemp":{"iob":-0.068,"basaliob":-0.195,"bolussnooze":1.0E-4,"activity":5.0E-4,"lastBolusTime":1703006930326,"time":"2023-12-19T19:43:24.212Z"}},{"iob":0.036,"basaliob":-0.079,"bolussnooze":0,"activity":0.0012,"lastBolusTime":1703006930326,"time":"2023-12-19T19:48:24.212Z","iobWithZeroTemp":{"iob":-0.083,"basaliob":-0.198,"bolussnooze":0,"activity":3.0E-4,"lastBolusTime":1703006930326,"time":"2023-12-19T19:48:24.212Z"}},{"iob":0.03,"basaliob":-0.073,"bolussnooze":0,"activity":0.001,"lastBolusTime":1703006930326,"time":"2023-12-19T19:53:24.212Z","iobWithZeroTemp":{"iob":-0.096,"basaliob":-0.199,"bolussnooze":0,"activity":0,"lastBolusTime":1703006930326,"time":"2023-12-19T19:53:24.212Z"}},{"iob":0.025,"basaliob":-0.067,"bolussnooze":0,"activity":9.0E-4,"lastBolusTime":1703006930326,"time":"2023-12-19T19:58:24.212Z","iobWithZeroTemp":{"iob":-0.108,"basaliob":-0.2,"bolussnooze":0,"activity":-2.0E-4,"lastBolusTime":1703006930326,"time":"2023-12-19T19:58:24.212Z"}},{"iob":0.021,"basaliob":-0.062,"bolussnooze":0,"activity":8.0E-4,"lastBolusTime":1703006930326,"time":"2023-12-19T20:03:24.212Z","iobWithZeroTemp":{"iob":-0.119,"basaliob":-0.202,"bolussnooze":0,"activity":-4.0E-4,"lastBolusTime":1703006930326,"time":"2023-12-19T20:03:24.212Z"}},{"iob":0.017,"basaliob":-0.057,"bolussnooze":0,"activity":7.0E-4,"lastBolusTime":1703006930326,"time":"2023-12-19T20:08:24.212Z","iobWithZeroTemp":{"iob":-0.129,"basaliob":-0.203,"bolussnooze":0,"activity":-6.0E-4,"lastBolusTime":1703006930326,"time":"2023-12-19T20:08:24.212Z"}},{"iob":0.014,"basaliob":-0.052,"bolussnooze":0,"activity":6.0E-4,"lastBolusTime":1703006930326,"time":"2023-12-19T20:13:24.212Z","iobWithZeroTemp":{"iob":-0.138,"basaliob":-0.204,"bolussnooze":0,"activity":-8.0E-4,"lastBolusTime":1703006930326,"time":"2023-12-19T20:13:24.212Z"}},{"iob":0.011,"basaliob":-0.048,"bolussnooze":0,"activity":6.0E-4,"lastBolusTime":1703006930326,"time":"2023-12-19T20:18:24.212Z","iobWithZeroTemp":{"iob":-0.146,"basaliob":-0.205,"bolussnooze":0,"activity":-9.0E-4,"lastBolusTime":1703006930326,"time":"2023-12-19T20:18:24.212Z"}},{"iob":0.008,"basaliob":-0.044,"bolussnooze":0,"activity":4.0E-4,"lastBolusTime":1703006930326,"time":"2023-12-19T20:23:24.212Z","iobWithZeroTemp":{"iob":-0.154,"basaliob":-0.206,"bolussnooze":0,"activity":-0.0012,"lastBolusTime":1703006930326,"time":"2023-12-19T20:23:24.212Z"}},{"iob":0.007,"basaliob":-0.04,"bolussnooze":0,"activity":4.0E-4,"lastBolusTime":1703006930326,"time":"2023-12-19T20:28:24.212Z","iobWithZeroTemp":{"iob":-0.16,"basaliob":-0.207,"bolussnooze":0,"activity":-0.0012,"lastBolusTime":1703006930326,"time":"2023-12-19T20:28:24.212Z"}},{"iob":0.004,"basaliob":-0.037,"bolussnooze":0,"activity":3.0E-4,"lastBolusTime":1703006930326,"time":"2023-12-19T20:33:24.212Z","iobWithZeroTemp":{"iob":-0.167,"basaliob":-0.208,"bolussnooze":0,"activity":-0.0014,"lastBolusTime":1703006930326,"time":"2023-12-19T20:33:24.212Z"}},{"iob":0.003,"basaliob":-0.033,"bolussnooze":0,"activity":3.0E-4,"lastBolusTime":1703006930326,"time":"2023-12-19T20:38:24.212Z","iobWithZeroTemp":{"iob":-0.172,"basaliob":-0.208,"bolussnooze":0,"activity":-0.0015,"lastBolusTime":1703006930326,"time":"2023-12-19T20:38:24.212Z"}},{"iob":0.002,"basaliob":-0.03,"bolussnooze":0,"activity":2.0E-4,"lastBolusTime":1703006930326,"time":"2023-12-19T20:43:24.212Z","iobWithZeroTemp":{"iob":-0.176,"basaliob":-0.208,"bolussnooze":0,"activity":-0.0016,"lastBolusTime":1703006930326,"time":"2023-12-19T20:43:24.212Z"}},{"iob":0.001,"basaliob":-0.027,"bolussnooze":0,"activity":2.0E-4,"lastBolusTime":1703006930326,"time":"2023-12-19T20:48:24.212Z","iobWithZeroTemp":{"iob":-0.18,"basaliob":-0.208,"bolussnooze":0,"activity":-0.0017,"lastBolusTime":1703006930326,"time":"2023-12-19T20:48:24.212Z"}},{"iob":0,"basaliob":-0.025,"bolussnooze":0,"activity":2.0E-4,"lastBolusTime":1703006930326,"time":"2023-12-19T20:53:24.212Z","iobWithZeroTemp":{"iob":-0.184,"basaliob":-0.209,"bolussnooze":0,"activity":-0.0017,"lastBolusTime":1703006930326,"time":"2023-12-19T20:53:24.212Z"}},{"iob":-0.001,"basaliob":-0.023,"bolussnooze":0,"activity":1.0E-4,"lastBolusTime":1703006930326,"time":"2023-12-19T20:58:24.212Z","iobWithZeroTemp":{"iob":-0.188,"basaliob":-0.21,"bolussnooze":0,"activity":-0.0019,"lastBolusTime":1703006930326,"time":"2023-12-19T20:58:24.212Z"}},{"iob":-0.001,"basaliob":-0.02,"bolussnooze":0,"activity":1.0E-4,"lastBolusTime":1703006930326,"time":"2023-12-19T21:03:24.212Z","iobWithZeroTemp":{"iob":-0.19,"basaliob":-0.209,"bolussnooze":0,"activity":-0.0019,"lastBolusTime":1703006930326,"time":"2023-12-19T21:03:24.212Z"}},{"iob":-0.001,"basaliob":-0.018,"bolussnooze":0,"activity":1.0E-4,"lastBolusTime":1703006930326,"time":"2023-12-19T21:08:24.212Z","iobWithZeroTemp":{"iob":-0.193,"basaliob":-0.21,"bolussnooze":0,"activity":-0.002,"lastBolusTime":1703006930326,"time":"2023-12-19T21:08:24.212Z"}},{"iob":-0.003,"basaliob":-0.017,"bolussnooze":0,"activity":1.0E-4,"lastBolusTime":1703006930326,"time":"2023-12-19T21:13:24.212Z","iobWithZeroTemp":{"iob":-0.197,"basaliob":-0.211,"bolussnooze":0,"activity":-0.002,"lastBolusTime":1703006930326,"time":"2023-12-19T21:13:24.212Z"}},{"iob":-0.003,"basaliob":-0.015,"bolussnooze":0,"activity":1.0E-4,"lastBolusTime":1703006930326,"time":"2023-12-19T21:18:24.212Z","iobWithZeroTemp":{"iob":-0.198,"basaliob":-0.21,"bolussnooze":0,"activity":-0.0021,"lastBolusTime":1703006930326,"time":"2023-12-19T21:18:24.212Z"}},{"iob":-0.002,"basaliob":-0.013,"bolussnooze":0,"activity":0,"lastBolusTime":1703006930326,"time":"2023-12-19T21:23:24.212Z","iobWithZeroTemp":{"iob":-0.199,"basaliob":-0.21,"bolussnooze":0,"activity":-0.0022,"lastBolusTime":1703006930326,"time":"2023-12-19T21:23:24.212Z"}},{"iob":-0.003,"basaliob":-0.012,"bolussnooze":0,"activity":0,"lastBolusTime":1703006930326,"time":"2023-12-19T21:28:24.212Z","iobWithZeroTemp":{"iob":-0.202,"basaliob":-0.211,"bolussnooze":0,"activity":-0.0022,"lastBolusTime":1703006930326,"time":"2023-12-19T21:28:24.212Z"}},{"iob":-0.003,"basaliob":-0.011,"bolussnooze":0,"activity":0,"lastBolusTime":1703006930326,"time":"2023-12-19T21:33:24.212Z","iobWithZeroTemp":{"iob":-0.203,"basaliob":-0.211,"bolussnooze":0,"activity":-0.0022,"lastBolusTime":1703006930326,"time":"2023-12-19T21:33:24.212Z"}},{"iob":-0.003,"basaliob":-0.01,"bolussnooze":0,"activity":0,"lastBolusTime":1703006930326,"time":"2023-12-19T21:38:24.212Z","iobWithZeroTemp":{"iob":-0.204,"basaliob":-0.211,"bolussnooze":0,"activity":-0.0023,"lastBolusTime":1703006930326,"time":"2023-12-19T21:38:24.212Z"}},{"iob":-0.003,"basaliob":-0.009,"bolussnooze":0,"activity":0,"lastBolusTime":1703006930326,"time":"2023-12-19T21:43:24.212Z","iobWithZeroTemp":{"iob":-0.205,"basaliob":-0.211,"bolussnooze":0,"activity":-0.0023,"lastBolusTime":1703006930326,"time":"2023-12-19T21:43:24.212Z"}},{"iob":-0.003,"basaliob":-0.008,"bolussnooze":0,"activity":0,"lastBolusTime":1703006930326,"time":"2023-12-19T21:48:24.212Z","iobWithZeroTemp":{"iob":-0.206,"basaliob":-0.211,"bolussnooze":0,"activity":-0.0023,"lastBolusTime":1703006930326,"time":"2023-12-19T21:48:24.212Z"}},{"iob":-0.003,"basaliob":-0.007,"bolussnooze":0,"activity":-1.0E-4,"lastBolusTime":1703006930326,"time":"2023-12-19T21:53:24.212Z","iobWithZeroTemp":{"iob":-0.207,"basaliob":-0.211,"bolussnooze":0,"activity":-0.0024,"lastBolusTime":1703006930326,"time":"2023-12-19T21:53:24.212Z"}},{"iob":-0.003,"basaliob":-0.006,"bolussnooze":0,"activity":0,"lastBolusTime":1703006930326,"time":"2023-12-19T21:58:24.212Z","iobWithZeroTemp":{"iob":-0.208,"basaliob":-0.211,"bolussnooze":0,"activity":-0.0024,"lastBolusTime":1703006930326,"time":"2023-12-19T21:58:24.212Z"}},{"iob":-0.002,"basaliob":-0.005,"bolussnooze":0,"activity":0,"lastBolusTime":1703006930326,"time":"2023-12-19T22:03:24.212Z","iobWithZeroTemp":{"iob":-0.212,"basaliob":-0.215,"bolussnooze":0,"activity":-0.0024,"lastBolusTime":1703006930326,"time":"2023-12-19T22:03:24.212Z"}},{"iob":-0.003,"basaliob":-0.005,"bolussnooze":0,"activity":0,"lastBolusTime":1703006930326,"time":"2023-12-19T22:08:24.212Z","iobWithZeroTemp":{"iob":-0.217,"basaliob":-0.219,"bolussnooze":0,"activity":-0.0024,"lastBolusTime":1703006930326,"time":"2023-12-19T22:08:24.212Z"}},{"iob":-0.002,"basaliob":-0.004,"bolussnooze":0,"activity":0,"lastBolusTime":1703006930326,"time":"2023-12-19T22:13:24.212Z","iobWithZeroTemp":{"iob":-0.221,"basaliob":-0.223,"bolussnooze":0,"activity":-0.0024,"lastBolusTime":1703006930326,"time":"2023-12-19T22:13:24.212Z"}},{"iob":-0.003,"basaliob":-0.004,"bolussnooze":0,"activity":0,"lastBolusTime":1703006930326,"time":"2023-12-19T22:18:24.212Z","iobWithZeroTemp":{"iob":-0.226,"basaliob":-0.227,"bolussnooze":0,"activity":-0.0025,"lastBolusTime":1703006930326,"time":"2023-12-19T22:18:24.212Z"}},{"iob":-0.002,"basaliob":-0.003,"bolussnooze":0,"activity":0,"lastBolusTime":1703006930326,"time":"2023-12-19T22:23:24.212Z","iobWithZeroTemp":{"iob":-0.229,"basaliob":-0.23,"bolussnooze":0,"activity":-0.0025,"lastBolusTime":1703006930326,"time":"2023-12-19T22:23:24.212Z"}},{"iob":-0.002,"basaliob":-0.003,"bolussnooze":0,"activity":-1.0E-4,"lastBolusTime":1703006930326,"time":"2023-12-19T22:28:24.212Z","iobWithZeroTemp":{"iob":-0.233,"basaliob":-0.234,"bolussnooze":0,"activity":-0.0027,"lastBolusTime":1703006930326,"time":"2023-12-19T22:28:24.212Z"}},{"iob":-0.001,"basaliob":-0.002,"bolussnooze":0,"activity":-1.0E-4,"lastBolusTime":1703006930326,"time":"2023-12-19T22:33:24.212Z","iobWithZeroTemp":{"iob":-0.236,"basaliob":-0.237,"bolussnooze":0,"activity":-0.0027,"lastBolusTime":1703006930326,"time":"2023-12-19T22:33:24.212Z"}},{"iob":-0.001,"basaliob":-0.002,"bolussnooze":0,"activity":-1.0E-4,"lastBolusTime":1703006930326,"time":"2023-12-19T22:38:24.212Z","iobWithZeroTemp":{"iob":-0.24,"basaliob":-0.241,"bolussnooze":0,"activity":-0.0027,"lastBolusTime":1703006930326,"time":"2023-12-19T22:38:24.212Z"}},{"iob":-0.002,"basaliob":-0.002,"bolussnooze":0,"activity":-1.0E-4,"lastBolusTime":1703006930326,"time":"2023-12-19T22:43:24.212Z","iobWithZeroTemp":{"iob":-0.244,"basaliob":-0.244,"bolussnooze":0,"activity":-0.0028,"lastBolusTime":1703006930326,"time":"2023-12-19T22:43:24.212Z"}},{"iob":-0.002,"basaliob":-0.002,"bolussnooze":0,"activity":0,"lastBolusTime":1703006930326,"time":"2023-12-19T22:48:24.212Z","iobWithZeroTemp":{"iob":-0.247,"basaliob":-0.247,"bolussnooze":0,"activity":-0.0027,"lastBolusTime":1703006930326,"time":"2023-12-19T22:48:24.212Z"}}],"profile":{"max_iob":10,"type":"current","max_daily_basal":0.25,"max_basal":1,"min_bg":105,"max_bg":105,"target_bg":105,"carb_ratio":14.8,"sens":84,"max_daily_safety_multiplier":5,"current_basal_safety_multiplier":5,"lgsThreshold":95,"high_temptarget_raises_sensitivity":false,"low_temptarget_lowers_sensitivity":false,"sensitivity_raises_target":true,"resistance_lowers_target":true,"adv_target_adjustments":false,"exercise_mode":false,"half_basal_exercise_target":160,"maxCOB":120,"skip_neutral_temps":false,"remainingCarbsCap":90,"enableUAM":true,"A52_risk_enable":false,"SMBInterval":5,"enableSMB_with_COB":true,"enableSMB_with_temptarget":false,"allowSMB_with_high_temptarget":false,"enableSMB_always":false,"enableSMB_after_carbs":true,"maxSMBBasalMinutes":120,"maxUAMSMBBasalMinutes":120,"bolus_increment":0.05,"carbsReqThreshold":1,"current_basal":0.20000000298023224,"temptargetSet":true,"autosens_max":1.2,"autosens_min":0.7,"variable_sens":113.1,"insulinDivisor":75,"TDD":21.92831030057947},"autosens_data":{"ratio":1},"meal_data":{"carbs":7,"mealCOB":0,"slopeFromMaxDeviation":-0.20236363636363636,"slopeFromMinDeviation":0.23139999999999997,"lastBolusTime":1703006930326,"lastCarbTime":1703005061965},"microBolusAllowed":true,"currentTime":1703012005347,"flatBGsDetected":false,"tdd1D":20.141666612277426,"tdd7D":26.78606000595613,"tddLast24H":18.445833194007477,"tddLast4H":2.233333351959785,"tddLast8to4H":5.1833331493039925},"output":{"temp":"absolute","bg":80,"tick":-3,"eventualBG":52,"targetBG":105,"insulinReq":0,"deliverAt":"2023-12-19T18:53:25.347Z","sensitivityRatio":1,"variable_sens":113.1,"predBGs":{"IOB":[80,77,74,71,68,66,64,62,61,59,58,57,56,56,55,54,54,53,53,53,52,52,52,52,51],"ZT":[80,77,75,73,71,69,68,67,66,65,64,64,64,64,64,64,65,65,66,66,67,68,69,70,71,72,73,74,76,77,78,79,81,82,83,84,86,87,88,89,91,92,93,94,96,97,99,100]},"reason":"COB: 0, Dev: -8, BGI: -3, ISF: 113, CR: 14.8, Target: 105, minPredBG 58, minGuardBG 51, IOBpredBG 51; 5 add'l carbs req w\/in 0m; minGuardBG 51<95","COB":0,"IOB":0.178,"carbsReq":5,"carbsReqWithin":0,"duration":120,"rate":0,"timestamp":"2023-12-19T18:53:25.371Z"}}