{"algorithm":"OpenAPSSMBDynamicISFPlugin","input":{"glucoseStatus":{"glucose":152,"noise":0,"delta":1,"short_avgdelta":1.83,"long_avgdelta":4.84,"date":1703056678000},"currenttemp":{"temp":"absolute","duration":55,"rate":0,"minutesrunning":5},"iob_data":[{"iob":1.219,"basaliob":0.037,"bolussnooze":0.0812,"activity":0.0166,"lastBolusTime":1703056127234,"time":"2023-12-20T07:18:28.356Z","iobWithZeroTemp":{"iob":1.219,"basaliob":0.037,"bolussnooze":0.0812,"activity":0.0166,"lastBolusTime":1703056127234,"time":"2023-12-20T07:18:28.356Z"}},{"iob":1.136,"basaliob":0.035,"bolussnooze":0.0628,"activity":0.0161,"lastBolusTime":1703056127234,"time":"2023-12-20T07:23:28.356Z","iobWithZeroTemp":{"iob":1.126,"basaliob":0.025,"bolussnooze":0.0628,"activity":0.0161,"lastBolusTime":1703056127234,"time":"2023-12-20T07:23:28.356Z"}},{"iob":1.058,"basaliob":0.034,"bolussnooze":0.048,"activity":0.0155,"lastBolusTime":1703056127234,"time":"2023-12-20T07:28:28.356Z","iobWithZeroTemp":{"iob":1.036,"basaliob":0.012,"bolussnooze":0.048,"activity":0.0155,"lastBolusTime":1703056127234,"time":"2023-12-20T07:28:28.356Z"}},{"iob":0.982,"basaliob":0.032,"bolussnooze":0.0362,"activity":0.0148,"lastBolusTime":1703056127234,"time":"2023-12-20T07:33:28.356Z","iobWithZeroTemp":{"iob":0.947,"basaliob":-0.003,"bolussnooze":0.0362,"activity":0.0147,"lastBolusTime":1703056127234,"time":"2023-12-20T07:33:28.356Z"}},{"iob":0.909,"basaliob":0.03,"bolussnooze":0.0269,"activity":0.0142,"lastBolusTime":1703056127234,"time":"2023-12-20T07:38:28.356Z","iobWithZeroTemp":{"iob":0.863,"basaliob":-0.016,"bolussnooze":0.0269,"activity":0.014,"lastBolusTime":1703056127234,"time":"2023-12-20T07:38:28.356Z"}},{"iob":0.84,"basaliob":0.029,"bolussnooze":0.0197,"activity":0.0135,"lastBolusTime":1703056127234,"time":"2023-12-20T07:43:28.356Z","iobWithZeroTemp":{"iob":0.782,"basaliob":-0.029,"bolussnooze":0.0197,"activity":0.0132,"lastBolusTime":1703056127234,"time":"2023-12-20T07:43:28.356Z"}},{"iob":0.775,"basaliob":0.027,"bolussnooze":0.0141,"activity":0.0128,"lastBolusTime":1703056127234,"time":"2023-12-20T07:48:28.356Z","iobWithZeroTemp":{"iob":0.706,"basaliob":-0.042,"bolussnooze":0.0141,"activity":0.0124,"lastBolusTime":1703056127234,"time":"2023-12-20T07:48:28.356Z"}},{"iob":0.713,"basaliob":0.025,"bolussnooze":0.0098,"activity":0.0119,"lastBolusTime":1703056127234,"time":"2023-12-20T07:53:28.356Z","iobWithZeroTemp":{"iob":0.634,"basaliob":-0.054,"bolussnooze":0.0098,"activity":0.0114,"lastBolusTime":1703056127234,"time":"2023-12-20T07:53:28.356Z"}},{"iob":0.654,"basaliob":0.023,"bolussnooze":0.0066,"activity":0.0112,"lastBolusTime":1703056127234,"time":"2023-12-20T07:58:28.356Z","iobWithZeroTemp":{"iob":0.565,"basaliob":-0.066,"bolussnooze":0.0066,"activity":0.0106,"lastBolusTime":1703056127234,"time":"2023-12-20T07:58:28.356Z"}},{"iob":0.6,"basaliob":0.022,"bolussnooze":0.0042,"activity":0.0105,"lastBolusTime":1703056127234,"time":"2023-12-20T08:03:28.356Z","iobWithZeroTemp":{"iob":0.501,"basaliob":-0.077,"bolussnooze":0.0042,"activity":0.0098,"lastBolusTime":1703056127234,"time":"2023-12-20T08:03:28.356Z"}},{"iob":0.549,"basaliob":0.02,"bolussnooze":0.0025,"activity":0.0098,"lastBolusTime":1703056127234,"time":"2023-12-20T08:08:28.356Z","iobWithZeroTemp":{"iob":0.442,"basaliob":-0.087,"bolussnooze":0.0025,"activity":0.009,"lastBolusTime":1703056127234,"time":"2023-12-20T08:08:28.356Z"}},{"iob":0.502,"basaliob":0.019,"bolussnooze":0.0014,"activity":0.0092,"lastBolusTime":1703056127234,"time":"2023-12-20T08:13:28.356Z","iobWithZeroTemp":{"iob":0.386,"basaliob":-0.097,"bolussnooze":0.0014,"activity":0.0083,"lastBolusTime":1703056127234,"time":"2023-12-20T08:13:28.356Z"}},{"iob":0.457,"basaliob":0.017,"bolussnooze":6.0E-4,"activity":0.0085,"lastBolusTime":1703056127234,"time":"2023-12-20T08:18:28.356Z","iobWithZeroTemp":{"iob":0.333,"basaliob":-0.107,"bolussnooze":6.0E-4,"activity":0.0075,"lastBolusTime":1703056127234,"time":"2023-12-20T08:18:28.356Z"}},{"iob":0.417,"basaliob":0.016,"bolussnooze":2.0E-4,"activity":0.0079,"lastBolusTime":1703056127234,"time":"2023-12-20T08:23:28.356Z","iobWithZeroTemp":{"iob":0.286,"basaliob":-0.115,"bolussnooze":2.0E-4,"activity":0.0068,"lastBolusTime":1703056127234,"time":"2023-12-20T08:23:28.356Z"}},{"iob":0.378,"basaliob":0.014,"bolussnooze":0,"activity":0.0073,"lastBolusTime":1703056127234,"time":"2023-12-20T08:28:28.356Z","iobWithZeroTemp":{"iob":0.24,"basaliob":-0.124,"bolussnooze":0,"activity":0.0061,"lastBolusTime":1703056127234,"time":"2023-12-20T08:28:28.356Z"}},{"iob":0.343,"basaliob":0.013,"bolussnooze":0,"activity":0.0067,"lastBolusTime":1703056127234,"time":"2023-12-20T08:33:28.356Z","iobWithZeroTemp":{"iob":0.199,"basaliob":-0.131,"bolussnooze":0,"activity":0.0054,"lastBolusTime":1703056127234,"time":"2023-12-20T08:33:28.356Z"}},{"iob":0.311,"basaliob":0.012,"bolussnooze":0,"activity":0.0062,"lastBolusTime":1703056127234,"time":"2023-12-20T08:38:28.356Z","iobWithZeroTemp":{"iob":0.161,"basaliob":-0.138,"bolussnooze":0,"activity":0.0048,"lastBolusTime":1703056127234,"time":"2023-12-20T08:38:28.356Z"}},{"iob":0.281,"basaliob":0.011,"bolussnooze":0,"activity":0.0057,"lastBolusTime":1703056127234,"time":"2023-12-20T08:43:28.356Z","iobWithZeroTemp":{"iob":0.125,"basaliob":-0.145,"bolussnooze":0,"activity":0.0042,"lastBolusTime":1703056127234,"time":"2023-12-20T08:43:28.356Z"}},{"iob":0.254,"basaliob":0.01,"bolussnooze":0,"activity":0.0052,"lastBolusTime":1703056127234,"time":"2023-12-20T08:48:28.356Z","iobWithZeroTemp":{"iob":0.093,"basaliob":-0.151,"bolussnooze":0,"activity":0.0037,"lastBolusTime":1703056127234,"time":"2023-12-20T08:48:28.356Z"}},{"iob":0.229,"basaliob":0.009,"bolussnooze":0,"activity":0.0048,"lastBolusTime":1703056127234,"time":"2023-12-20T08:53:28.356Z","iobWithZeroTemp":{"iob":0.064,"basaliob":-0.156,"bolussnooze":0,"activity":0.0032,"lastBolusTime":1703056127234,"time":"2023-12-20T08:53:28.356Z"}},{"iob":0.206,"basaliob":0.008,"bolussnooze":0,"activity":0.0044,"lastBolusTime":1703056127234,"time":"2023-12-20T08:58:28.356Z","iobWithZeroTemp":{"iob":0.037,"basaliob":-0.161,"bolussnooze":0,"activity":0.0027,"lastBolusTime":1703056127234,"time":"2023-12-20T08:58:28.356Z"}},{"iob":0.186,"basaliob":0.008,"bolussnooze":0,"activity":0.004,"lastBolusTime":1703056127234,"time":"2023-12-20T09:03:28.356Z","iobWithZeroTemp":{"iob":0.008,"basaliob":-0.17,"bolussnooze":0,"activity":0.0022,"lastBolusTime":1703056127234,"time":"2023-12-20T09:03:28.356Z"}},{"iob":0.166,"basaliob":0.007,"bolussnooze":0,"activity":0.0036,"lastBolusTime":1703056127234,"time":"2023-12-20T09:08:28.356Z","iobWithZeroTemp":{"iob":-0.019,"basaliob":-0.178,"bolussnooze":0,"activity":0.0018,"lastBolusTime":1703056127234,"time":"2023-12-20T09:08:28.356Z"}},{"iob":0.149,"basaliob":0.006,"bolussnooze":0,"activity":0.0033,"lastBolusTime":1703056127234,"time":"2023-12-20T09:13:28.356Z","iobWithZeroTemp":{"iob":-0.044,"basaliob":-0.187,"bolussnooze":0,"activity":0.0014,"lastBolusTime":1703056127234,"time":"2023-12-20T09:13:28.356Z"}},{"iob":0.133,"basaliob":0.006,"bolussnooze":0,"activity":0.003,"lastBolusTime":1703056127234,"time":"2023-12-20T09:18:28.356Z","iobWithZeroTemp":{"iob":-0.066,"basaliob":-0.193,"bolussnooze":0,"activity":0.001,"lastBolusTime":1703056127234,"time":"2023-12-20T09:18:28.356Z"}},{"iob":0.119,"basaliob":0.005,"bolussnooze":0,"activity":0.0027,"lastBolusTime":1703056127234,"time":"2023-12-20T09:23:28.356Z","iobWithZeroTemp":{"iob":-0.087,"basaliob":-0.201,"bolussnooze":0,"activity":6.0E-4,"lastBolusTime":1703056127234,"time":"2023-12-20T09:23:28.356Z"}},{"iob":0.106,"basaliob":0.005,"bolussnooze":0,"activity":0.0025,"lastBolusTime":1703056127234,"time":"2023-12-20T09:28:28.356Z","iobWithZeroTemp":{"iob":-0.106,"basaliob":-0.207,"bolussnooze":0,"activity":4.0E-4,"lastBolusTime":1703056127234,"time":"2023-12-20T09:28:28.356Z"}},{"iob":0.094,"basaliob":0.004,"bolussnooze":0,"activity":0.0022,"lastBolusTime":1703056127234,"time":"2023-12-20T09:33:28.356Z","iobWithZeroTemp":{"iob":-0.124,"basaliob":-0.214,"bolussnooze":0,"activity":0,"lastBolusTime":1703056127234,"time":"2023-12-20T09:33:28.356Z"}},{"iob":0.084,"basaliob":0.004,"bolussnooze":0,"activity":0.002,"lastBolusTime":1703056127234,"time":"2023-12-20T09:38:28.356Z","iobWithZeroTemp":{"iob":-0.139,"basaliob":-0.219,"bolussnooze":0,"activity":-3.0E-4,"lastBolusTime":1703056127234,"time":"2023-12-20T09:38:28.356Z"}},{"iob":0.073,"basaliob":0.003,"bolussnooze":0,"activity":0.0018,"lastBolusTime":1703056127234,"time":"2023-12-20T09:43:28.356Z","iobWithZeroTemp":{"iob":-0.155,"basaliob":-0.225,"bolussnooze":0,"activity":-6.0E-4,"lastBolusTime":1703056127234,"time":"2023-12-20T09:43:28.356Z"}},{"iob":0.065,"basaliob":0.003,"bolussnooze":0,"activity":0.0017,"lastBolusTime":1703056127234,"time":"2023-12-20T09:48:28.356Z","iobWithZeroTemp":{"iob":-0.168,"basaliob":-0.23,"bolussnooze":0,"activity":-7.0E-4,"lastBolusTime":1703056127234,"time":"2023-12-20T09:48:28.356Z"}},{"iob":0.058,"basaliob":0.003,"bolussnooze":0,"activity":0.0015,"lastBolusTime":1703056127234,"time":"2023-12-20T09:53:28.356Z","iobWithZeroTemp":{"iob":-0.179,"basaliob":-0.234,"bolussnooze":0,"activity":-0.001,"lastBolusTime":1703056127234,"time":"2023-12-20T09:53:28.356Z"}},{"iob":0.05,"basaliob":0.002,"bolussnooze":0,"activity":0.0014,"lastBolusTime":1703056127234,"time":"2023-12-20T09:58:28.356Z","iobWithZeroTemp":{"iob":-0.191,"basaliob":-0.239,"bolussnooze":0,"activity":-0.0012,"lastBolusTime":1703056127234,"time":"2023-12-20T09:58:28.356Z"}},{"iob":0.044,"basaliob":0.002,"bolussnooze":0,"activity":0.0011,"lastBolusTime":1703056127234,"time":"2023-12-20T10:03:28.356Z","iobWithZeroTemp":{"iob":-0.197,"basaliob":-0.239,"bolussnooze":0,"activity":-0.0015,"lastBolusTime":1703056127234,"time":"2023-12-20T10:03:28.356Z"}},{"iob":0.039,"basaliob":0.002,"bolussnooze":0,"activity":0.001,"lastBolusTime":1703056127234,"time":"2023-12-20T10:08:28.356Z","iobWithZeroTemp":{"iob":-0.201,"basaliob":-0.238,"bolussnooze":0,"activity":-0.0017,"lastBolusTime":1703056127234,"time":"2023-12-20T10:08:28.356Z"}},{"iob":0.034,"basaliob":0.002,"bolussnooze":0,"activity":9.0E-4,"lastBolusTime":1703056127234,"time":"2023-12-20T10:13:28.356Z","iobWithZeroTemp":{"iob":-0.205,"basaliob":-0.237,"bolussnooze":0,"activity":-0.0018,"lastBolusTime":1703056127234,"time":"2023-12-20T10:13:28.356Z"}},{"iob":0.029,"basaliob":0.001,"bolussnooze":0,"activity":8.0E-4,"lastBolusTime":1703056127234,"time":"2023-12-20T10:18:28.356Z","iobWithZeroTemp":{"iob":-0.209,"basaliob":-0.237,"bolussnooze":0,"activity":-0.0019,"lastBolusTime":1703056127234,"time":"2023-12-20T10:18:28.356Z"}},{"iob":0.025,"basaliob":0.001,"bolussnooze":0,"activity":7.0E-4,"lastBolusTime":1703056127234,"time":"2023-12-20T10:23:28.356Z","iobWithZeroTemp":{"iob":-0.212,"basaliob":-0.236,"bolussnooze":0,"activity":-0.002,"lastBolusTime":1703056127234,"time":"2023-12-20T10:23:28.356Z"}},{"iob":0.022,"basaliob":0.001,"bolussnooze":0,"activity":6.0E-4,"lastBolusTime":1703056127234,"time":"2023-12-20T10:28:28.356Z","iobWithZeroTemp":{"iob":-0.213,"basaliob":-0.234,"bolussnooze":0,"activity":-0.0022,"lastBolusTime":1703056127234,"time":"2023-12-20T10:28:28.356Z"}},{"iob":0.019,"basaliob":0.001,"bolussnooze":0,"activity":5.0E-4,"lastBolusTime":1703056127234,"time":"2023-12-20T10:33:28.356Z","iobWithZeroTemp":{"iob":-0.215,"basaliob":-0.233,"bolussnooze":0,"activity":-0.0023,"lastBolusTime":1703056127234,"time":"2023-12-20T10:33:28.356Z"}},{"iob":0.016,"basaliob":0.001,"bolussnooze":0,"activity":5.0E-4,"lastBolusTime":1703056127234,"time":"2023-12-20T10:38:28.356Z","iobWithZeroTemp":{"iob":-0.217,"basaliob":-0.232,"bolussnooze":0,"activity":-0.0023,"lastBolusTime":1703056127234,"time":"2023-12-20T10:38:28.356Z"}},{"iob":0.014,"basaliob":0.001,"bolussnooze":0,"activity":4.0E-4,"lastBolusTime":1703056127234,"time":"2023-12-20T10:43:28.356Z","iobWithZeroTemp":{"iob":-0.218,"basaliob":-0.231,"bolussnooze":0,"activity":-0.0024,"lastBolusTime":1703056127234,"time":"2023-12-20T10:43:28.356Z"}},{"iob":0.012,"basaliob":0.001,"bolussnooze":0,"activity":4.0E-4,"lastBolusTime":1703056127234,"time":"2023-12-20T10:48:28.356Z","iobWithZeroTemp":{"iob":-0.218,"basaliob":-0.229,"bolussnooze":0,"activity":-0.0024,"lastBolusTime":1703056127234,"time":"2023-12-20T10:48:28.356Z"}},{"iob":0.01,"basaliob":0.001,"bolussnooze":0,"activity":3.0E-4,"lastBolusTime":1703056127234,"time":"2023-12-20T10:53:28.356Z","iobWithZeroTemp":{"iob":-0.219,"basaliob":-0.228,"bolussnooze":0,"activity":-0.0025,"lastBolusTime":1703056127234,"time":"2023-12-20T10:53:28.356Z"}},{"iob":0.009,"basaliob":0.001,"bolussnooze":0,"activity":3.0E-4,"lastBolusTime":1703056127234,"time":"2023-12-20T10:58:28.356Z","iobWithZeroTemp":{"iob":-0.219,"basaliob":-0.227,"bolussnooze":0,"activity":-0.0024,"lastBolusTime":1703056127234,"time":"2023-12-20T10:58:28.356Z"}},{"iob":0.008,"basaliob":0.001,"bolussnooze":0,"activity":2.0E-4,"lastBolusTime":1703056127234,"time":"2023-12-20T11:03:28.356Z","iobWithZeroTemp":{"iob":-0.219,"basaliob":-0.226,"bolussnooze":0,"activity":-0.0025,"lastBolusTime":1703056127234,"time":"2023-12-20T11:03:28.356Z"}},{"iob":0.006,"basaliob":0,"bolussnooze":0,"activity":2.0E-4,"lastBolusTime":1703056127234,"time":"2023-12-20T11:08:28.356Z","iobWithZeroTemp":{"iob":-0.219,"basaliob":-0.225,"bolussnooze":0,"activity":-0.0025,"lastBolusTime":1703056127234,"time":"2023-12-20T11:08:28.356Z"}},{"iob":0.005,"basaliob":0,"bolussnooze":0,"activity":2.0E-4,"lastBolusTime":1703056127234,"time":"2023-12-20T11:13:28.356Z","iobWithZeroTemp":{"iob":-0.219,"basaliob":-0.224,"bolussnooze":0,"activity":-0.0025,"lastBolusTime":1703056127234,"time":"2023-12-20T11:13:28.356Z"}}],"profile":{"max_iob":10,"type":"current","max_daily_basal":0.25,"max_basal":0.75,"min_bg":90,"max_bg":90,"target_bg":90,"carb_ratio":12.6,"sens":84,"max_daily_safety_multiplier":5,"current_basal_safety_multiplier":5,"lgsThreshold":95,"high_temptarget_raises_sensitivity":false,"low_temptarget_lowers_sensitivity":false,"sensitivity_raises_target":true,"resistance_lowers_target":true,"adv_target_adjustments":false,"exercise_mode":false,"half_basal_exercise_target":160,"maxCOB":120,"skip_neutral_temps":false,"remainingCarbsCap":90,"enableUAM":true,"A52_risk_enable":false,"SMBInterval":5,"enableSMB_with_COB":true,"enableSMB_with_temptarget":false,"allowSMB_with_high_temptarget":false,"enableSMB_always":false,"enableSMB_after_carbs":true,"maxSMBBasalMinutes":120,"maxUAMSMBBasalMinutes":120,"bolus_increment":0.05,"carbsReqThreshold":1,"current_basal":0.15000000596046448,"temptargetSet":false,"autosens_max":1.2,"autosens_min":0.7,"variable_sens":81.3,"insulinDivisor":75,"TDD":19.983984546908456},"autosens_data":{"ratio":1},"meal_data":{"carbs":34,"mealCOB":3.7423000000000037,"slopeFromMaxDeviation":-0.8658571428571429,"slopeFromMinDeviation":0,"lastBolusTime":1703056127234,"lastCarbTime":1703051607356},"microBolusAllowed":true,"currentTime":1703056710161,"flatBGsDetected":false,"tdd1D":18.86250000521541,"tdd7D":20.877380982715465,"tddLast24H":19.554166666666667,"tddLast4H":4.366666673372189,"tddLast8to4H":1.0250000029802322},"output":{"temp":"absolute","bg":152,"tick":"+1","eventualBG":100,"targetBG":90,"insulinReq":0,"deliverAt":"2023-12-20T07:18:30.161Z","sensitivityRatio":1,"variable_sens":81.3,"predBGs":{"IOB":[152,152,152,152,151,150,148,146,144,141,138,134,130,126,123,119,116,113,111,108,106,103,101,99,98,96,94,93,92,91,90,89,88,87,86,86,85,85,84,84,84,83,83,83,83,83,82],"ZT":[152,145,139,132,125,119,113,107,101,95,90,85,80,75,71,66,63,59,56,53,50,48,46,44,43,42,41,41,41,41,42,42,43,44,46,47,49,51,53,54,56,58,60,62,64,66,67,69],"COB":[152,152,151,148,145,141,135,130,125,121,117,113,109,105,102,99,97,94,92,90,88,86,84,83,81,80,79,78,77,76,76,75,74,74,73,73,73,72,72,72,71],"UAM":[152,152,152,151,149,146,143,140,135,131,126,121,117,113,109,106,102,99,96,93,90,88,85,83,81,79,78,76,75,73,72,71,70,69,68,68,67,67,66,66,65,65,65,64]},"reason":"COB: 3.7, Dev: 47, BGI: -7, ISF: 81, CR: 12.6, Target: 90, minPredBG 64, minGuardBG 64, IOBpredBG 82, COBpredBG 71, UAMpredBG 64; minGuardBG 64<95","COB":3.7423000000000037,"IOB":1.219,"duration":120,"rate":0,"timestamp":"2023-12-20T07:18:30.189Z"}}