{"algorithm":"OpenAPSSMBDynamicISFPlugin","input":{"glucoseStatus":{"glucose":91,"noise":0,"delta":2,"short_avgdelta":1.67,"long_avgdelta":-0.24,"date":1702920772000},"currenttemp":{"temp":"absolute","duration":85,"rate":0,"minutesrunning":35},"iob_data":[{"iob":0.098,"basaliob":-0.244,"bolussnooze":0,"activity":0.0045,"lastBolusTime":1702916312788,"time":"2023-12-18T17:33:22.318Z","iobWithZeroTemp":{"iob":0.098,"basaliob":-0.244,"bolussnooze":0,"activity":0.0045,"lastBolusTime":1702916312788,"time":"2023-12-18T17:33:22.318Z"}},{"iob":0.077,"basaliob":-0.231,"bolussnooze":0,"activity":0.0038,"lastBolusTime":1702916312788,"time":"2023-12-18T17:38:22.318Z","iobWithZeroTemp":{"iob":0.064,"basaliob":-0.244,"bolussnooze":0,"activity":0.0038,"lastBolusTime":1702916312788,"time":"2023-12-18T17:38:22.318Z"}},{"iob":0.06,"basaliob":-0.217,"bolussnooze":0,"activity":0.0033,"lastBolusTime":1702916312788,"time":"2023-12-18T17:43:22.318Z","iobWithZeroTemp":{"iob":0.03,"basaliob":-0.247,"bolussnooze":0,"activity":0.0032,"lastBolusTime":1702916312788,"time":"2023-12-18T17:43:22.318Z"}},{"iob":0.045,"basaliob":-0.203,"bolussnooze":0,"activity":0.0027,"lastBolusTime":1702916312788,"time":"2023-12-18T17:48:22.318Z","iobWithZeroTemp":{"iob":-0.001,"basaliob":-0.249,"bolussnooze":0,"activity":0.0026,"lastBolusTime":1702916312788,"time":"2023-12-18T17:48:22.318Z"}},{"iob":0.032,"basaliob":-0.19,"bolussnooze":0,"activity":0.0024,"lastBolusTime":1702916312788,"time":"2023-12-18T17:53:22.318Z","iobWithZeroTemp":{"iob":-0.03,"basaliob":-0.252,"bolussnooze":0,"activity":0.0022,"lastBolusTime":1702916312788,"time":"2023-12-18T17:53:22.318Z"}},{"iob":0.022,"basaliob":-0.177,"bolussnooze":0,"activity":0.002,"lastBolusTime":1702916312788,"time":"2023-12-18T17:58:22.318Z","iobWithZeroTemp":{"iob":-0.055,"basaliob":-0.254,"bolussnooze":0,"activity":0.0017,"lastBolusTime":1702916312788,"time":"2023-12-18T17:58:22.318Z"}},{"iob":0.012,"basaliob":-0.165,"bolussnooze":0,"activity":0.0017,"lastBolusTime":1702916312788,"time":"2023-12-18T18:03:22.318Z","iobWithZeroTemp":{"iob":-0.08,"basaliob":-0.257,"bolussnooze":0,"activity":0.0012,"lastBolusTime":1702916312788,"time":"2023-12-18T18:03:22.318Z"}},{"iob":0.005,"basaliob":-0.153,"bolussnooze":0,"activity":0.0014,"lastBolusTime":1702916312788,"time":"2023-12-18T18:08:22.318Z","iobWithZeroTemp":{"iob":-0.101,"basaliob":-0.259,"bolussnooze":0,"activity":8.0E-4,"lastBolusTime":1702916312788,"time":"2023-12-18T18:08:22.318Z"}},{"iob":-0.001,"basaliob":-0.141,"bolussnooze":0,"activity":0.0011,"lastBolusTime":1702916312788,"time":"2023-12-18T18:13:22.318Z","iobWithZeroTemp":{"iob":-0.12,"basaliob":-0.26,"bolussnooze":0,"activity":4.0E-4,"lastBolusTime":1702916312788,"time":"2023-12-18T18:13:22.318Z"}},{"iob":-0.006,"basaliob":-0.13,"bolussnooze":0,"activity":9.0E-4,"lastBolusTime":1702916312788,"time":"2023-12-18T18:18:22.318Z","iobWithZeroTemp":{"iob":-0.137,"basaliob":-0.261,"bolussnooze":0,"activity":0,"lastBolusTime":1702916312788,"time":"2023-12-18T18:18:22.318Z"}},{"iob":-0.01,"basaliob":-0.12,"bolussnooze":0,"activity":7.0E-4,"lastBolusTime":1702916312788,"time":"2023-12-18T18:23:22.318Z","iobWithZeroTemp":{"iob":-0.153,"basaliob":-0.263,"bolussnooze":0,"activity":-3.0E-4,"lastBolusTime":1702916312788,"time":"2023-12-18T18:23:22.318Z"}},{"iob":-0.014,"basaliob":-0.111,"bolussnooze":0,"activity":5.0E-4,"lastBolusTime":1702916312788,"time":"2023-12-18T18:28:22.318Z","iobWithZeroTemp":{"iob":-0.168,"basaliob":-0.265,"bolussnooze":0,"activity":-7.0E-4,"lastBolusTime":1702916312788,"time":"2023-12-18T18:28:22.318Z"}},{"iob":-0.016,"basaliob":-0.102,"bolussnooze":0,"activity":4.0E-4,"lastBolusTime":1702916312788,"time":"2023-12-18T18:33:22.318Z","iobWithZeroTemp":{"iob":-0.181,"basaliob":-0.267,"bolussnooze":0,"activity":-9.0E-4,"lastBolusTime":1702916312788,"time":"2023-12-18T18:33:22.318Z"}},{"iob":-0.017,"basaliob":-0.093,"bolussnooze":0,"activity":3.0E-4,"lastBolusTime":1702916312788,"time":"2023-12-18T18:38:22.318Z","iobWithZeroTemp":{"iob":-0.192,"basaliob":-0.268,"bolussnooze":0,"activity":-0.0011,"lastBolusTime":1702916312788,"time":"2023-12-18T18:38:22.318Z"}},{"iob":-0.018,"basaliob":-0.085,"bolussnooze":0,"activity":2.0E-4,"lastBolusTime":1702916312788,"time":"2023-12-18T18:43:22.318Z","iobWithZeroTemp":{"iob":-0.202,"basaliob":-0.269,"bolussnooze":0,"activity":-0.0014,"lastBolusTime":1702916312788,"time":"2023-12-18T18:43:22.318Z"}},{"iob":-0.019,"basaliob":-0.078,"bolussnooze":0,"activity":1.0E-4,"lastBolusTime":1702916312788,"time":"2023-12-18T18:48:22.318Z","iobWithZeroTemp":{"iob":-0.211,"basaliob":-0.27,"bolussnooze":0,"activity":-0.0016,"lastBolusTime":1702916312788,"time":"2023-12-18T18:48:22.318Z"}},{"iob":-0.02,"basaliob":-0.071,"bolussnooze":0,"activity":1.0E-4,"lastBolusTime":1702916312788,"time":"2023-12-18T18:53:22.318Z","iobWithZeroTemp":{"iob":-0.22,"basaliob":-0.271,"bolussnooze":0,"activity":-0.0017,"lastBolusTime":1702916312788,"time":"2023-12-18T18:53:22.318Z"}},{"iob":-0.019,"basaliob":-0.064,"bolussnooze":0,"activity":0,"lastBolusTime":1702916312788,"time":"2023-12-18T18:58:22.318Z","iobWithZeroTemp":{"iob":-0.226,"basaliob":-0.271,"bolussnooze":0,"activity":-0.0019,"lastBolusTime":1702916312788,"time":"2023-12-18T18:58:22.318Z"}},{"iob":-0.02,"basaliob":-0.059,"bolussnooze":0,"activity":0,"lastBolusTime":1702916312788,"time":"2023-12-18T19:03:22.318Z","iobWithZeroTemp":{"iob":-0.23,"basaliob":-0.269,"bolussnooze":0,"activity":-0.002,"lastBolusTime":1702916312788,"time":"2023-12-18T19:03:22.318Z"}},{"iob":-0.019,"basaliob":-0.053,"bolussnooze":0,"activity":-1.0E-4,"lastBolusTime":1702916312788,"time":"2023-12-18T19:08:22.318Z","iobWithZeroTemp":{"iob":-0.231,"basaliob":-0.265,"bolussnooze":0,"activity":-0.0022,"lastBolusTime":1702916312788,"time":"2023-12-18T19:08:22.318Z"}},{"iob":-0.018,"basaliob":-0.048,"bolussnooze":0,"activity":-2.0E-4,"lastBolusTime":1702916312788,"time":"2023-12-18T19:13:22.318Z","iobWithZeroTemp":{"iob":-0.232,"basaliob":-0.262,"bolussnooze":0,"activity":-0.0024,"lastBolusTime":1702916312788,"time":"2023-12-18T19:13:22.318Z"}},{"iob":-0.018,"basaliob":-0.044,"bolussnooze":0,"activity":-2.0E-4,"lastBolusTime":1702916312788,"time":"2023-12-18T19:18:22.318Z","iobWithZeroTemp":{"iob":-0.233,"basaliob":-0.259,"bolussnooze":0,"activity":-0.0025,"lastBolusTime":1702916312788,"time":"2023-12-18T19:18:22.318Z"}},{"iob":-0.016,"basaliob":-0.039,"bolussnooze":0,"activity":-2.0E-4,"lastBolusTime":1702916312788,"time":"2023-12-18T19:23:22.318Z","iobWithZeroTemp":{"iob":-0.232,"basaliob":-0.255,"bolussnooze":0,"activity":-0.0025,"lastBolusTime":1702916312788,"time":"2023-12-18T19:23:22.318Z"}},{"iob":-0.015,"basaliob":-0.035,"bolussnooze":0,"activity":-2.0E-4,"lastBolusTime":1702916312788,"time":"2023-12-18T19:28:22.318Z","iobWithZeroTemp":{"iob":-0.232,"basaliob":-0.252,"bolussnooze":0,"activity":-0.0026,"lastBolusTime":1702916312788,"time":"2023-12-18T19:28:22.318Z"}},{"iob":-0.015,"basaliob":-0.032,"bolussnooze":0,"activity":-2.0E-4,"lastBolusTime":1702916312788,"time":"2023-12-18T19:33:22.318Z","iobWithZeroTemp":{"iob":-0.233,"basaliob":-0.25,"bolussnooze":0,"activity":-0.0026,"lastBolusTime":1702916312788,"time":"2023-12-18T19:33:22.318Z"}},{"iob":-0.014,"basaliob":-0.029,"bolussnooze":0,"activity":-2.0E-4,"lastBolusTime":1702916312788,"time":"2023-12-18T19:38:22.318Z","iobWithZeroTemp":{"iob":-0.232,"basaliob":-0.247,"bolussnooze":0,"activity":-0.0026,"lastBolusTime":1702916312788,"time":"2023-12-18T19:38:22.318Z"}},{"iob":-0.013,"basaliob":-0.026,"bolussnooze":0,"activity":-2.0E-4,"lastBolusTime":1702916312788,"time":"2023-12-18T19:43:22.318Z","iobWithZeroTemp":{"iob":-0.231,"basaliob":-0.244,"bolussnooze":0,"activity":-0.0027,"lastBolusTime":1702916312788,"time":"2023-12-18T19:43:22.318Z"}},{"iob":-0.012,"basaliob":-0.023,"bolussnooze":0,"activity":-2.0E-4,"lastBolusTime":1702916312788,"time":"2023-12-18T19:48:22.318Z","iobWithZeroTemp":{"iob":-0.23,"basaliob":-0.241,"bolussnooze":0,"activity":-0.0027,"lastBolusTime":1702916312788,"time":"2023-12-18T19:48:22.318Z"}},{"iob":-0.011,"basaliob":-0.021,"bolussnooze":0,"activity":-2.0E-4,"lastBolusTime":1702916312788,"time":"2023-12-18T19:53:22.318Z","iobWithZeroTemp":{"iob":-0.229,"basaliob":-0.239,"bolussnooze":0,"activity":-0.0027,"lastBolusTime":1702916312788,"time":"2023-12-18T19:53:22.318Z"}},{"iob":-0.01,"basaliob":-0.018,"bolussnooze":0,"activity":-1.0E-4,"lastBolusTime":1702916312788,"time":"2023-12-18T19:58:22.318Z","iobWithZeroTemp":{"iob":-0.228,"basaliob":-0.236,"bolussnooze":0,"activity":-0.0026,"lastBolusTime":1702916312788,"time":"2023-12-18T19:58:22.318Z"}},{"iob":-0.009,"basaliob":-0.016,"bolussnooze":0,"activity":-2.0E-4,"lastBolusTime":1702916312788,"time":"2023-12-18T20:03:22.318Z","iobWithZeroTemp":{"iob":-0.227,"basaliob":-0.234,"bolussnooze":0,"activity":-0.0027,"lastBolusTime":1702916312788,"time":"2023-12-18T20:03:22.318Z"}},{"iob":-0.009,"basaliob":-0.015,"bolussnooze":0,"activity":-1.0E-4,"lastBolusTime":1702916312788,"time":"2023-12-18T20:08:22.318Z","iobWithZeroTemp":{"iob":-0.227,"basaliob":-0.233,"bolussnooze":0,"activity":-0.0026,"lastBolusTime":1702916312788,"time":"2023-12-18T20:08:22.318Z"}},{"iob":-0.008,"basaliob":-0.013,"bolussnooze":0,"activity":-1.0E-4,"lastBolusTime":1702916312788,"time":"2023-12-18T20:13:22.318Z","iobWithZeroTemp":{"iob":-0.226,"basaliob":-0.231,"bolussnooze":0,"activity":-0.0027,"lastBolusTime":1702916312788,"time":"2023-12-18T20:13:22.318Z"}},{"iob":-0.007,"basaliob":-0.011,"bolussnooze":0,"activity":-2.0E-4,"lastBolusTime":1702916312788,"time":"2023-12-18T20:18:22.318Z","iobWithZeroTemp":{"iob":-0.224,"basaliob":-0.228,"bolussnooze":0,"activity":-0.0028,"lastBolusTime":1702916312788,"time":"2023-12-18T20:18:22.318Z"}},{"iob":-0.006,"basaliob":-0.01,"bolussnooze":0,"activity":-1.0E-4,"lastBolusTime":1702916312788,"time":"2023-12-18T20:23:22.318Z","iobWithZeroTemp":{"iob":-0.223,"basaliob":-0.227,"bolussnooze":0,"activity":-0.0027,"lastBolusTime":1702916312788,"time":"2023-12-18T20:23:22.318Z"}},{"iob":-0.006,"basaliob":-0.009,"bolussnooze":0,"activity":-1.0E-4,"lastBolusTime":1702916312788,"time":"2023-12-18T20:28:22.318Z","iobWithZeroTemp":{"iob":-0.223,"basaliob":-0.226,"bolussnooze":0,"activity":-0.0027,"lastBolusTime":1702916312788,"time":"2023-12-18T20:28:22.318Z"}},{"iob":-0.005,"basaliob":-0.008,"bolussnooze":0,"activity":-1.0E-4,"lastBolusTime":1702916312788,"time":"2023-12-18T20:33:22.318Z","iobWithZeroTemp":{"iob":-0.221,"basaliob":-0.224,"bolussnooze":0,"activity":-0.0027,"lastBolusTime":1702916312788,"time":"2023-12-18T20:33:22.318Z"}},{"iob":-0.005,"basaliob":-0.007,"bolussnooze":0,"activity":-1.0E-4,"lastBolusTime":1702916312788,"time":"2023-12-18T20:38:22.318Z","iobWithZeroTemp":{"iob":-0.221,"basaliob":-0.223,"bolussnooze":0,"activity":-0.0027,"lastBolusTime":1702916312788,"time":"2023-12-18T20:38:22.318Z"}},{"iob":-0.004,"basaliob":-0.006,"bolussnooze":0,"activity":-1.0E-4,"lastBolusTime":1702916312788,"time":"2023-12-18T20:43:22.318Z","iobWithZeroTemp":{"iob":-0.22,"basaliob":-0.222,"bolussnooze":0,"activity":-0.0027,"lastBolusTime":1702916312788,"time":"2023-12-18T20:43:22.318Z"}},{"iob":-0.004,"basaliob":-0.005,"bolussnooze":0,"activity":0,"lastBolusTime":1702916312788,"time":"2023-12-18T20:48:22.318Z","iobWithZeroTemp":{"iob":-0.219,"basaliob":-0.22,"bolussnooze":0,"activity":-0.0026,"lastBolusTime":1702916312788,"time":"2023-12-18T20:48:22.318Z"}},{"iob":-0.004,"basaliob":-0.005,"bolussnooze":0,"activity":0,"lastBolusTime":1702916312788,"time":"2023-12-18T20:53:22.318Z","iobWithZeroTemp":{"iob":-0.219,"basaliob":-0.22,"bolussnooze":0,"activity":-0.0026,"lastBolusTime":1702916312788,"time":"2023-12-18T20:53:22.318Z"}},{"iob":-0.003,"basaliob":-0.004,"bolussnooze":0,"activity":-1.0E-4,"lastBolusTime":1702916312788,"time":"2023-12-18T20:58:22.318Z","iobWithZeroTemp":{"iob":-0.218,"basaliob":-0.219,"bolussnooze":0,"activity":-0.0027,"lastBolusTime":1702916312788,"time":"2023-12-18T20:58:22.318Z"}},{"iob":-0.002,"basaliob":-0.003,"bolussnooze":0,"activity":-1.0E-4,"lastBolusTime":1702916312788,"time":"2023-12-18T21:03:22.318Z","iobWithZeroTemp":{"iob":-0.216,"basaliob":-0.217,"bolussnooze":0,"activity":-0.0027,"lastBolusTime":1702916312788,"time":"2023-12-18T21:03:22.318Z"}},{"iob":-0.002,"basaliob":-0.003,"bolussnooze":0,"activity":-1.0E-4,"lastBolusTime":1702916312788,"time":"2023-12-18T21:08:22.318Z","iobWithZeroTemp":{"iob":-0.216,"basaliob":-0.217,"bolussnooze":0,"activity":-0.0027,"lastBolusTime":1702916312788,"time":"2023-12-18T21:08:22.318Z"}},{"iob":-0.003,"basaliob":-0.003,"bolussnooze":0,"activity":-1.0E-4,"lastBolusTime":1702916312788,"time":"2023-12-18T21:13:22.318Z","iobWithZeroTemp":{"iob":-0.217,"basaliob":-0.217,"bolussnooze":0,"activity":-0.0027,"lastBolusTime":1702916312788,"time":"2023-12-18T21:13:22.318Z"}},{"iob":-0.002,"basaliob":-0.002,"bolussnooze":0,"activity":-1.0E-4,"lastBolusTime":1702916312788,"time":"2023-12-18T21:18:22.318Z","iobWithZeroTemp":{"iob":-0.216,"basaliob":-0.216,"bolussnooze":0,"activity":-0.0027,"lastBolusTime":1702916312788,"time":"2023-12-18T21:18:22.318Z"}},{"iob":-0.002,"basaliob":-0.002,"bolussnooze":0,"activity":-1.0E-4,"lastBolusTime":1702916312788,"time":"2023-12-18T21:23:22.318Z","iobWithZeroTemp":{"iob":-0.215,"basaliob":-0.215,"bolussnooze":0,"activity":-0.0027,"lastBolusTime":1702916312788,"time":"2023-12-18T21:23:22.318Z"}},{"iob":-0.002,"basaliob":-0.002,"bolussnooze":0,"activity":-1.0E-4,"lastBolusTime":1702916312788,"time":"2023-12-18T21:28:22.318Z","iobWithZeroTemp":{"iob":-0.215,"basaliob":-0.215,"bolussnooze":0,"activity":-0.0026,"lastBolusTime":1702916312788,"time":"2023-12-18T21:28:22.318Z"}}],"profile":{"max_iob":10,"type":"current","max_daily_basal":0.25,"max_basal":1,"min_bg":105,"max_bg":105,"target_bg":105,"carb_ratio":12.4,"sens":84,"max_daily_safety_multiplier":5,"current_basal_safety_multiplier":5,"lgsThreshold":95,"high_temptarget_raises_sensitivity":false,"low_temptarget_lowers_sensitivity":false,"sensitivity_raises_target":true,"resistance_lowers_target":true,"adv_target_adjustments":false,"exercise_mode":false,"half_basal_exercise_target":160,"maxCOB":120,"skip_neutral_temps":false,"remainingCarbsCap":90,"enableUAM":true,"A52_risk_enable":false,"SMBInterval":5,"enableSMB_with_COB":true,"enableSMB_with_temptarget":false,"allowSMB_with_high_temptarget":false,"enableSMB_always":false,"enableSMB_after_carbs":true,"maxSMBBasalMinutes":120,"maxUAMSMBBasalMinutes":120,"bolus_increment":0.05,"carbsReqThreshold":1,"current_basal":0.20000000298023224,"temptargetSet":true,"autosens_max":1.2,"autosens_min":0.7,"variable_sens":88.4,"insulinDivisor":75,"TDD":25.616596487216047},"autosens_data":{"ratio":1},"meal_data":{"carbs":86,"mealCOB":0,"slopeFromMaxDeviation":0,"slopeFromMinDeviation":0.6637000000000002,"lastBolusTime":1702916312788,"lastCarbTime":1702908490573},"microBolusAllowed":true,"currentTime":1702920803324,"flatBGsDetected":false,"tdd1D":22.354166475186748,"tdd7D":26.782783919711285,"tddLast24H":20.46666668454806,"tddLast4H":4.216666758308808,"tddLast8to4H":5.537499815970659},"output":{"temp":"absolute","bg":91,"tick":"+2","eventualBG":111,"targetBG":105,"insulinReq":0,"deliverAt":"2023-12-18T17:33:23.324Z","sensitivityRatio":1,"variable_sens":88.4,"predBGs":{"IOB":[91,92,94,95,96,98,99,99,100,101,101,101,101,100,100,100,100,100,100,100,100,100,100,100,101,101,101,101,101,101,101,101,101,101,101,101,101,101,101,101,101,101,101,102],"ZT":[91,89,87,86,85,84,83,82,82,82,82,82,82,83,83,84,85,85,86,87,88,89,90,91,93,94,95,96,97,98,99,101,102,103,104,105],"UAM":[91,92,94,96,97,99,100,102,103,105,106,107,108,108,109,109,109,109,109,109,109,109,109,109,110,110,110,110,110,110,110,110,110,110,110,110,110,110,110,110,110,110,110,111]},"reason":"COB: 0, Dev: 22, BGI: -2, ISF: 88, CR: 12.4, Target: 105, minPredBG 95, minGuardBG 92, IOBpredBG 102, UAMpredBG 111; 2 add'l carbs req w\/in 0m; minGuardBG 92<95 85m left and 0 ~ req 0U\/hr: no temp required","COB":0,"IOB":0.098,"carbsReq":2,"carbsReqWithin":0,"timestamp":"2023-12-18T17:33:23.351Z"}}