{"algorithm":"OpenAPSSMBDynamicISFPlugin","input":{"glucoseStatus":{"glucose":123,"noise":0,"delta":0,"short_avgdelta":0.39,"long_avgdelta":-0.59,"date":1702859871000},"currenttemp":{"temp":"absolute","duration":25,"rate":0.35,"minutesrunning":5},"iob_data":[{"iob":0.448,"basaliob":0.358,"bolussnooze":0,"activity":0.0062,"lastBolusTime":1702853609765,"time":"2023-12-18T00:38:21.073Z","iobWithZeroTemp":{"iob":0.448,"basaliob":0.358,"bolussnooze":0,"activity":0.0062,"lastBolusTime":1702853609765,"time":"2023-12-18T00:38:21.073Z"}},{"iob":0.417,"basaliob":0.336,"bolussnooze":0,"activity":0.006,"lastBolusTime":1702853609765,"time":"2023-12-18T00:43:21.073Z","iobWithZeroTemp":{"iob":0.407,"basaliob":0.326,"bolussnooze":0,"activity":0.006,"lastBolusTime":1702853609765,"time":"2023-12-18T00:43:21.073Z"}},{"iob":0.388,"basaliob":0.315,"bolussnooze":0,"activity":0.0057,"lastBolusTime":1702853609765,"time":"2023-12-18T00:48:21.073Z","iobWithZeroTemp":{"iob":0.366,"basaliob":0.293,"bolussnooze":0,"activity":0.0057,"lastBolusTime":1702853609765,"time":"2023-12-18T00:48:21.073Z"}},{"iob":0.36,"basaliob":0.294,"bolussnooze":0,"activity":0.0055,"lastBolusTime":1702853609765,"time":"2023-12-18T00:53:21.073Z","iobWithZeroTemp":{"iob":0.325,"basaliob":0.259,"bolussnooze":0,"activity":0.0054,"lastBolusTime":1702853609765,"time":"2023-12-18T00:53:21.073Z"}},{"iob":0.333,"basaliob":0.274,"bolussnooze":0,"activity":0.0053,"lastBolusTime":1702853609765,"time":"2023-12-18T00:58:21.073Z","iobWithZeroTemp":{"iob":0.287,"basaliob":0.228,"bolussnooze":0,"activity":0.0051,"lastBolusTime":1702853609765,"time":"2023-12-18T00:58:21.073Z"}},{"iob":0.307,"basaliob":0.254,"bolussnooze":0,"activity":0.0049,"lastBolusTime":1702853609765,"time":"2023-12-18T01:03:21.073Z","iobWithZeroTemp":{"iob":0.245,"basaliob":0.192,"bolussnooze":0,"activity":0.0046,"lastBolusTime":1702853609765,"time":"2023-12-18T01:03:21.073Z"}},{"iob":0.284,"basaliob":0.236,"bolussnooze":0,"activity":0.0046,"lastBolusTime":1702853609765,"time":"2023-12-18T01:08:21.073Z","iobWithZeroTemp":{"iob":0.207,"basaliob":0.159,"bolussnooze":0,"activity":0.0042,"lastBolusTime":1702853609765,"time":"2023-12-18T01:08:21.073Z"}},{"iob":0.261,"basaliob":0.218,"bolussnooze":0,"activity":0.0043,"lastBolusTime":1702853609765,"time":"2023-12-18T01:13:21.073Z","iobWithZeroTemp":{"iob":0.17,"basaliob":0.127,"bolussnooze":0,"activity":0.0038,"lastBolusTime":1702853609765,"time":"2023-12-18T01:13:21.073Z"}},{"iob":0.239,"basaliob":0.201,"bolussnooze":0,"activity":0.0042,"lastBolusTime":1702853609765,"time":"2023-12-18T01:18:21.073Z","iobWithZeroTemp":{"iob":0.134,"basaliob":0.096,"bolussnooze":0,"activity":0.0036,"lastBolusTime":1702853609765,"time":"2023-12-18T01:18:21.073Z"}},{"iob":0.22,"basaliob":0.186,"bolussnooze":0,"activity":0.0039,"lastBolusTime":1702853609765,"time":"2023-12-18T01:23:21.073Z","iobWithZeroTemp":{"iob":0.102,"basaliob":0.068,"bolussnooze":0,"activity":0.0031,"lastBolusTime":1702853609765,"time":"2023-12-18T01:23:21.073Z"}},{"iob":0.202,"basaliob":0.171,"bolussnooze":0,"activity":0.0036,"lastBolusTime":1702853609765,"time":"2023-12-18T01:28:21.073Z","iobWithZeroTemp":{"iob":0.071,"basaliob":0.04,"bolussnooze":0,"activity":0.0027,"lastBolusTime":1702853609765,"time":"2023-12-18T01:28:21.073Z"}},{"iob":0.184,"basaliob":0.157,"bolussnooze":0,"activity":0.0033,"lastBolusTime":1702853609765,"time":"2023-12-18T01:33:21.073Z","iobWithZeroTemp":{"iob":0.042,"basaliob":0.015,"bolussnooze":0,"activity":0.0023,"lastBolusTime":1702853609765,"time":"2023-12-18T01:33:21.073Z"}},{"iob":0.168,"basaliob":0.144,"bolussnooze":0,"activity":0.0031,"lastBolusTime":1702853609765,"time":"2023-12-18T01:38:21.073Z","iobWithZeroTemp":{"iob":0.014,"basaliob":-0.01,"bolussnooze":0,"activity":0.0019,"lastBolusTime":1702853609765,"time":"2023-12-18T01:38:21.073Z"}},{"iob":0.153,"basaliob":0.131,"bolussnooze":0,"activity":0.0029,"lastBolusTime":1702853609765,"time":"2023-12-18T01:43:21.073Z","iobWithZeroTemp":{"iob":-0.011,"basaliob":-0.033,"bolussnooze":0,"activity":0.0016,"lastBolusTime":1702853609765,"time":"2023-12-18T01:43:21.073Z"}},{"iob":0.139,"basaliob":0.12,"bolussnooze":0,"activity":0.0027,"lastBolusTime":1702853609765,"time":"2023-12-18T01:48:21.073Z","iobWithZeroTemp":{"iob":-0.035,"basaliob":-0.054,"bolussnooze":0,"activity":0.0013,"lastBolusTime":1702853609765,"time":"2023-12-18T01:48:21.073Z"}},{"iob":0.127,"basaliob":0.11,"bolussnooze":0,"activity":0.0024,"lastBolusTime":1702853609765,"time":"2023-12-18T01:53:21.073Z","iobWithZeroTemp":{"iob":-0.056,"basaliob":-0.073,"bolussnooze":0,"activity":8.0E-4,"lastBolusTime":1702853609765,"time":"2023-12-18T01:53:21.073Z"}},{"iob":0.115,"basaliob":0.1,"bolussnooze":0,"activity":0.0023,"lastBolusTime":1702853609765,"time":"2023-12-18T01:58:21.073Z","iobWithZeroTemp":{"iob":-0.076,"basaliob":-0.091,"bolussnooze":0,"activity":6.0E-4,"lastBolusTime":1702853609765,"time":"2023-12-18T01:58:21.073Z"}},{"iob":0.104,"basaliob":0.091,"bolussnooze":0,"activity":0.002,"lastBolusTime":1702853609765,"time":"2023-12-18T02:03:21.073Z","iobWithZeroTemp":{"iob":-0.095,"basaliob":-0.108,"bolussnooze":0,"activity":2.0E-4,"lastBolusTime":1702853609765,"time":"2023-12-18T02:03:21.073Z"}},{"iob":0.094,"basaliob":0.082,"bolussnooze":0,"activity":0.0019,"lastBolusTime":1702853609765,"time":"2023-12-18T02:08:21.073Z","iobWithZeroTemp":{"iob":-0.113,"basaliob":-0.125,"bolussnooze":0,"activity":0,"lastBolusTime":1702853609765,"time":"2023-12-18T02:08:21.073Z"}},{"iob":0.085,"basaliob":0.075,"bolussnooze":0,"activity":0.0018,"lastBolusTime":1702853609765,"time":"2023-12-18T02:13:21.073Z","iobWithZeroTemp":{"iob":-0.128,"basaliob":-0.138,"bolussnooze":0,"activity":-2.0E-4,"lastBolusTime":1702853609765,"time":"2023-12-18T02:13:21.073Z"}},{"iob":0.076,"basaliob":0.067,"bolussnooze":0,"activity":0.0016,"lastBolusTime":1702853609765,"time":"2023-12-18T02:18:21.073Z","iobWithZeroTemp":{"iob":-0.144,"basaliob":-0.153,"bolussnooze":0,"activity":-5.0E-4,"lastBolusTime":1702853609765,"time":"2023-12-18T02:18:21.073Z"}},{"iob":0.069,"basaliob":0.061,"bolussnooze":0,"activity":0.0014,"lastBolusTime":1702853609765,"time":"2023-12-18T02:23:21.073Z","iobWithZeroTemp":{"iob":-0.156,"basaliob":-0.164,"bolussnooze":0,"activity":-8.0E-4,"lastBolusTime":1702853609765,"time":"2023-12-18T02:23:21.073Z"}},{"iob":0.062,"basaliob":0.055,"bolussnooze":0,"activity":0.0013,"lastBolusTime":1702853609765,"time":"2023-12-18T02:28:21.073Z","iobWithZeroTemp":{"iob":-0.169,"basaliob":-0.176,"bolussnooze":0,"activity":-0.001,"lastBolusTime":1702853609765,"time":"2023-12-18T02:28:21.073Z"}},{"iob":0.056,"basaliob":0.05,"bolussnooze":0,"activity":0.0012,"lastBolusTime":1702853609765,"time":"2023-12-18T02:33:21.073Z","iobWithZeroTemp":{"iob":-0.179,"basaliob":-0.185,"bolussnooze":0,"activity":-0.0012,"lastBolusTime":1702853609765,"time":"2023-12-18T02:33:21.073Z"}},{"iob":0.05,"basaliob":0.045,"bolussnooze":0,"activity":0.0011,"lastBolusTime":1702853609765,"time":"2023-12-18T02:38:21.073Z","iobWithZeroTemp":{"iob":-0.19,"basaliob":-0.195,"bolussnooze":0,"activity":-0.0014,"lastBolusTime":1702853609765,"time":"2023-12-18T02:38:21.073Z"}},{"iob":0.045,"basaliob":0.04,"bolussnooze":0,"activity":0.001,"lastBolusTime":1702853609765,"time":"2023-12-18T02:43:21.073Z","iobWithZeroTemp":{"iob":-0.199,"basaliob":-0.204,"bolussnooze":0,"activity":-0.0016,"lastBolusTime":1702853609765,"time":"2023-12-18T02:43:21.073Z"}},{"iob":0.04,"basaliob":0.036,"bolussnooze":0,"activity":9.0E-4,"lastBolusTime":1702853609765,"time":"2023-12-18T02:48:21.073Z","iobWithZeroTemp":{"iob":-0.208,"basaliob":-0.212,"bolussnooze":0,"activity":-0.0017,"lastBolusTime":1702853609765,"time":"2023-12-18T02:48:21.073Z"}},{"iob":0.035,"basaliob":0.032,"bolussnooze":0,"activity":8.0E-4,"lastBolusTime":1702853609765,"time":"2023-12-18T02:53:21.073Z","iobWithZeroTemp":{"iob":-0.216,"basaliob":-0.219,"bolussnooze":0,"activity":-0.0019,"lastBolusTime":1702853609765,"time":"2023-12-18T02:53:21.073Z"}},{"iob":0.032,"basaliob":0.029,"bolussnooze":0,"activity":8.0E-4,"lastBolusTime":1702853609765,"time":"2023-12-18T02:58:21.073Z","iobWithZeroTemp":{"iob":-0.222,"basaliob":-0.225,"bolussnooze":0,"activity":-0.0019,"lastBolusTime":1702853609765,"time":"2023-12-18T02:58:21.073Z"}},{"iob":0.027,"basaliob":0.025,"bolussnooze":0,"activity":7.0E-4,"lastBolusTime":1702853609765,"time":"2023-12-18T03:03:21.073Z","iobWithZeroTemp":{"iob":-0.226,"basaliob":-0.228,"bolussnooze":0,"activity":-0.0021,"lastBolusTime":1702853609765,"time":"2023-12-18T03:03:21.073Z"}},{"iob":0.025,"basaliob":0.023,"bolussnooze":0,"activity":6.0E-4,"lastBolusTime":1702853609765,"time":"2023-12-18T03:08:21.073Z","iobWithZeroTemp":{"iob":-0.226,"basaliob":-0.228,"bolussnooze":0,"activity":-0.0022,"lastBolusTime":1702853609765,"time":"2023-12-18T03:08:21.073Z"}},{"iob":0.022,"basaliob":0.02,"bolussnooze":0,"activity":6.0E-4,"lastBolusTime":1702853609765,"time":"2023-12-18T03:13:21.073Z","iobWithZeroTemp":{"iob":-0.227,"basaliob":-0.229,"bolussnooze":0,"activity":-0.0023,"lastBolusTime":1702853609765,"time":"2023-12-18T03:13:21.073Z"}},{"iob":0.019,"basaliob":0.018,"bolussnooze":0,"activity":5.0E-4,"lastBolusTime":1702853609765,"time":"2023-12-18T03:18:21.073Z","iobWithZeroTemp":{"iob":-0.229,"basaliob":-0.23,"bolussnooze":0,"activity":-0.0024,"lastBolusTime":1702853609765,"time":"2023-12-18T03:18:21.073Z"}},{"iob":0.017,"basaliob":0.016,"bolussnooze":0,"activity":4.0E-4,"lastBolusTime":1702853609765,"time":"2023-12-18T03:23:21.073Z","iobWithZeroTemp":{"iob":-0.229,"basaliob":-0.23,"bolussnooze":0,"activity":-0.0025,"lastBolusTime":1702853609765,"time":"2023-12-18T03:23:21.073Z"}},{"iob":0.015,"basaliob":0.014,"bolussnooze":0,"activity":4.0E-4,"lastBolusTime":1702853609765,"time":"2023-12-18T03:28:21.073Z","iobWithZeroTemp":{"iob":-0.229,"basaliob":-0.23,"bolussnooze":0,"activity":-0.0025,"lastBolusTime":1702853609765,"time":"2023-12-18T03:28:21.073Z"}},{"iob":0.013,"basaliob":0.012,"bolussnooze":0,"activity":3.0E-4,"lastBolusTime":1702853609765,"time":"2023-12-18T03:33:21.073Z","iobWithZeroTemp":{"iob":-0.229,"basaliob":-0.23,"bolussnooze":0,"activity":-0.0026,"lastBolusTime":1702853609765,"time":"2023-12-18T03:33:21.073Z"}},{"iob":0.012,"basaliob":0.011,"bolussnooze":0,"activity":3.0E-4,"lastBolusTime":1702853609765,"time":"2023-12-18T03:38:21.073Z","iobWithZeroTemp":{"iob":-0.228,"basaliob":-0.229,"bolussnooze":0,"activity":-0.0026,"lastBolusTime":1702853609765,"time":"2023-12-18T03:38:21.073Z"}},{"iob":0.01,"basaliob":0.009,"bolussnooze":0,"activity":3.0E-4,"lastBolusTime":1702853609765,"time":"2023-12-18T03:43:21.073Z","iobWithZeroTemp":{"iob":-0.228,"basaliob":-0.229,"bolussnooze":0,"activity":-0.0026,"lastBolusTime":1702853609765,"time":"2023-12-18T03:43:21.073Z"}},{"iob":0.008,"basaliob":0.008,"bolussnooze":0,"activity":2.0E-4,"lastBolusTime":1702853609765,"time":"2023-12-18T03:48:21.073Z","iobWithZeroTemp":{"iob":-0.228,"basaliob":-0.228,"bolussnooze":0,"activity":-0.0027,"lastBolusTime":1702853609765,"time":"2023-12-18T03:48:21.073Z"}},{"iob":0.007,"basaliob":0.007,"bolussnooze":0,"activity":2.0E-4,"lastBolusTime":1702853609765,"time":"2023-12-18T03:53:21.073Z","iobWithZeroTemp":{"iob":-0.228,"basaliob":-0.228,"bolussnooze":0,"activity":-0.0027,"lastBolusTime":1702853609765,"time":"2023-12-18T03:53:21.073Z"}},{"iob":0.006,"basaliob":0.006,"bolussnooze":0,"activity":2.0E-4,"lastBolusTime":1702853609765,"time":"2023-12-18T03:58:21.073Z","iobWithZeroTemp":{"iob":-0.227,"basaliob":-0.227,"bolussnooze":0,"activity":-0.0026,"lastBolusTime":1702853609765,"time":"2023-12-18T03:58:21.073Z"}},{"iob":0.005,"basaliob":0.005,"bolussnooze":0,"activity":2.0E-4,"lastBolusTime":1702853609765,"time":"2023-12-18T04:03:21.073Z","iobWithZeroTemp":{"iob":-0.234,"basaliob":-0.234,"bolussnooze":0,"activity":-0.0026,"lastBolusTime":1702853609765,"time":"2023-12-18T04:03:21.073Z"}},{"iob":0.005,"basaliob":0.005,"bolussnooze":0,"activity":1.0E-4,"lastBolusTime":1702853609765,"time":"2023-12-18T04:08:21.073Z","iobWithZeroTemp":{"iob":-0.241,"basaliob":-0.241,"bolussnooze":0,"activity":-0.0027,"lastBolusTime":1702853609765,"time":"2023-12-18T04:08:21.073Z"}},{"iob":0.004,"basaliob":0.004,"bolussnooze":0,"activity":1.0E-4,"lastBolusTime":1702853609765,"time":"2023-12-18T04:13:21.073Z","iobWithZeroTemp":{"iob":-0.249,"basaliob":-0.249,"bolussnooze":0,"activity":-0.0028,"lastBolusTime":1702853609765,"time":"2023-12-18T04:13:21.073Z"}},{"iob":0.003,"basaliob":0.003,"bolussnooze":0,"activity":1.0E-4,"lastBolusTime":1702853609765,"time":"2023-12-18T04:18:21.073Z","iobWithZeroTemp":{"iob":-0.256,"basaliob":-0.256,"bolussnooze":0,"activity":-0.0028,"lastBolusTime":1702853609765,"time":"2023-12-18T04:18:21.073Z"}},{"iob":0.003,"basaliob":0.003,"bolussnooze":0,"activity":1.0E-4,"lastBolusTime":1702853609765,"time":"2023-12-18T04:23:21.073Z","iobWithZeroTemp":{"iob":-0.262,"basaliob":-0.262,"bolussnooze":0,"activity":-0.0028,"lastBolusTime":1702853609765,"time":"2023-12-18T04:23:21.073Z"}},{"iob":0.002,"basaliob":0.002,"bolussnooze":0,"activity":1.0E-4,"lastBolusTime":1702853609765,"time":"2023-12-18T04:28:21.073Z","iobWithZeroTemp":{"iob":-0.269,"basaliob":-0.269,"bolussnooze":0,"activity":-0.0029,"lastBolusTime":1702853609765,"time":"2023-12-18T04:28:21.073Z"}},{"iob":0.002,"basaliob":0.002,"bolussnooze":0,"activity":1.0E-4,"lastBolusTime":1702853609765,"time":"2023-12-18T04:33:21.073Z","iobWithZeroTemp":{"iob":-0.275,"basaliob":-0.275,"bolussnooze":0,"activity":-0.0029,"lastBolusTime":1702853609765,"time":"2023-12-18T04:33:21.073Z"}}],"profile":{"max_iob":10,"type":"current","max_daily_basal":0.25,"max_basal":0.75,"min_bg":90,"max_bg":90,"target_bg":90,"carb_ratio":15.6,"sens":84,"max_daily_safety_multiplier":5,"current_basal_safety_multiplier":5,"lgsThreshold":95,"high_temptarget_raises_sensitivity":false,"low_temptarget_lowers_sensitivity":false,"sensitivity_raises_target":true,"resistance_lowers_target":true,"adv_target_adjustments":false,"exercise_mode":false,"half_basal_exercise_target":160,"maxCOB":120,"skip_neutral_temps":false,"remainingCarbsCap":90,"enableUAM":true,"A52_risk_enable":false,"SMBInterval":5,"enableSMB_with_COB":true,"enableSMB_with_temptarget":false,"allowSMB_with_high_temptarget":false,"enableSMB_always":false,"enableSMB_after_carbs":true,"maxSMBBasalMinutes":120,"maxUAMSMBBasalMinutes":120,"bolus_increment":0.05,"carbsReqThreshold":1,"current_basal":0.15000000596046448,"temptargetSet":false,"autosens_max":1.2,"autosens_min":0.7,"variable_sens":84.5,"insulinDivisor":75,"TDD":21.93132152306377},"autosens_data":{"ratio":1},"meal_data":{"carbs":0,"mealCOB":0,"slopeFromMaxDeviation":-0.07114285714285717,"slopeFromMinDeviation":0.8019999999999999,"lastBolusTime":1702853609765,"lastCarbTime":0},"microBolusAllowed":true,"currentTime":1702859902905,"flatBGsDetected":false,"tdd1D":22.354166475186748,"tdd7D":26.782783919711285,"tddLast24H":21.308333105345568,"tddLast4H":1.679166673372189,"tddLast8to4H":5.254166741172472},"output":{"temp":"absolute","bg":123,"tick":"+0","eventualBG":101,"targetBG":90,"insulinReq":0,"deliverAt":"2023-12-18T00:38:22.905Z","sensitivityRatio":1,"variable_sens":84.5,"predBGs":{"IOB":[123,123,122,122,121,121,120,119,118,117,115,114,113,111,110,109,108,107,106,105,104,103,102,102,101,101,100,100,99,99,99,98,98,98,98,97,97,97,97,97,97,97,97,97,96],"ZT":[123,120,118,115,113,111,109,107,105,103,102,100,99,98,98,97,97,96,96,96,96,97,97,97,98,99,99],"UAM":[123,123,122,122,121,120,119,117,116,114,113,111,110,108,107,106,104,103,102,102,101,100,99,99,98,97,97,97,96,96,95,95,95,95,94,94,94,94,94,94,93]},"reason":"COB: 0, Dev: 16, BGI: -3, ISF: 85, CR: 15.6, Target: 90, minPredBG 96, minGuardBG 93, IOBpredBG 96, UAMpredBG 93; minGuardBG 93<95","COB":0,"IOB":0.448,"duration":30,"rate":0,"timestamp":"2023-12-18T00:38:22.937Z"}}