{"algorithm":"OpenAPSSMBDynamicISFPlugin","input":{"glucoseStatus":{"glucose":127,"noise":0,"delta":-4,"short_avgdelta":-4.28,"long_avgdelta":-2.21,"date":1702945073000},"currenttemp":{"temp":"absolute","duration":110,"rate":0,"minutesrunning":10},"iob_data":[{"iob":0.87,"basaliob":0.123,"bolussnooze":0,"activity":0.0104,"lastBolusTime":1702944224267,"time":"2023-12-19T00:18:24.564Z","iobWithZeroTemp":{"iob":0.87,"basaliob":0.123,"bolussnooze":0,"activity":0.0104,"lastBolusTime":1702944224267,"time":"2023-12-19T00:18:24.564Z"}},{"iob":0.818,"basaliob":0.118,"bolussnooze":0,"activity":0.0104,"lastBolusTime":1702944224267,"time":"2023-12-19T00:23:24.564Z","iobWithZeroTemp":{"iob":0.808,"basaliob":0.108,"bolussnooze":0,"activity":0.0104,"lastBolusTime":1702944224267,"time":"2023-12-19T00:23:24.564Z"}},{"iob":0.766,"basaliob":0.112,"bolussnooze":0,"activity":0.0102,"lastBolusTime":1702944224267,"time":"2023-12-19T00:28:24.564Z","iobWithZeroTemp":{"iob":0.744,"basaliob":0.09,"bolussnooze":0,"activity":0.0102,"lastBolusTime":1702944224267,"time":"2023-12-19T00:28:24.564Z"}},{"iob":0.716,"basaliob":0.106,"bolussnooze":0,"activity":0.0099,"lastBolusTime":1702944224267,"time":"2023-12-19T00:33:24.564Z","iobWithZeroTemp":{"iob":0.681,"basaliob":0.071,"bolussnooze":0,"activity":0.0098,"lastBolusTime":1702944224267,"time":"2023-12-19T00:33:24.564Z"}},{"iob":0.667,"basaliob":0.1,"bolussnooze":0,"activity":0.0096,"lastBolusTime":1702944224267,"time":"2023-12-19T00:38:24.564Z","iobWithZeroTemp":{"iob":0.621,"basaliob":0.054,"bolussnooze":0,"activity":0.0094,"lastBolusTime":1702944224267,"time":"2023-12-19T00:38:24.564Z"}},{"iob":0.62,"basaliob":0.094,"bolussnooze":0,"activity":0.0092,"lastBolusTime":1702944224267,"time":"2023-12-19T00:43:24.564Z","iobWithZeroTemp":{"iob":0.562,"basaliob":0.036,"bolussnooze":0,"activity":0.0089,"lastBolusTime":1702944224267,"time":"2023-12-19T00:43:24.564Z"}},{"iob":0.575,"basaliob":0.088,"bolussnooze":0,"activity":0.0088,"lastBolusTime":1702944224267,"time":"2023-12-19T00:48:24.564Z","iobWithZeroTemp":{"iob":0.506,"basaliob":0.019,"bolussnooze":0,"activity":0.0084,"lastBolusTime":1702944224267,"time":"2023-12-19T00:48:24.564Z"}},{"iob":0.532,"basaliob":0.083,"bolussnooze":0,"activity":0.0084,"lastBolusTime":1702944224267,"time":"2023-12-19T00:53:24.564Z","iobWithZeroTemp":{"iob":0.453,"basaliob":0.004,"bolussnooze":0,"activity":0.0079,"lastBolusTime":1702944224267,"time":"2023-12-19T00:53:24.564Z"}},{"iob":0.491,"basaliob":0.077,"bolussnooze":0,"activity":0.0079,"lastBolusTime":1702944224267,"time":"2023-12-19T00:58:24.564Z","iobWithZeroTemp":{"iob":0.402,"basaliob":-0.012,"bolussnooze":0,"activity":0.0073,"lastBolusTime":1702944224267,"time":"2023-12-19T00:58:24.564Z"}},{"iob":0.453,"basaliob":0.072,"bolussnooze":0,"activity":0.0075,"lastBolusTime":1702944224267,"time":"2023-12-19T01:03:24.564Z","iobWithZeroTemp":{"iob":0.35,"basaliob":-0.031,"bolussnooze":0,"activity":0.0068,"lastBolusTime":1702944224267,"time":"2023-12-19T01:03:24.564Z"}},{"iob":0.417,"basaliob":0.067,"bolussnooze":0,"activity":0.007,"lastBolusTime":1702944224267,"time":"2023-12-19T01:08:24.564Z","iobWithZeroTemp":{"iob":0.301,"basaliob":-0.049,"bolussnooze":0,"activity":0.0062,"lastBolusTime":1702944224267,"time":"2023-12-19T01:08:24.564Z"}},{"iob":0.382,"basaliob":0.062,"bolussnooze":0,"activity":0.0066,"lastBolusTime":1702944224267,"time":"2023-12-19T01:13:24.564Z","iobWithZeroTemp":{"iob":0.254,"basaliob":-0.066,"bolussnooze":0,"activity":0.0057,"lastBolusTime":1702944224267,"time":"2023-12-19T01:13:24.564Z"}},{"iob":0.35,"basaliob":0.057,"bolussnooze":0,"activity":0.0062,"lastBolusTime":1702944224267,"time":"2023-12-19T01:18:24.564Z","iobWithZeroTemp":{"iob":0.21,"basaliob":-0.083,"bolussnooze":0,"activity":0.0052,"lastBolusTime":1702944224267,"time":"2023-12-19T01:18:24.564Z"}},{"iob":0.321,"basaliob":0.053,"bolussnooze":0,"activity":0.0058,"lastBolusTime":1702944224267,"time":"2023-12-19T01:23:24.564Z","iobWithZeroTemp":{"iob":0.17,"basaliob":-0.098,"bolussnooze":0,"activity":0.0046,"lastBolusTime":1702944224267,"time":"2023-12-19T01:23:24.564Z"}},{"iob":0.292,"basaliob":0.048,"bolussnooze":0,"activity":0.0053,"lastBolusTime":1702944224267,"time":"2023-12-19T01:28:24.564Z","iobWithZeroTemp":{"iob":0.131,"basaliob":-0.113,"bolussnooze":0,"activity":0.004,"lastBolusTime":1702944224267,"time":"2023-12-19T01:28:24.564Z"}},{"iob":0.266,"basaliob":0.044,"bolussnooze":0,"activity":0.005,"lastBolusTime":1702944224267,"time":"2023-12-19T01:33:24.564Z","iobWithZeroTemp":{"iob":0.095,"basaliob":-0.127,"bolussnooze":0,"activity":0.0036,"lastBolusTime":1702944224267,"time":"2023-12-19T01:33:24.564Z"}},{"iob":0.243,"basaliob":0.041,"bolussnooze":0,"activity":0.0046,"lastBolusTime":1702944224267,"time":"2023-12-19T01:38:24.564Z","iobWithZeroTemp":{"iob":0.063,"basaliob":-0.139,"bolussnooze":0,"activity":0.003,"lastBolusTime":1702944224267,"time":"2023-12-19T01:38:24.564Z"}},{"iob":0.22,"basaliob":0.037,"bolussnooze":0,"activity":0.0043,"lastBolusTime":1702944224267,"time":"2023-12-19T01:43:24.564Z","iobWithZeroTemp":{"iob":0.031,"basaliob":-0.152,"bolussnooze":0,"activity":0.0026,"lastBolusTime":1702944224267,"time":"2023-12-19T01:43:24.564Z"}},{"iob":0.2,"basaliob":0.034,"bolussnooze":0,"activity":0.0039,"lastBolusTime":1702944224267,"time":"2023-12-19T01:48:24.564Z","iobWithZeroTemp":{"iob":0.003,"basaliob":-0.163,"bolussnooze":0,"activity":0.0021,"lastBolusTime":1702944224267,"time":"2023-12-19T01:48:24.564Z"}},{"iob":0.181,"basaliob":0.031,"bolussnooze":0,"activity":0.0036,"lastBolusTime":1702944224267,"time":"2023-12-19T01:53:24.564Z","iobWithZeroTemp":{"iob":-0.023,"basaliob":-0.173,"bolussnooze":0,"activity":0.0017,"lastBolusTime":1702944224267,"time":"2023-12-19T01:53:24.564Z"}},{"iob":0.164,"basaliob":0.028,"bolussnooze":0,"activity":0.0033,"lastBolusTime":1702944224267,"time":"2023-12-19T01:58:24.564Z","iobWithZeroTemp":{"iob":-0.047,"basaliob":-0.183,"bolussnooze":0,"activity":0.0013,"lastBolusTime":1702944224267,"time":"2023-12-19T01:58:24.564Z"}},{"iob":0.149,"basaliob":0.026,"bolussnooze":0,"activity":0.003,"lastBolusTime":1702944224267,"time":"2023-12-19T02:03:24.564Z","iobWithZeroTemp":{"iob":-0.068,"basaliob":-0.191,"bolussnooze":0,"activity":9.0E-4,"lastBolusTime":1702944224267,"time":"2023-12-19T02:03:24.564Z"}},{"iob":0.134,"basaliob":0.023,"bolussnooze":0,"activity":0.0028,"lastBolusTime":1702944224267,"time":"2023-12-19T02:08:24.564Z","iobWithZeroTemp":{"iob":-0.089,"basaliob":-0.2,"bolussnooze":0,"activity":6.0E-4,"lastBolusTime":1702944224267,"time":"2023-12-19T02:08:24.564Z"}},{"iob":0.12,"basaliob":0.021,"bolussnooze":0,"activity":0.0025,"lastBolusTime":1702944224267,"time":"2023-12-19T02:13:24.564Z","iobWithZeroTemp":{"iob":-0.109,"basaliob":-0.208,"bolussnooze":0,"activity":2.0E-4,"lastBolusTime":1702944224267,"time":"2023-12-19T02:13:24.564Z"}},{"iob":0.108,"basaliob":0.019,"bolussnooze":0,"activity":0.0023,"lastBolusTime":1702944224267,"time":"2023-12-19T02:18:24.564Z","iobWithZeroTemp":{"iob":-0.125,"basaliob":-0.214,"bolussnooze":0,"activity":-1.0E-4,"lastBolusTime":1702944224267,"time":"2023-12-19T02:18:24.564Z"}},{"iob":0.097,"basaliob":0.017,"bolussnooze":0,"activity":0.0022,"lastBolusTime":1702944224267,"time":"2023-12-19T02:23:24.564Z","iobWithZeroTemp":{"iob":-0.141,"basaliob":-0.221,"bolussnooze":0,"activity":-3.0E-4,"lastBolusTime":1702944224267,"time":"2023-12-19T02:23:24.564Z"}},{"iob":0.088,"basaliob":0.016,"bolussnooze":0,"activity":0.0019,"lastBolusTime":1702944224267,"time":"2023-12-19T02:28:24.564Z","iobWithZeroTemp":{"iob":-0.154,"basaliob":-0.226,"bolussnooze":0,"activity":-6.0E-4,"lastBolusTime":1702944224267,"time":"2023-12-19T02:28:24.564Z"}},{"iob":0.078,"basaliob":0.014,"bolussnooze":0,"activity":0.0018,"lastBolusTime":1702944224267,"time":"2023-12-19T02:33:24.564Z","iobWithZeroTemp":{"iob":-0.168,"basaliob":-0.232,"bolussnooze":0,"activity":-8.0E-4,"lastBolusTime":1702944224267,"time":"2023-12-19T02:33:24.564Z"}},{"iob":0.07,"basaliob":0.013,"bolussnooze":0,"activity":0.0016,"lastBolusTime":1702944224267,"time":"2023-12-19T02:38:24.564Z","iobWithZeroTemp":{"iob":-0.18,"basaliob":-0.237,"bolussnooze":0,"activity":-0.0011,"lastBolusTime":1702944224267,"time":"2023-12-19T02:38:24.564Z"}},{"iob":0.062,"basaliob":0.011,"bolussnooze":0,"activity":0.0014,"lastBolusTime":1702944224267,"time":"2023-12-19T02:43:24.564Z","iobWithZeroTemp":{"iob":-0.191,"basaliob":-0.242,"bolussnooze":0,"activity":-0.0013,"lastBolusTime":1702944224267,"time":"2023-12-19T02:43:24.564Z"}},{"iob":0.055,"basaliob":0.01,"bolussnooze":0,"activity":0.0013,"lastBolusTime":1702944224267,"time":"2023-12-19T02:48:24.564Z","iobWithZeroTemp":{"iob":-0.201,"basaliob":-0.246,"bolussnooze":0,"activity":-0.0015,"lastBolusTime":1702944224267,"time":"2023-12-19T02:48:24.564Z"}},{"iob":0.049,"basaliob":0.009,"bolussnooze":0,"activity":0.0012,"lastBolusTime":1702944224267,"time":"2023-12-19T02:53:24.564Z","iobWithZeroTemp":{"iob":-0.209,"basaliob":-0.249,"bolussnooze":0,"activity":-0.0016,"lastBolusTime":1702944224267,"time":"2023-12-19T02:53:24.564Z"}},{"iob":0.044,"basaliob":0.008,"bolussnooze":0,"activity":0.0011,"lastBolusTime":1702944224267,"time":"2023-12-19T02:58:24.564Z","iobWithZeroTemp":{"iob":-0.217,"basaliob":-0.253,"bolussnooze":0,"activity":-0.0018,"lastBolusTime":1702944224267,"time":"2023-12-19T02:58:24.564Z"}},{"iob":0.038,"basaliob":0.007,"bolussnooze":0,"activity":0.001,"lastBolusTime":1702944224267,"time":"2023-12-19T03:03:24.564Z","iobWithZeroTemp":{"iob":-0.221,"basaliob":-0.252,"bolussnooze":0,"activity":-0.0019,"lastBolusTime":1702944224267,"time":"2023-12-19T03:03:24.564Z"}},{"iob":0.034,"basaliob":0.006,"bolussnooze":0,"activity":9.0E-4,"lastBolusTime":1702944224267,"time":"2023-12-19T03:08:24.564Z","iobWithZeroTemp":{"iob":-0.222,"basaliob":-0.25,"bolussnooze":0,"activity":-0.002,"lastBolusTime":1702944224267,"time":"2023-12-19T03:08:24.564Z"}},{"iob":0.03,"basaliob":0.006,"bolussnooze":0,"activity":7.0E-4,"lastBolusTime":1702944224267,"time":"2023-12-19T03:13:24.564Z","iobWithZeroTemp":{"iob":-0.224,"basaliob":-0.248,"bolussnooze":0,"activity":-0.0023,"lastBolusTime":1702944224267,"time":"2023-12-19T03:13:24.564Z"}},{"iob":0.026,"basaliob":0.005,"bolussnooze":0,"activity":7.0E-4,"lastBolusTime":1702944224267,"time":"2023-12-19T03:18:24.564Z","iobWithZeroTemp":{"iob":-0.226,"basaliob":-0.247,"bolussnooze":0,"activity":-0.0023,"lastBolusTime":1702944224267,"time":"2023-12-19T03:18:24.564Z"}},{"iob":0.023,"basaliob":0.004,"bolussnooze":0,"activity":6.0E-4,"lastBolusTime":1702944224267,"time":"2023-12-19T03:23:24.564Z","iobWithZeroTemp":{"iob":-0.227,"basaliob":-0.246,"bolussnooze":0,"activity":-0.0024,"lastBolusTime":1702944224267,"time":"2023-12-19T03:23:24.564Z"}},{"iob":0.02,"basaliob":0.004,"bolussnooze":0,"activity":5.0E-4,"lastBolusTime":1702944224267,"time":"2023-12-19T03:28:24.564Z","iobWithZeroTemp":{"iob":-0.227,"basaliob":-0.243,"bolussnooze":0,"activity":-0.0025,"lastBolusTime":1702944224267,"time":"2023-12-19T03:28:24.564Z"}},{"iob":0.017,"basaliob":0.003,"bolussnooze":0,"activity":5.0E-4,"lastBolusTime":1702944224267,"time":"2023-12-19T03:33:24.564Z","iobWithZeroTemp":{"iob":-0.228,"basaliob":-0.242,"bolussnooze":0,"activity":-0.0025,"lastBolusTime":1702944224267,"time":"2023-12-19T03:33:24.564Z"}},{"iob":0.015,"basaliob":0.003,"bolussnooze":0,"activity":5.0E-4,"lastBolusTime":1702944224267,"time":"2023-12-19T03:38:24.564Z","iobWithZeroTemp":{"iob":-0.228,"basaliob":-0.24,"bolussnooze":0,"activity":-0.0024,"lastBolusTime":1702944224267,"time":"2023-12-19T03:38:24.564Z"}},{"iob":0.014,"basaliob":0.003,"bolussnooze":0,"activity":4.0E-4,"lastBolusTime":1702944224267,"time":"2023-12-19T03:43:24.564Z","iobWithZeroTemp":{"iob":-0.227,"basaliob":-0.238,"bolussnooze":0,"activity":-0.0025,"lastBolusTime":1702944224267,"time":"2023-12-19T03:43:24.564Z"}},{"iob":0.011,"basaliob":0.002,"bolussnooze":0,"activity":4.0E-4,"lastBolusTime":1702944224267,"time":"2023-12-19T03:48:24.564Z","iobWithZeroTemp":{"iob":-0.227,"basaliob":-0.236,"bolussnooze":0,"activity":-0.0025,"lastBolusTime":1702944224267,"time":"2023-12-19T03:48:24.564Z"}},{"iob":0.01,"basaliob":0.002,"bolussnooze":0,"activity":3.0E-4,"lastBolusTime":1702944224267,"time":"2023-12-19T03:53:24.564Z","iobWithZeroTemp":{"iob":-0.226,"basaliob":-0.234,"bolussnooze":0,"activity":-0.0026,"lastBolusTime":1702944224267,"time":"2023-12-19T03:53:24.564Z"}},{"iob":0.009,"basaliob":0.002,"bolussnooze":0,"activity":3.0E-4,"lastBolusTime":1702944224267,"time":"2023-12-19T03:58:24.564Z","iobWithZeroTemp":{"iob":-0.226,"basaliob":-0.233,"bolussnooze":0,"activity":-0.0026,"lastBolusTime":1702944224267,"time":"2023-12-19T03:58:24.564Z"}},{"iob":0.007,"basaliob":0.001,"bolussnooze":0,"activity":2.0E-4,"lastBolusTime":1702944224267,"time":"2023-12-19T04:03:24.564Z","iobWithZeroTemp":{"iob":-0.234,"basaliob":-0.24,"bolussnooze":0,"activity":-0.0027,"lastBolusTime":1702944224267,"time":"2023-12-19T04:03:24.564Z"}},{"iob":0.006,"basaliob":0.001,"bolussnooze":0,"activity":2.0E-4,"lastBolusTime":1702944224267,"time":"2023-12-19T04:08:24.564Z","iobWithZeroTemp":{"iob":-0.241,"basaliob":-0.246,"bolussnooze":0,"activity":-0.0027,"lastBolusTime":1702944224267,"time":"2023-12-19T04:08:24.564Z"}},{"iob":0.005,"basaliob":0.001,"bolussnooze":0,"activity":1.0E-4,"lastBolusTime":1702944224267,"time":"2023-12-19T04:13:24.564Z","iobWithZeroTemp":{"iob":-0.249,"basaliob":-0.253,"bolussnooze":0,"activity":-0.0028,"lastBolusTime":1702944224267,"time":"2023-12-19T04:13:24.564Z"}}],"profile":{"max_iob":10,"type":"current","max_daily_basal":0.25,"max_basal":0.75,"min_bg":90,"max_bg":90,"target_bg":90,"carb_ratio":15.6,"sens":84,"max_daily_safety_multiplier":5,"current_basal_safety_multiplier":5,"lgsThreshold":95,"high_temptarget_raises_sensitivity":false,"low_temptarget_lowers_sensitivity":false,"sensitivity_raises_target":true,"resistance_lowers_target":true,"adv_target_adjustments":false,"exercise_mode":false,"half_basal_exercise_target":160,"maxCOB":120,"skip_neutral_temps":false,"remainingCarbsCap":90,"enableUAM":true,"A52_risk_enable":false,"SMBInterval":5,"enableSMB_with_COB":true,"enableSMB_with_temptarget":false,"allowSMB_with_high_temptarget":false,"enableSMB_always":false,"enableSMB_after_carbs":true,"maxSMBBasalMinutes":120,"maxUAMSMBBasalMinutes":120,"bolus_increment":0.05,"carbsReqThreshold":1,"current_basal":0.15000000596046448,"temptargetSet":false,"autosens_max":1.2,"autosens_min":0.7,"variable_sens":85.6,"insulinDivisor":75,"TDD":21.224585420219405},"autosens_data":{"ratio":1},"meal_data":{"carbs":39,"mealCOB":0,"slopeFromMaxDeviation":-0.6112222222222221,"slopeFromMinDeviation":0,"lastBolusTime":1702944224267,"lastCarbTime":1702935386937},"microBolusAllowed":true,"currentTime":1702945105760,"flatBGsDetected":false,"tdd1D":20.141666612277426,"tdd7D":26.78606000595613,"tddLast24H":20.237499956786632,"tddLast4H":2.9166667106250923,"tddLast8to4H":2.4041666249434153},"output":{"temp":"absolute","bg":127,"tick":-4,"eventualBG":54,"targetBG":90,"insulinReq":0,"deliverAt":"2023-12-19T00:18:25.760Z","sensitivityRatio":1,"variable_sens":85.6,"predBGs":{"IOB":[127,123,118,114,110,105,101,96,92,88,84,80,76,73,69,65,62,59,56,53,50,47,44,42,39],"ZT":[127,123,118,113,109,104,100,96,92,88,84,81,77,74,72,69,67,65,63,61,60,59,59,58,58,58,58,59,59,60,61,62,63,65,66,67,69,70,72,73,75,76,78,79,81,82,84,85],"UAM":[127,123,118,113,109,104,100,95,91,87,83,79,75,71,67,64,60,57,54,51,48,45,42,40,39]},"reason":"COB: 0, Dev: 1, BGI: -4, ISF: 86, CR: 15.6, Target: 90, minPredBG 49, minGuardBG 15, IOBpredBG 39, UAMpredBG 39; 6 add'l carbs req w\/in 40m; minGuardBG 15<95","COB":0,"IOB":0.87,"carbsReq":6,"carbsReqWithin":40,"duration":120,"rate":0,"timestamp":"2023-12-19T00:18:25.784Z"}}