{"algorithm":"OpenAPSSMBDynamicISFPlugin","input":{"glucoseStatus":{"glucose":129,"noise":0,"delta":-2,"short_avgdelta":-1.5,"long_avgdelta":0.75,"date":1703023376000},"currenttemp":{"temp":"absolute","duration":115,"rate":0,"minutesrunning":5},"iob_data":[{"iob":0.887,"basaliob":-0.114,"bolussnooze":0.145,"activity":0.0152,"lastBolusTime":1703020111946,"time":"2023-12-19T22:03:24.951Z","iobWithZeroTemp":{"iob":0.887,"basaliob":-0.114,"bolussnooze":0.145,"activity":0.0152,"lastBolusTime":1703020111946,"time":"2023-12-19T22:03:24.951Z"}},{"iob":0.813,"basaliob":-0.108,"bolussnooze":0.1148,"activity":0.0142,"lastBolusTime":1703020111946,"time":"2023-12-19T22:08:24.951Z","iobWithZeroTemp":{"iob":0.8,"basaliob":-0.121,"bolussnooze":0.1148,"activity":0.0142,"lastBolusTime":1703020111946,"time":"2023-12-19T22:08:24.951Z"}},{"iob":0.744,"basaliob":-0.102,"bolussnooze":0.0901,"activity":0.0133,"lastBolusTime":1703020111946,"time":"2023-12-19T22:13:24.951Z","iobWithZeroTemp":{"iob":0.714,"basaliob":-0.132,"bolussnooze":0.0901,"activity":0.0132,"lastBolusTime":1703020111946,"time":"2023-12-19T22:13:24.951Z"}},{"iob":0.68,"basaliob":-0.095,"bolussnooze":0.0701,"activity":0.0124,"lastBolusTime":1703020111946,"time":"2023-12-19T22:18:24.951Z","iobWithZeroTemp":{"iob":0.634,"basaliob":-0.141,"bolussnooze":0.0701,"activity":0.0123,"lastBolusTime":1703020111946,"time":"2023-12-19T22:18:24.951Z"}},{"iob":0.62,"basaliob":-0.089,"bolussnooze":0.0539,"activity":0.0115,"lastBolusTime":1703020111946,"time":"2023-12-19T22:23:24.951Z","iobWithZeroTemp":{"iob":0.558,"basaliob":-0.151,"bolussnooze":0.0539,"activity":0.0113,"lastBolusTime":1703020111946,"time":"2023-12-19T22:23:24.951Z"}},{"iob":0.565,"basaliob":-0.083,"bolussnooze":0.041,"activity":0.0106,"lastBolusTime":1703020111946,"time":"2023-12-19T22:28:24.951Z","iobWithZeroTemp":{"iob":0.488,"basaliob":-0.16,"bolussnooze":0.041,"activity":0.0103,"lastBolusTime":1703020111946,"time":"2023-12-19T22:28:24.951Z"}},{"iob":0.514,"basaliob":-0.077,"bolussnooze":0.0308,"activity":0.0099,"lastBolusTime":1703020111946,"time":"2023-12-19T22:33:24.951Z","iobWithZeroTemp":{"iob":0.422,"basaliob":-0.169,"bolussnooze":0.0308,"activity":0.0094,"lastBolusTime":1703020111946,"time":"2023-12-19T22:33:24.951Z"}},{"iob":0.466,"basaliob":-0.072,"bolussnooze":0.0227,"activity":0.0091,"lastBolusTime":1703020111946,"time":"2023-12-19T22:38:24.951Z","iobWithZeroTemp":{"iob":0.36,"basaliob":-0.178,"bolussnooze":0.0227,"activity":0.0085,"lastBolusTime":1703020111946,"time":"2023-12-19T22:38:24.951Z"}},{"iob":0.423,"basaliob":-0.066,"bolussnooze":0.0164,"activity":0.0084,"lastBolusTime":1703020111946,"time":"2023-12-19T22:43:24.951Z","iobWithZeroTemp":{"iob":0.304,"basaliob":-0.185,"bolussnooze":0.0164,"activity":0.0077,"lastBolusTime":1703020111946,"time":"2023-12-19T22:43:24.951Z"}},{"iob":0.383,"basaliob":-0.061,"bolussnooze":0.0116,"activity":0.0077,"lastBolusTime":1703020111946,"time":"2023-12-19T22:48:24.951Z","iobWithZeroTemp":{"iob":0.252,"basaliob":-0.192,"bolussnooze":0.0116,"activity":0.0068,"lastBolusTime":1703020111946,"time":"2023-12-19T22:48:24.951Z"}},{"iob":0.346,"basaliob":-0.057,"bolussnooze":0.008,"activity":0.0071,"lastBolusTime":1703020111946,"time":"2023-12-19T22:53:24.951Z","iobWithZeroTemp":{"iob":0.203,"basaliob":-0.2,"bolussnooze":0.008,"activity":0.0061,"lastBolusTime":1703020111946,"time":"2023-12-19T22:53:24.951Z"}},{"iob":0.312,"basaliob":-0.052,"bolussnooze":0.0052,"activity":0.0064,"lastBolusTime":1703020111946,"time":"2023-12-19T22:58:24.951Z","iobWithZeroTemp":{"iob":0.158,"basaliob":-0.206,"bolussnooze":0.0052,"activity":0.0052,"lastBolusTime":1703020111946,"time":"2023-12-19T22:58:24.951Z"}},{"iob":0.281,"basaliob":-0.048,"bolussnooze":0.0033,"activity":0.0059,"lastBolusTime":1703020111946,"time":"2023-12-19T23:03:24.951Z","iobWithZeroTemp":{"iob":0.116,"basaliob":-0.213,"bolussnooze":0.0033,"activity":0.0046,"lastBolusTime":1703020111946,"time":"2023-12-19T23:03:24.951Z"}},{"iob":0.253,"basaliob":-0.044,"bolussnooze":0.0019,"activity":0.0054,"lastBolusTime":1703020111946,"time":"2023-12-19T23:08:24.951Z","iobWithZeroTemp":{"iob":0.078,"basaliob":-0.219,"bolussnooze":0.0019,"activity":0.004,"lastBolusTime":1703020111946,"time":"2023-12-19T23:08:24.951Z"}},{"iob":0.228,"basaliob":-0.04,"bolussnooze":0.001,"activity":0.0049,"lastBolusTime":1703020111946,"time":"2023-12-19T23:13:24.951Z","iobWithZeroTemp":{"iob":0.044,"basaliob":-0.224,"bolussnooze":0.001,"activity":0.0033,"lastBolusTime":1703020111946,"time":"2023-12-19T23:13:24.951Z"}},{"iob":0.204,"basaliob":-0.037,"bolussnooze":4.0E-4,"activity":0.0045,"lastBolusTime":1703020111946,"time":"2023-12-19T23:18:24.951Z","iobWithZeroTemp":{"iob":0.012,"basaliob":-0.229,"bolussnooze":4.0E-4,"activity":0.0028,"lastBolusTime":1703020111946,"time":"2023-12-19T23:18:24.951Z"}},{"iob":0.183,"basaliob":-0.033,"bolussnooze":1.0E-4,"activity":0.0041,"lastBolusTime":1703020111946,"time":"2023-12-19T23:23:24.951Z","iobWithZeroTemp":{"iob":-0.017,"basaliob":-0.233,"bolussnooze":1.0E-4,"activity":0.0023,"lastBolusTime":1703020111946,"time":"2023-12-19T23:23:24.951Z"}},{"iob":0.164,"basaliob":-0.03,"bolussnooze":0,"activity":0.0037,"lastBolusTime":1703020111946,"time":"2023-12-19T23:28:24.951Z","iobWithZeroTemp":{"iob":-0.043,"basaliob":-0.237,"bolussnooze":0,"activity":0.0018,"lastBolusTime":1703020111946,"time":"2023-12-19T23:28:24.951Z"}},{"iob":0.145,"basaliob":-0.028,"bolussnooze":0,"activity":0.0034,"lastBolusTime":1703020111946,"time":"2023-12-19T23:33:24.951Z","iobWithZeroTemp":{"iob":-0.069,"basaliob":-0.242,"bolussnooze":0,"activity":0.0014,"lastBolusTime":1703020111946,"time":"2023-12-19T23:33:24.951Z"}},{"iob":0.13,"basaliob":-0.025,"bolussnooze":0,"activity":0.003,"lastBolusTime":1703020111946,"time":"2023-12-19T23:38:24.951Z","iobWithZeroTemp":{"iob":-0.09,"basaliob":-0.245,"bolussnooze":0,"activity":9.0E-4,"lastBolusTime":1703020111946,"time":"2023-12-19T23:38:24.951Z"}},{"iob":0.115,"basaliob":-0.023,"bolussnooze":0,"activity":0.0027,"lastBolusTime":1703020111946,"time":"2023-12-19T23:43:24.951Z","iobWithZeroTemp":{"iob":-0.111,"basaliob":-0.249,"bolussnooze":0,"activity":5.0E-4,"lastBolusTime":1703020111946,"time":"2023-12-19T23:43:24.951Z"}},{"iob":0.102,"basaliob":-0.021,"bolussnooze":0,"activity":0.0025,"lastBolusTime":1703020111946,"time":"2023-12-19T23:48:24.951Z","iobWithZeroTemp":{"iob":-0.129,"basaliob":-0.252,"bolussnooze":0,"activity":2.0E-4,"lastBolusTime":1703020111946,"time":"2023-12-19T23:48:24.951Z"}},{"iob":0.09,"basaliob":-0.019,"bolussnooze":0,"activity":0.0022,"lastBolusTime":1703020111946,"time":"2023-12-19T23:53:24.951Z","iobWithZeroTemp":{"iob":-0.146,"basaliob":-0.255,"bolussnooze":0,"activity":-2.0E-4,"lastBolusTime":1703020111946,"time":"2023-12-19T23:53:24.951Z"}},{"iob":0.079,"basaliob":-0.017,"bolussnooze":0,"activity":0.0021,"lastBolusTime":1703020111946,"time":"2023-12-19T23:58:24.951Z","iobWithZeroTemp":{"iob":-0.161,"basaliob":-0.257,"bolussnooze":0,"activity":-4.0E-4,"lastBolusTime":1703020111946,"time":"2023-12-19T23:58:24.951Z"}},{"iob":0.07,"basaliob":-0.015,"bolussnooze":0,"activity":0.0018,"lastBolusTime":1703020111946,"time":"2023-12-20T00:03:24.951Z","iobWithZeroTemp":{"iob":-0.17,"basaliob":-0.255,"bolussnooze":0,"activity":-8.0E-4,"lastBolusTime":1703020111946,"time":"2023-12-20T00:03:24.951Z"}},{"iob":0.061,"basaliob":-0.014,"bolussnooze":0,"activity":0.0016,"lastBolusTime":1703020111946,"time":"2023-12-20T00:08:24.951Z","iobWithZeroTemp":{"iob":-0.179,"basaliob":-0.254,"bolussnooze":0,"activity":-0.001,"lastBolusTime":1703020111946,"time":"2023-12-20T00:08:24.951Z"}},{"iob":0.054,"basaliob":-0.012,"bolussnooze":0,"activity":0.0014,"lastBolusTime":1703020111946,"time":"2023-12-20T00:13:24.951Z","iobWithZeroTemp":{"iob":-0.185,"basaliob":-0.251,"bolussnooze":0,"activity":-0.0013,"lastBolusTime":1703020111946,"time":"2023-12-20T00:13:24.951Z"}},{"iob":0.047,"basaliob":-0.011,"bolussnooze":0,"activity":0.0013,"lastBolusTime":1703020111946,"time":"2023-12-20T00:18:24.951Z","iobWithZeroTemp":{"iob":-0.191,"basaliob":-0.249,"bolussnooze":0,"activity":-0.0014,"lastBolusTime":1703020111946,"time":"2023-12-20T00:18:24.951Z"}},{"iob":0.041,"basaliob":-0.01,"bolussnooze":0,"activity":0.0012,"lastBolusTime":1703020111946,"time":"2023-12-20T00:23:24.951Z","iobWithZeroTemp":{"iob":-0.196,"basaliob":-0.247,"bolussnooze":0,"activity":-0.0015,"lastBolusTime":1703020111946,"time":"2023-12-20T00:23:24.951Z"}},{"iob":0.035,"basaliob":-0.009,"bolussnooze":0,"activity":0.001,"lastBolusTime":1703020111946,"time":"2023-12-20T00:28:24.951Z","iobWithZeroTemp":{"iob":-0.201,"basaliob":-0.245,"bolussnooze":0,"activity":-0.0017,"lastBolusTime":1703020111946,"time":"2023-12-20T00:28:24.951Z"}},{"iob":0.03,"basaliob":-0.008,"bolussnooze":0,"activity":9.0E-4,"lastBolusTime":1703020111946,"time":"2023-12-20T00:33:24.951Z","iobWithZeroTemp":{"iob":-0.205,"basaliob":-0.243,"bolussnooze":0,"activity":-0.0018,"lastBolusTime":1703020111946,"time":"2023-12-20T00:33:24.951Z"}},{"iob":0.026,"basaliob":-0.007,"bolussnooze":0,"activity":8.0E-4,"lastBolusTime":1703020111946,"time":"2023-12-20T00:38:24.951Z","iobWithZeroTemp":{"iob":-0.208,"basaliob":-0.241,"bolussnooze":0,"activity":-0.002,"lastBolusTime":1703020111946,"time":"2023-12-20T00:38:24.951Z"}},{"iob":0.023,"basaliob":-0.006,"bolussnooze":0,"activity":8.0E-4,"lastBolusTime":1703020111946,"time":"2023-12-20T00:43:24.951Z","iobWithZeroTemp":{"iob":-0.21,"basaliob":-0.239,"bolussnooze":0,"activity":-0.002,"lastBolusTime":1703020111946,"time":"2023-12-20T00:43:24.951Z"}},{"iob":0.019,"basaliob":-0.006,"bolussnooze":0,"activity":7.0E-4,"lastBolusTime":1703020111946,"time":"2023-12-20T00:48:24.951Z","iobWithZeroTemp":{"iob":-0.212,"basaliob":-0.237,"bolussnooze":0,"activity":-0.0021,"lastBolusTime":1703020111946,"time":"2023-12-20T00:48:24.951Z"}},{"iob":0.016,"basaliob":-0.005,"bolussnooze":0,"activity":6.0E-4,"lastBolusTime":1703020111946,"time":"2023-12-20T00:53:24.951Z","iobWithZeroTemp":{"iob":-0.214,"basaliob":-0.235,"bolussnooze":0,"activity":-0.0022,"lastBolusTime":1703020111946,"time":"2023-12-20T00:53:24.951Z"}},{"iob":0.014,"basaliob":-0.004,"bolussnooze":0,"activity":5.0E-4,"lastBolusTime":1703020111946,"time":"2023-12-20T00:58:24.951Z","iobWithZeroTemp":{"iob":-0.215,"basaliob":-0.233,"bolussnooze":0,"activity":-0.0022,"lastBolusTime":1703020111946,"time":"2023-12-20T00:58:24.951Z"}},{"iob":0.011,"basaliob":-0.004,"bolussnooze":0,"activity":4.0E-4,"lastBolusTime":1703020111946,"time":"2023-12-20T01:03:24.951Z","iobWithZeroTemp":{"iob":-0.221,"basaliob":-0.236,"bolussnooze":0,"activity":-0.0023,"lastBolusTime":1703020111946,"time":"2023-12-20T01:03:24.951Z"}},{"iob":0.01,"basaliob":-0.003,"bolussnooze":0,"activity":4.0E-4,"lastBolusTime":1703020111946,"time":"2023-12-20T01:08:24.951Z","iobWithZeroTemp":{"iob":-0.225,"basaliob":-0.238,"bolussnooze":0,"activity":-0.0024,"lastBolusTime":1703020111946,"time":"2023-12-20T01:08:24.951Z"}},{"iob":0.008,"basaliob":-0.003,"bolussnooze":0,"activity":3.0E-4,"lastBolusTime":1703020111946,"time":"2023-12-20T01:13:24.951Z","iobWithZeroTemp":{"iob":-0.23,"basaliob":-0.241,"bolussnooze":0,"activity":-0.0025,"lastBolusTime":1703020111946,"time":"2023-12-20T01:13:24.951Z"}},{"iob":0.006,"basaliob":-0.003,"bolussnooze":0,"activity":2.0E-4,"lastBolusTime":1703020111946,"time":"2023-12-20T01:18:24.951Z","iobWithZeroTemp":{"iob":-0.234,"basaliob":-0.243,"bolussnooze":0,"activity":-0.0026,"lastBolusTime":1703020111946,"time":"2023-12-20T01:18:24.951Z"}},{"iob":0.005,"basaliob":-0.002,"bolussnooze":0,"activity":2.0E-4,"lastBolusTime":1703020111946,"time":"2023-12-20T01:23:24.951Z","iobWithZeroTemp":{"iob":-0.238,"basaliob":-0.245,"bolussnooze":0,"activity":-0.0026,"lastBolusTime":1703020111946,"time":"2023-12-20T01:23:24.951Z"}},{"iob":0.004,"basaliob":-0.002,"bolussnooze":0,"activity":2.0E-4,"lastBolusTime":1703020111946,"time":"2023-12-20T01:28:24.951Z","iobWithZeroTemp":{"iob":-0.242,"basaliob":-0.248,"bolussnooze":0,"activity":-0.0026,"lastBolusTime":1703020111946,"time":"2023-12-20T01:28:24.951Z"}},{"iob":0.003,"basaliob":-0.002,"bolussnooze":0,"activity":2.0E-4,"lastBolusTime":1703020111946,"time":"2023-12-20T01:33:24.951Z","iobWithZeroTemp":{"iob":-0.245,"basaliob":-0.25,"bolussnooze":0,"activity":-0.0026,"lastBolusTime":1703020111946,"time":"2023-12-20T01:33:24.951Z"}},{"iob":0.002,"basaliob":-0.002,"bolussnooze":0,"activity":2.0E-4,"lastBolusTime":1703020111946,"time":"2023-12-20T01:38:24.951Z","iobWithZeroTemp":{"iob":-0.249,"basaliob":-0.253,"bolussnooze":0,"activity":-0.0027,"lastBolusTime":1703020111946,"time":"2023-12-20T01:38:24.951Z"}},{"iob":0.002,"basaliob":-0.001,"bolussnooze":0,"activity":2.0E-4,"lastBolusTime":1703020111946,"time":"2023-12-20T01:43:24.951Z","iobWithZeroTemp":{"iob":-0.251,"basaliob":-0.254,"bolussnooze":0,"activity":-0.0027,"lastBolusTime":1703020111946,"time":"2023-12-20T01:43:24.951Z"}},{"iob":0.001,"basaliob":-0.001,"bolussnooze":0,"activity":1.0E-4,"lastBolusTime":1703020111946,"time":"2023-12-20T01:48:24.951Z","iobWithZeroTemp":{"iob":-0.254,"basaliob":-0.256,"bolussnooze":0,"activity":-0.0028,"lastBolusTime":1703020111946,"time":"2023-12-20T01:48:24.951Z"}},{"iob":0.001,"basaliob":-0.001,"bolussnooze":0,"activity":1.0E-4,"lastBolusTime":1703020111946,"time":"2023-12-20T01:53:24.951Z","iobWithZeroTemp":{"iob":-0.256,"basaliob":-0.258,"bolussnooze":0,"activity":-0.0028,"lastBolusTime":1703020111946,"time":"2023-12-20T01:53:24.951Z"}},{"iob":0,"basaliob":-0.001,"bolussnooze":0,"activity":1.0E-4,"lastBolusTime":1703020111946,"time":"2023-12-20T01:58:24.951Z","iobWithZeroTemp":{"iob":-0.259,"basaliob":-0.26,"bolussnooze":0,"activity":-0.0029,"lastBolusTime":1703020111946,"time":"2023-12-20T01:58:24.951Z"}}],"profile":{"max_iob":10,"type":"current","max_daily_basal":0.25,"max_basal":1,"min_bg":90,"max_bg":90,"target_bg":90,"carb_ratio":14.8,"sens":84,"max_daily_safety_multiplier":5,"current_basal_safety_multiplier":5,"lgsThreshold":95,"high_temptarget_raises_sensitivity":false,"low_temptarget_lowers_sensitivity":false,"sensitivity_raises_target":true,"resistance_lowers_target":true,"adv_target_adjustments":false,"exercise_mode":false,"half_basal_exercise_target":160,"maxCOB":120,"skip_neutral_temps":false,"remainingCarbsCap":90,"enableUAM":true,"A52_risk_enable":false,"SMBInterval":5,"enableSMB_with_COB":true,"enableSMB_with_temptarget":false,"allowSMB_with_high_temptarget":false,"enableSMB_always":false,"enableSMB_after_carbs":true,"maxSMBBasalMinutes":120,"maxUAMSMBBasalMinutes":120,"bolus_increment":0.05,"carbsReqThreshold":1,"current_basal":0.20000000298023224,"temptargetSet":false,"autosens_max":1.2,"autosens_min":0.7,"variable_sens":85.2,"insulinDivisor":75,"TDD":21.117335529385308},"autosens_data":{"ratio":1},"meal_data":{"carbs":38,"mealCOB":9.91840952380953,"slopeFromMaxDeviation":-1.1455714285714287,"slopeFromMinDeviation":0,"lastBolusTime":1703020111946,"lastCarbTime":1703018782022},"microBolusAllowed":true,"currentTime":1703023406322,"flatBGsDetected":false,"tdd1D":20.141666612277426,"tdd7D":26.78606000595613,"tddLast24H":18.433333322157463,"tddLast4H":2.912500096857548,"tddLast8to4H":2.233333351959785},"output":{"temp":"absolute","bg":129,"tick":-2,"eventualBG":105,"targetBG":90,"insulinReq":0,"deliverAt":"2023-12-19T22:03:26.322Z","sensitivityRatio":1,"variable_sens":85.2,"predBGs":{"IOB":[129,127,124,122,119,117,114,112,109,106,103,100,97,94,91,88,86,83,81,79,78,76,74,73,72,71,70,69,68,67,66,66,65,65,64,64,63,63,63,63,62],"ZT":[129,123,116,110,104,99,94,89,84,80,76,72,69,66,63,61,59,57,56,55,54,54,53,54,54,54,55,56,57,58,60,61,62,64,65,67,68,70,71,73,75,76,78,79,81,82,84,86],"COB":[129,127,125,123,122,120,119,118,118,117,116,116,116,115,115,115,114,114,114,114,113,113,112,112,111,111,110,109,109,108,108,107,107,107,106,106,106,106,106,105],"UAM":[129,126,122,117,111,106,101,96,91,87,83,79,75,71,68,64,61,58,56,53,51,48,46,44,42,41,39]},"reason":"COB: 9.9, Dev: 27, BGI: -6, ISF: 85, CR: 14.8, Target: 90, minPredBG 53, minGuardBG 47, IOBpredBG 62, COBpredBG 105, UAMpredBG 39; minGuardBG 47<95 115m left and 0 ~ req 0U\/hr: no temp required","COB":9.91840952380953,"IOB":0.887,"timestamp":"2023-12-19T22:03:26.349Z"}}