{"algorithm":"OpenAPSSMBDynamicISFPlugin","input":{"glucoseStatus":{"glucose":87,"noise":0,"delta":4,"short_avgdelta":3.61,"long_avgdelta":2.25,"date":1703017076000},"currenttemp":{"temp":"absolute","duration":0,"rate":0},"iob_data":[{"iob":-0.11,"basaliob":-0.169,"bolussnooze":0,"activity":-8.0E-4,"lastBolusTime":1703006930326,"time":"2023-12-19T20:18:27.714Z","iobWithZeroTemp":{"iob":-0.11,"basaliob":-0.169,"bolussnooze":0,"activity":-8.0E-4,"lastBolusTime":1703006930326,"time":"2023-12-19T20:18:27.714Z"}},{"iob":-0.106,"basaliob":-0.158,"bolussnooze":0,"activity":-0.001,"lastBolusTime":1703006930326,"time":"2023-12-19T20:23:27.714Z","iobWithZeroTemp":{"iob":-0.116,"basaliob":-0.168,"bolussnooze":0,"activity":-0.001,"lastBolusTime":1703006930326,"time":"2023-12-19T20:23:27.714Z"}},{"iob":-0.102,"basaliob":-0.148,"bolussnooze":0,"activity":-0.001,"lastBolusTime":1703006930326,"time":"2023-12-19T20:28:27.714Z","iobWithZeroTemp":{"iob":-0.124,"basaliob":-0.17,"bolussnooze":0,"activity":-0.001,"lastBolusTime":1703006930326,"time":"2023-12-19T20:28:27.714Z"}},{"iob":-0.096,"basaliob":-0.137,"bolussnooze":0,"activity":-0.001,"lastBolusTime":1703006930326,"time":"2023-12-19T20:33:27.714Z","iobWithZeroTemp":{"iob":-0.131,"basaliob":-0.172,"bolussnooze":0,"activity":-0.0011,"lastBolusTime":1703006930326,"time":"2023-12-19T20:33:27.714Z"}},{"iob":-0.091,"basaliob":-0.127,"bolussnooze":0,"activity":-0.001,"lastBolusTime":1703006930326,"time":"2023-12-19T20:38:27.714Z","iobWithZeroTemp":{"iob":-0.137,"basaliob":-0.173,"bolussnooze":0,"activity":-0.0012,"lastBolusTime":1703006930326,"time":"2023-12-19T20:38:27.714Z"}},{"iob":-0.086,"basaliob":-0.118,"bolussnooze":0,"activity":-0.001,"lastBolusTime":1703006930326,"time":"2023-12-19T20:43:27.714Z","iobWithZeroTemp":{"iob":-0.144,"basaliob":-0.176,"bolussnooze":0,"activity":-0.0013,"lastBolusTime":1703006930326,"time":"2023-12-19T20:43:27.714Z"}},{"iob":-0.081,"basaliob":-0.109,"bolussnooze":0,"activity":-0.001,"lastBolusTime":1703006930326,"time":"2023-12-19T20:48:27.714Z","iobWithZeroTemp":{"iob":-0.15,"basaliob":-0.178,"bolussnooze":0,"activity":-0.0014,"lastBolusTime":1703006930326,"time":"2023-12-19T20:48:27.714Z"}},{"iob":-0.076,"basaliob":-0.101,"bolussnooze":0,"activity":-9.0E-4,"lastBolusTime":1703006930326,"time":"2023-12-19T20:53:27.714Z","iobWithZeroTemp":{"iob":-0.155,"basaliob":-0.18,"bolussnooze":0,"activity":-0.0014,"lastBolusTime":1703006930326,"time":"2023-12-19T20:53:27.714Z"}},{"iob":-0.071,"basaliob":-0.093,"bolussnooze":0,"activity":-0.001,"lastBolusTime":1703006930326,"time":"2023-12-19T20:58:27.714Z","iobWithZeroTemp":{"iob":-0.16,"basaliob":-0.182,"bolussnooze":0,"activity":-0.0016,"lastBolusTime":1703006930326,"time":"2023-12-19T20:58:27.714Z"}},{"iob":-0.066,"basaliob":-0.085,"bolussnooze":0,"activity":-0.001,"lastBolusTime":1703006930326,"time":"2023-12-19T21:03:27.714Z","iobWithZeroTemp":{"iob":-0.165,"basaliob":-0.184,"bolussnooze":0,"activity":-0.0017,"lastBolusTime":1703006930326,"time":"2023-12-19T21:03:27.714Z"}},{"iob":-0.061,"basaliob":-0.078,"bolussnooze":0,"activity":-9.0E-4,"lastBolusTime":1703006930326,"time":"2023-12-19T21:08:27.714Z","iobWithZeroTemp":{"iob":-0.168,"basaliob":-0.185,"bolussnooze":0,"activity":-0.0017,"lastBolusTime":1703006930326,"time":"2023-12-19T21:08:27.714Z"}},{"iob":-0.057,"basaliob":-0.071,"bolussnooze":0,"activity":-9.0E-4,"lastBolusTime":1703006930326,"time":"2023-12-19T21:13:27.714Z","iobWithZeroTemp":{"iob":-0.173,"basaliob":-0.187,"bolussnooze":0,"activity":-0.0018,"lastBolusTime":1703006930326,"time":"2023-12-19T21:13:27.714Z"}},{"iob":-0.053,"basaliob":-0.065,"bolussnooze":0,"activity":-8.0E-4,"lastBolusTime":1703006930326,"time":"2023-12-19T21:18:27.714Z","iobWithZeroTemp":{"iob":-0.177,"basaliob":-0.189,"bolussnooze":0,"activity":-0.0018,"lastBolusTime":1703006930326,"time":"2023-12-19T21:18:27.714Z"}},{"iob":-0.049,"basaliob":-0.06,"bolussnooze":0,"activity":-8.0E-4,"lastBolusTime":1703006930326,"time":"2023-12-19T21:23:27.714Z","iobWithZeroTemp":{"iob":-0.18,"basaliob":-0.191,"bolussnooze":0,"activity":-0.0019,"lastBolusTime":1703006930326,"time":"2023-12-19T21:23:27.714Z"}},{"iob":-0.045,"basaliob":-0.054,"bolussnooze":0,"activity":-7.0E-4,"lastBolusTime":1703006930326,"time":"2023-12-19T21:28:27.714Z","iobWithZeroTemp":{"iob":-0.183,"basaliob":-0.192,"bolussnooze":0,"activity":-0.0019,"lastBolusTime":1703006930326,"time":"2023-12-19T21:28:27.714Z"}},{"iob":-0.041,"basaliob":-0.049,"bolussnooze":0,"activity":-7.0E-4,"lastBolusTime":1703006930326,"time":"2023-12-19T21:33:27.714Z","iobWithZeroTemp":{"iob":-0.185,"basaliob":-0.193,"bolussnooze":0,"activity":-0.002,"lastBolusTime":1703006930326,"time":"2023-12-19T21:33:27.714Z"}},{"iob":-0.038,"basaliob":-0.045,"bolussnooze":0,"activity":-7.0E-4,"lastBolusTime":1703006930326,"time":"2023-12-19T21:38:27.714Z","iobWithZeroTemp":{"iob":-0.188,"basaliob":-0.195,"bolussnooze":0,"activity":-0.0021,"lastBolusTime":1703006930326,"time":"2023-12-19T21:38:27.714Z"}},{"iob":-0.035,"basaliob":-0.041,"bolussnooze":0,"activity":-6.0E-4,"lastBolusTime":1703006930326,"time":"2023-12-19T21:43:27.714Z","iobWithZeroTemp":{"iob":-0.191,"basaliob":-0.197,"bolussnooze":0,"activity":-0.0021,"lastBolusTime":1703006930326,"time":"2023-12-19T21:43:27.714Z"}},{"iob":-0.032,"basaliob":-0.037,"bolussnooze":0,"activity":-5.0E-4,"lastBolusTime":1703006930326,"time":"2023-12-19T21:48:27.714Z","iobWithZeroTemp":{"iob":-0.193,"basaliob":-0.198,"bolussnooze":0,"activity":-0.002,"lastBolusTime":1703006930326,"time":"2023-12-19T21:48:27.714Z"}},{"iob":-0.029,"basaliob":-0.033,"bolussnooze":0,"activity":-6.0E-4,"lastBolusTime":1703006930326,"time":"2023-12-19T21:53:27.714Z","iobWithZeroTemp":{"iob":-0.194,"basaliob":-0.198,"bolussnooze":0,"activity":-0.0022,"lastBolusTime":1703006930326,"time":"2023-12-19T21:53:27.714Z"}},{"iob":-0.027,"basaliob":-0.03,"bolussnooze":0,"activity":-5.0E-4,"lastBolusTime":1703006930326,"time":"2023-12-19T21:58:27.714Z","iobWithZeroTemp":{"iob":-0.196,"basaliob":-0.199,"bolussnooze":0,"activity":-0.0022,"lastBolusTime":1703006930326,"time":"2023-12-19T21:58:27.714Z"}},{"iob":-0.024,"basaliob":-0.027,"bolussnooze":0,"activity":-5.0E-4,"lastBolusTime":1703006930326,"time":"2023-12-19T22:03:27.714Z","iobWithZeroTemp":{"iob":-0.202,"basaliob":-0.205,"bolussnooze":0,"activity":-0.0023,"lastBolusTime":1703006930326,"time":"2023-12-19T22:03:27.714Z"}},{"iob":-0.022,"basaliob":-0.024,"bolussnooze":0,"activity":-4.0E-4,"lastBolusTime":1703006930326,"time":"2023-12-19T22:08:27.714Z","iobWithZeroTemp":{"iob":-0.207,"basaliob":-0.209,"bolussnooze":0,"activity":-0.0022,"lastBolusTime":1703006930326,"time":"2023-12-19T22:08:27.714Z"}},{"iob":-0.02,"basaliob":-0.022,"bolussnooze":0,"activity":-4.0E-4,"lastBolusTime":1703006930326,"time":"2023-12-19T22:13:27.714Z","iobWithZeroTemp":{"iob":-0.213,"basaliob":-0.215,"bolussnooze":0,"activity":-0.0023,"lastBolusTime":1703006930326,"time":"2023-12-19T22:13:27.714Z"}},{"iob":-0.019,"basaliob":-0.02,"bolussnooze":0,"activity":-3.0E-4,"lastBolusTime":1703006930326,"time":"2023-12-19T22:18:27.714Z","iobWithZeroTemp":{"iob":-0.218,"basaliob":-0.219,"bolussnooze":0,"activity":-0.0023,"lastBolusTime":1703006930326,"time":"2023-12-19T22:18:27.714Z"}},{"iob":-0.017,"basaliob":-0.018,"bolussnooze":0,"activity":-3.0E-4,"lastBolusTime":1703006930326,"time":"2023-12-19T22:23:27.714Z","iobWithZeroTemp":{"iob":-0.223,"basaliob":-0.224,"bolussnooze":0,"activity":-0.0024,"lastBolusTime":1703006930326,"time":"2023-12-19T22:23:27.714Z"}},{"iob":-0.015,"basaliob":-0.016,"bolussnooze":0,"activity":-4.0E-4,"lastBolusTime":1703006930326,"time":"2023-12-19T22:28:27.714Z","iobWithZeroTemp":{"iob":-0.227,"basaliob":-0.228,"bolussnooze":0,"activity":-0.0025,"lastBolusTime":1703006930326,"time":"2023-12-19T22:28:27.714Z"}},{"iob":-0.013,"basaliob":-0.014,"bolussnooze":0,"activity":-3.0E-4,"lastBolusTime":1703006930326,"time":"2023-12-19T22:33:27.714Z","iobWithZeroTemp":{"iob":-0.231,"basaliob":-0.232,"bolussnooze":0,"activity":-0.0025,"lastBolusTime":1703006930326,"time":"2023-12-19T22:33:27.714Z"}},{"iob":-0.011,"basaliob":-0.012,"bolussnooze":0,"activity":-3.0E-4,"lastBolusTime":1703006930326,"time":"2023-12-19T22:38:27.714Z","iobWithZeroTemp":{"iob":-0.234,"basaliob":-0.235,"bolussnooze":0,"activity":-0.0026,"lastBolusTime":1703006930326,"time":"2023-12-19T22:38:27.714Z"}},{"iob":-0.011,"basaliob":-0.011,"bolussnooze":0,"activity":-3.0E-4,"lastBolusTime":1703006930326,"time":"2023-12-19T22:43:27.714Z","iobWithZeroTemp":{"iob":-0.239,"basaliob":-0.239,"bolussnooze":0,"activity":-0.0027,"lastBolusTime":1703006930326,"time":"2023-12-19T22:43:27.714Z"}},{"iob":-0.01,"basaliob":-0.01,"bolussnooze":0,"activity":-2.0E-4,"lastBolusTime":1703006930326,"time":"2023-12-19T22:48:27.714Z","iobWithZeroTemp":{"iob":-0.243,"basaliob":-0.243,"bolussnooze":0,"activity":-0.0026,"lastBolusTime":1703006930326,"time":"2023-12-19T22:48:27.714Z"}},{"iob":-0.009,"basaliob":-0.009,"bolussnooze":0,"activity":-2.0E-4,"lastBolusTime":1703006930326,"time":"2023-12-19T22:53:27.714Z","iobWithZeroTemp":{"iob":-0.246,"basaliob":-0.246,"bolussnooze":0,"activity":-0.0027,"lastBolusTime":1703006930326,"time":"2023-12-19T22:53:27.714Z"}},{"iob":-0.008,"basaliob":-0.008,"bolussnooze":0,"activity":-2.0E-4,"lastBolusTime":1703006930326,"time":"2023-12-19T22:58:27.714Z","iobWithZeroTemp":{"iob":-0.249,"basaliob":-0.249,"bolussnooze":0,"activity":-0.0028,"lastBolusTime":1703006930326,"time":"2023-12-19T22:58:27.714Z"}},{"iob":-0.007,"basaliob":-0.007,"bolussnooze":0,"activity":-2.0E-4,"lastBolusTime":1703006930326,"time":"2023-12-19T23:03:27.714Z","iobWithZeroTemp":{"iob":-0.252,"basaliob":-0.252,"bolussnooze":0,"activity":-0.0028,"lastBolusTime":1703006930326,"time":"2023-12-19T23:03:27.714Z"}},{"iob":-0.006,"basaliob":-0.006,"bolussnooze":0,"activity":-2.0E-4,"lastBolusTime":1703006930326,"time":"2023-12-19T23:08:27.714Z","iobWithZeroTemp":{"iob":-0.254,"basaliob":-0.254,"bolussnooze":0,"activity":-0.0029,"lastBolusTime":1703006930326,"time":"2023-12-19T23:08:27.714Z"}},{"iob":-0.005,"basaliob":-0.005,"bolussnooze":0,"activity":-1.0E-4,"lastBolusTime":1703006930326,"time":"2023-12-19T23:13:27.714Z","iobWithZeroTemp":{"iob":-0.256,"basaliob":-0.256,"bolussnooze":0,"activity":-0.0028,"lastBolusTime":1703006930326,"time":"2023-12-19T23:13:27.714Z"}},{"iob":-0.004,"basaliob":-0.004,"bolussnooze":0,"activity":-1.0E-4,"lastBolusTime":1703006930326,"time":"2023-12-19T23:18:27.714Z","iobWithZeroTemp":{"iob":-0.258,"basaliob":-0.258,"bolussnooze":0,"activity":-0.0029,"lastBolusTime":1703006930326,"time":"2023-12-19T23:18:27.714Z"}},{"iob":-0.004,"basaliob":-0.004,"bolussnooze":0,"activity":-1.0E-4,"lastBolusTime":1703006930326,"time":"2023-12-19T23:23:27.714Z","iobWithZeroTemp":{"iob":-0.261,"basaliob":-0.261,"bolussnooze":0,"activity":-0.0029,"lastBolusTime":1703006930326,"time":"2023-12-19T23:23:27.714Z"}},{"iob":-0.003,"basaliob":-0.003,"bolussnooze":0,"activity":-1.0E-4,"lastBolusTime":1703006930326,"time":"2023-12-19T23:28:27.714Z","iobWithZeroTemp":{"iob":-0.262,"basaliob":-0.262,"bolussnooze":0,"activity":-0.003,"lastBolusTime":1703006930326,"time":"2023-12-19T23:28:27.714Z"}},{"iob":-0.003,"basaliob":-0.003,"bolussnooze":0,"activity":-1.0E-4,"lastBolusTime":0,"time":"2023-12-19T23:33:27.714Z","iobWithZeroTemp":{"iob":-0.264,"basaliob":-0.264,"bolussnooze":0,"activity":-0.003,"lastBolusTime":0,"time":"2023-12-19T23:33:27.714Z"}},{"iob":-0.003,"basaliob":-0.003,"bolussnooze":0,"activity":-1.0E-4,"lastBolusTime":0,"time":"2023-12-19T23:38:27.714Z","iobWithZeroTemp":{"iob":-0.266,"basaliob":-0.266,"bolussnooze":0,"activity":-0.0031,"lastBolusTime":0,"time":"2023-12-19T23:38:27.714Z"}},{"iob":-0.002,"basaliob":-0.002,"bolussnooze":0,"activity":-1.0E-4,"lastBolusTime":0,"time":"2023-12-19T23:43:27.714Z","iobWithZeroTemp":{"iob":-0.267,"basaliob":-0.267,"bolussnooze":0,"activity":-0.0031,"lastBolusTime":0,"time":"2023-12-19T23:43:27.714Z"}},{"iob":-0.002,"basaliob":-0.002,"bolussnooze":0,"activity":-1.0E-4,"lastBolusTime":0,"time":"2023-12-19T23:48:27.714Z","iobWithZeroTemp":{"iob":-0.269,"basaliob":-0.269,"bolussnooze":0,"activity":-0.0031,"lastBolusTime":0,"time":"2023-12-19T23:48:27.714Z"}},{"iob":-0.002,"basaliob":-0.002,"bolussnooze":0,"activity":-1.0E-4,"lastBolusTime":0,"time":"2023-12-19T23:53:27.714Z","iobWithZeroTemp":{"iob":-0.27,"basaliob":-0.27,"bolussnooze":0,"activity":-0.0032,"lastBolusTime":0,"time":"2023-12-19T23:53:27.714Z"}},{"iob":-0.001,"basaliob":-0.001,"bolussnooze":0,"activity":0,"lastBolusTime":0,"time":"2023-12-19T23:58:27.714Z","iobWithZeroTemp":{"iob":-0.27,"basaliob":-0.27,"bolussnooze":0,"activity":-0.0031,"lastBolusTime":0,"time":"2023-12-19T23:58:27.714Z"}},{"iob":-0.001,"basaliob":-0.001,"bolussnooze":0,"activity":0,"lastBolusTime":0,"time":"2023-12-20T00:03:27.714Z","iobWithZeroTemp":{"iob":-0.267,"basaliob":-0.267,"bolussnooze":0,"activity":-0.0031,"lastBolusTime":0,"time":"2023-12-20T00:03:27.714Z"}},{"iob":-0.001,"basaliob":-0.001,"bolussnooze":0,"activity":0,"lastBolusTime":0,"time":"2023-12-20T00:08:27.714Z","iobWithZeroTemp":{"iob":-0.264,"basaliob":-0.264,"bolussnooze":0,"activity":-0.0031,"lastBolusTime":0,"time":"2023-12-20T00:08:27.714Z"}},{"iob":-0.001,"basaliob":-0.001,"bolussnooze":0,"activity":0,"lastBolusTime":0,"time":"2023-12-20T00:13:27.714Z","iobWithZeroTemp":{"iob":-0.261,"basaliob":-0.261,"bolussnooze":0,"activity":-0.0031,"lastBolusTime":0,"time":"2023-12-20T00:13:27.714Z"}}],"profile":{"max_iob":10,"type":"current","max_daily_basal":0.25,"max_basal":0.75,"min_bg":105,"max_bg":105,"target_bg":105,"carb_ratio":14.8,"sens":84,"max_daily_safety_multiplier":5,"current_basal_safety_multiplier":5,"lgsThreshold":95,"high_temptarget_raises_sensitivity":false,"low_temptarget_lowers_sensitivity":false,"sensitivity_raises_target":true,"resistance_lowers_target":true,"adv_target_adjustments":false,"exercise_mode":false,"half_basal_exercise_target":160,"maxCOB":120,"skip_neutral_temps":false,"remainingCarbsCap":90,"enableUAM":true,"A52_risk_enable":false,"SMBInterval":5,"enableSMB_with_COB":true,"enableSMB_with_temptarget":false,"allowSMB_with_high_temptarget":false,"enableSMB_always":false,"enableSMB_after_carbs":true,"maxSMBBasalMinutes":120,"maxUAMSMBBasalMinutes":120,"bolus_increment":0.05,"carbsReqThreshold":1,"current_basal":0.15000000596046448,"temptargetSet":true,"autosens_max":1.2,"autosens_min":0.7,"variable_sens":110.9,"insulinDivisor":75,"TDD":21.083510293498435},"autosens_data":{"ratio":1},"meal_data":{"carbs":7,"mealCOB":0,"slopeFromMaxDeviation":0,"slopeFromMinDeviation":0.5993999999999999,"lastBolusTime":1703006930326,"lastCarbTime":1703005061965},"microBolusAllowed":true,"currentTime":1703017109058,"flatBGsDetected":false,"tdd1D":20.141666612277426,"tdd7D":26.78606000595613,"tddLast24H":16.424999908357858,"tddLast4H":1.3916666785875957,"tddLast8to4H":5.72499981969595},"output":{"temp":"absolute","bg":87,"tick":"+4","eventualBG":122,"targetBG":105,"insulinReq":0,"deliverAt":"2023-12-19T20:18:29.058Z","sensitivityRatio":1,"variable_sens":110.9,"predBGs":{"IOB":[87,90,94,97,99,102,104,105,107,108,109,110,110,111,111,111,112,112,112,113,113,113,113,114,114,114,114,114,114,115,115,115,115,115,115,115,115,115,115,115,115,115,115,116],"ZT":[87,87,88,89,89,90,90,91,92,93,94,95,96,97,98,98,99,101,102,103,104,105],"UAM":[87,90,94,97,100,103,105,107,109,111,113,114,116,116,117,118,118,118,119,119,119,119,120,120,120,120,120,120,121,121,121,121,121,121,121,121,121,121,121,121,121,121,122]},"reason":"COB: 0, Dev: 19, BGI: 0, ISF: 111, CR: 14.8, Target: 105, minPredBG 102, minGuardBG 90, IOBpredBG 116, UAMpredBG 122; IOB -0.11 < -0.05 and minDelta 4 > expectedDelta 0; 122-102 in range: no temp required; setting current basal of 0.15 as temp. . Setting neutral temp basal of 0.15000000596046448U\/hr","COB":0,"IOB":-0.11,"duration":30,"rate":0.15000000596046448,"timestamp":"2023-12-19T20:18:29.142Z"}}