{"algorithm":"OpenAPSSMBDynamicISFPlugin","input":{"glucoseStatus":{"glucose":152,"noise":0,"delta":1,"short_avgdelta":1.89,"long_avgdelta":3.16,"date":1703025776000},"currenttemp":{"temp":"absolute","duration":5,"rate":1,"minutesrunning":25},"iob_data":[{"iob":1.369,"basaliob":0.212,"bolussnooze":0.0164,"activity":0.0127,"lastBolusTime":1703025525401,"time":"2023-12-19T22:43:25.822Z","iobWithZeroTemp":{"iob":1.369,"basaliob":0.212,"bolussnooze":0.0164,"activity":0.0127,"lastBolusTime":1703025525401,"time":"2023-12-19T22:43:25.822Z"}},{"iob":1.303,"basaliob":0.21,"bolussnooze":0.0116,"activity":0.0133,"lastBolusTime":1703025525401,"time":"2023-12-19T22:48:25.822Z","iobWithZeroTemp":{"iob":1.29,"basaliob":0.197,"bolussnooze":0.0116,"activity":0.0133,"lastBolusTime":1703025525401,"time":"2023-12-19T22:48:25.822Z"}},{"iob":1.237,"basaliob":0.207,"bolussnooze":0.008,"activity":0.0136,"lastBolusTime":1703025525401,"time":"2023-12-19T22:53:25.822Z","iobWithZeroTemp":{"iob":1.207,"basaliob":0.177,"bolussnooze":0.008,"activity":0.0135,"lastBolusTime":1703025525401,"time":"2023-12-19T22:53:25.822Z"}},{"iob":1.168,"basaliob":0.202,"bolussnooze":0.0052,"activity":0.0138,"lastBolusTime":1703025525401,"time":"2023-12-19T22:58:25.822Z","iobWithZeroTemp":{"iob":1.122,"basaliob":0.156,"bolussnooze":0.0052,"activity":0.0137,"lastBolusTime":1703025525401,"time":"2023-12-19T22:58:25.822Z"}},{"iob":1.099,"basaliob":0.195,"bolussnooze":0.0033,"activity":0.0137,"lastBolusTime":1703025525401,"time":"2023-12-19T23:03:25.822Z","iobWithZeroTemp":{"iob":1.037,"basaliob":0.133,"bolussnooze":0.0033,"activity":0.0135,"lastBolusTime":1703025525401,"time":"2023-12-19T23:03:25.822Z"}},{"iob":1.031,"basaliob":0.188,"bolussnooze":0.0019,"activity":0.0135,"lastBolusTime":1703025525401,"time":"2023-12-19T23:08:25.822Z","iobWithZeroTemp":{"iob":0.954,"basaliob":0.111,"bolussnooze":0.0019,"activity":0.0132,"lastBolusTime":1703025525401,"time":"2023-12-19T23:08:25.822Z"}},{"iob":0.965,"basaliob":0.18,"bolussnooze":0.001,"activity":0.0132,"lastBolusTime":1703025525401,"time":"2023-12-19T23:13:25.822Z","iobWithZeroTemp":{"iob":0.873,"basaliob":0.088,"bolussnooze":0.001,"activity":0.0127,"lastBolusTime":1703025525401,"time":"2023-12-19T23:13:25.822Z"}},{"iob":0.899,"basaliob":0.171,"bolussnooze":4.0E-4,"activity":0.0128,"lastBolusTime":1703025525401,"time":"2023-12-19T23:18:25.822Z","iobWithZeroTemp":{"iob":0.793,"basaliob":0.065,"bolussnooze":4.0E-4,"activity":0.0122,"lastBolusTime":1703025525401,"time":"2023-12-19T23:18:25.822Z"}},{"iob":0.837,"basaliob":0.162,"bolussnooze":1.0E-4,"activity":0.0123,"lastBolusTime":1703025525401,"time":"2023-12-19T23:23:25.822Z","iobWithZeroTemp":{"iob":0.718,"basaliob":0.043,"bolussnooze":1.0E-4,"activity":0.0116,"lastBolusTime":1703025525401,"time":"2023-12-19T23:23:25.822Z"}},{"iob":0.776,"basaliob":0.153,"bolussnooze":0,"activity":0.0118,"lastBolusTime":1703025525401,"time":"2023-12-19T23:28:25.822Z","iobWithZeroTemp":{"iob":0.645,"basaliob":0.022,"bolussnooze":0,"activity":0.0109,"lastBolusTime":1703025525401,"time":"2023-12-19T23:28:25.822Z"}},{"iob":0.719,"basaliob":0.144,"bolussnooze":0,"activity":0.0112,"lastBolusTime":1703025525401,"time":"2023-12-19T23:33:25.822Z","iobWithZeroTemp":{"iob":0.576,"basaliob":0.001,"bolussnooze":0,"activity":0.0102,"lastBolusTime":1703025525401,"time":"2023-12-19T23:33:25.822Z"}},{"iob":0.664,"basaliob":0.135,"bolussnooze":0,"activity":0.0107,"lastBolusTime":1703025525401,"time":"2023-12-19T23:38:25.822Z","iobWithZeroTemp":{"iob":0.51,"basaliob":-0.019,"bolussnooze":0,"activity":0.0095,"lastBolusTime":1703025525401,"time":"2023-12-19T23:38:25.822Z"}},{"iob":0.612,"basaliob":0.126,"bolussnooze":0,"activity":0.0101,"lastBolusTime":1703025525401,"time":"2023-12-19T23:43:25.822Z","iobWithZeroTemp":{"iob":0.447,"basaliob":-0.039,"bolussnooze":0,"activity":0.0088,"lastBolusTime":1703025525401,"time":"2023-12-19T23:43:25.822Z"}},{"iob":0.563,"basaliob":0.118,"bolussnooze":0,"activity":0.0095,"lastBolusTime":1703025525401,"time":"2023-12-19T23:48:25.822Z","iobWithZeroTemp":{"iob":0.388,"basaliob":-0.057,"bolussnooze":0,"activity":0.0081,"lastBolusTime":1703025525401,"time":"2023-12-19T23:48:25.822Z"}},{"iob":0.518,"basaliob":0.11,"bolussnooze":0,"activity":0.0089,"lastBolusTime":1703025525401,"time":"2023-12-19T23:53:25.822Z","iobWithZeroTemp":{"iob":0.334,"basaliob":-0.074,"bolussnooze":0,"activity":0.0073,"lastBolusTime":1703025525401,"time":"2023-12-19T23:53:25.822Z"}},{"iob":0.474,"basaliob":0.102,"bolussnooze":0,"activity":0.0083,"lastBolusTime":1703025525401,"time":"2023-12-19T23:58:25.822Z","iobWithZeroTemp":{"iob":0.282,"basaliob":-0.09,"bolussnooze":0,"activity":0.0066,"lastBolusTime":1703025525401,"time":"2023-12-19T23:58:25.822Z"}},{"iob":0.434,"basaliob":0.094,"bolussnooze":0,"activity":0.0078,"lastBolusTime":1703025525401,"time":"2023-12-20T00:03:25.822Z","iobWithZeroTemp":{"iob":0.238,"basaliob":-0.102,"bolussnooze":0,"activity":0.006,"lastBolusTime":1703025525401,"time":"2023-12-20T00:03:25.822Z"}},{"iob":0.396,"basaliob":0.087,"bolussnooze":0,"activity":0.0073,"lastBolusTime":1703025525401,"time":"2023-12-20T00:08:25.822Z","iobWithZeroTemp":{"iob":0.197,"basaliob":-0.112,"bolussnooze":0,"activity":0.0054,"lastBolusTime":1703025525401,"time":"2023-12-20T00:08:25.822Z"}},{"iob":0.362,"basaliob":0.081,"bolussnooze":0,"activity":0.0067,"lastBolusTime":1703025525401,"time":"2023-12-20T00:13:25.822Z","iobWithZeroTemp":{"iob":0.16,"basaliob":-0.121,"bolussnooze":0,"activity":0.0047,"lastBolusTime":1703025525401,"time":"2023-12-20T00:13:25.822Z"}},{"iob":0.329,"basaliob":0.074,"bolussnooze":0,"activity":0.0062,"lastBolusTime":1703025525401,"time":"2023-12-20T00:18:25.822Z","iobWithZeroTemp":{"iob":0.125,"basaliob":-0.13,"bolussnooze":0,"activity":0.0041,"lastBolusTime":1703025525401,"time":"2023-12-20T00:18:25.822Z"}},{"iob":0.299,"basaliob":0.068,"bolussnooze":0,"activity":0.0058,"lastBolusTime":1703025525401,"time":"2023-12-20T00:23:25.822Z","iobWithZeroTemp":{"iob":0.093,"basaliob":-0.138,"bolussnooze":0,"activity":0.0037,"lastBolusTime":1703025525401,"time":"2023-12-20T00:23:25.822Z"}},{"iob":0.272,"basaliob":0.063,"bolussnooze":0,"activity":0.0053,"lastBolusTime":1703025525401,"time":"2023-12-20T00:28:25.822Z","iobWithZeroTemp":{"iob":0.064,"basaliob":-0.145,"bolussnooze":0,"activity":0.0031,"lastBolusTime":1703025525401,"time":"2023-12-20T00:28:25.822Z"}},{"iob":0.246,"basaliob":0.057,"bolussnooze":0,"activity":0.0049,"lastBolusTime":1703025525401,"time":"2023-12-20T00:33:25.822Z","iobWithZeroTemp":{"iob":0.037,"basaliob":-0.152,"bolussnooze":0,"activity":0.0026,"lastBolusTime":1703025525401,"time":"2023-12-20T00:33:25.822Z"}},{"iob":0.222,"basaliob":0.052,"bolussnooze":0,"activity":0.0045,"lastBolusTime":1703025525401,"time":"2023-12-20T00:38:25.822Z","iobWithZeroTemp":{"iob":0.012,"basaliob":-0.158,"bolussnooze":0,"activity":0.0022,"lastBolusTime":1703025525401,"time":"2023-12-20T00:38:25.822Z"}},{"iob":0.201,"basaliob":0.048,"bolussnooze":0,"activity":0.0041,"lastBolusTime":1703025525401,"time":"2023-12-20T00:43:25.822Z","iobWithZeroTemp":{"iob":-0.01,"basaliob":-0.163,"bolussnooze":0,"activity":0.0018,"lastBolusTime":1703025525401,"time":"2023-12-20T00:43:25.822Z"}},{"iob":0.182,"basaliob":0.044,"bolussnooze":0,"activity":0.0038,"lastBolusTime":1703025525401,"time":"2023-12-20T00:48:25.822Z","iobWithZeroTemp":{"iob":-0.03,"basaliob":-0.168,"bolussnooze":0,"activity":0.0014,"lastBolusTime":1703025525401,"time":"2023-12-20T00:48:25.822Z"}},{"iob":0.164,"basaliob":0.04,"bolussnooze":0,"activity":0.0035,"lastBolusTime":1703025525401,"time":"2023-12-20T00:53:25.822Z","iobWithZeroTemp":{"iob":-0.049,"basaliob":-0.173,"bolussnooze":0,"activity":0.0011,"lastBolusTime":1703025525401,"time":"2023-12-20T00:53:25.822Z"}},{"iob":0.147,"basaliob":0.036,"bolussnooze":0,"activity":0.0032,"lastBolusTime":1703025525401,"time":"2023-12-20T00:58:25.822Z","iobWithZeroTemp":{"iob":-0.066,"basaliob":-0.177,"bolussnooze":0,"activity":8.0E-4,"lastBolusTime":1703025525401,"time":"2023-12-20T00:58:25.822Z"}},{"iob":0.132,"basaliob":0.033,"bolussnooze":0,"activity":0.0028,"lastBolusTime":1703025525401,"time":"2023-12-20T01:03:25.822Z","iobWithZeroTemp":{"iob":-0.085,"basaliob":-0.184,"bolussnooze":0,"activity":4.0E-4,"lastBolusTime":1703025525401,"time":"2023-12-20T01:03:25.822Z"}},{"iob":0.118,"basaliob":0.03,"bolussnooze":0,"activity":0.0026,"lastBolusTime":1703025525401,"time":"2023-12-20T01:08:25.822Z","iobWithZeroTemp":{"iob":-0.104,"basaliob":-0.192,"bolussnooze":0,"activity":1.0E-4,"lastBolusTime":1703025525401,"time":"2023-12-20T01:08:25.822Z"}},{"iob":0.106,"basaliob":0.027,"bolussnooze":0,"activity":0.0023,"lastBolusTime":1703025525401,"time":"2023-12-20T01:13:25.822Z","iobWithZeroTemp":{"iob":-0.12,"basaliob":-0.199,"bolussnooze":0,"activity":-2.0E-4,"lastBolusTime":1703025525401,"time":"2023-12-20T01:13:25.822Z"}},{"iob":0.094,"basaliob":0.024,"bolussnooze":0,"activity":0.0022,"lastBolusTime":1703025525401,"time":"2023-12-20T01:18:25.822Z","iobWithZeroTemp":{"iob":-0.136,"basaliob":-0.206,"bolussnooze":0,"activity":-4.0E-4,"lastBolusTime":1703025525401,"time":"2023-12-20T01:18:25.822Z"}},{"iob":0.084,"basaliob":0.022,"bolussnooze":0,"activity":0.002,"lastBolusTime":1703025525401,"time":"2023-12-20T01:23:25.822Z","iobWithZeroTemp":{"iob":-0.15,"basaliob":-0.212,"bolussnooze":0,"activity":-6.0E-4,"lastBolusTime":1703025525401,"time":"2023-12-20T01:23:25.822Z"}},{"iob":0.075,"basaliob":0.02,"bolussnooze":0,"activity":0.0017,"lastBolusTime":1703025525401,"time":"2023-12-20T01:28:25.822Z","iobWithZeroTemp":{"iob":-0.162,"basaliob":-0.217,"bolussnooze":0,"activity":-9.0E-4,"lastBolusTime":1703025525401,"time":"2023-12-20T01:28:25.822Z"}},{"iob":0.067,"basaliob":0.018,"bolussnooze":0,"activity":0.0016,"lastBolusTime":1703025525401,"time":"2023-12-20T01:33:25.822Z","iobWithZeroTemp":{"iob":-0.174,"basaliob":-0.223,"bolussnooze":0,"activity":-0.0011,"lastBolusTime":1703025525401,"time":"2023-12-20T01:33:25.822Z"}},{"iob":0.059,"basaliob":0.016,"bolussnooze":0,"activity":0.0014,"lastBolusTime":1703025525401,"time":"2023-12-20T01:38:25.822Z","iobWithZeroTemp":{"iob":-0.185,"basaliob":-0.228,"bolussnooze":0,"activity":-0.0013,"lastBolusTime":1703025525401,"time":"2023-12-20T01:38:25.822Z"}},{"iob":0.052,"basaliob":0.014,"bolussnooze":0,"activity":0.0013,"lastBolusTime":1703025525401,"time":"2023-12-20T01:43:25.822Z","iobWithZeroTemp":{"iob":-0.195,"basaliob":-0.233,"bolussnooze":0,"activity":-0.0015,"lastBolusTime":1703025525401,"time":"2023-12-20T01:43:25.822Z"}},{"iob":0.046,"basaliob":0.013,"bolussnooze":0,"activity":0.0012,"lastBolusTime":1703025525401,"time":"2023-12-20T01:48:25.822Z","iobWithZeroTemp":{"iob":-0.204,"basaliob":-0.237,"bolussnooze":0,"activity":-0.0016,"lastBolusTime":1703025525401,"time":"2023-12-20T01:48:25.822Z"}},{"iob":0.04,"basaliob":0.011,"bolussnooze":0,"activity":0.0011,"lastBolusTime":1703025525401,"time":"2023-12-20T01:53:25.822Z","iobWithZeroTemp":{"iob":-0.212,"basaliob":-0.241,"bolussnooze":0,"activity":-0.0017,"lastBolusTime":1703025525401,"time":"2023-12-20T01:53:25.822Z"}},{"iob":0.036,"basaliob":0.01,"bolussnooze":0,"activity":9.0E-4,"lastBolusTime":1703025525401,"time":"2023-12-20T01:58:25.822Z","iobWithZeroTemp":{"iob":-0.219,"basaliob":-0.245,"bolussnooze":0,"activity":-0.002,"lastBolusTime":1703025525401,"time":"2023-12-20T01:58:25.822Z"}},{"iob":0.032,"basaliob":0.009,"bolussnooze":0,"activity":8.0E-4,"lastBolusTime":1703025525401,"time":"2023-12-20T02:03:25.822Z","iobWithZeroTemp":{"iob":-0.225,"basaliob":-0.248,"bolussnooze":0,"activity":-0.0021,"lastBolusTime":1703025525401,"time":"2023-12-20T02:03:25.822Z"}},{"iob":0.028,"basaliob":0.008,"bolussnooze":0,"activity":7.0E-4,"lastBolusTime":1703025525401,"time":"2023-12-20T02:08:25.822Z","iobWithZeroTemp":{"iob":-0.231,"basaliob":-0.251,"bolussnooze":0,"activity":-0.0022,"lastBolusTime":1703025525401,"time":"2023-12-20T02:08:25.822Z"}},{"iob":0.024,"basaliob":0.007,"bolussnooze":0,"activity":7.0E-4,"lastBolusTime":1703025525401,"time":"2023-12-20T02:13:25.822Z","iobWithZeroTemp":{"iob":-0.237,"basaliob":-0.254,"bolussnooze":0,"activity":-0.0023,"lastBolusTime":1703025525401,"time":"2023-12-20T02:13:25.822Z"}},{"iob":0.021,"basaliob":0.006,"bolussnooze":0,"activity":6.0E-4,"lastBolusTime":1703025525401,"time":"2023-12-20T02:18:25.822Z","iobWithZeroTemp":{"iob":-0.242,"basaliob":-0.257,"bolussnooze":0,"activity":-0.0024,"lastBolusTime":1703025525401,"time":"2023-12-20T02:18:25.822Z"}},{"iob":0.018,"basaliob":0.005,"bolussnooze":0,"activity":5.0E-4,"lastBolusTime":1703025525401,"time":"2023-12-20T02:23:25.822Z","iobWithZeroTemp":{"iob":-0.247,"basaliob":-0.26,"bolussnooze":0,"activity":-0.0025,"lastBolusTime":1703025525401,"time":"2023-12-20T02:23:25.822Z"}},{"iob":0.016,"basaliob":0.005,"bolussnooze":0,"activity":4.0E-4,"lastBolusTime":1703025525401,"time":"2023-12-20T02:28:25.822Z","iobWithZeroTemp":{"iob":-0.25,"basaliob":-0.261,"bolussnooze":0,"activity":-0.0026,"lastBolusTime":1703025525401,"time":"2023-12-20T02:28:25.822Z"}},{"iob":0.014,"basaliob":0.004,"bolussnooze":0,"activity":4.0E-4,"lastBolusTime":1703025525401,"time":"2023-12-20T02:33:25.822Z","iobWithZeroTemp":{"iob":-0.254,"basaliob":-0.264,"bolussnooze":0,"activity":-0.0027,"lastBolusTime":1703025525401,"time":"2023-12-20T02:33:25.822Z"}},{"iob":0.013,"basaliob":0.004,"bolussnooze":0,"activity":3.0E-4,"lastBolusTime":1703025525401,"time":"2023-12-20T02:38:25.822Z","iobWithZeroTemp":{"iob":-0.256,"basaliob":-0.265,"bolussnooze":0,"activity":-0.0028,"lastBolusTime":1703025525401,"time":"2023-12-20T02:38:25.822Z"}}],"profile":{"max_iob":10,"type":"current","max_daily_basal":0.25,"max_basal":1,"min_bg":90,"max_bg":90,"target_bg":90,"carb_ratio":14.8,"sens":84,"max_daily_safety_multiplier":5,"current_basal_safety_multiplier":5,"lgsThreshold":95,"high_temptarget_raises_sensitivity":false,"low_temptarget_lowers_sensitivity":false,"sensitivity_raises_target":true,"resistance_lowers_target":true,"adv_target_adjustments":false,"exercise_mode":false,"half_basal_exercise_target":160,"maxCOB":120,"skip_neutral_temps":false,"remainingCarbsCap":90,"enableUAM":true,"A52_risk_enable":false,"SMBInterval":5,"enableSMB_with_COB":true,"enableSMB_with_temptarget":false,"allowSMB_with_high_temptarget":false,"enableSMB_always":false,"enableSMB_after_carbs":true,"maxSMBBasalMinutes":120,"maxUAMSMBBasalMinutes":120,"bolus_increment":0.05,"carbsReqThreshold":1,"current_basal":0.20000000298023224,"temptargetSet":false,"autosens_max":1.2,"autosens_min":0.7,"variable_sens":72.1,"insulinDivisor":75,"TDD":22.54953555416892},"autosens_data":{"ratio":1},"meal_data":{"carbs":38,"mealCOB":0,"slopeFromMaxDeviation":-0.21763636363636363,"slopeFromMinDeviation":0.3742857142857142,"lastBolusTime":1703025525401,"lastCarbTime":1703018782022},"microBolusAllowed":true,"currentTime":1703025806653,"flatBGsDetected":false,"tdd1D":20.141666612277426,"tdd7D":26.78606000595613,"tddLast24H":18.56249999329448,"tddLast4H":3.9458334480722743,"tddLast8to4H":2.233333351959785},"output":{"temp":"absolute","bg":152,"tick":"+1","eventualBG":117,"targetBG":90,"insulinReq":-0.06,"deliverAt":"2023-12-19T22:43:26.653Z","sensitivityRatio":1,"variable_sens":72.1,"predBGs":{"IOB":[152,153,152,152,151,149,147,144,141,138,134,131,126,122,118,115,111,108,104,101,98,96,93,91,88,86,84,82,81,79,78,76,75,74,73,72,71,70,70,69,68,68,68,67,67,66],"ZT":[152,147,143,137,132,127,122,116,111,106,101,96,92,87,83,79,76,72,69,66,64,61,59,57,56,54,53,53,52,52,52,52,52,52,53,54,55,56,57,58,60,61,63,64,66,67,69,71],"UAM":[152,153,153,153,153,153,152,151,151,150,149,148,147,146,145,144,143,142,141,140,139,137,136,135,133,132,130,129,128,126,125,124,124,123,122,121,121,120,120,119,119,119,118,118,118,118,117]},"reason":"COB: 0, Dev: 33, BGI: -5, ISF: 72, CR: 14.8, Target: 90, minPredBG 85, minGuardBG 117, IOBpredBG 66, UAMpredBG 117; Eventual BG 117 >= 90,  insulinReq -0.06; setting 60m low temp of 0U\/h. Waiting 0m 18s to microbolus again. ","COB":0,"IOB":1.369,"rate":0,"duration":60,"timestamp":"2023-12-19T22:43:26.661Z"}}