{"algorithm":"OpenAPSSMBDynamicISFPlugin","input":{"glucoseStatus":{"glucose":109,"noise":0,"delta":-2,"short_avgdelta":-1.61,"long_avgdelta":-1.28,"date":1702892571000},"currenttemp":{"temp":"absolute","duration":25,"rate":0,"minutesrunning":5},"iob_data":[{"iob":0.194,"basaliob":-0.051,"bolussnooze":0,"activity":0.0037,"lastBolusTime":1702891707946,"time":"2023-12-18T09:43:23.277Z","iobWithZeroTemp":{"iob":0.194,"basaliob":-0.051,"bolussnooze":0,"activity":0.0037,"lastBolusTime":1702891707946,"time":"2023-12-18T09:43:23.277Z"}},{"iob":0.176,"basaliob":-0.047,"bolussnooze":0,"activity":0.0034,"lastBolusTime":1702891707946,"time":"2023-12-18T09:48:23.277Z","iobWithZeroTemp":{"iob":0.163,"basaliob":-0.06,"bolussnooze":0,"activity":0.0034,"lastBolusTime":1702891707946,"time":"2023-12-18T09:48:23.277Z"}},{"iob":0.16,"basaliob":-0.043,"bolussnooze":0,"activity":0.0032,"lastBolusTime":1702891707946,"time":"2023-12-18T09:53:23.277Z","iobWithZeroTemp":{"iob":0.13,"basaliob":-0.073,"bolussnooze":0,"activity":0.0031,"lastBolusTime":1702891707946,"time":"2023-12-18T09:53:23.277Z"}},{"iob":0.145,"basaliob":-0.04,"bolussnooze":0,"activity":0.0029,"lastBolusTime":1702891707946,"time":"2023-12-18T09:58:23.277Z","iobWithZeroTemp":{"iob":0.099,"basaliob":-0.086,"bolussnooze":0,"activity":0.0028,"lastBolusTime":1702891707946,"time":"2023-12-18T09:58:23.277Z"}},{"iob":0.131,"basaliob":-0.036,"bolussnooze":0,"activity":0.0027,"lastBolusTime":1702891707946,"time":"2023-12-18T10:03:23.277Z","iobWithZeroTemp":{"iob":0.073,"basaliob":-0.094,"bolussnooze":0,"activity":0.0025,"lastBolusTime":1702891707946,"time":"2023-12-18T10:03:23.277Z"}},{"iob":0.119,"basaliob":-0.033,"bolussnooze":0,"activity":0.0024,"lastBolusTime":1702891707946,"time":"2023-12-18T10:08:23.277Z","iobWithZeroTemp":{"iob":0.05,"basaliob":-0.102,"bolussnooze":0,"activity":0.0021,"lastBolusTime":1702891707946,"time":"2023-12-18T10:08:23.277Z"}},{"iob":0.107,"basaliob":-0.03,"bolussnooze":0,"activity":0.0022,"lastBolusTime":1702891707946,"time":"2023-12-18T10:13:23.277Z","iobWithZeroTemp":{"iob":0.027,"basaliob":-0.11,"bolussnooze":0,"activity":0.0018,"lastBolusTime":1702891707946,"time":"2023-12-18T10:13:23.277Z"}},{"iob":0.096,"basaliob":-0.027,"bolussnooze":0,"activity":0.0021,"lastBolusTime":1702891707946,"time":"2023-12-18T10:18:23.277Z","iobWithZeroTemp":{"iob":0.006,"basaliob":-0.117,"bolussnooze":0,"activity":0.0016,"lastBolusTime":1702891707946,"time":"2023-12-18T10:18:23.277Z"}},{"iob":0.086,"basaliob":-0.025,"bolussnooze":0,"activity":0.0019,"lastBolusTime":1702891707946,"time":"2023-12-18T10:23:23.277Z","iobWithZeroTemp":{"iob":-0.013,"basaliob":-0.124,"bolussnooze":0,"activity":0.0012,"lastBolusTime":1702891707946,"time":"2023-12-18T10:23:23.277Z"}},{"iob":0.077,"basaliob":-0.023,"bolussnooze":0,"activity":0.0018,"lastBolusTime":1702891707946,"time":"2023-12-18T10:28:23.277Z","iobWithZeroTemp":{"iob":-0.031,"basaliob":-0.131,"bolussnooze":0,"activity":0.001,"lastBolusTime":1702891707946,"time":"2023-12-18T10:28:23.277Z"}},{"iob":0.069,"basaliob":-0.021,"bolussnooze":0,"activity":0.0016,"lastBolusTime":1702891707946,"time":"2023-12-18T10:33:23.277Z","iobWithZeroTemp":{"iob":-0.048,"basaliob":-0.138,"bolussnooze":0,"activity":7.0E-4,"lastBolusTime":1702891707946,"time":"2023-12-18T10:33:23.277Z"}},{"iob":0.061,"basaliob":-0.019,"bolussnooze":0,"activity":0.0014,"lastBolusTime":1702891707946,"time":"2023-12-18T10:38:23.277Z","iobWithZeroTemp":{"iob":-0.064,"basaliob":-0.144,"bolussnooze":0,"activity":4.0E-4,"lastBolusTime":1702891707946,"time":"2023-12-18T10:38:23.277Z"}},{"iob":0.055,"basaliob":-0.017,"bolussnooze":0,"activity":0.0013,"lastBolusTime":1702891707946,"time":"2023-12-18T10:43:23.277Z","iobWithZeroTemp":{"iob":-0.077,"basaliob":-0.149,"bolussnooze":0,"activity":2.0E-4,"lastBolusTime":1702891707946,"time":"2023-12-18T10:43:23.277Z"}},{"iob":0.049,"basaliob":-0.015,"bolussnooze":0,"activity":0.0012,"lastBolusTime":1702891707946,"time":"2023-12-18T10:48:23.277Z","iobWithZeroTemp":{"iob":-0.09,"basaliob":-0.154,"bolussnooze":0,"activity":0,"lastBolusTime":1702891707946,"time":"2023-12-18T10:48:23.277Z"}},{"iob":0.043,"basaliob":-0.014,"bolussnooze":0,"activity":0.001,"lastBolusTime":1702891707946,"time":"2023-12-18T10:53:23.277Z","iobWithZeroTemp":{"iob":-0.102,"basaliob":-0.159,"bolussnooze":0,"activity":-3.0E-4,"lastBolusTime":1702891707946,"time":"2023-12-18T10:53:23.277Z"}},{"iob":0.039,"basaliob":-0.012,"bolussnooze":0,"activity":9.0E-4,"lastBolusTime":1702891707946,"time":"2023-12-18T10:58:23.277Z","iobWithZeroTemp":{"iob":-0.112,"basaliob":-0.163,"bolussnooze":0,"activity":-5.0E-4,"lastBolusTime":1702891707946,"time":"2023-12-18T10:58:23.277Z"}},{"iob":0.034,"basaliob":-0.011,"bolussnooze":0,"activity":9.0E-4,"lastBolusTime":1702891707946,"time":"2023-12-18T11:03:23.277Z","iobWithZeroTemp":{"iob":-0.122,"basaliob":-0.167,"bolussnooze":0,"activity":-6.0E-4,"lastBolusTime":1702891707946,"time":"2023-12-18T11:03:23.277Z"}},{"iob":0.03,"basaliob":-0.01,"bolussnooze":0,"activity":8.0E-4,"lastBolusTime":1702891707946,"time":"2023-12-18T11:08:23.277Z","iobWithZeroTemp":{"iob":-0.131,"basaliob":-0.171,"bolussnooze":0,"activity":-7.0E-4,"lastBolusTime":1702891707946,"time":"2023-12-18T11:08:23.277Z"}},{"iob":0.026,"basaliob":-0.009,"bolussnooze":0,"activity":7.0E-4,"lastBolusTime":1702891707946,"time":"2023-12-18T11:13:23.277Z","iobWithZeroTemp":{"iob":-0.14,"basaliob":-0.175,"bolussnooze":0,"activity":-9.0E-4,"lastBolusTime":1702891707946,"time":"2023-12-18T11:13:23.277Z"}},{"iob":0.023,"basaliob":-0.008,"bolussnooze":0,"activity":6.0E-4,"lastBolusTime":1702891707946,"time":"2023-12-18T11:18:23.277Z","iobWithZeroTemp":{"iob":-0.147,"basaliob":-0.178,"bolussnooze":0,"activity":-0.0011,"lastBolusTime":1702891707946,"time":"2023-12-18T11:18:23.277Z"}},{"iob":0.02,"basaliob":-0.007,"bolussnooze":0,"activity":5.0E-4,"lastBolusTime":1702891707946,"time":"2023-12-18T11:23:23.277Z","iobWithZeroTemp":{"iob":-0.154,"basaliob":-0.181,"bolussnooze":0,"activity":-0.0013,"lastBolusTime":1702891707946,"time":"2023-12-18T11:23:23.277Z"}},{"iob":0.018,"basaliob":-0.006,"bolussnooze":0,"activity":5.0E-4,"lastBolusTime":1702891707946,"time":"2023-12-18T11:28:23.277Z","iobWithZeroTemp":{"iob":-0.16,"basaliob":-0.184,"bolussnooze":0,"activity":-0.0013,"lastBolusTime":1702891707946,"time":"2023-12-18T11:28:23.277Z"}},{"iob":0.015,"basaliob":-0.006,"bolussnooze":0,"activity":5.0E-4,"lastBolusTime":1702891707946,"time":"2023-12-18T11:33:23.277Z","iobWithZeroTemp":{"iob":-0.166,"basaliob":-0.187,"bolussnooze":0,"activity":-0.0014,"lastBolusTime":1702891707946,"time":"2023-12-18T11:33:23.277Z"}},{"iob":0.013,"basaliob":-0.005,"bolussnooze":0,"activity":4.0E-4,"lastBolusTime":1702891707946,"time":"2023-12-18T11:38:23.277Z","iobWithZeroTemp":{"iob":-0.171,"basaliob":-0.189,"bolussnooze":0,"activity":-0.0015,"lastBolusTime":1702891707946,"time":"2023-12-18T11:38:23.277Z"}},{"iob":0.012,"basaliob":-0.004,"bolussnooze":0,"activity":3.0E-4,"lastBolusTime":1702891707946,"time":"2023-12-18T11:43:23.277Z","iobWithZeroTemp":{"iob":-0.175,"basaliob":-0.191,"bolussnooze":0,"activity":-0.0017,"lastBolusTime":1702891707946,"time":"2023-12-18T11:43:23.277Z"}},{"iob":0.01,"basaliob":-0.004,"bolussnooze":0,"activity":3.0E-4,"lastBolusTime":1702891707946,"time":"2023-12-18T11:48:23.277Z","iobWithZeroTemp":{"iob":-0.179,"basaliob":-0.193,"bolussnooze":0,"activity":-0.0017,"lastBolusTime":1702891707946,"time":"2023-12-18T11:48:23.277Z"}},{"iob":0.009,"basaliob":-0.003,"bolussnooze":0,"activity":2.0E-4,"lastBolusTime":1702891707946,"time":"2023-12-18T11:53:23.277Z","iobWithZeroTemp":{"iob":-0.182,"basaliob":-0.194,"bolussnooze":0,"activity":-0.0019,"lastBolusTime":1702891707946,"time":"2023-12-18T11:53:23.277Z"}},{"iob":0.008,"basaliob":-0.003,"bolussnooze":0,"activity":2.0E-4,"lastBolusTime":1702891707946,"time":"2023-12-18T11:58:23.277Z","iobWithZeroTemp":{"iob":-0.185,"basaliob":-0.196,"bolussnooze":0,"activity":-0.0019,"lastBolusTime":1702891707946,"time":"2023-12-18T11:58:23.277Z"}},{"iob":0.006,"basaliob":-0.003,"bolussnooze":0,"activity":2.0E-4,"lastBolusTime":1702891707946,"time":"2023-12-18T12:03:23.277Z","iobWithZeroTemp":{"iob":-0.189,"basaliob":-0.198,"bolussnooze":0,"activity":-0.002,"lastBolusTime":1702891707946,"time":"2023-12-18T12:03:23.277Z"}},{"iob":0.006,"basaliob":-0.002,"bolussnooze":0,"activity":1.0E-4,"lastBolusTime":1702891707946,"time":"2023-12-18T12:08:23.277Z","iobWithZeroTemp":{"iob":-0.191,"basaliob":-0.199,"bolussnooze":0,"activity":-0.0021,"lastBolusTime":1702891707946,"time":"2023-12-18T12:08:23.277Z"}},{"iob":0.005,"basaliob":-0.002,"bolussnooze":0,"activity":1.0E-4,"lastBolusTime":1702891707946,"time":"2023-12-18T12:13:23.277Z","iobWithZeroTemp":{"iob":-0.193,"basaliob":-0.2,"bolussnooze":0,"activity":-0.0021,"lastBolusTime":1702891707946,"time":"2023-12-18T12:13:23.277Z"}},{"iob":0.004,"basaliob":-0.002,"bolussnooze":0,"activity":2.0E-4,"lastBolusTime":1702891707946,"time":"2023-12-18T12:18:23.277Z","iobWithZeroTemp":{"iob":-0.196,"basaliob":-0.202,"bolussnooze":0,"activity":-0.002,"lastBolusTime":1702891707946,"time":"2023-12-18T12:18:23.277Z"}},{"iob":0.003,"basaliob":-0.002,"bolussnooze":0,"activity":1.0E-4,"lastBolusTime":1702891707946,"time":"2023-12-18T12:23:23.277Z","iobWithZeroTemp":{"iob":-0.198,"basaliob":-0.203,"bolussnooze":0,"activity":-0.0022,"lastBolusTime":1702891707946,"time":"2023-12-18T12:23:23.277Z"}},{"iob":0.004,"basaliob":-0.001,"bolussnooze":0,"activity":1.0E-4,"lastBolusTime":1702891707946,"time":"2023-12-18T12:28:23.277Z","iobWithZeroTemp":{"iob":-0.198,"basaliob":-0.203,"bolussnooze":0,"activity":-0.0022,"lastBolusTime":1702891707946,"time":"2023-12-18T12:28:23.277Z"}},{"iob":0.003,"basaliob":-0.001,"bolussnooze":0,"activity":1.0E-4,"lastBolusTime":1702891707946,"time":"2023-12-18T12:33:23.277Z","iobWithZeroTemp":{"iob":-0.2,"basaliob":-0.204,"bolussnooze":0,"activity":-0.0022,"lastBolusTime":1702891707946,"time":"2023-12-18T12:33:23.277Z"}},{"iob":0.003,"basaliob":-0.001,"bolussnooze":0,"activity":1.0E-4,"lastBolusTime":1702891707946,"time":"2023-12-18T12:38:23.277Z","iobWithZeroTemp":{"iob":-0.201,"basaliob":-0.205,"bolussnooze":0,"activity":-0.0022,"lastBolusTime":1702891707946,"time":"2023-12-18T12:38:23.277Z"}},{"iob":0.002,"basaliob":-0.001,"bolussnooze":0,"activity":1.0E-4,"lastBolusTime":1702891707946,"time":"2023-12-18T12:43:23.277Z","iobWithZeroTemp":{"iob":-0.203,"basaliob":-0.206,"bolussnooze":0,"activity":-0.0023,"lastBolusTime":1702891707946,"time":"2023-12-18T12:43:23.277Z"}},{"iob":0.002,"basaliob":-0.001,"bolussnooze":0,"activity":1.0E-4,"lastBolusTime":1702891707946,"time":"2023-12-18T12:48:23.277Z","iobWithZeroTemp":{"iob":-0.203,"basaliob":-0.206,"bolussnooze":0,"activity":-0.0023,"lastBolusTime":1702891707946,"time":"2023-12-18T12:48:23.277Z"}},{"iob":0.001,"basaliob":-0.001,"bolussnooze":0,"activity":1.0E-4,"lastBolusTime":1702891707946,"time":"2023-12-18T12:53:23.277Z","iobWithZeroTemp":{"iob":-0.205,"basaliob":-0.207,"bolussnooze":0,"activity":-0.0023,"lastBolusTime":1702891707946,"time":"2023-12-18T12:53:23.277Z"}},{"iob":0.001,"basaliob":-0.001,"bolussnooze":0,"activity":1.0E-4,"lastBolusTime":1702891707946,"time":"2023-12-18T12:58:23.277Z","iobWithZeroTemp":{"iob":-0.206,"basaliob":-0.208,"bolussnooze":0,"activity":-0.0023,"lastBolusTime":1702891707946,"time":"2023-12-18T12:58:23.277Z"}},{"iob":0.002,"basaliob":0,"bolussnooze":0,"activity":1.0E-4,"lastBolusTime":1702891707946,"time":"2023-12-18T13:03:23.277Z","iobWithZeroTemp":{"iob":-0.205,"basaliob":-0.207,"bolussnooze":0,"activity":-0.0023,"lastBolusTime":1702891707946,"time":"2023-12-18T13:03:23.277Z"}},{"iob":0.002,"basaliob":0,"bolussnooze":0,"activity":0,"lastBolusTime":1702891707946,"time":"2023-12-18T13:08:23.277Z","iobWithZeroTemp":{"iob":-0.206,"basaliob":-0.208,"bolussnooze":0,"activity":-0.0024,"lastBolusTime":1702891707946,"time":"2023-12-18T13:08:23.277Z"}},{"iob":0.001,"basaliob":0,"bolussnooze":0,"activity":0,"lastBolusTime":1702891707946,"time":"2023-12-18T13:13:23.277Z","iobWithZeroTemp":{"iob":-0.207,"basaliob":-0.208,"bolussnooze":0,"activity":-0.0024,"lastBolusTime":1702891707946,"time":"2023-12-18T13:13:23.277Z"}},{"iob":0.001,"basaliob":0,"bolussnooze":0,"activity":0,"lastBolusTime":1702891707946,"time":"2023-12-18T13:18:23.277Z","iobWithZeroTemp":{"iob":-0.207,"basaliob":-0.208,"bolussnooze":0,"activity":-0.0024,"lastBolusTime":1702891707946,"time":"2023-12-18T13:18:23.277Z"}},{"iob":0.001,"basaliob":0,"bolussnooze":0,"activity":0,"lastBolusTime":1702891707946,"time":"2023-12-18T13:23:23.277Z","iobWithZeroTemp":{"iob":-0.208,"basaliob":-0.209,"bolussnooze":0,"activity":-0.0024,"lastBolusTime":1702891707946,"time":"2023-12-18T13:23:23.277Z"}},{"iob":0.001,"basaliob":0,"bolussnooze":0,"activity":0,"lastBolusTime":1702891707946,"time":"2023-12-18T13:28:23.277Z","iobWithZeroTemp":{"iob":-0.208,"basaliob":-0.209,"bolussnooze":0,"activity":-0.0025,"lastBolusTime":1702891707946,"time":"2023-12-18T13:28:23.277Z"}},{"iob":0.001,"basaliob":0,"bolussnooze":0,"activity":0,"lastBolusTime":1702891707946,"time":"2023-12-18T13:33:23.277Z","iobWithZeroTemp":{"iob":-0.208,"basaliob":-0.209,"bolussnooze":0,"activity":-0.0025,"lastBolusTime":1702891707946,"time":"2023-12-18T13:33:23.277Z"}},{"iob":0.001,"basaliob":0,"bolussnooze":0,"activity":0,"lastBolusTime":1702891707946,"time":"2023-12-18T13:38:23.277Z","iobWithZeroTemp":{"iob":-0.208,"basaliob":-0.209,"bolussnooze":0,"activity":-0.0025,"lastBolusTime":1702891707946,"time":"2023-12-18T13:38:23.277Z"}}],"profile":{"max_iob":10,"type":"current","max_daily_basal":0.25,"max_basal":1,"min_bg":90,"max_bg":90,"target_bg":90,"carb_ratio":12.6,"sens":84,"max_daily_safety_multiplier":5,"current_basal_safety_multiplier":5,"lgsThreshold":95,"high_temptarget_raises_sensitivity":false,"low_temptarget_lowers_sensitivity":false,"sensitivity_raises_target":true,"resistance_lowers_target":true,"adv_target_adjustments":false,"exercise_mode":false,"half_basal_exercise_target":160,"maxCOB":120,"skip_neutral_temps":false,"remainingCarbsCap":90,"enableUAM":true,"A52_risk_enable":false,"SMBInterval":5,"enableSMB_with_COB":true,"enableSMB_with_temptarget":false,"allowSMB_with_high_temptarget":false,"enableSMB_always":false,"enableSMB_after_carbs":true,"maxSMBBasalMinutes":120,"maxUAMSMBBasalMinutes":120,"bolus_increment":0.05,"carbsReqThreshold":1,"current_basal":0.20000000298023224,"temptargetSet":false,"autosens_max":1.2,"autosens_min":0.7,"variable_sens":90.4,"insulinDivisor":75,"TDD":22.179646542831648},"autosens_data":{"ratio":1},"meal_data":{"carbs":33,"mealCOB":0,"slopeFromMaxDeviation":-0.223,"slopeFromMinDeviation":0.04,"lastBolusTime":1702891707946,"lastCarbTime":1702882100580},"microBolusAllowed":true,"currentTime":1702892604295,"flatBGsDetected":false,"tdd1D":22.354166475186748,"tdd7D":26.782783919711285,"tddLast24H":21.62083315749963,"tddLast4H":3.5833333862324555,"tddLast8to4H":1.2291666666666667},"output":{"temp":"absolute","bg":109,"tick":-2,"eventualBG":91,"targetBG":90,"insulinReq":0,"deliverAt":"2023-12-18T09:43:24.295Z","sensitivityRatio":1,"variable_sens":90.4,"predBGs":{"IOB":[109,107,105,104,102,101,99,98,97,96,95,94,93,93,92,92,91,91,90,90,90,89,89,89,89,89,88,88,88,88,88,88,88,88,88,88,88,88,88,88,87],"ZT":[109,107,106,104,103,102,101,100,99,99,98,98,98,98,98,98,98,98,99,99,100,100,101,101,102,103,104,105,106,106]},"reason":"COB: 0, Dev: 0, BGI: -2, ISF: 90, CR: 12.6, Target: 90, minPredBG 93, minGuardBG 87, IOBpredBG 87; minGuardBG 87<95 25m left and 0 ~ req 0U\/hr: no temp required","COB":0,"IOB":0.194,"timestamp":"2023-12-18T09:43:24.316Z"}}