{"algorithm":"OpenAPSSMBDynamicISFPlugin","input":{"glucoseStatus":{"glucose":124,"noise":0,"delta":1,"short_avgdelta":2.67,"long_avgdelta":3.35,"date":1702932473000},"currenttemp":{"temp":"absolute","duration":50,"rate":0,"minutesrunning":10},"iob_data":[{"iob":1.407,"basaliob":-0.047,"bolussnooze":0.6962,"activity":0.0159,"lastBolusTime":1702931908716,"time":"2023-12-18T20:48:23.571Z","iobWithZeroTemp":{"iob":1.407,"basaliob":-0.047,"bolussnooze":0.6962,"activity":0.0159,"lastBolusTime":1702931908716,"time":"2023-12-18T20:48:23.571Z"}},{"iob":1.327,"basaliob":-0.045,"bolussnooze":0.5897,"activity":0.0159,"lastBolusTime":1702931908716,"time":"2023-12-18T20:53:23.571Z","iobWithZeroTemp":{"iob":1.317,"basaliob":-0.055,"bolussnooze":0.5897,"activity":0.0159,"lastBolusTime":1702931908716,"time":"2023-12-18T20:53:23.571Z"}},{"iob":1.248,"basaliob":-0.043,"bolussnooze":0.4959,"activity":0.0157,"lastBolusTime":1702931908716,"time":"2023-12-18T20:58:23.571Z","iobWithZeroTemp":{"iob":1.226,"basaliob":-0.065,"bolussnooze":0.4959,"activity":0.0157,"lastBolusTime":1702931908716,"time":"2023-12-18T20:58:23.571Z"}},{"iob":1.17,"basaliob":-0.04,"bolussnooze":0.4142,"activity":0.0154,"lastBolusTime":1702931908716,"time":"2023-12-18T21:03:23.571Z","iobWithZeroTemp":{"iob":1.135,"basaliob":-0.075,"bolussnooze":0.4142,"activity":0.0153,"lastBolusTime":1702931908716,"time":"2023-12-18T21:03:23.571Z"}},{"iob":1.093,"basaliob":-0.038,"bolussnooze":0.3437,"activity":0.015,"lastBolusTime":1702931908716,"time":"2023-12-18T21:08:23.571Z","iobWithZeroTemp":{"iob":1.047,"basaliob":-0.084,"bolussnooze":0.3437,"activity":0.0148,"lastBolusTime":1702931908716,"time":"2023-12-18T21:08:23.571Z"}},{"iob":1.019,"basaliob":-0.036,"bolussnooze":0.2835,"activity":0.0145,"lastBolusTime":1702931908716,"time":"2023-12-18T21:13:23.571Z","iobWithZeroTemp":{"iob":0.961,"basaliob":-0.094,"bolussnooze":0.2835,"activity":0.0142,"lastBolusTime":1702931908716,"time":"2023-12-18T21:13:23.571Z"}},{"iob":0.948,"basaliob":-0.033,"bolussnooze":0.2323,"activity":0.0139,"lastBolusTime":1702931908716,"time":"2023-12-18T21:18:23.571Z","iobWithZeroTemp":{"iob":0.879,"basaliob":-0.102,"bolussnooze":0.2323,"activity":0.0135,"lastBolusTime":1702931908716,"time":"2023-12-18T21:18:23.571Z"}},{"iob":0.88,"basaliob":-0.031,"bolussnooze":0.1892,"activity":0.0134,"lastBolusTime":1702931908716,"time":"2023-12-18T21:23:23.571Z","iobWithZeroTemp":{"iob":0.801,"basaliob":-0.11,"bolussnooze":0.1892,"activity":0.0129,"lastBolusTime":1702931908716,"time":"2023-12-18T21:23:23.571Z"}},{"iob":0.814,"basaliob":-0.029,"bolussnooze":0.153,"activity":0.0127,"lastBolusTime":1702931908716,"time":"2023-12-18T21:28:23.571Z","iobWithZeroTemp":{"iob":0.725,"basaliob":-0.118,"bolussnooze":0.153,"activity":0.0121,"lastBolusTime":1702931908716,"time":"2023-12-18T21:28:23.571Z"}},{"iob":0.752,"basaliob":-0.027,"bolussnooze":0.123,"activity":0.0121,"lastBolusTime":1702931908716,"time":"2023-12-18T21:33:23.571Z","iobWithZeroTemp":{"iob":0.653,"basaliob":-0.126,"bolussnooze":0.123,"activity":0.0114,"lastBolusTime":1702931908716,"time":"2023-12-18T21:33:23.571Z"}},{"iob":0.694,"basaliob":-0.025,"bolussnooze":0.0981,"activity":0.0114,"lastBolusTime":1702931908716,"time":"2023-12-18T21:38:23.571Z","iobWithZeroTemp":{"iob":0.587,"basaliob":-0.132,"bolussnooze":0.0981,"activity":0.0106,"lastBolusTime":1702931908716,"time":"2023-12-18T21:38:23.571Z"}},{"iob":0.638,"basaliob":-0.023,"bolussnooze":0.0777,"activity":0.0107,"lastBolusTime":1702931908716,"time":"2023-12-18T21:43:23.571Z","iobWithZeroTemp":{"iob":0.522,"basaliob":-0.139,"bolussnooze":0.0777,"activity":0.0098,"lastBolusTime":1702931908716,"time":"2023-12-18T21:43:23.571Z"}},{"iob":0.587,"basaliob":-0.021,"bolussnooze":0.0609,"activity":0.0101,"lastBolusTime":1702931908716,"time":"2023-12-18T21:48:23.571Z","iobWithZeroTemp":{"iob":0.463,"basaliob":-0.145,"bolussnooze":0.0609,"activity":0.0091,"lastBolusTime":1702931908716,"time":"2023-12-18T21:48:23.571Z"}},{"iob":0.538,"basaliob":-0.019,"bolussnooze":0.0474,"activity":0.0094,"lastBolusTime":1702931908716,"time":"2023-12-18T21:53:23.571Z","iobWithZeroTemp":{"iob":0.407,"basaliob":-0.15,"bolussnooze":0.0474,"activity":0.0083,"lastBolusTime":1702931908716,"time":"2023-12-18T21:53:23.571Z"}},{"iob":0.492,"basaliob":-0.018,"bolussnooze":0.0365,"activity":0.0088,"lastBolusTime":1702931908716,"time":"2023-12-18T21:58:23.571Z","iobWithZeroTemp":{"iob":0.354,"basaliob":-0.156,"bolussnooze":0.0365,"activity":0.0076,"lastBolusTime":1702931908716,"time":"2023-12-18T21:58:23.571Z"}},{"iob":0.451,"basaliob":-0.016,"bolussnooze":0.0277,"activity":0.0082,"lastBolusTime":1702931908716,"time":"2023-12-18T22:03:23.571Z","iobWithZeroTemp":{"iob":0.303,"basaliob":-0.164,"bolussnooze":0.0277,"activity":0.0069,"lastBolusTime":1702931908716,"time":"2023-12-18T22:03:23.571Z"}},{"iob":0.411,"basaliob":-0.015,"bolussnooze":0.0208,"activity":0.0076,"lastBolusTime":1702931908716,"time":"2023-12-18T22:08:23.571Z","iobWithZeroTemp":{"iob":0.253,"basaliob":-0.173,"bolussnooze":0.0208,"activity":0.0062,"lastBolusTime":1702931908716,"time":"2023-12-18T22:08:23.571Z"}},{"iob":0.374,"basaliob":-0.014,"bolussnooze":0.0153,"activity":0.0071,"lastBolusTime":1702931908716,"time":"2023-12-18T22:13:23.571Z","iobWithZeroTemp":{"iob":0.206,"basaliob":-0.182,"bolussnooze":0.0153,"activity":0.0056,"lastBolusTime":1702931908716,"time":"2023-12-18T22:13:23.571Z"}},{"iob":0.341,"basaliob":-0.012,"bolussnooze":0.0111,"activity":0.0065,"lastBolusTime":1702931908716,"time":"2023-12-18T22:18:23.571Z","iobWithZeroTemp":{"iob":0.164,"basaliob":-0.189,"bolussnooze":0.0111,"activity":0.0049,"lastBolusTime":1702931908716,"time":"2023-12-18T22:18:23.571Z"}},{"iob":0.31,"basaliob":-0.011,"bolussnooze":0.0078,"activity":0.006,"lastBolusTime":1702931908716,"time":"2023-12-18T22:23:23.571Z","iobWithZeroTemp":{"iob":0.125,"basaliob":-0.196,"bolussnooze":0.0078,"activity":0.0043,"lastBolusTime":1702931908716,"time":"2023-12-18T22:23:23.571Z"}},{"iob":0.281,"basaliob":-0.01,"bolussnooze":0.0054,"activity":0.0055,"lastBolusTime":1702931908716,"time":"2023-12-18T22:28:23.571Z","iobWithZeroTemp":{"iob":0.088,"basaliob":-0.203,"bolussnooze":0.0054,"activity":0.0037,"lastBolusTime":1702931908716,"time":"2023-12-18T22:28:23.571Z"}},{"iob":0.254,"basaliob":-0.009,"bolussnooze":0.0035,"activity":0.0051,"lastBolusTime":1702931908716,"time":"2023-12-18T22:33:23.571Z","iobWithZeroTemp":{"iob":0.054,"basaliob":-0.209,"bolussnooze":0.0035,"activity":0.0032,"lastBolusTime":1702931908716,"time":"2023-12-18T22:33:23.571Z"}},{"iob":0.23,"basaliob":-0.008,"bolussnooze":0.0022,"activity":0.0046,"lastBolusTime":1702931908716,"time":"2023-12-18T22:38:23.571Z","iobWithZeroTemp":{"iob":0.023,"basaliob":-0.215,"bolussnooze":0.0022,"activity":0.0026,"lastBolusTime":1702931908716,"time":"2023-12-18T22:38:23.571Z"}},{"iob":0.207,"basaliob":-0.008,"bolussnooze":0.0013,"activity":0.0042,"lastBolusTime":1702931908716,"time":"2023-12-18T22:43:23.571Z","iobWithZeroTemp":{"iob":-0.007,"basaliob":-0.222,"bolussnooze":0.0013,"activity":0.0021,"lastBolusTime":1702931908716,"time":"2023-12-18T22:43:23.571Z"}},{"iob":0.187,"basaliob":-0.007,"bolussnooze":7.0E-4,"activity":0.004,"lastBolusTime":1702931908716,"time":"2023-12-18T22:48:23.571Z","iobWithZeroTemp":{"iob":-0.032,"basaliob":-0.226,"bolussnooze":7.0E-4,"activity":0.0018,"lastBolusTime":1702931908716,"time":"2023-12-18T22:48:23.571Z"}},{"iob":0.168,"basaliob":-0.006,"bolussnooze":3.0E-4,"activity":0.0036,"lastBolusTime":1702931908716,"time":"2023-12-18T22:53:23.571Z","iobWithZeroTemp":{"iob":-0.057,"basaliob":-0.231,"bolussnooze":3.0E-4,"activity":0.0013,"lastBolusTime":1702931908716,"time":"2023-12-18T22:53:23.571Z"}},{"iob":0.15,"basaliob":-0.006,"bolussnooze":1.0E-4,"activity":0.0033,"lastBolusTime":1702931908716,"time":"2023-12-18T22:58:23.571Z","iobWithZeroTemp":{"iob":-0.08,"basaliob":-0.236,"bolussnooze":1.0E-4,"activity":9.0E-4,"lastBolusTime":1702931908716,"time":"2023-12-18T22:58:23.571Z"}},{"iob":0.135,"basaliob":-0.005,"bolussnooze":0,"activity":0.003,"lastBolusTime":1702931908716,"time":"2023-12-18T23:03:23.571Z","iobWithZeroTemp":{"iob":-0.1,"basaliob":-0.24,"bolussnooze":0,"activity":6.0E-4,"lastBolusTime":1702931908716,"time":"2023-12-18T23:03:23.571Z"}},{"iob":0.12,"basaliob":-0.005,"bolussnooze":0,"activity":0.0027,"lastBolusTime":1702931908716,"time":"2023-12-18T23:08:23.571Z","iobWithZeroTemp":{"iob":-0.119,"basaliob":-0.244,"bolussnooze":0,"activity":2.0E-4,"lastBolusTime":1702931908716,"time":"2023-12-18T23:08:23.571Z"}},{"iob":0.108,"basaliob":-0.004,"bolussnooze":0,"activity":0.0024,"lastBolusTime":1702931908716,"time":"2023-12-18T23:13:23.571Z","iobWithZeroTemp":{"iob":-0.135,"basaliob":-0.247,"bolussnooze":0,"activity":-2.0E-4,"lastBolusTime":1702931908716,"time":"2023-12-18T23:13:23.571Z"}},{"iob":0.096,"basaliob":-0.004,"bolussnooze":0,"activity":0.0022,"lastBolusTime":1702931908716,"time":"2023-12-18T23:18:23.571Z","iobWithZeroTemp":{"iob":-0.151,"basaliob":-0.251,"bolussnooze":0,"activity":-4.0E-4,"lastBolusTime":1702931908716,"time":"2023-12-18T23:18:23.571Z"}},{"iob":0.086,"basaliob":-0.003,"bolussnooze":0,"activity":0.002,"lastBolusTime":1702931908716,"time":"2023-12-18T23:23:23.571Z","iobWithZeroTemp":{"iob":-0.164,"basaliob":-0.253,"bolussnooze":0,"activity":-7.0E-4,"lastBolusTime":1702931908716,"time":"2023-12-18T23:23:23.571Z"}},{"iob":0.076,"basaliob":-0.003,"bolussnooze":0,"activity":0.0018,"lastBolusTime":1702931908716,"time":"2023-12-18T23:28:23.571Z","iobWithZeroTemp":{"iob":-0.177,"basaliob":-0.256,"bolussnooze":0,"activity":-0.001,"lastBolusTime":1702931908716,"time":"2023-12-18T23:28:23.571Z"}},{"iob":0.067,"basaliob":-0.003,"bolussnooze":0,"activity":0.0016,"lastBolusTime":1702931908716,"time":"2023-12-18T23:33:23.571Z","iobWithZeroTemp":{"iob":-0.189,"basaliob":-0.259,"bolussnooze":0,"activity":-0.0012,"lastBolusTime":1702931908716,"time":"2023-12-18T23:33:23.571Z"}},{"iob":0.06,"basaliob":-0.002,"bolussnooze":0,"activity":0.0014,"lastBolusTime":1702931908716,"time":"2023-12-18T23:38:23.571Z","iobWithZeroTemp":{"iob":-0.198,"basaliob":-0.26,"bolussnooze":0,"activity":-0.0015,"lastBolusTime":1702931908716,"time":"2023-12-18T23:38:23.571Z"}},{"iob":0.053,"basaliob":-0.002,"bolussnooze":0,"activity":0.0014,"lastBolusTime":1702931908716,"time":"2023-12-18T23:43:23.571Z","iobWithZeroTemp":{"iob":-0.208,"basaliob":-0.263,"bolussnooze":0,"activity":-0.0015,"lastBolusTime":1702931908716,"time":"2023-12-18T23:43:23.571Z"}},{"iob":0.046,"basaliob":-0.002,"bolussnooze":0,"activity":0.0012,"lastBolusTime":1702931908716,"time":"2023-12-18T23:48:23.571Z","iobWithZeroTemp":{"iob":-0.217,"basaliob":-0.265,"bolussnooze":0,"activity":-0.0017,"lastBolusTime":1702931908716,"time":"2023-12-18T23:48:23.571Z"}},{"iob":0.04,"basaliob":-0.002,"bolussnooze":0,"activity":0.0011,"lastBolusTime":1702931908716,"time":"2023-12-18T23:53:23.571Z","iobWithZeroTemp":{"iob":-0.225,"basaliob":-0.267,"bolussnooze":0,"activity":-0.0019,"lastBolusTime":1702931908716,"time":"2023-12-18T23:53:23.571Z"}},{"iob":0.035,"basaliob":-0.002,"bolussnooze":0,"activity":0.001,"lastBolusTime":1702931908716,"time":"2023-12-18T23:58:23.571Z","iobWithZeroTemp":{"iob":-0.231,"basaliob":-0.268,"bolussnooze":0,"activity":-0.002,"lastBolusTime":1702931908716,"time":"2023-12-18T23:58:23.571Z"}},{"iob":0.031,"basaliob":-0.001,"bolussnooze":0,"activity":9.0E-4,"lastBolusTime":1702931908716,"time":"2023-12-19T00:03:23.571Z","iobWithZeroTemp":{"iob":-0.233,"basaliob":-0.265,"bolussnooze":0,"activity":-0.0021,"lastBolusTime":1702931908716,"time":"2023-12-19T00:03:23.571Z"}},{"iob":0.027,"basaliob":-0.001,"bolussnooze":0,"activity":8.0E-4,"lastBolusTime":1702931908716,"time":"2023-12-19T00:08:23.571Z","iobWithZeroTemp":{"iob":-0.234,"basaliob":-0.262,"bolussnooze":0,"activity":-0.0023,"lastBolusTime":1702931908716,"time":"2023-12-19T00:08:23.571Z"}},{"iob":0.023,"basaliob":-0.001,"bolussnooze":0,"activity":7.0E-4,"lastBolusTime":1702931908716,"time":"2023-12-19T00:13:23.571Z","iobWithZeroTemp":{"iob":-0.235,"basaliob":-0.259,"bolussnooze":0,"activity":-0.0024,"lastBolusTime":1702931908716,"time":"2023-12-19T00:13:23.571Z"}},{"iob":0.02,"basaliob":-0.001,"bolussnooze":0,"activity":6.0E-4,"lastBolusTime":1702931908716,"time":"2023-12-19T00:18:23.571Z","iobWithZeroTemp":{"iob":-0.236,"basaliob":-0.257,"bolussnooze":0,"activity":-0.0025,"lastBolusTime":1702931908716,"time":"2023-12-19T00:18:23.571Z"}},{"iob":0.017,"basaliob":-0.001,"bolussnooze":0,"activity":6.0E-4,"lastBolusTime":1702931908716,"time":"2023-12-19T00:23:23.571Z","iobWithZeroTemp":{"iob":-0.236,"basaliob":-0.254,"bolussnooze":0,"activity":-0.0024,"lastBolusTime":1702931908716,"time":"2023-12-19T00:23:23.571Z"}},{"iob":0.014,"basaliob":-0.001,"bolussnooze":0,"activity":5.0E-4,"lastBolusTime":1702931908716,"time":"2023-12-19T00:28:23.571Z","iobWithZeroTemp":{"iob":-0.236,"basaliob":-0.251,"bolussnooze":0,"activity":-0.0025,"lastBolusTime":1702931908716,"time":"2023-12-19T00:28:23.571Z"}},{"iob":0.012,"basaliob":-0.001,"bolussnooze":0,"activity":4.0E-4,"lastBolusTime":1702931908716,"time":"2023-12-19T00:33:23.571Z","iobWithZeroTemp":{"iob":-0.236,"basaliob":-0.249,"bolussnooze":0,"activity":-0.0026,"lastBolusTime":1702931908716,"time":"2023-12-19T00:33:23.571Z"}},{"iob":0.01,"basaliob":-0.001,"bolussnooze":0,"activity":4.0E-4,"lastBolusTime":1702931908716,"time":"2023-12-19T00:38:23.571Z","iobWithZeroTemp":{"iob":-0.235,"basaliob":-0.246,"bolussnooze":0,"activity":-0.0026,"lastBolusTime":1702931908716,"time":"2023-12-19T00:38:23.571Z"}},{"iob":0.009,"basaliob":0,"bolussnooze":0,"activity":3.0E-4,"lastBolusTime":1702931908716,"time":"2023-12-19T00:43:23.571Z","iobWithZeroTemp":{"iob":-0.234,"basaliob":-0.243,"bolussnooze":0,"activity":-0.0027,"lastBolusTime":1702931908716,"time":"2023-12-19T00:43:23.571Z"}}],"profile":{"max_iob":10,"type":"current","max_daily_basal":0.25,"max_basal":0.75,"min_bg":90,"max_bg":90,"target_bg":90,"carb_ratio":14.8,"sens":84,"max_daily_safety_multiplier":5,"current_basal_safety_multiplier":5,"lgsThreshold":95,"high_temptarget_raises_sensitivity":false,"low_temptarget_lowers_sensitivity":false,"sensitivity_raises_target":true,"resistance_lowers_target":true,"adv_target_adjustments":false,"exercise_mode":false,"half_basal_exercise_target":160,"maxCOB":120,"skip_neutral_temps":false,"remainingCarbsCap":90,"enableUAM":true,"A52_risk_enable":false,"SMBInterval":5,"enableSMB_with_COB":true,"enableSMB_with_temptarget":false,"allowSMB_with_high_temptarget":false,"enableSMB_always":false,"enableSMB_after_carbs":true,"maxSMBBasalMinutes":120,"maxUAMSMBBasalMinutes":120,"bolus_increment":0.05,"carbsReqThreshold":1,"current_basal":0.15000000596046448,"temptargetSet":false,"autosens_max":1.2,"autosens_min":0.7,"variable_sens":74.1,"insulinDivisor":75,"TDD":24.89389634766071},"autosens_data":{"ratio":1},"meal_data":{"carbs":25,"mealCOB":17.535161904761903,"slopeFromMaxDeviation":-1.1649999999999991,"slopeFromMinDeviation":0.7930000000000001,"lastBolusTime":1702931908716,"lastCarbTime":1702931222433},"microBolusAllowed":true,"currentTime":1702932504694,"flatBGsDetected":false,"tdd1D":22.354166475186748,"tdd7D":26.782783919711285,"tddLast24H":19.004166587690513,"tddLast4H":2.366666621218125,"tddLast8to4H":8.637499900907278},"output":{"temp":"absolute","bg":124,"tick":"+1","eventualBG":102,"targetBG":90,"insulinReq":0,"deliverAt":"2023-12-18T20:48:24.694Z","sensitivityRatio":1,"variable_sens":74.1,"predBGs":{"IOB":[124,124,124,124,123,121,119,117,114,110,107,103,98,94,90,86,82,78,74,71,68,65,62,59,56,54,51,49,47,45,43,41,40,39],"ZT":[124,118,112,106,100,93,87,80,74,68,61,55,48,42,39,39,39,39,39,39,39,39,39,39,39,39,39,39,39,39,39,39,39,39,39,39,39,39,39,39,39,39,39,39,39,39,39,39],"COB":[124,125,125,125,126,126,125,125,125,125,125,124,124,124,123,123,122,122,121,120,120,119,118,117,116,114,113,112,111,110,109,108,107,107,106,105,105,105,104,104,103,103,103,103,102],"UAM":[124,124,123,120,117,112,106,100,95,89,83,78,73,67,62,57,51,46,41,39]},"reason":"COB: 17.5, Dev: 41, BGI: -6, ISF: 74, CR: 14.8, Target: 90, minPredBG 66, minGuardBG 66, IOBpredBG 39, COBpredBG 102, UAMpredBG 39; minGuardBG 66<95","COB":17.535161904761903,"IOB":1.407,"duration":120,"rate":0,"timestamp":"2023-12-18T20:48:24.707Z"}}