{"algorithm":"OpenAPSSMBDynamicISFPlugin","input":{"glucoseStatus":{"glucose":96,"noise":0,"delta":0,"short_avgdelta":0.11,"long_avgdelta":0.6,"date":1703047678000},"currenttemp":{"temp":"absolute","duration":25,"rate":0,"minutesrunning":5},"iob_data":[{"iob":-0.038,"basaliob":-0.039,"bolussnooze":0,"activity":-5.0E-4,"lastBolusTime":1703032414978,"time":"2023-12-20T04:48:26.071Z","iobWithZeroTemp":{"iob":-0.038,"basaliob":-0.039,"bolussnooze":0,"activity":-5.0E-4,"lastBolusTime":1703032414978,"time":"2023-12-20T04:48:26.071Z"}},{"iob":-0.035,"basaliob":-0.036,"bolussnooze":0,"activity":-5.0E-4,"lastBolusTime":1703032414978,"time":"2023-12-20T04:53:26.071Z","iobWithZeroTemp":{"iob":-0.052,"basaliob":-0.053,"bolussnooze":0,"activity":-5.0E-4,"lastBolusTime":1703032414978,"time":"2023-12-20T04:53:26.071Z"}},{"iob":-0.033,"basaliob":-0.034,"bolussnooze":0,"activity":-5.0E-4,"lastBolusTime":1703032414978,"time":"2023-12-20T04:58:26.071Z","iobWithZeroTemp":{"iob":-0.07,"basaliob":-0.071,"bolussnooze":0,"activity":-6.0E-4,"lastBolusTime":1703032414978,"time":"2023-12-20T04:58:26.071Z"}},{"iob":-0.03,"basaliob":-0.031,"bolussnooze":0,"activity":-5.0E-4,"lastBolusTime":1703032414978,"time":"2023-12-20T05:03:26.071Z","iobWithZeroTemp":{"iob":-0.084,"basaliob":-0.085,"bolussnooze":0,"activity":-7.0E-4,"lastBolusTime":1703032414978,"time":"2023-12-20T05:03:26.071Z"}},{"iob":-0.028,"basaliob":-0.029,"bolussnooze":0,"activity":-4.0E-4,"lastBolusTime":1703032414978,"time":"2023-12-20T05:08:26.071Z","iobWithZeroTemp":{"iob":-0.097,"basaliob":-0.098,"bolussnooze":0,"activity":-7.0E-4,"lastBolusTime":1703032414978,"time":"2023-12-20T05:08:26.071Z"}},{"iob":-0.027,"basaliob":-0.027,"bolussnooze":0,"activity":-4.0E-4,"lastBolusTime":1703032414978,"time":"2023-12-20T05:13:26.071Z","iobWithZeroTemp":{"iob":-0.111,"basaliob":-0.111,"bolussnooze":0,"activity":-8.0E-4,"lastBolusTime":1703032414978,"time":"2023-12-20T05:13:26.071Z"}},{"iob":-0.025,"basaliob":-0.025,"bolussnooze":0,"activity":-4.0E-4,"lastBolusTime":1703032414978,"time":"2023-12-20T05:18:26.071Z","iobWithZeroTemp":{"iob":-0.124,"basaliob":-0.124,"bolussnooze":0,"activity":-9.0E-4,"lastBolusTime":1703032414978,"time":"2023-12-20T05:18:26.071Z"}},{"iob":-0.023,"basaliob":-0.023,"bolussnooze":0,"activity":-4.0E-4,"lastBolusTime":1703032414978,"time":"2023-12-20T05:23:26.071Z","iobWithZeroTemp":{"iob":-0.135,"basaliob":-0.135,"bolussnooze":0,"activity":-0.0011,"lastBolusTime":1703032414978,"time":"2023-12-20T05:23:26.071Z"}},{"iob":-0.021,"basaliob":-0.021,"bolussnooze":0,"activity":-4.0E-4,"lastBolusTime":1703032414978,"time":"2023-12-20T05:28:26.071Z","iobWithZeroTemp":{"iob":-0.146,"basaliob":-0.146,"bolussnooze":0,"activity":-0.0012,"lastBolusTime":1703032414978,"time":"2023-12-20T05:28:26.071Z"}},{"iob":-0.019,"basaliob":-0.019,"bolussnooze":0,"activity":-3.0E-4,"lastBolusTime":1703032414978,"time":"2023-12-20T05:33:26.071Z","iobWithZeroTemp":{"iob":-0.157,"basaliob":-0.157,"bolussnooze":0,"activity":-0.0013,"lastBolusTime":1703032414978,"time":"2023-12-20T05:33:26.071Z"}},{"iob":-0.018,"basaliob":-0.018,"bolussnooze":0,"activity":-3.0E-4,"lastBolusTime":1703032414978,"time":"2023-12-20T05:38:26.071Z","iobWithZeroTemp":{"iob":-0.167,"basaliob":-0.167,"bolussnooze":0,"activity":-0.0014,"lastBolusTime":1703032414978,"time":"2023-12-20T05:38:26.071Z"}},{"iob":-0.016,"basaliob":-0.016,"bolussnooze":0,"activity":-3.0E-4,"lastBolusTime":1703032414978,"time":"2023-12-20T05:43:26.071Z","iobWithZeroTemp":{"iob":-0.176,"basaliob":-0.176,"bolussnooze":0,"activity":-0.0015,"lastBolusTime":1703032414978,"time":"2023-12-20T05:43:26.071Z"}},{"iob":-0.015,"basaliob":-0.015,"bolussnooze":0,"activity":-3.0E-4,"lastBolusTime":1703032414978,"time":"2023-12-20T05:48:26.071Z","iobWithZeroTemp":{"iob":-0.185,"basaliob":-0.185,"bolussnooze":0,"activity":-0.0017,"lastBolusTime":1703032414978,"time":"2023-12-20T05:48:26.071Z"}},{"iob":-0.013,"basaliob":-0.013,"bolussnooze":0,"activity":-2.0E-4,"lastBolusTime":1703032414978,"time":"2023-12-20T05:53:26.071Z","iobWithZeroTemp":{"iob":-0.193,"basaliob":-0.193,"bolussnooze":0,"activity":-0.0017,"lastBolusTime":1703032414978,"time":"2023-12-20T05:53:26.071Z"}},{"iob":-0.012,"basaliob":-0.012,"bolussnooze":0,"activity":-2.0E-4,"lastBolusTime":1703032414978,"time":"2023-12-20T05:58:26.071Z","iobWithZeroTemp":{"iob":-0.2,"basaliob":-0.2,"bolussnooze":0,"activity":-0.0018,"lastBolusTime":1703032414978,"time":"2023-12-20T05:58:26.071Z"}},{"iob":-0.011,"basaliob":-0.011,"bolussnooze":0,"activity":-2.0E-4,"lastBolusTime":1703032414978,"time":"2023-12-20T06:03:26.071Z","iobWithZeroTemp":{"iob":-0.212,"basaliob":-0.212,"bolussnooze":0,"activity":-0.002,"lastBolusTime":1703032414978,"time":"2023-12-20T06:03:26.071Z"}},{"iob":-0.01,"basaliob":-0.01,"bolussnooze":0,"activity":-2.0E-4,"lastBolusTime":1703032414978,"time":"2023-12-20T06:08:26.071Z","iobWithZeroTemp":{"iob":-0.222,"basaliob":-0.222,"bolussnooze":0,"activity":-0.0021,"lastBolusTime":1703032414978,"time":"2023-12-20T06:08:26.071Z"}},{"iob":-0.009,"basaliob":-0.009,"bolussnooze":0,"activity":-2.0E-4,"lastBolusTime":1703032414978,"time":"2023-12-20T06:13:26.071Z","iobWithZeroTemp":{"iob":-0.232,"basaliob":-0.232,"bolussnooze":0,"activity":-0.0022,"lastBolusTime":1703032414978,"time":"2023-12-20T06:13:26.071Z"}},{"iob":-0.008,"basaliob":-0.008,"bolussnooze":0,"activity":-2.0E-4,"lastBolusTime":1703032414978,"time":"2023-12-20T06:18:26.071Z","iobWithZeroTemp":{"iob":-0.242,"basaliob":-0.242,"bolussnooze":0,"activity":-0.0024,"lastBolusTime":1703032414978,"time":"2023-12-20T06:18:26.071Z"}},{"iob":-0.007,"basaliob":-0.007,"bolussnooze":0,"activity":-2.0E-4,"lastBolusTime":1703032414978,"time":"2023-12-20T06:23:26.071Z","iobWithZeroTemp":{"iob":-0.25,"basaliob":-0.25,"bolussnooze":0,"activity":-0.0025,"lastBolusTime":1703032414978,"time":"2023-12-20T06:23:26.071Z"}},{"iob":-0.007,"basaliob":-0.007,"bolussnooze":0,"activity":-1.0E-4,"lastBolusTime":1703032414978,"time":"2023-12-20T06:28:26.071Z","iobWithZeroTemp":{"iob":-0.259,"basaliob":-0.259,"bolussnooze":0,"activity":-0.0025,"lastBolusTime":1703032414978,"time":"2023-12-20T06:28:26.071Z"}},{"iob":-0.006,"basaliob":-0.006,"bolussnooze":0,"activity":-1.0E-4,"lastBolusTime":1703032414978,"time":"2023-12-20T06:33:26.071Z","iobWithZeroTemp":{"iob":-0.267,"basaliob":-0.267,"bolussnooze":0,"activity":-0.0026,"lastBolusTime":1703032414978,"time":"2023-12-20T06:33:26.071Z"}},{"iob":-0.005,"basaliob":-0.005,"bolussnooze":0,"activity":-1.0E-4,"lastBolusTime":0,"time":"2023-12-20T06:38:26.071Z","iobWithZeroTemp":{"iob":-0.274,"basaliob":-0.274,"bolussnooze":0,"activity":-0.0028,"lastBolusTime":0,"time":"2023-12-20T06:38:26.071Z"}},{"iob":-0.005,"basaliob":-0.005,"bolussnooze":0,"activity":-1.0E-4,"lastBolusTime":0,"time":"2023-12-20T06:43:26.071Z","iobWithZeroTemp":{"iob":-0.281,"basaliob":-0.281,"bolussnooze":0,"activity":-0.0029,"lastBolusTime":0,"time":"2023-12-20T06:43:26.071Z"}},{"iob":-0.004,"basaliob":-0.004,"bolussnooze":0,"activity":-1.0E-4,"lastBolusTime":0,"time":"2023-12-20T06:48:26.071Z","iobWithZeroTemp":{"iob":-0.287,"basaliob":-0.287,"bolussnooze":0,"activity":-0.003,"lastBolusTime":0,"time":"2023-12-20T06:48:26.071Z"}},{"iob":-0.004,"basaliob":-0.004,"bolussnooze":0,"activity":-1.0E-4,"lastBolusTime":0,"time":"2023-12-20T06:53:26.071Z","iobWithZeroTemp":{"iob":-0.293,"basaliob":-0.293,"bolussnooze":0,"activity":-0.0031,"lastBolusTime":0,"time":"2023-12-20T06:53:26.071Z"}},{"iob":-0.004,"basaliob":-0.004,"bolussnooze":0,"activity":-1.0E-4,"lastBolusTime":0,"time":"2023-12-20T06:58:26.071Z","iobWithZeroTemp":{"iob":-0.299,"basaliob":-0.299,"bolussnooze":0,"activity":-0.0032,"lastBolusTime":0,"time":"2023-12-20T06:58:26.071Z"}},{"iob":-0.003,"basaliob":-0.003,"bolussnooze":0,"activity":-1.0E-4,"lastBolusTime":0,"time":"2023-12-20T07:03:26.071Z","iobWithZeroTemp":{"iob":-0.295,"basaliob":-0.295,"bolussnooze":0,"activity":-0.0032,"lastBolusTime":0,"time":"2023-12-20T07:03:26.071Z"}},{"iob":-0.003,"basaliob":-0.003,"bolussnooze":0,"activity":-1.0E-4,"lastBolusTime":0,"time":"2023-12-20T07:08:26.071Z","iobWithZeroTemp":{"iob":-0.291,"basaliob":-0.291,"bolussnooze":0,"activity":-0.0033,"lastBolusTime":0,"time":"2023-12-20T07:08:26.071Z"}},{"iob":-0.002,"basaliob":-0.002,"bolussnooze":0,"activity":-1.0E-4,"lastBolusTime":0,"time":"2023-12-20T07:13:26.071Z","iobWithZeroTemp":{"iob":-0.287,"basaliob":-0.287,"bolussnooze":0,"activity":-0.0033,"lastBolusTime":0,"time":"2023-12-20T07:13:26.071Z"}},{"iob":-0.002,"basaliob":-0.002,"bolussnooze":0,"activity":-1.0E-4,"lastBolusTime":0,"time":"2023-12-20T07:18:26.071Z","iobWithZeroTemp":{"iob":-0.283,"basaliob":-0.283,"bolussnooze":0,"activity":-0.0034,"lastBolusTime":0,"time":"2023-12-20T07:18:26.071Z"}},{"iob":-0.002,"basaliob":-0.002,"bolussnooze":0,"activity":0,"lastBolusTime":0,"time":"2023-12-20T07:23:26.071Z","iobWithZeroTemp":{"iob":-0.279,"basaliob":-0.279,"bolussnooze":0,"activity":-0.0033,"lastBolusTime":0,"time":"2023-12-20T07:23:26.071Z"}},{"iob":-0.002,"basaliob":-0.002,"bolussnooze":0,"activity":0,"lastBolusTime":0,"time":"2023-12-20T07:28:26.071Z","iobWithZeroTemp":{"iob":-0.276,"basaliob":-0.276,"bolussnooze":0,"activity":-0.0033,"lastBolusTime":0,"time":"2023-12-20T07:28:26.071Z"}},{"iob":-0.002,"basaliob":-0.002,"bolussnooze":0,"activity":0,"lastBolusTime":0,"time":"2023-12-20T07:33:26.071Z","iobWithZeroTemp":{"iob":-0.272,"basaliob":-0.272,"bolussnooze":0,"activity":-0.0033,"lastBolusTime":0,"time":"2023-12-20T07:33:26.071Z"}},{"iob":-0.001,"basaliob":-0.001,"bolussnooze":0,"activity":0,"lastBolusTime":0,"time":"2023-12-20T07:38:26.071Z","iobWithZeroTemp":{"iob":-0.267,"basaliob":-0.267,"bolussnooze":0,"activity":-0.0032,"lastBolusTime":0,"time":"2023-12-20T07:38:26.071Z"}},{"iob":-0.001,"basaliob":-0.001,"bolussnooze":0,"activity":0,"lastBolusTime":0,"time":"2023-12-20T07:43:26.071Z","iobWithZeroTemp":{"iob":-0.263,"basaliob":-0.263,"bolussnooze":0,"activity":-0.0032,"lastBolusTime":0,"time":"2023-12-20T07:43:26.071Z"}},{"iob":-0.001,"basaliob":-0.001,"bolussnooze":0,"activity":0,"lastBolusTime":0,"time":"2023-12-20T07:48:26.071Z","iobWithZeroTemp":{"iob":-0.26,"basaliob":-0.26,"bolussnooze":0,"activity":-0.0032,"lastBolusTime":0,"time":"2023-12-20T07:48:26.071Z"}},{"iob":-0.001,"basaliob":-0.001,"bolussnooze":0,"activity":0,"lastBolusTime":0,"time":"2023-12-20T07:53:26.071Z","iobWithZeroTemp":{"iob":-0.257,"basaliob":-0.257,"bolussnooze":0,"activity":-0.0032,"lastBolusTime":0,"time":"2023-12-20T07:53:26.071Z"}},{"iob":-0.001,"basaliob":-0.001,"bolussnooze":0,"activity":0,"lastBolusTime":0,"time":"2023-12-20T07:58:26.071Z","iobWithZeroTemp":{"iob":-0.253,"basaliob":-0.253,"bolussnooze":0,"activity":-0.0031,"lastBolusTime":0,"time":"2023-12-20T07:58:26.071Z"}},{"iob":-0.001,"basaliob":-0.001,"bolussnooze":0,"activity":0,"lastBolusTime":0,"time":"2023-12-20T08:03:26.071Z","iobWithZeroTemp":{"iob":-0.25,"basaliob":-0.25,"bolussnooze":0,"activity":-0.0031,"lastBolusTime":0,"time":"2023-12-20T08:03:26.071Z"}},{"iob":-0.001,"basaliob":-0.001,"bolussnooze":0,"activity":0,"lastBolusTime":0,"time":"2023-12-20T08:08:26.071Z","iobWithZeroTemp":{"iob":-0.247,"basaliob":-0.247,"bolussnooze":0,"activity":-0.0031,"lastBolusTime":0,"time":"2023-12-20T08:08:26.071Z"}},{"iob":-0.001,"basaliob":-0.001,"bolussnooze":0,"activity":0,"lastBolusTime":0,"time":"2023-12-20T08:13:26.071Z","iobWithZeroTemp":{"iob":-0.244,"basaliob":-0.244,"bolussnooze":0,"activity":-0.003,"lastBolusTime":0,"time":"2023-12-20T08:13:26.071Z"}},{"iob":0,"basaliob":0,"bolussnooze":0,"activity":0,"lastBolusTime":0,"time":"2023-12-20T08:18:26.071Z","iobWithZeroTemp":{"iob":-0.241,"basaliob":-0.241,"bolussnooze":0,"activity":-0.003,"lastBolusTime":0,"time":"2023-12-20T08:18:26.071Z"}},{"iob":0,"basaliob":0,"bolussnooze":0,"activity":0,"lastBolusTime":0,"time":"2023-12-20T08:23:26.071Z","iobWithZeroTemp":{"iob":-0.238,"basaliob":-0.238,"bolussnooze":0,"activity":-0.003,"lastBolusTime":0,"time":"2023-12-20T08:23:26.071Z"}},{"iob":0,"basaliob":0,"bolussnooze":0,"activity":0,"lastBolusTime":0,"time":"2023-12-20T08:28:26.071Z","iobWithZeroTemp":{"iob":-0.236,"basaliob":-0.236,"bolussnooze":0,"activity":-0.003,"lastBolusTime":0,"time":"2023-12-20T08:28:26.071Z"}},{"iob":0,"basaliob":0,"bolussnooze":0,"activity":0,"lastBolusTime":0,"time":"2023-12-20T08:33:26.071Z","iobWithZeroTemp":{"iob":-0.234,"basaliob":-0.234,"bolussnooze":0,"activity":-0.0029,"lastBolusTime":0,"time":"2023-12-20T08:33:26.071Z"}},{"iob":0,"basaliob":0,"bolussnooze":0,"activity":0,"lastBolusTime":0,"time":"2023-12-20T08:38:26.071Z","iobWithZeroTemp":{"iob":-0.232,"basaliob":-0.232,"bolussnooze":0,"activity":-0.0029,"lastBolusTime":0,"time":"2023-12-20T08:38:26.071Z"}},{"iob":0,"basaliob":0,"bolussnooze":0,"activity":0,"lastBolusTime":0,"time":"2023-12-20T08:43:26.071Z","iobWithZeroTemp":{"iob":-0.23,"basaliob":-0.23,"bolussnooze":0,"activity":-0.0029,"lastBolusTime":0,"time":"2023-12-20T08:43:26.071Z"}}],"profile":{"max_iob":10,"type":"current","max_daily_basal":0.25,"max_basal":1.25,"min_bg":90,"max_bg":90,"target_bg":90,"carb_ratio":15.6,"sens":84,"max_daily_safety_multiplier":5,"current_basal_safety_multiplier":5,"lgsThreshold":95,"high_temptarget_raises_sensitivity":false,"low_temptarget_lowers_sensitivity":false,"sensitivity_raises_target":true,"resistance_lowers_target":true,"adv_target_adjustments":false,"exercise_mode":false,"half_basal_exercise_target":160,"maxCOB":120,"skip_neutral_temps":false,"remainingCarbsCap":90,"enableUAM":true,"A52_risk_enable":false,"SMBInterval":5,"enableSMB_with_COB":true,"enableSMB_with_temptarget":false,"allowSMB_with_high_temptarget":false,"enableSMB_always":false,"enableSMB_after_carbs":true,"maxSMBBasalMinutes":120,"maxUAMSMBBasalMinutes":120,"bolus_increment":0.05,"carbsReqThreshold":1,"current_basal":0.25,"temptargetSet":false,"autosens_max":1.2,"autosens_min":0.7,"variable_sens":137.7,"insulinDivisor":75,"TDD":15.864759561513084},"autosens_data":{"ratio":1},"meal_data":{"carbs":0,"mealCOB":0,"slopeFromMaxDeviation":-0.49999999999999994,"slopeFromMinDeviation":0.1414,"lastBolusTime":1703032414978,"lastCarbTime":0},"microBolusAllowed":true,"currentTime":1703047707813,"flatBGsDetected":false,"tdd1D":18.86250000521541,"tdd7D":20.877380982715465,"tddLast24H":18.56666666219632,"tddLast4H":0.6500000000000001,"tddLast8to4H":2.7625000432133673},"output":{"temp":"absolute","bg":96,"tick":"+0","eventualBG":103,"targetBG":90,"insulinReq":0.07,"deliverAt":"2023-12-20T04:48:27.813Z","sensitivityRatio":1,"variable_sens":137.7,"predBGs":{"IOB":[96,96,96,96,96,97,97,97,97,97,97,97,98,98,98,98,98,98,99,99,99,99,99,99,99,99,99,99,99,99,100],"ZT":[96,96,97,97,98,98,99,99]},"reason":"COB: 0, Dev: 2, BGI: 0, ISF: 138, CR: 15.6, Target: 90, minPredBG 99, minGuardBG 96, IOBpredBG 100; Eventual BG 103 >= 90, temp 0.00 < 0.39U\/hr. ","COB":0,"IOB":-0.038,"duration":30,"rate":0.39,"timestamp":"2023-12-20T04:48:27.837Z"}}