{"algorithm":"OpenAPSSMBDynamicISFPlugin","input":{"glucoseStatus":{"glucose":137,"noise":0,"delta":-1,"short_avgdelta":-0.61,"long_avgdelta":0.19,"date":1702943273000},"currenttemp":{"temp":"absolute","duration":20,"rate":0.7,"minutesrunning":10},"iob_data":[{"iob":0.754,"basaliob":0.076,"bolussnooze":0.0014,"activity":0.0099,"lastBolusTime":1702942716067,"time":"2023-12-18T23:48:35.765Z","iobWithZeroTemp":{"iob":0.754,"basaliob":0.076,"bolussnooze":0.0014,"activity":0.0099,"lastBolusTime":1702942716067,"time":"2023-12-18T23:48:35.765Z"}},{"iob":0.705,"basaliob":0.076,"bolussnooze":9.0E-4,"activity":0.0097,"lastBolusTime":1702942716067,"time":"2023-12-18T23:53:35.765Z","iobWithZeroTemp":{"iob":0.692,"basaliob":0.063,"bolussnooze":9.0E-4,"activity":0.0097,"lastBolusTime":1702942716067,"time":"2023-12-18T23:53:35.765Z"}},{"iob":0.658,"basaliob":0.075,"bolussnooze":5.0E-4,"activity":0.0093,"lastBolusTime":1702942716067,"time":"2023-12-18T23:58:35.765Z","iobWithZeroTemp":{"iob":0.628,"basaliob":0.045,"bolussnooze":5.0E-4,"activity":0.0092,"lastBolusTime":1702942716067,"time":"2023-12-18T23:58:35.765Z"}},{"iob":0.612,"basaliob":0.073,"bolussnooze":3.0E-4,"activity":0.009,"lastBolusTime":1702942716067,"time":"2023-12-19T00:03:35.765Z","iobWithZeroTemp":{"iob":0.57,"basaliob":0.031,"bolussnooze":3.0E-4,"activity":0.0089,"lastBolusTime":1702942716067,"time":"2023-12-19T00:03:35.765Z"}},{"iob":0.568,"basaliob":0.071,"bolussnooze":1.0E-4,"activity":0.0086,"lastBolusTime":1702942716067,"time":"2023-12-19T00:08:35.765Z","iobWithZeroTemp":{"iob":0.514,"basaliob":0.017,"bolussnooze":1.0E-4,"activity":0.0084,"lastBolusTime":1702942716067,"time":"2023-12-19T00:08:35.765Z"}},{"iob":0.526,"basaliob":0.068,"bolussnooze":1.0E-4,"activity":0.0083,"lastBolusTime":1702942716067,"time":"2023-12-19T00:13:35.765Z","iobWithZeroTemp":{"iob":0.461,"basaliob":0.003,"bolussnooze":1.0E-4,"activity":0.008,"lastBolusTime":1702942716067,"time":"2023-12-19T00:13:35.765Z"}},{"iob":0.486,"basaliob":0.065,"bolussnooze":0,"activity":0.0078,"lastBolusTime":1702942716067,"time":"2023-12-19T00:18:35.765Z","iobWithZeroTemp":{"iob":0.41,"basaliob":-0.011,"bolussnooze":0,"activity":0.0074,"lastBolusTime":1702942716067,"time":"2023-12-19T00:18:35.765Z"}},{"iob":0.448,"basaliob":0.062,"bolussnooze":0,"activity":0.0073,"lastBolusTime":1702942716067,"time":"2023-12-19T00:23:35.765Z","iobWithZeroTemp":{"iob":0.362,"basaliob":-0.024,"bolussnooze":0,"activity":0.0068,"lastBolusTime":1702942716067,"time":"2023-12-19T00:23:35.765Z"}},{"iob":0.412,"basaliob":0.059,"bolussnooze":0,"activity":0.0069,"lastBolusTime":1702942716067,"time":"2023-12-19T00:28:35.765Z","iobWithZeroTemp":{"iob":0.316,"basaliob":-0.037,"bolussnooze":0,"activity":0.0063,"lastBolusTime":1702942716067,"time":"2023-12-19T00:28:35.765Z"}},{"iob":0.379,"basaliob":0.056,"bolussnooze":0,"activity":0.0065,"lastBolusTime":1702942716067,"time":"2023-12-19T00:33:35.765Z","iobWithZeroTemp":{"iob":0.274,"basaliob":-0.049,"bolussnooze":0,"activity":0.0058,"lastBolusTime":1702942716067,"time":"2023-12-19T00:33:35.765Z"}},{"iob":0.346,"basaliob":0.052,"bolussnooze":0,"activity":0.006,"lastBolusTime":1702942716067,"time":"2023-12-19T00:38:35.765Z","iobWithZeroTemp":{"iob":0.233,"basaliob":-0.061,"bolussnooze":0,"activity":0.0052,"lastBolusTime":1702942716067,"time":"2023-12-19T00:38:35.765Z"}},{"iob":0.317,"basaliob":0.049,"bolussnooze":0,"activity":0.0057,"lastBolusTime":1702942716067,"time":"2023-12-19T00:43:35.765Z","iobWithZeroTemp":{"iob":0.196,"basaliob":-0.072,"bolussnooze":0,"activity":0.0047,"lastBolusTime":1702942716067,"time":"2023-12-19T00:43:35.765Z"}},{"iob":0.29,"basaliob":0.046,"bolussnooze":0,"activity":0.0053,"lastBolusTime":1702942716067,"time":"2023-12-19T00:48:35.765Z","iobWithZeroTemp":{"iob":0.161,"basaliob":-0.083,"bolussnooze":0,"activity":0.0042,"lastBolusTime":1702942716067,"time":"2023-12-19T00:48:35.765Z"}},{"iob":0.264,"basaliob":0.043,"bolussnooze":0,"activity":0.0049,"lastBolusTime":1702942716067,"time":"2023-12-19T00:53:35.765Z","iobWithZeroTemp":{"iob":0.128,"basaliob":-0.093,"bolussnooze":0,"activity":0.0037,"lastBolusTime":1702942716067,"time":"2023-12-19T00:53:35.765Z"}},{"iob":0.241,"basaliob":0.04,"bolussnooze":0,"activity":0.0046,"lastBolusTime":1702942716067,"time":"2023-12-19T00:58:35.765Z","iobWithZeroTemp":{"iob":0.099,"basaliob":-0.102,"bolussnooze":0,"activity":0.0034,"lastBolusTime":1702942716067,"time":"2023-12-19T00:58:35.765Z"}},{"iob":0.219,"basaliob":0.037,"bolussnooze":0,"activity":0.0043,"lastBolusTime":1702942716067,"time":"2023-12-19T01:03:35.765Z","iobWithZeroTemp":{"iob":0.066,"basaliob":-0.116,"bolussnooze":0,"activity":0.003,"lastBolusTime":1702942716067,"time":"2023-12-19T01:03:35.765Z"}},{"iob":0.198,"basaliob":0.034,"bolussnooze":0,"activity":0.0039,"lastBolusTime":1702942716067,"time":"2023-12-19T01:08:35.765Z","iobWithZeroTemp":{"iob":0.036,"basaliob":-0.128,"bolussnooze":0,"activity":0.0025,"lastBolusTime":1702942716067,"time":"2023-12-19T01:08:35.765Z"}},{"iob":0.18,"basaliob":0.032,"bolussnooze":0,"activity":0.0036,"lastBolusTime":1702942716067,"time":"2023-12-19T01:13:35.765Z","iobWithZeroTemp":{"iob":0.009,"basaliob":-0.139,"bolussnooze":0,"activity":0.0021,"lastBolusTime":1702942716067,"time":"2023-12-19T01:13:35.765Z"}},{"iob":0.162,"basaliob":0.029,"bolussnooze":0,"activity":0.0033,"lastBolusTime":1702942716067,"time":"2023-12-19T01:18:35.765Z","iobWithZeroTemp":{"iob":-0.018,"basaliob":-0.151,"bolussnooze":0,"activity":0.0016,"lastBolusTime":1702942716067,"time":"2023-12-19T01:18:35.765Z"}},{"iob":0.147,"basaliob":0.027,"bolussnooze":0,"activity":0.003,"lastBolusTime":1702942716067,"time":"2023-12-19T01:23:35.765Z","iobWithZeroTemp":{"iob":-0.041,"basaliob":-0.161,"bolussnooze":0,"activity":0.0012,"lastBolusTime":1702942716067,"time":"2023-12-19T01:23:35.765Z"}},{"iob":0.133,"basaliob":0.025,"bolussnooze":0,"activity":0.0027,"lastBolusTime":1702942716067,"time":"2023-12-19T01:28:35.765Z","iobWithZeroTemp":{"iob":-0.063,"basaliob":-0.171,"bolussnooze":0,"activity":8.0E-4,"lastBolusTime":1702942716067,"time":"2023-12-19T01:28:35.765Z"}},{"iob":0.12,"basaliob":0.023,"bolussnooze":0,"activity":0.0025,"lastBolusTime":1702942716067,"time":"2023-12-19T01:33:35.765Z","iobWithZeroTemp":{"iob":-0.083,"basaliob":-0.18,"bolussnooze":0,"activity":5.0E-4,"lastBolusTime":1702942716067,"time":"2023-12-19T01:33:35.765Z"}},{"iob":0.108,"basaliob":0.021,"bolussnooze":0,"activity":0.0023,"lastBolusTime":1702942716067,"time":"2023-12-19T01:38:35.765Z","iobWithZeroTemp":{"iob":-0.102,"basaliob":-0.189,"bolussnooze":0,"activity":3.0E-4,"lastBolusTime":1702942716067,"time":"2023-12-19T01:38:35.765Z"}},{"iob":0.096,"basaliob":0.019,"bolussnooze":0,"activity":0.002,"lastBolusTime":1702942716067,"time":"2023-12-19T01:43:35.765Z","iobWithZeroTemp":{"iob":-0.12,"basaliob":-0.197,"bolussnooze":0,"activity":-1.0E-4,"lastBolusTime":1702942716067,"time":"2023-12-19T01:43:35.765Z"}},{"iob":0.086,"basaliob":0.017,"bolussnooze":0,"activity":0.0019,"lastBolusTime":1702942716067,"time":"2023-12-19T01:48:35.765Z","iobWithZeroTemp":{"iob":-0.136,"basaliob":-0.205,"bolussnooze":0,"activity":-3.0E-4,"lastBolusTime":1702942716067,"time":"2023-12-19T01:48:35.765Z"}},{"iob":0.078,"basaliob":0.016,"bolussnooze":0,"activity":0.0017,"lastBolusTime":1702942716067,"time":"2023-12-19T01:53:35.765Z","iobWithZeroTemp":{"iob":-0.149,"basaliob":-0.211,"bolussnooze":0,"activity":-6.0E-4,"lastBolusTime":1702942716067,"time":"2023-12-19T01:53:35.765Z"}},{"iob":0.07,"basaliob":0.015,"bolussnooze":0,"activity":0.0016,"lastBolusTime":1702942716067,"time":"2023-12-19T01:58:35.765Z","iobWithZeroTemp":{"iob":-0.162,"basaliob":-0.217,"bolussnooze":0,"activity":-8.0E-4,"lastBolusTime":1702942716067,"time":"2023-12-19T01:58:35.765Z"}},{"iob":0.062,"basaliob":0.013,"bolussnooze":0,"activity":0.0015,"lastBolusTime":1702942716067,"time":"2023-12-19T02:03:35.765Z","iobWithZeroTemp":{"iob":-0.174,"basaliob":-0.223,"bolussnooze":0,"activity":-0.001,"lastBolusTime":1702942716067,"time":"2023-12-19T02:03:35.765Z"}},{"iob":0.055,"basaliob":0.012,"bolussnooze":0,"activity":0.0012,"lastBolusTime":1702942716067,"time":"2023-12-19T02:08:35.765Z","iobWithZeroTemp":{"iob":-0.186,"basaliob":-0.229,"bolussnooze":0,"activity":-0.0013,"lastBolusTime":1702942716067,"time":"2023-12-19T02:08:35.765Z"}},{"iob":0.049,"basaliob":0.011,"bolussnooze":0,"activity":0.0011,"lastBolusTime":1702942716067,"time":"2023-12-19T02:13:35.765Z","iobWithZeroTemp":{"iob":-0.195,"basaliob":-0.233,"bolussnooze":0,"activity":-0.0015,"lastBolusTime":1702942716067,"time":"2023-12-19T02:13:35.765Z"}},{"iob":0.044,"basaliob":0.01,"bolussnooze":0,"activity":0.001,"lastBolusTime":1702942716067,"time":"2023-12-19T02:18:35.765Z","iobWithZeroTemp":{"iob":-0.204,"basaliob":-0.238,"bolussnooze":0,"activity":-0.0017,"lastBolusTime":1702942716067,"time":"2023-12-19T02:18:35.765Z"}},{"iob":0.039,"basaliob":0.009,"bolussnooze":0,"activity":0.001,"lastBolusTime":1702942716067,"time":"2023-12-19T02:23:35.765Z","iobWithZeroTemp":{"iob":-0.212,"basaliob":-0.242,"bolussnooze":0,"activity":-0.0017,"lastBolusTime":1702942716067,"time":"2023-12-19T02:23:35.765Z"}},{"iob":0.034,"basaliob":0.008,"bolussnooze":0,"activity":9.0E-4,"lastBolusTime":1702942716067,"time":"2023-12-19T02:28:35.765Z","iobWithZeroTemp":{"iob":-0.22,"basaliob":-0.246,"bolussnooze":0,"activity":-0.0019,"lastBolusTime":1702942716067,"time":"2023-12-19T02:28:35.765Z"}},{"iob":0.03,"basaliob":0.007,"bolussnooze":0,"activity":8.0E-4,"lastBolusTime":1702942716067,"time":"2023-12-19T02:33:35.765Z","iobWithZeroTemp":{"iob":-0.227,"basaliob":-0.25,"bolussnooze":0,"activity":-0.002,"lastBolusTime":1702942716067,"time":"2023-12-19T02:33:35.765Z"}},{"iob":0.026,"basaliob":0.006,"bolussnooze":0,"activity":6.0E-4,"lastBolusTime":1702942716067,"time":"2023-12-19T02:38:35.765Z","iobWithZeroTemp":{"iob":-0.233,"basaliob":-0.253,"bolussnooze":0,"activity":-0.0023,"lastBolusTime":1702942716067,"time":"2023-12-19T02:38:35.765Z"}},{"iob":0.024,"basaliob":0.006,"bolussnooze":0,"activity":6.0E-4,"lastBolusTime":1702942716067,"time":"2023-12-19T02:43:35.765Z","iobWithZeroTemp":{"iob":-0.237,"basaliob":-0.255,"bolussnooze":0,"activity":-0.0023,"lastBolusTime":1702942716067,"time":"2023-12-19T02:43:35.765Z"}},{"iob":0.02,"basaliob":0.005,"bolussnooze":0,"activity":5.0E-4,"lastBolusTime":1702942716067,"time":"2023-12-19T02:48:35.765Z","iobWithZeroTemp":{"iob":-0.243,"basaliob":-0.258,"bolussnooze":0,"activity":-0.0024,"lastBolusTime":1702942716067,"time":"2023-12-19T02:48:35.765Z"}},{"iob":0.018,"basaliob":0.005,"bolussnooze":0,"activity":5.0E-4,"lastBolusTime":1702942716067,"time":"2023-12-19T02:53:35.765Z","iobWithZeroTemp":{"iob":-0.247,"basaliob":-0.26,"bolussnooze":0,"activity":-0.0025,"lastBolusTime":1702942716067,"time":"2023-12-19T02:53:35.765Z"}},{"iob":0.015,"basaliob":0.004,"bolussnooze":0,"activity":4.0E-4,"lastBolusTime":1702942716067,"time":"2023-12-19T02:58:35.765Z","iobWithZeroTemp":{"iob":-0.252,"basaliob":-0.263,"bolussnooze":0,"activity":-0.0026,"lastBolusTime":1702942716067,"time":"2023-12-19T02:58:35.765Z"}},{"iob":0.014,"basaliob":0.004,"bolussnooze":0,"activity":4.0E-4,"lastBolusTime":1702942716067,"time":"2023-12-19T03:03:35.765Z","iobWithZeroTemp":{"iob":-0.25,"basaliob":-0.26,"bolussnooze":0,"activity":-0.0026,"lastBolusTime":1702942716067,"time":"2023-12-19T03:03:35.765Z"}},{"iob":0.011,"basaliob":0.003,"bolussnooze":0,"activity":4.0E-4,"lastBolusTime":1702942716067,"time":"2023-12-19T03:08:35.765Z","iobWithZeroTemp":{"iob":-0.251,"basaliob":-0.259,"bolussnooze":0,"activity":-0.0027,"lastBolusTime":1702942716067,"time":"2023-12-19T03:08:35.765Z"}},{"iob":0.01,"basaliob":0.003,"bolussnooze":0,"activity":3.0E-4,"lastBolusTime":1702942716067,"time":"2023-12-19T03:13:35.765Z","iobWithZeroTemp":{"iob":-0.249,"basaliob":-0.256,"bolussnooze":0,"activity":-0.0028,"lastBolusTime":1702942716067,"time":"2023-12-19T03:13:35.765Z"}},{"iob":0.009,"basaliob":0.003,"bolussnooze":0,"activity":3.0E-4,"lastBolusTime":1702942716067,"time":"2023-12-19T03:18:35.765Z","iobWithZeroTemp":{"iob":-0.247,"basaliob":-0.253,"bolussnooze":0,"activity":-0.0028,"lastBolusTime":1702942716067,"time":"2023-12-19T03:18:35.765Z"}},{"iob":0.007,"basaliob":0.002,"bolussnooze":0,"activity":3.0E-4,"lastBolusTime":1702942716067,"time":"2023-12-19T03:23:35.765Z","iobWithZeroTemp":{"iob":-0.246,"basaliob":-0.251,"bolussnooze":0,"activity":-0.0028,"lastBolusTime":1702942716067,"time":"2023-12-19T03:23:35.765Z"}},{"iob":0.006,"basaliob":0.002,"bolussnooze":0,"activity":3.0E-4,"lastBolusTime":1702942716067,"time":"2023-12-19T03:28:35.765Z","iobWithZeroTemp":{"iob":-0.244,"basaliob":-0.248,"bolussnooze":0,"activity":-0.0027,"lastBolusTime":1702942716067,"time":"2023-12-19T03:28:35.765Z"}},{"iob":0.006,"basaliob":0.002,"bolussnooze":0,"activity":1.0E-4,"lastBolusTime":1702942716067,"time":"2023-12-19T03:33:35.765Z","iobWithZeroTemp":{"iob":-0.242,"basaliob":-0.246,"bolussnooze":0,"activity":-0.0029,"lastBolusTime":1702942716067,"time":"2023-12-19T03:33:35.765Z"}},{"iob":0.004,"basaliob":0.001,"bolussnooze":0,"activity":1.0E-4,"lastBolusTime":1702942716067,"time":"2023-12-19T03:38:35.765Z","iobWithZeroTemp":{"iob":-0.241,"basaliob":-0.244,"bolussnooze":0,"activity":-0.0029,"lastBolusTime":1702942716067,"time":"2023-12-19T03:38:35.765Z"}},{"iob":0.004,"basaliob":0.001,"bolussnooze":0,"activity":1.0E-4,"lastBolusTime":1702942716067,"time":"2023-12-19T03:43:35.765Z","iobWithZeroTemp":{"iob":-0.239,"basaliob":-0.242,"bolussnooze":0,"activity":-0.0029,"lastBolusTime":1702942716067,"time":"2023-12-19T03:43:35.765Z"}}],"profile":{"max_iob":10,"type":"current","max_daily_basal":0.25,"max_basal":1,"min_bg":90,"max_bg":90,"target_bg":90,"carb_ratio":15.6,"sens":84,"max_daily_safety_multiplier":5,"current_basal_safety_multiplier":5,"lgsThreshold":95,"high_temptarget_raises_sensitivity":false,"low_temptarget_lowers_sensitivity":false,"sensitivity_raises_target":true,"resistance_lowers_target":true,"adv_target_adjustments":false,"exercise_mode":false,"half_basal_exercise_target":160,"maxCOB":120,"skip_neutral_temps":false,"remainingCarbsCap":90,"enableUAM":true,"A52_risk_enable":false,"SMBInterval":5,"enableSMB_with_COB":true,"enableSMB_with_temptarget":false,"allowSMB_with_high_temptarget":false,"enableSMB_always":false,"enableSMB_after_carbs":true,"maxSMBBasalMinutes":120,"maxUAMSMBBasalMinutes":120,"bolus_increment":0.05,"carbsReqThreshold":1,"current_basal":0.20000000298023224,"temptargetSet":false,"autosens_max":1.2,"autosens_min":0.7,"variable_sens":78.8,"insulinDivisor":75,"TDD":21.994310370062095},"autosens_data":{"ratio":1},"meal_data":{"carbs":39,"mealCOB":0,"slopeFromMaxDeviation":-0.5703333333333331,"slopeFromMinDeviation":0.38912500000000005,"lastBolusTime":1702942716067,"lastCarbTime":1702935386937},"microBolusAllowed":true,"currentTime":1702943317488,"flatBGsDetected":false,"tdd1D":20.141666612277426,"tdd7D":26.78606000595613,"tddLast24H":20.14583328117927,"tddLast4H":4.30416665400068,"tddLast8to4H":0.46250000596046453},"output":{"temp":"absolute","bg":137,"tick":-1,"eventualBG":95,"targetBG":90,"insulinReq":0,"deliverAt":"2023-12-18T23:48:37.488Z","sensitivityRatio":1,"variable_sens":78.8,"predBGs":{"IOB":[137,136,134,133,131,129,127,125,123,121,119,116,114,112,109,107,105,104,102,100,99,98,96,95,94,93,92,92,91,90,90,89,89,88,88,87,87,87,86,86,86,86,86,86,85],"ZT":[137,133,129,125,122,118,115,111,108,106,103,100,98,96,94,93,91,90,89,88,87,87,86,86,86,86,87,87,88,88,89,90],"UAM":[137,135,133,131,128,124,121,117,114,111,108,106,103,100,98,96,94,92,90,88,87,85,84,83,81,80,79,79,78,77,76,76,75,75,74,74,73,73,73,73,72,72,72,72,72,71]},"reason":"COB: 0, Dev: 17, BGI: -4, ISF: 79, CR: 15.6, Target: 90, minPredBG 79, minGuardBG 71, IOBpredBG 85, UAMpredBG 71; minGuardBG 71<95","COB":0,"IOB":0.754,"duration":60,"rate":0,"timestamp":"2023-12-18T23:48:37.504Z"}}