{"algorithm":"OpenAPSSMBDynamicISFPlugin","input":{"glucoseStatus":{"glucose":99,"noise":0,"delta":-2,"short_avgdelta":-1.89,"long_avgdelta":-1.67,"date":1702896472000},"currenttemp":{"temp":"absolute","duration":25,"rate":0,"minutesrunning":35},"iob_data":[{"iob":0.126,"basaliob":-0.062,"bolussnooze":0,"activity":0.0027,"lastBolusTime":1702893506960,"time":"2023-12-18T10:48:29.557Z","iobWithZeroTemp":{"iob":0.126,"basaliob":-0.062,"bolussnooze":0,"activity":0.0027,"lastBolusTime":1702893506960,"time":"2023-12-18T10:48:29.557Z"}},{"iob":0.113,"basaliob":-0.06,"bolussnooze":0,"activity":0.0025,"lastBolusTime":1702893506960,"time":"2023-12-18T10:53:29.557Z","iobWithZeroTemp":{"iob":0.103,"basaliob":-0.07,"bolussnooze":0,"activity":0.0025,"lastBolusTime":1702893506960,"time":"2023-12-18T10:53:29.557Z"}},{"iob":0.1,"basaliob":-0.058,"bolussnooze":0,"activity":0.0022,"lastBolusTime":1702893506960,"time":"2023-12-18T10:58:29.557Z","iobWithZeroTemp":{"iob":0.078,"basaliob":-0.08,"bolussnooze":0,"activity":0.0022,"lastBolusTime":1702893506960,"time":"2023-12-18T10:58:29.557Z"}},{"iob":0.09,"basaliob":-0.055,"bolussnooze":0,"activity":0.0021,"lastBolusTime":1702893506960,"time":"2023-12-18T11:03:29.557Z","iobWithZeroTemp":{"iob":0.055,"basaliob":-0.09,"bolussnooze":0,"activity":0.002,"lastBolusTime":1702893506960,"time":"2023-12-18T11:03:29.557Z"}},{"iob":0.081,"basaliob":-0.052,"bolussnooze":0,"activity":0.0019,"lastBolusTime":1702893506960,"time":"2023-12-18T11:08:29.557Z","iobWithZeroTemp":{"iob":0.035,"basaliob":-0.098,"bolussnooze":0,"activity":0.0017,"lastBolusTime":1702893506960,"time":"2023-12-18T11:08:29.557Z"}},{"iob":0.071,"basaliob":-0.05,"bolussnooze":0,"activity":0.0016,"lastBolusTime":1702893506960,"time":"2023-12-18T11:13:29.557Z","iobWithZeroTemp":{"iob":0.013,"basaliob":-0.108,"bolussnooze":0,"activity":0.0013,"lastBolusTime":1702893506960,"time":"2023-12-18T11:13:29.557Z"}},{"iob":0.064,"basaliob":-0.047,"bolussnooze":0,"activity":0.0015,"lastBolusTime":1702893506960,"time":"2023-12-18T11:18:29.557Z","iobWithZeroTemp":{"iob":-0.005,"basaliob":-0.116,"bolussnooze":0,"activity":0.0011,"lastBolusTime":1702893506960,"time":"2023-12-18T11:18:29.557Z"}},{"iob":0.057,"basaliob":-0.044,"bolussnooze":0,"activity":0.0013,"lastBolusTime":1702893506960,"time":"2023-12-18T11:23:29.557Z","iobWithZeroTemp":{"iob":-0.022,"basaliob":-0.123,"bolussnooze":0,"activity":8.0E-4,"lastBolusTime":1702893506960,"time":"2023-12-18T11:23:29.557Z"}},{"iob":0.05,"basaliob":-0.041,"bolussnooze":0,"activity":0.0013,"lastBolusTime":1702893506960,"time":"2023-12-18T11:28:29.557Z","iobWithZeroTemp":{"iob":-0.039,"basaliob":-0.13,"bolussnooze":0,"activity":7.0E-4,"lastBolusTime":1702893506960,"time":"2023-12-18T11:28:29.557Z"}},{"iob":0.044,"basaliob":-0.039,"bolussnooze":0,"activity":0.0011,"lastBolusTime":1702893506960,"time":"2023-12-18T11:33:29.557Z","iobWithZeroTemp":{"iob":-0.055,"basaliob":-0.138,"bolussnooze":0,"activity":4.0E-4,"lastBolusTime":1702893506960,"time":"2023-12-18T11:33:29.557Z"}},{"iob":0.039,"basaliob":-0.036,"bolussnooze":0,"activity":0.001,"lastBolusTime":1702893506960,"time":"2023-12-18T11:38:29.557Z","iobWithZeroTemp":{"iob":-0.068,"basaliob":-0.143,"bolussnooze":0,"activity":2.0E-4,"lastBolusTime":1702893506960,"time":"2023-12-18T11:38:29.557Z"}},{"iob":0.035,"basaliob":-0.033,"bolussnooze":0,"activity":9.0E-4,"lastBolusTime":1702893506960,"time":"2023-12-18T11:43:29.557Z","iobWithZeroTemp":{"iob":-0.081,"basaliob":-0.149,"bolussnooze":0,"activity":0,"lastBolusTime":1702893506960,"time":"2023-12-18T11:43:29.557Z"}},{"iob":0.031,"basaliob":-0.031,"bolussnooze":0,"activity":7.0E-4,"lastBolusTime":1702893506960,"time":"2023-12-18T11:48:29.557Z","iobWithZeroTemp":{"iob":-0.093,"basaliob":-0.155,"bolussnooze":0,"activity":-3.0E-4,"lastBolusTime":1702893506960,"time":"2023-12-18T11:48:29.557Z"}},{"iob":0.027,"basaliob":-0.029,"bolussnooze":0,"activity":7.0E-4,"lastBolusTime":1702893506960,"time":"2023-12-18T11:53:29.557Z","iobWithZeroTemp":{"iob":-0.104,"basaliob":-0.16,"bolussnooze":0,"activity":-4.0E-4,"lastBolusTime":1702893506960,"time":"2023-12-18T11:53:29.557Z"}},{"iob":0.023,"basaliob":-0.027,"bolussnooze":0,"activity":6.0E-4,"lastBolusTime":1702893506960,"time":"2023-12-18T11:58:29.557Z","iobWithZeroTemp":{"iob":-0.115,"basaliob":-0.165,"bolussnooze":0,"activity":-6.0E-4,"lastBolusTime":1702893506960,"time":"2023-12-18T11:58:29.557Z"}},{"iob":0.021,"basaliob":-0.024,"bolussnooze":0,"activity":5.0E-4,"lastBolusTime":1702893506960,"time":"2023-12-18T12:03:29.557Z","iobWithZeroTemp":{"iob":-0.123,"basaliob":-0.168,"bolussnooze":0,"activity":-8.0E-4,"lastBolusTime":1702893506960,"time":"2023-12-18T12:03:29.557Z"}},{"iob":0.019,"basaliob":-0.022,"bolussnooze":0,"activity":5.0E-4,"lastBolusTime":1702893506960,"time":"2023-12-18T12:08:29.557Z","iobWithZeroTemp":{"iob":-0.131,"basaliob":-0.172,"bolussnooze":0,"activity":-9.0E-4,"lastBolusTime":1702893506960,"time":"2023-12-18T12:08:29.557Z"}},{"iob":0.016,"basaliob":-0.021,"bolussnooze":0,"activity":4.0E-4,"lastBolusTime":1702893506960,"time":"2023-12-18T12:13:29.557Z","iobWithZeroTemp":{"iob":-0.14,"basaliob":-0.177,"bolussnooze":0,"activity":-0.0011,"lastBolusTime":1702893506960,"time":"2023-12-18T12:13:29.557Z"}},{"iob":0.014,"basaliob":-0.019,"bolussnooze":0,"activity":4.0E-4,"lastBolusTime":1702893506960,"time":"2023-12-18T12:18:29.557Z","iobWithZeroTemp":{"iob":-0.147,"basaliob":-0.18,"bolussnooze":0,"activity":-0.0011,"lastBolusTime":1702893506960,"time":"2023-12-18T12:18:29.557Z"}},{"iob":0.013,"basaliob":-0.017,"bolussnooze":0,"activity":3.0E-4,"lastBolusTime":1702893506960,"time":"2023-12-18T12:23:29.557Z","iobWithZeroTemp":{"iob":-0.152,"basaliob":-0.182,"bolussnooze":0,"activity":-0.0013,"lastBolusTime":1702893506960,"time":"2023-12-18T12:23:29.557Z"}},{"iob":0.011,"basaliob":-0.016,"bolussnooze":0,"activity":3.0E-4,"lastBolusTime":1702893506960,"time":"2023-12-18T12:28:29.557Z","iobWithZeroTemp":{"iob":-0.158,"basaliob":-0.185,"bolussnooze":0,"activity":-0.0014,"lastBolusTime":1702893506960,"time":"2023-12-18T12:28:29.557Z"}},{"iob":0.01,"basaliob":-0.014,"bolussnooze":0,"activity":2.0E-4,"lastBolusTime":1702893506960,"time":"2023-12-18T12:33:29.557Z","iobWithZeroTemp":{"iob":-0.163,"basaliob":-0.187,"bolussnooze":0,"activity":-0.0015,"lastBolusTime":1702893506960,"time":"2023-12-18T12:33:29.557Z"}},{"iob":0.008,"basaliob":-0.013,"bolussnooze":0,"activity":3.0E-4,"lastBolusTime":1702893506960,"time":"2023-12-18T12:38:29.557Z","iobWithZeroTemp":{"iob":-0.169,"basaliob":-0.19,"bolussnooze":0,"activity":-0.0015,"lastBolusTime":1702893506960,"time":"2023-12-18T12:38:29.557Z"}},{"iob":0.007,"basaliob":-0.012,"bolussnooze":0,"activity":2.0E-4,"lastBolusTime":1702893506960,"time":"2023-12-18T12:43:29.557Z","iobWithZeroTemp":{"iob":-0.173,"basaliob":-0.192,"bolussnooze":0,"activity":-0.0017,"lastBolusTime":1702893506960,"time":"2023-12-18T12:43:29.557Z"}},{"iob":0.006,"basaliob":-0.011,"bolussnooze":0,"activity":2.0E-4,"lastBolusTime":1702893506960,"time":"2023-12-18T12:48:29.557Z","iobWithZeroTemp":{"iob":-0.177,"basaliob":-0.194,"bolussnooze":0,"activity":-0.0017,"lastBolusTime":1702893506960,"time":"2023-12-18T12:48:29.557Z"}},{"iob":0.005,"basaliob":-0.01,"bolussnooze":0,"activity":2.0E-4,"lastBolusTime":1702893506960,"time":"2023-12-18T12:53:29.557Z","iobWithZeroTemp":{"iob":-0.181,"basaliob":-0.196,"bolussnooze":0,"activity":-0.0018,"lastBolusTime":1702893506960,"time":"2023-12-18T12:53:29.557Z"}},{"iob":0.004,"basaliob":-0.009,"bolussnooze":0,"activity":1.0E-4,"lastBolusTime":1702893506960,"time":"2023-12-18T12:58:29.557Z","iobWithZeroTemp":{"iob":-0.185,"basaliob":-0.198,"bolussnooze":0,"activity":-0.0019,"lastBolusTime":1702893506960,"time":"2023-12-18T12:58:29.557Z"}},{"iob":0.004,"basaliob":-0.008,"bolussnooze":0,"activity":1.0E-4,"lastBolusTime":1702893506960,"time":"2023-12-18T13:03:29.557Z","iobWithZeroTemp":{"iob":-0.187,"basaliob":-0.199,"bolussnooze":0,"activity":-0.002,"lastBolusTime":1702893506960,"time":"2023-12-18T13:03:29.557Z"}},{"iob":0.004,"basaliob":-0.007,"bolussnooze":0,"activity":1.0E-4,"lastBolusTime":1702893506960,"time":"2023-12-18T13:08:29.557Z","iobWithZeroTemp":{"iob":-0.189,"basaliob":-0.2,"bolussnooze":0,"activity":-0.002,"lastBolusTime":1702893506960,"time":"2023-12-18T13:08:29.557Z"}},{"iob":0.002,"basaliob":-0.007,"bolussnooze":0,"activity":1.0E-4,"lastBolusTime":1702893506960,"time":"2023-12-18T13:13:29.557Z","iobWithZeroTemp":{"iob":-0.193,"basaliob":-0.202,"bolussnooze":0,"activity":-0.002,"lastBolusTime":1702893506960,"time":"2023-12-18T13:13:29.557Z"}},{"iob":0.002,"basaliob":-0.006,"bolussnooze":0,"activity":1.0E-4,"lastBolusTime":1702893506960,"time":"2023-12-18T13:18:29.557Z","iobWithZeroTemp":{"iob":-0.195,"basaliob":-0.203,"bolussnooze":0,"activity":-0.0021,"lastBolusTime":1702893506960,"time":"2023-12-18T13:18:29.557Z"}},{"iob":0.002,"basaliob":-0.005,"bolussnooze":0,"activity":1.0E-4,"lastBolusTime":1702893506960,"time":"2023-12-18T13:23:29.557Z","iobWithZeroTemp":{"iob":-0.196,"basaliob":-0.203,"bolussnooze":0,"activity":-0.0021,"lastBolusTime":1702893506960,"time":"2023-12-18T13:23:29.557Z"}},{"iob":0.001,"basaliob":-0.005,"bolussnooze":0,"activity":1.0E-4,"lastBolusTime":1702893506960,"time":"2023-12-18T13:28:29.557Z","iobWithZeroTemp":{"iob":-0.198,"basaliob":-0.204,"bolussnooze":0,"activity":-0.0021,"lastBolusTime":1702893506960,"time":"2023-12-18T13:28:29.557Z"}},{"iob":0.002,"basaliob":-0.004,"bolussnooze":0,"activity":0,"lastBolusTime":1702893506960,"time":"2023-12-18T13:33:29.557Z","iobWithZeroTemp":{"iob":-0.199,"basaliob":-0.205,"bolussnooze":0,"activity":-0.0023,"lastBolusTime":1702893506960,"time":"2023-12-18T13:33:29.557Z"}},{"iob":0.001,"basaliob":-0.004,"bolussnooze":0,"activity":0,"lastBolusTime":1702893506960,"time":"2023-12-18T13:38:29.557Z","iobWithZeroTemp":{"iob":-0.201,"basaliob":-0.206,"bolussnooze":0,"activity":-0.0023,"lastBolusTime":1702893506960,"time":"2023-12-18T13:38:29.557Z"}},{"iob":0.001,"basaliob":-0.003,"bolussnooze":0,"activity":0,"lastBolusTime":1702893506960,"time":"2023-12-18T13:43:29.557Z","iobWithZeroTemp":{"iob":-0.202,"basaliob":-0.206,"bolussnooze":0,"activity":-0.0023,"lastBolusTime":1702893506960,"time":"2023-12-18T13:43:29.557Z"}},{"iob":0.001,"basaliob":-0.003,"bolussnooze":0,"activity":0,"lastBolusTime":1702893506960,"time":"2023-12-18T13:48:29.557Z","iobWithZeroTemp":{"iob":-0.203,"basaliob":-0.207,"bolussnooze":0,"activity":-0.0023,"lastBolusTime":1702893506960,"time":"2023-12-18T13:48:29.557Z"}},{"iob":0,"basaliob":-0.003,"bolussnooze":0,"activity":0,"lastBolusTime":1702893506960,"time":"2023-12-18T13:53:29.557Z","iobWithZeroTemp":{"iob":-0.205,"basaliob":-0.208,"bolussnooze":0,"activity":-0.0023,"lastBolusTime":1702893506960,"time":"2023-12-18T13:53:29.557Z"}},{"iob":0.001,"basaliob":-0.002,"bolussnooze":0,"activity":0,"lastBolusTime":1702893506960,"time":"2023-12-18T13:58:29.557Z","iobWithZeroTemp":{"iob":-0.204,"basaliob":-0.207,"bolussnooze":0,"activity":-0.0024,"lastBolusTime":1702893506960,"time":"2023-12-18T13:58:29.557Z"}},{"iob":0,"basaliob":-0.002,"bolussnooze":0,"activity":0,"lastBolusTime":1702893506960,"time":"2023-12-18T14:03:29.557Z","iobWithZeroTemp":{"iob":-0.21,"basaliob":-0.212,"bolussnooze":0,"activity":-0.0024,"lastBolusTime":1702893506960,"time":"2023-12-18T14:03:29.557Z"}},{"iob":0,"basaliob":-0.002,"bolussnooze":0,"activity":1.0E-4,"lastBolusTime":1702893506960,"time":"2023-12-18T14:08:29.557Z","iobWithZeroTemp":{"iob":-0.215,"basaliob":-0.217,"bolussnooze":0,"activity":-0.0023,"lastBolusTime":1702893506960,"time":"2023-12-18T14:08:29.557Z"}},{"iob":0,"basaliob":-0.002,"bolussnooze":0,"activity":1.0E-4,"lastBolusTime":1702893506960,"time":"2023-12-18T14:13:29.557Z","iobWithZeroTemp":{"iob":-0.219,"basaliob":-0.221,"bolussnooze":0,"activity":-0.0023,"lastBolusTime":1702893506960,"time":"2023-12-18T14:13:29.557Z"}},{"iob":0,"basaliob":-0.001,"bolussnooze":0,"activity":0,"lastBolusTime":1702893506960,"time":"2023-12-18T14:18:29.557Z","iobWithZeroTemp":{"iob":-0.224,"basaliob":-0.225,"bolussnooze":0,"activity":-0.0025,"lastBolusTime":1702893506960,"time":"2023-12-18T14:18:29.557Z"}},{"iob":0,"basaliob":-0.001,"bolussnooze":0,"activity":0,"lastBolusTime":1702893506960,"time":"2023-12-18T14:23:29.557Z","iobWithZeroTemp":{"iob":-0.228,"basaliob":-0.229,"bolussnooze":0,"activity":-0.0025,"lastBolusTime":1702893506960,"time":"2023-12-18T14:23:29.557Z"}},{"iob":0,"basaliob":-0.001,"bolussnooze":0,"activity":0,"lastBolusTime":1702893506960,"time":"2023-12-18T14:28:29.557Z","iobWithZeroTemp":{"iob":-0.232,"basaliob":-0.233,"bolussnooze":0,"activity":-0.0026,"lastBolusTime":1702893506960,"time":"2023-12-18T14:28:29.557Z"}},{"iob":0,"basaliob":-0.001,"bolussnooze":0,"activity":0,"lastBolusTime":1702893506960,"time":"2023-12-18T14:33:29.557Z","iobWithZeroTemp":{"iob":-0.235,"basaliob":-0.236,"bolussnooze":0,"activity":-0.0026,"lastBolusTime":1702893506960,"time":"2023-12-18T14:33:29.557Z"}},{"iob":0,"basaliob":-0.001,"bolussnooze":0,"activity":0,"lastBolusTime":1702893506960,"time":"2023-12-18T14:38:29.557Z","iobWithZeroTemp":{"iob":-0.239,"basaliob":-0.24,"bolussnooze":0,"activity":-0.0026,"lastBolusTime":1702893506960,"time":"2023-12-18T14:38:29.557Z"}},{"iob":0,"basaliob":-0.001,"bolussnooze":0,"activity":0,"lastBolusTime":1702893506960,"time":"2023-12-18T14:43:29.557Z","iobWithZeroTemp":{"iob":-0.242,"basaliob":-0.243,"bolussnooze":0,"activity":-0.0027,"lastBolusTime":1702893506960,"time":"2023-12-18T14:43:29.557Z"}}],"profile":{"max_iob":10,"type":"current","max_daily_basal":0.25,"max_basal":0.75,"min_bg":90,"max_bg":90,"target_bg":90,"carb_ratio":12.6,"sens":84,"max_daily_safety_multiplier":5,"current_basal_safety_multiplier":5,"lgsThreshold":95,"high_temptarget_raises_sensitivity":false,"low_temptarget_lowers_sensitivity":false,"sensitivity_raises_target":true,"resistance_lowers_target":true,"adv_target_adjustments":false,"exercise_mode":false,"half_basal_exercise_target":160,"maxCOB":120,"skip_neutral_temps":false,"remainingCarbsCap":90,"enableUAM":true,"A52_risk_enable":false,"SMBInterval":5,"enableSMB_with_COB":true,"enableSMB_with_temptarget":false,"allowSMB_with_high_temptarget":false,"enableSMB_always":false,"enableSMB_after_carbs":true,"maxSMBBasalMinutes":120,"maxUAMSMBBasalMinutes":120,"bolus_increment":0.05,"carbsReqThreshold":1,"current_basal":0.15000000596046448,"temptargetSet":false,"autosens_max":1.2,"autosens_min":0.7,"variable_sens":106,"insulinDivisor":75,"TDD":20.179846514359998},"autosens_data":{"ratio":1},"meal_data":{"carbs":0,"mealCOB":0,"slopeFromMaxDeviation":-0.2688888888888889,"slopeFromMinDeviation":0,"lastBolusTime":1702893506960,"lastCarbTime":0},"microBolusAllowed":true,"currentTime":1702896510468,"flatBGsDetected":false,"tdd1D":22.354166475186748,"tdd7D":26.782783919711285,"tddLast24H":21.958333164205154,"tddLast4H":1.0583333452542623,"tddLast8to4H":3.754166714350382},"output":{"temp":"absolute","bg":99,"tick":-2,"eventualBG":85,"targetBG":90,"insulinReq":0,"deliverAt":"2023-12-18T10:48:30.468Z","sensitivityRatio":1,"variable_sens":106,"predBGs":{"IOB":[99,97,95,94,92,91,89,88,87,86,86,85,84,84,84,83,83,83,82,82,82,82,82,82,81],"ZT":[99,98,96,95,94,93,92,92,91,91,91,91,91,91,91,91,92,92,93,93,94,95,96,97,97]},"reason":"COB: 0, Dev: -1, BGI: -1, ISF: 106, CR: 12.6, Target: 90, minPredBG 86, minGuardBG 81, IOBpredBG 81; 1 add'l carbs req w\/in 15m; minGuardBG 81<95 25m left and 0 ~ req 0U\/hr: no temp required","COB":0,"IOB":0.126,"carbsReq":1,"carbsReqWithin":15,"timestamp":"2023-12-18T10:48:30.490Z"}}