{"algorithm":"OpenAPSSMBDynamicISFPlugin","input":{"glucoseStatus":{"glucose":94,"noise":0,"delta":0,"short_avgdelta":0.11,"long_avgdelta":-0.24,"date":1702965475000},"currenttemp":{"temp":"absolute","duration":25,"rate":0.35,"minutesrunning":5},"iob_data":[{"iob":0.005,"basaliob":-0.085,"bolussnooze":0,"activity":0.0011,"lastBolusTime":1702960749327,"time":"2023-12-19T05:59:09.600Z","iobWithZeroTemp":{"iob":0.005,"basaliob":-0.085,"bolussnooze":0,"activity":0.0011,"lastBolusTime":1702960749327,"time":"2023-12-19T05:59:09.600Z"}},{"iob":-0.001,"basaliob":-0.083,"bolussnooze":0,"activity":9.0E-4,"lastBolusTime":1702960749327,"time":"2023-12-19T06:04:09.600Z","iobWithZeroTemp":{"iob":-0.018,"basaliob":-0.1,"bolussnooze":0,"activity":9.0E-4,"lastBolusTime":1702960749327,"time":"2023-12-19T06:04:09.600Z"}},{"iob":-0.004,"basaliob":-0.08,"bolussnooze":0,"activity":7.0E-4,"lastBolusTime":1702960749327,"time":"2023-12-19T06:09:09.600Z","iobWithZeroTemp":{"iob":-0.041,"basaliob":-0.117,"bolussnooze":0,"activity":6.0E-4,"lastBolusTime":1702960749327,"time":"2023-12-19T06:09:09.600Z"}},{"iob":-0.008,"basaliob":-0.077,"bolussnooze":0,"activity":5.0E-4,"lastBolusTime":1702960749327,"time":"2023-12-19T06:14:09.600Z","iobWithZeroTemp":{"iob":-0.066,"basaliob":-0.135,"bolussnooze":0,"activity":3.0E-4,"lastBolusTime":1702960749327,"time":"2023-12-19T06:14:09.600Z"}},{"iob":-0.01,"basaliob":-0.073,"bolussnooze":0,"activity":4.0E-4,"lastBolusTime":1702960749327,"time":"2023-12-19T06:19:09.600Z","iobWithZeroTemp":{"iob":-0.087,"basaliob":-0.15,"bolussnooze":0,"activity":1.0E-4,"lastBolusTime":1702960749327,"time":"2023-12-19T06:19:09.600Z"}},{"iob":-0.012,"basaliob":-0.07,"bolussnooze":0,"activity":4.0E-4,"lastBolusTime":1702960749327,"time":"2023-12-19T06:24:09.600Z","iobWithZeroTemp":{"iob":-0.108,"basaliob":-0.166,"bolussnooze":0,"activity":0,"lastBolusTime":1702960749327,"time":"2023-12-19T06:24:09.600Z"}},{"iob":-0.013,"basaliob":-0.066,"bolussnooze":0,"activity":3.0E-4,"lastBolusTime":1702960749327,"time":"2023-12-19T06:29:09.600Z","iobWithZeroTemp":{"iob":-0.127,"basaliob":-0.18,"bolussnooze":0,"activity":-3.0E-4,"lastBolusTime":1702960749327,"time":"2023-12-19T06:29:09.600Z"}},{"iob":-0.015,"basaliob":-0.063,"bolussnooze":0,"activity":2.0E-4,"lastBolusTime":1702960749327,"time":"2023-12-19T06:34:09.600Z","iobWithZeroTemp":{"iob":-0.147,"basaliob":-0.195,"bolussnooze":0,"activity":-6.0E-4,"lastBolusTime":1702960749327,"time":"2023-12-19T06:34:09.600Z"}},{"iob":-0.014,"basaliob":-0.058,"bolussnooze":0,"activity":1.0E-4,"lastBolusTime":1702960749327,"time":"2023-12-19T06:39:09.600Z","iobWithZeroTemp":{"iob":-0.163,"basaliob":-0.207,"bolussnooze":0,"activity":-8.0E-4,"lastBolusTime":1702960749327,"time":"2023-12-19T06:39:09.600Z"}},{"iob":-0.015,"basaliob":-0.055,"bolussnooze":0,"activity":1.0E-4,"lastBolusTime":1702960749327,"time":"2023-12-19T06:44:09.600Z","iobWithZeroTemp":{"iob":-0.179,"basaliob":-0.219,"bolussnooze":0,"activity":-0.001,"lastBolusTime":1702960749327,"time":"2023-12-19T06:44:09.600Z"}},{"iob":-0.015,"basaliob":-0.051,"bolussnooze":0,"activity":0,"lastBolusTime":1702960749327,"time":"2023-12-19T06:49:09.600Z","iobWithZeroTemp":{"iob":-0.194,"basaliob":-0.23,"bolussnooze":0,"activity":-0.0013,"lastBolusTime":1702960749327,"time":"2023-12-19T06:49:09.600Z"}},{"iob":-0.015,"basaliob":-0.048,"bolussnooze":0,"activity":0,"lastBolusTime":1702960749327,"time":"2023-12-19T06:54:09.600Z","iobWithZeroTemp":{"iob":-0.208,"basaliob":-0.241,"bolussnooze":0,"activity":-0.0015,"lastBolusTime":1702960749327,"time":"2023-12-19T06:54:09.600Z"}},{"iob":-0.016,"basaliob":-0.045,"bolussnooze":0,"activity":0,"lastBolusTime":1702960749327,"time":"2023-12-19T06:59:09.600Z","iobWithZeroTemp":{"iob":-0.222,"basaliob":-0.251,"bolussnooze":0,"activity":-0.0016,"lastBolusTime":1702960749327,"time":"2023-12-19T06:59:09.600Z"}},{"iob":-0.015,"basaliob":-0.042,"bolussnooze":0,"activity":0,"lastBolusTime":1702960749327,"time":"2023-12-19T07:04:09.600Z","iobWithZeroTemp":{"iob":-0.225,"basaliob":-0.252,"bolussnooze":0,"activity":-0.0018,"lastBolusTime":1702960749327,"time":"2023-12-19T07:04:09.600Z"}},{"iob":-0.015,"basaliob":-0.039,"bolussnooze":0,"activity":-1.0E-4,"lastBolusTime":1702960749327,"time":"2023-12-19T07:09:09.600Z","iobWithZeroTemp":{"iob":-0.228,"basaliob":-0.252,"bolussnooze":0,"activity":-0.002,"lastBolusTime":1702960749327,"time":"2023-12-19T07:09:09.600Z"}},{"iob":-0.014,"basaliob":-0.036,"bolussnooze":0,"activity":-1.0E-4,"lastBolusTime":1702960749327,"time":"2023-12-19T07:14:09.600Z","iobWithZeroTemp":{"iob":-0.23,"basaliob":-0.252,"bolussnooze":0,"activity":-0.0022,"lastBolusTime":1702960749327,"time":"2023-12-19T07:14:09.600Z"}},{"iob":-0.014,"basaliob":-0.033,"bolussnooze":0,"activity":-1.0E-4,"lastBolusTime":1702960749327,"time":"2023-12-19T07:19:09.600Z","iobWithZeroTemp":{"iob":-0.232,"basaliob":-0.251,"bolussnooze":0,"activity":-0.0023,"lastBolusTime":1702960749327,"time":"2023-12-19T07:19:09.600Z"}},{"iob":-0.013,"basaliob":-0.03,"bolussnooze":0,"activity":-1.0E-4,"lastBolusTime":1702960749327,"time":"2023-12-19T07:24:09.600Z","iobWithZeroTemp":{"iob":-0.233,"basaliob":-0.25,"bolussnooze":0,"activity":-0.0023,"lastBolusTime":1702960749327,"time":"2023-12-19T07:24:09.600Z"}},{"iob":-0.013,"basaliob":-0.028,"bolussnooze":0,"activity":-2.0E-4,"lastBolusTime":1702960749327,"time":"2023-12-19T07:29:09.600Z","iobWithZeroTemp":{"iob":-0.234,"basaliob":-0.249,"bolussnooze":0,"activity":-0.0025,"lastBolusTime":1702960749327,"time":"2023-12-19T07:29:09.600Z"}},{"iob":-0.012,"basaliob":-0.026,"bolussnooze":0,"activity":-1.0E-4,"lastBolusTime":1702960749327,"time":"2023-12-19T07:34:09.600Z","iobWithZeroTemp":{"iob":-0.234,"basaliob":-0.248,"bolussnooze":0,"activity":-0.0025,"lastBolusTime":1702960749327,"time":"2023-12-19T07:34:09.600Z"}},{"iob":-0.012,"basaliob":-0.024,"bolussnooze":0,"activity":-1.0E-4,"lastBolusTime":1702960749327,"time":"2023-12-19T07:39:09.600Z","iobWithZeroTemp":{"iob":-0.234,"basaliob":-0.246,"bolussnooze":0,"activity":-0.0025,"lastBolusTime":1702960749327,"time":"2023-12-19T07:39:09.600Z"}},{"iob":-0.011,"basaliob":-0.022,"bolussnooze":0,"activity":-1.0E-4,"lastBolusTime":1702960749327,"time":"2023-12-19T07:44:09.600Z","iobWithZeroTemp":{"iob":-0.234,"basaliob":-0.245,"bolussnooze":0,"activity":-0.0026,"lastBolusTime":1702960749327,"time":"2023-12-19T07:44:09.600Z"}},{"iob":-0.01,"basaliob":-0.02,"bolussnooze":0,"activity":-2.0E-4,"lastBolusTime":1702960749327,"time":"2023-12-19T07:49:09.600Z","iobWithZeroTemp":{"iob":-0.233,"basaliob":-0.243,"bolussnooze":0,"activity":-0.0027,"lastBolusTime":1702960749327,"time":"2023-12-19T07:49:09.600Z"}},{"iob":-0.009,"basaliob":-0.018,"bolussnooze":0,"activity":-1.0E-4,"lastBolusTime":1702960749327,"time":"2023-12-19T07:54:09.600Z","iobWithZeroTemp":{"iob":-0.232,"basaliob":-0.241,"bolussnooze":0,"activity":-0.0026,"lastBolusTime":1702960749327,"time":"2023-12-19T07:54:09.600Z"}},{"iob":-0.008,"basaliob":-0.016,"bolussnooze":0,"activity":-1.0E-4,"lastBolusTime":1702960749327,"time":"2023-12-19T07:59:09.600Z","iobWithZeroTemp":{"iob":-0.231,"basaliob":-0.239,"bolussnooze":0,"activity":-0.0026,"lastBolusTime":1702960749327,"time":"2023-12-19T07:59:09.600Z"}},{"iob":-0.008,"basaliob":-0.015,"bolussnooze":0,"activity":-1.0E-4,"lastBolusTime":1702960749327,"time":"2023-12-19T08:04:09.600Z","iobWithZeroTemp":{"iob":-0.23,"basaliob":-0.237,"bolussnooze":0,"activity":-0.0027,"lastBolusTime":1702960749327,"time":"2023-12-19T08:04:09.600Z"}},{"iob":-0.008,"basaliob":-0.014,"bolussnooze":0,"activity":-1.0E-4,"lastBolusTime":1702960749327,"time":"2023-12-19T08:09:09.600Z","iobWithZeroTemp":{"iob":-0.23,"basaliob":-0.236,"bolussnooze":0,"activity":-0.0027,"lastBolusTime":1702960749327,"time":"2023-12-19T08:09:09.600Z"}},{"iob":-0.007,"basaliob":-0.012,"bolussnooze":0,"activity":-1.0E-4,"lastBolusTime":1702960749327,"time":"2023-12-19T08:14:09.600Z","iobWithZeroTemp":{"iob":-0.229,"basaliob":-0.234,"bolussnooze":0,"activity":-0.0027,"lastBolusTime":1702960749327,"time":"2023-12-19T08:14:09.600Z"}},{"iob":-0.006,"basaliob":-0.011,"bolussnooze":0,"activity":-1.0E-4,"lastBolusTime":1702960749327,"time":"2023-12-19T08:19:09.600Z","iobWithZeroTemp":{"iob":-0.227,"basaliob":-0.232,"bolussnooze":0,"activity":-0.0027,"lastBolusTime":1702960749327,"time":"2023-12-19T08:19:09.600Z"}},{"iob":-0.006,"basaliob":-0.01,"bolussnooze":0,"activity":-1.0E-4,"lastBolusTime":1702960749327,"time":"2023-12-19T08:24:09.600Z","iobWithZeroTemp":{"iob":-0.227,"basaliob":-0.231,"bolussnooze":0,"activity":-0.0027,"lastBolusTime":1702960749327,"time":"2023-12-19T08:24:09.600Z"}},{"iob":-0.006,"basaliob":-0.009,"bolussnooze":0,"activity":-1.0E-4,"lastBolusTime":1702960749327,"time":"2023-12-19T08:29:09.600Z","iobWithZeroTemp":{"iob":-0.226,"basaliob":-0.229,"bolussnooze":0,"activity":-0.0027,"lastBolusTime":1702960749327,"time":"2023-12-19T08:29:09.600Z"}},{"iob":-0.005,"basaliob":-0.008,"bolussnooze":0,"activity":-1.0E-4,"lastBolusTime":1702960749327,"time":"2023-12-19T08:34:09.600Z","iobWithZeroTemp":{"iob":-0.225,"basaliob":-0.228,"bolussnooze":0,"activity":-0.0027,"lastBolusTime":1702960749327,"time":"2023-12-19T08:34:09.600Z"}},{"iob":-0.004,"basaliob":-0.007,"bolussnooze":0,"activity":-1.0E-4,"lastBolusTime":1702960749327,"time":"2023-12-19T08:39:09.600Z","iobWithZeroTemp":{"iob":-0.223,"basaliob":-0.226,"bolussnooze":0,"activity":-0.0027,"lastBolusTime":1702960749327,"time":"2023-12-19T08:39:09.600Z"}},{"iob":-0.005,"basaliob":-0.007,"bolussnooze":0,"activity":0,"lastBolusTime":1702960749327,"time":"2023-12-19T08:44:09.600Z","iobWithZeroTemp":{"iob":-0.224,"basaliob":-0.226,"bolussnooze":0,"activity":-0.0026,"lastBolusTime":1702960749327,"time":"2023-12-19T08:44:09.600Z"}},{"iob":-0.004,"basaliob":-0.006,"bolussnooze":0,"activity":0,"lastBolusTime":1702960749327,"time":"2023-12-19T08:49:09.600Z","iobWithZeroTemp":{"iob":-0.222,"basaliob":-0.224,"bolussnooze":0,"activity":-0.0026,"lastBolusTime":1702960749327,"time":"2023-12-19T08:49:09.600Z"}},{"iob":-0.003,"basaliob":-0.005,"bolussnooze":0,"activity":0,"lastBolusTime":1702960749327,"time":"2023-12-19T08:54:09.600Z","iobWithZeroTemp":{"iob":-0.221,"basaliob":-0.223,"bolussnooze":0,"activity":-0.0026,"lastBolusTime":1702960749327,"time":"2023-12-19T08:54:09.600Z"}},{"iob":-0.004,"basaliob":-0.005,"bolussnooze":0,"activity":-1.0E-4,"lastBolusTime":1702960749327,"time":"2023-12-19T08:59:09.600Z","iobWithZeroTemp":{"iob":-0.221,"basaliob":-0.222,"bolussnooze":0,"activity":-0.0027,"lastBolusTime":1702960749327,"time":"2023-12-19T08:59:09.600Z"}},{"iob":-0.003,"basaliob":-0.004,"bolussnooze":0,"activity":-1.0E-4,"lastBolusTime":1702960749327,"time":"2023-12-19T09:04:09.600Z","iobWithZeroTemp":{"iob":-0.224,"basaliob":-0.225,"bolussnooze":0,"activity":-0.0027,"lastBolusTime":1702960749327,"time":"2023-12-19T09:04:09.600Z"}},{"iob":-0.003,"basaliob":-0.004,"bolussnooze":0,"activity":-1.0E-4,"lastBolusTime":1702960749327,"time":"2023-12-19T09:09:09.600Z","iobWithZeroTemp":{"iob":-0.228,"basaliob":-0.229,"bolussnooze":0,"activity":-0.0027,"lastBolusTime":1702960749327,"time":"2023-12-19T09:09:09.600Z"}},{"iob":-0.002,"basaliob":-0.003,"bolussnooze":0,"activity":-1.0E-4,"lastBolusTime":1702960749327,"time":"2023-12-19T09:14:09.600Z","iobWithZeroTemp":{"iob":-0.23,"basaliob":-0.231,"bolussnooze":0,"activity":-0.0027,"lastBolusTime":1702960749327,"time":"2023-12-19T09:14:09.600Z"}},{"iob":-0.002,"basaliob":-0.003,"bolussnooze":0,"activity":-1.0E-4,"lastBolusTime":1702960749327,"time":"2023-12-19T09:19:09.600Z","iobWithZeroTemp":{"iob":-0.234,"basaliob":-0.235,"bolussnooze":0,"activity":-0.0027,"lastBolusTime":1702960749327,"time":"2023-12-19T09:19:09.600Z"}},{"iob":-0.002,"basaliob":-0.003,"bolussnooze":0,"activity":-1.0E-4,"lastBolusTime":1702960749327,"time":"2023-12-19T09:24:09.600Z","iobWithZeroTemp":{"iob":-0.237,"basaliob":-0.238,"bolussnooze":0,"activity":-0.0028,"lastBolusTime":1702960749327,"time":"2023-12-19T09:24:09.600Z"}},{"iob":-0.002,"basaliob":-0.002,"bolussnooze":0,"activity":-1.0E-4,"lastBolusTime":1702960749327,"time":"2023-12-19T09:29:09.600Z","iobWithZeroTemp":{"iob":-0.24,"basaliob":-0.24,"bolussnooze":0,"activity":-0.0028,"lastBolusTime":1702960749327,"time":"2023-12-19T09:29:09.600Z"}},{"iob":-0.002,"basaliob":-0.002,"bolussnooze":0,"activity":-1.0E-4,"lastBolusTime":1702960749327,"time":"2023-12-19T09:34:09.600Z","iobWithZeroTemp":{"iob":-0.243,"basaliob":-0.243,"bolussnooze":0,"activity":-0.0028,"lastBolusTime":1702960749327,"time":"2023-12-19T09:34:09.600Z"}},{"iob":-0.002,"basaliob":-0.002,"bolussnooze":0,"activity":0,"lastBolusTime":1702960749327,"time":"2023-12-19T09:39:09.600Z","iobWithZeroTemp":{"iob":-0.246,"basaliob":-0.246,"bolussnooze":0,"activity":-0.0028,"lastBolusTime":1702960749327,"time":"2023-12-19T09:39:09.600Z"}},{"iob":-0.001,"basaliob":-0.001,"bolussnooze":0,"activity":0,"lastBolusTime":1702960749327,"time":"2023-12-19T09:44:09.600Z","iobWithZeroTemp":{"iob":-0.248,"basaliob":-0.248,"bolussnooze":0,"activity":-0.0028,"lastBolusTime":1702960749327,"time":"2023-12-19T09:44:09.600Z"}},{"iob":-0.001,"basaliob":-0.001,"bolussnooze":0,"activity":0,"lastBolusTime":1702960749327,"time":"2023-12-19T09:49:09.600Z","iobWithZeroTemp":{"iob":-0.251,"basaliob":-0.251,"bolussnooze":0,"activity":-0.0028,"lastBolusTime":1702960749327,"time":"2023-12-19T09:49:09.600Z"}},{"iob":-0.001,"basaliob":-0.001,"bolussnooze":0,"activity":0,"lastBolusTime":1702960749327,"time":"2023-12-19T09:54:09.600Z","iobWithZeroTemp":{"iob":-0.253,"basaliob":-0.253,"bolussnooze":0,"activity":-0.0029,"lastBolusTime":1702960749327,"time":"2023-12-19T09:54:09.600Z"}}],"profile":{"max_iob":10,"type":"current","max_daily_basal":0.25,"max_basal":1,"min_bg":90,"max_bg":90,"target_bg":90,"carb_ratio":12.6,"sens":84,"max_daily_safety_multiplier":5,"current_basal_safety_multiplier":5,"lgsThreshold":95,"high_temptarget_raises_sensitivity":false,"low_temptarget_lowers_sensitivity":false,"sensitivity_raises_target":true,"resistance_lowers_target":true,"adv_target_adjustments":false,"exercise_mode":false,"half_basal_exercise_target":160,"maxCOB":120,"skip_neutral_temps":false,"remainingCarbsCap":90,"enableUAM":true,"A52_risk_enable":false,"SMBInterval":5,"enableSMB_with_COB":true,"enableSMB_with_temptarget":false,"allowSMB_with_high_temptarget":false,"enableSMB_always":false,"enableSMB_after_carbs":true,"maxSMBBasalMinutes":120,"maxUAMSMBBasalMinutes":120,"bolus_increment":0.05,"carbsReqThreshold":1,"current_basal":0.20000000298023224,"temptargetSet":false,"autosens_max":1.2,"autosens_min":0.7,"variable_sens":120.4,"insulinDivisor":75,"TDD":18.408035410778027},"autosens_data":{"ratio":1},"meal_data":{"carbs":5,"mealCOB":0,"slopeFromMaxDeviation":-0.45999999999999985,"slopeFromMinDeviation":0.549,"lastBolusTime":1702960749327,"lastCarbTime":1702952702000},"microBolusAllowed":true,"currentTime":1702965551044,"flatBGsDetected":false,"tdd1D":20.141666612277426,"tdd7D":26.78606000595613,"tddLast24H":19.34166663090388,"tddLast4H":1.0416666741172471,"tddLast8to4H":2.037500027567148},"output":{"temp":"absolute","bg":94,"tick":"+0","eventualBG":97,"targetBG":90,"insulinReq":0,"deliverAt":"2023-12-19T05:59:11.044Z","sensitivityRatio":1,"variable_sens":120.4,"predBGs":{"IOB":[94,94,94,94,94,94,95,95,95,95,95,95,95,95,95,95,95,95,95,95,95,96,96,96,96,96,96,96,96,96,96,96,96,96,96,96,96,96,96,96,97],"ZT":[94,93,93,92,92,92,92,92,93,93,94,95,96,96],"UAM":[94,94,93,93,92,92,92,92,92,91,91,91,91,91,91,91,92,92,92,92,92,92,92,92,92,92,92,92,92,92,93]},"reason":"COB: 0, Dev: 4, BGI: -1, ISF: 120, CR: 12.6, Target: 90, minPredBG 92, minGuardBG 91, IOBpredBG 97, UAMpredBG 93; minGuardBG 91<95","COB":0,"IOB":0.005,"duration":30,"rate":0,"timestamp":"2023-12-19T05:59:11.068Z"}}