{"algorithm":"OpenAPSSMBDynamicISFPlugin","input":{"glucoseStatus":{"glucose":87,"noise":0,"delta":-5,"short_avgdelta":-4.5,"long_avgdelta":-2.3,"date":1702928273000},"currenttemp":{"temp":"absolute","duration":80,"rate":0,"minutesrunning":10},"iob_data":[{"iob":-0.081,"basaliob":-0.096,"bolussnooze":0,"activity":-9.0E-4,"lastBolusTime":1702916312788,"time":"2023-12-18T19:38:23.586Z","iobWithZeroTemp":{"iob":-0.081,"basaliob":-0.096,"bolussnooze":0,"activity":-9.0E-4,"lastBolusTime":1702916312788,"time":"2023-12-18T19:38:23.586Z"}},{"iob":-0.077,"basaliob":-0.09,"bolussnooze":0,"activity":-8.0E-4,"lastBolusTime":1702916312788,"time":"2023-12-18T19:43:23.586Z","iobWithZeroTemp":{"iob":-0.087,"basaliob":-0.1,"bolussnooze":0,"activity":-8.0E-4,"lastBolusTime":1702916312788,"time":"2023-12-18T19:43:23.586Z"}},{"iob":-0.073,"basaliob":-0.084,"bolussnooze":0,"activity":-9.0E-4,"lastBolusTime":1702916312788,"time":"2023-12-18T19:48:23.586Z","iobWithZeroTemp":{"iob":-0.095,"basaliob":-0.106,"bolussnooze":0,"activity":-9.0E-4,"lastBolusTime":1702916312788,"time":"2023-12-18T19:48:23.586Z"}},{"iob":-0.068,"basaliob":-0.078,"bolussnooze":0,"activity":-8.0E-4,"lastBolusTime":1702916312788,"time":"2023-12-18T19:53:23.586Z","iobWithZeroTemp":{"iob":-0.103,"basaliob":-0.113,"bolussnooze":0,"activity":-9.0E-4,"lastBolusTime":1702916312788,"time":"2023-12-18T19:53:23.586Z"}},{"iob":-0.065,"basaliob":-0.073,"bolussnooze":0,"activity":-8.0E-4,"lastBolusTime":1702916312788,"time":"2023-12-18T19:58:23.586Z","iobWithZeroTemp":{"iob":-0.111,"basaliob":-0.119,"bolussnooze":0,"activity":-0.001,"lastBolusTime":1702916312788,"time":"2023-12-18T19:58:23.586Z"}},{"iob":-0.06,"basaliob":-0.067,"bolussnooze":0,"activity":-9.0E-4,"lastBolusTime":1702916312788,"time":"2023-12-18T20:03:23.586Z","iobWithZeroTemp":{"iob":-0.118,"basaliob":-0.125,"bolussnooze":0,"activity":-0.0012,"lastBolusTime":1702916312788,"time":"2023-12-18T20:03:23.586Z"}},{"iob":-0.056,"basaliob":-0.062,"bolussnooze":0,"activity":-8.0E-4,"lastBolusTime":1702916312788,"time":"2023-12-18T20:08:23.586Z","iobWithZeroTemp":{"iob":-0.125,"basaliob":-0.131,"bolussnooze":0,"activity":-0.0012,"lastBolusTime":1702916312788,"time":"2023-12-18T20:08:23.586Z"}},{"iob":-0.052,"basaliob":-0.057,"bolussnooze":0,"activity":-7.0E-4,"lastBolusTime":1702916312788,"time":"2023-12-18T20:13:23.586Z","iobWithZeroTemp":{"iob":-0.131,"basaliob":-0.136,"bolussnooze":0,"activity":-0.0012,"lastBolusTime":1702916312788,"time":"2023-12-18T20:13:23.586Z"}},{"iob":-0.049,"basaliob":-0.053,"bolussnooze":0,"activity":-8.0E-4,"lastBolusTime":1702916312788,"time":"2023-12-18T20:18:23.586Z","iobWithZeroTemp":{"iob":-0.138,"basaliob":-0.142,"bolussnooze":0,"activity":-0.0014,"lastBolusTime":1702916312788,"time":"2023-12-18T20:18:23.586Z"}},{"iob":-0.044,"basaliob":-0.048,"bolussnooze":0,"activity":-7.0E-4,"lastBolusTime":1702916312788,"time":"2023-12-18T20:23:23.586Z","iobWithZeroTemp":{"iob":-0.143,"basaliob":-0.147,"bolussnooze":0,"activity":-0.0014,"lastBolusTime":1702916312788,"time":"2023-12-18T20:23:23.586Z"}},{"iob":-0.041,"basaliob":-0.044,"bolussnooze":0,"activity":-7.0E-4,"lastBolusTime":1702916312788,"time":"2023-12-18T20:28:23.586Z","iobWithZeroTemp":{"iob":-0.148,"basaliob":-0.151,"bolussnooze":0,"activity":-0.0015,"lastBolusTime":1702916312788,"time":"2023-12-18T20:28:23.586Z"}},{"iob":-0.037,"basaliob":-0.04,"bolussnooze":0,"activity":-6.0E-4,"lastBolusTime":1702916312788,"time":"2023-12-18T20:33:23.586Z","iobWithZeroTemp":{"iob":-0.153,"basaliob":-0.156,"bolussnooze":0,"activity":-0.0015,"lastBolusTime":1702916312788,"time":"2023-12-18T20:33:23.586Z"}},{"iob":-0.035,"basaliob":-0.037,"bolussnooze":0,"activity":-6.0E-4,"lastBolusTime":1702916312788,"time":"2023-12-18T20:38:23.586Z","iobWithZeroTemp":{"iob":-0.159,"basaliob":-0.161,"bolussnooze":0,"activity":-0.0016,"lastBolusTime":1702916312788,"time":"2023-12-18T20:38:23.586Z"}},{"iob":-0.032,"basaliob":-0.034,"bolussnooze":0,"activity":-5.0E-4,"lastBolusTime":1702916312788,"time":"2023-12-18T20:43:23.586Z","iobWithZeroTemp":{"iob":-0.163,"basaliob":-0.165,"bolussnooze":0,"activity":-0.0016,"lastBolusTime":1702916312788,"time":"2023-12-18T20:43:23.586Z"}},{"iob":-0.03,"basaliob":-0.031,"bolussnooze":0,"activity":-5.0E-4,"lastBolusTime":1702916312788,"time":"2023-12-18T20:48:23.586Z","iobWithZeroTemp":{"iob":-0.168,"basaliob":-0.169,"bolussnooze":0,"activity":-0.0017,"lastBolusTime":1702916312788,"time":"2023-12-18T20:48:23.586Z"}},{"iob":-0.027,"basaliob":-0.028,"bolussnooze":0,"activity":-4.0E-4,"lastBolusTime":1702916312788,"time":"2023-12-18T20:53:23.586Z","iobWithZeroTemp":{"iob":-0.171,"basaliob":-0.172,"bolussnooze":0,"activity":-0.0017,"lastBolusTime":1702916312788,"time":"2023-12-18T20:53:23.586Z"}},{"iob":-0.024,"basaliob":-0.025,"bolussnooze":0,"activity":-5.0E-4,"lastBolusTime":1702916312788,"time":"2023-12-18T20:58:23.586Z","iobWithZeroTemp":{"iob":-0.174,"basaliob":-0.175,"bolussnooze":0,"activity":-0.0019,"lastBolusTime":1702916312788,"time":"2023-12-18T20:58:23.586Z"}},{"iob":-0.022,"basaliob":-0.023,"bolussnooze":0,"activity":-5.0E-4,"lastBolusTime":1702916312788,"time":"2023-12-18T21:03:23.586Z","iobWithZeroTemp":{"iob":-0.178,"basaliob":-0.179,"bolussnooze":0,"activity":-0.002,"lastBolusTime":1702916312788,"time":"2023-12-18T21:03:23.586Z"}},{"iob":-0.02,"basaliob":-0.021,"bolussnooze":0,"activity":-4.0E-4,"lastBolusTime":1702916312788,"time":"2023-12-18T21:08:23.586Z","iobWithZeroTemp":{"iob":-0.181,"basaliob":-0.182,"bolussnooze":0,"activity":-0.0019,"lastBolusTime":1702916312788,"time":"2023-12-18T21:08:23.586Z"}},{"iob":-0.019,"basaliob":-0.019,"bolussnooze":0,"activity":-4.0E-4,"lastBolusTime":1702916312788,"time":"2023-12-18T21:13:23.586Z","iobWithZeroTemp":{"iob":-0.184,"basaliob":-0.184,"bolussnooze":0,"activity":-0.002,"lastBolusTime":1702916312788,"time":"2023-12-18T21:13:23.586Z"}},{"iob":-0.017,"basaliob":-0.017,"bolussnooze":0,"activity":-4.0E-4,"lastBolusTime":1702916312788,"time":"2023-12-18T21:18:23.586Z","iobWithZeroTemp":{"iob":-0.186,"basaliob":-0.186,"bolussnooze":0,"activity":-0.0021,"lastBolusTime":1702916312788,"time":"2023-12-18T21:18:23.586Z"}},{"iob":-0.015,"basaliob":-0.015,"bolussnooze":0,"activity":-3.0E-4,"lastBolusTime":1702916312788,"time":"2023-12-18T21:23:23.586Z","iobWithZeroTemp":{"iob":-0.188,"basaliob":-0.188,"bolussnooze":0,"activity":-0.002,"lastBolusTime":1702916312788,"time":"2023-12-18T21:23:23.586Z"}},{"iob":-0.014,"basaliob":-0.014,"bolussnooze":0,"activity":-3.0E-4,"lastBolusTime":1702916312788,"time":"2023-12-18T21:28:23.586Z","iobWithZeroTemp":{"iob":-0.191,"basaliob":-0.191,"bolussnooze":0,"activity":-0.0021,"lastBolusTime":1702916312788,"time":"2023-12-18T21:28:23.586Z"}},{"iob":-0.012,"basaliob":-0.012,"bolussnooze":0,"activity":-3.0E-4,"lastBolusTime":1702916312788,"time":"2023-12-18T21:33:23.586Z","iobWithZeroTemp":{"iob":-0.192,"basaliob":-0.192,"bolussnooze":0,"activity":-0.0022,"lastBolusTime":1702916312788,"time":"2023-12-18T21:33:23.586Z"}},{"iob":-0.011,"basaliob":-0.011,"bolussnooze":0,"activity":-2.0E-4,"lastBolusTime":1702916312788,"time":"2023-12-18T21:38:23.586Z","iobWithZeroTemp":{"iob":-0.194,"basaliob":-0.194,"bolussnooze":0,"activity":-0.0021,"lastBolusTime":1702916312788,"time":"2023-12-18T21:38:23.586Z"}},{"iob":-0.01,"basaliob":-0.01,"bolussnooze":0,"activity":-2.0E-4,"lastBolusTime":1702916312788,"time":"2023-12-18T21:43:23.586Z","iobWithZeroTemp":{"iob":-0.196,"basaliob":-0.196,"bolussnooze":0,"activity":-0.0022,"lastBolusTime":1702916312788,"time":"2023-12-18T21:43:23.586Z"}},{"iob":-0.009,"basaliob":-0.009,"bolussnooze":0,"activity":-2.0E-4,"lastBolusTime":1702916312788,"time":"2023-12-18T21:48:23.586Z","iobWithZeroTemp":{"iob":-0.198,"basaliob":-0.198,"bolussnooze":0,"activity":-0.0022,"lastBolusTime":1702916312788,"time":"2023-12-18T21:48:23.586Z"}},{"iob":-0.008,"basaliob":-0.008,"bolussnooze":0,"activity":-2.0E-4,"lastBolusTime":1702916312788,"time":"2023-12-18T21:53:23.586Z","iobWithZeroTemp":{"iob":-0.199,"basaliob":-0.199,"bolussnooze":0,"activity":-0.0023,"lastBolusTime":1702916312788,"time":"2023-12-18T21:53:23.586Z"}},{"iob":-0.007,"basaliob":-0.007,"bolussnooze":0,"activity":-2.0E-4,"lastBolusTime":1702916312788,"time":"2023-12-18T21:58:23.586Z","iobWithZeroTemp":{"iob":-0.2,"basaliob":-0.2,"bolussnooze":0,"activity":-0.0023,"lastBolusTime":1702916312788,"time":"2023-12-18T21:58:23.586Z"}},{"iob":-0.006,"basaliob":-0.006,"bolussnooze":0,"activity":-1.0E-4,"lastBolusTime":1702916312788,"time":"2023-12-18T22:03:23.586Z","iobWithZeroTemp":{"iob":-0.205,"basaliob":-0.205,"bolussnooze":0,"activity":-0.0022,"lastBolusTime":1702916312788,"time":"2023-12-18T22:03:23.586Z"}},{"iob":-0.006,"basaliob":-0.006,"bolussnooze":0,"activity":-1.0E-4,"lastBolusTime":1702916312788,"time":"2023-12-18T22:08:23.586Z","iobWithZeroTemp":{"iob":-0.211,"basaliob":-0.211,"bolussnooze":0,"activity":-0.0023,"lastBolusTime":1702916312788,"time":"2023-12-18T22:08:23.586Z"}},{"iob":-0.005,"basaliob":-0.005,"bolussnooze":0,"activity":-1.0E-4,"lastBolusTime":1702916312788,"time":"2023-12-18T22:13:23.586Z","iobWithZeroTemp":{"iob":-0.215,"basaliob":-0.215,"bolussnooze":0,"activity":-0.0023,"lastBolusTime":1702916312788,"time":"2023-12-18T22:13:23.586Z"}},{"iob":-0.004,"basaliob":-0.004,"bolussnooze":0,"activity":-1.0E-4,"lastBolusTime":1702916312788,"time":"2023-12-18T22:18:23.586Z","iobWithZeroTemp":{"iob":-0.22,"basaliob":-0.22,"bolussnooze":0,"activity":-0.0024,"lastBolusTime":1702916312788,"time":"2023-12-18T22:18:23.586Z"}},{"iob":-0.004,"basaliob":-0.004,"bolussnooze":0,"activity":-1.0E-4,"lastBolusTime":0,"time":"2023-12-18T22:23:23.586Z","iobWithZeroTemp":{"iob":-0.225,"basaliob":-0.225,"bolussnooze":0,"activity":-0.0025,"lastBolusTime":0,"time":"2023-12-18T22:23:23.586Z"}},{"iob":-0.003,"basaliob":-0.003,"bolussnooze":0,"activity":-1.0E-4,"lastBolusTime":0,"time":"2023-12-18T22:28:23.586Z","iobWithZeroTemp":{"iob":-0.228,"basaliob":-0.228,"bolussnooze":0,"activity":-0.0025,"lastBolusTime":0,"time":"2023-12-18T22:28:23.586Z"}},{"iob":-0.003,"basaliob":-0.003,"bolussnooze":0,"activity":-1.0E-4,"lastBolusTime":0,"time":"2023-12-18T22:33:23.586Z","iobWithZeroTemp":{"iob":-0.233,"basaliob":-0.233,"bolussnooze":0,"activity":-0.0026,"lastBolusTime":0,"time":"2023-12-18T22:33:23.586Z"}},{"iob":-0.003,"basaliob":-0.003,"bolussnooze":0,"activity":-1.0E-4,"lastBolusTime":0,"time":"2023-12-18T22:38:23.586Z","iobWithZeroTemp":{"iob":-0.237,"basaliob":-0.237,"bolussnooze":0,"activity":-0.0026,"lastBolusTime":0,"time":"2023-12-18T22:38:23.586Z"}},{"iob":-0.002,"basaliob":-0.002,"bolussnooze":0,"activity":-1.0E-4,"lastBolusTime":0,"time":"2023-12-18T22:43:23.586Z","iobWithZeroTemp":{"iob":-0.24,"basaliob":-0.24,"bolussnooze":0,"activity":-0.0027,"lastBolusTime":0,"time":"2023-12-18T22:43:23.586Z"}},{"iob":-0.002,"basaliob":-0.002,"bolussnooze":0,"activity":-1.0E-4,"lastBolusTime":0,"time":"2023-12-18T22:48:23.586Z","iobWithZeroTemp":{"iob":-0.244,"basaliob":-0.244,"bolussnooze":0,"activity":-0.0027,"lastBolusTime":0,"time":"2023-12-18T22:48:23.586Z"}},{"iob":-0.002,"basaliob":-0.002,"bolussnooze":0,"activity":0,"lastBolusTime":0,"time":"2023-12-18T22:53:23.586Z","iobWithZeroTemp":{"iob":-0.247,"basaliob":-0.247,"bolussnooze":0,"activity":-0.0027,"lastBolusTime":0,"time":"2023-12-18T22:53:23.586Z"}},{"iob":-0.002,"basaliob":-0.002,"bolussnooze":0,"activity":0,"lastBolusTime":0,"time":"2023-12-18T22:58:23.586Z","iobWithZeroTemp":{"iob":-0.25,"basaliob":-0.25,"bolussnooze":0,"activity":-0.0027,"lastBolusTime":0,"time":"2023-12-18T22:58:23.586Z"}},{"iob":-0.001,"basaliob":-0.001,"bolussnooze":0,"activity":0,"lastBolusTime":0,"time":"2023-12-18T23:03:23.586Z","iobWithZeroTemp":{"iob":-0.252,"basaliob":-0.252,"bolussnooze":0,"activity":-0.0028,"lastBolusTime":0,"time":"2023-12-18T23:03:23.586Z"}},{"iob":-0.001,"basaliob":-0.001,"bolussnooze":0,"activity":0,"lastBolusTime":0,"time":"2023-12-18T23:08:23.586Z","iobWithZeroTemp":{"iob":-0.255,"basaliob":-0.255,"bolussnooze":0,"activity":-0.0028,"lastBolusTime":0,"time":"2023-12-18T23:08:23.586Z"}},{"iob":-0.001,"basaliob":-0.001,"bolussnooze":0,"activity":0,"lastBolusTime":0,"time":"2023-12-18T23:13:23.586Z","iobWithZeroTemp":{"iob":-0.257,"basaliob":-0.257,"bolussnooze":0,"activity":-0.0029,"lastBolusTime":0,"time":"2023-12-18T23:13:23.586Z"}},{"iob":-0.001,"basaliob":-0.001,"bolussnooze":0,"activity":0,"lastBolusTime":0,"time":"2023-12-18T23:18:23.586Z","iobWithZeroTemp":{"iob":-0.259,"basaliob":-0.259,"bolussnooze":0,"activity":-0.0029,"lastBolusTime":0,"time":"2023-12-18T23:18:23.586Z"}},{"iob":-0.001,"basaliob":-0.001,"bolussnooze":0,"activity":0,"lastBolusTime":0,"time":"2023-12-18T23:23:23.586Z","iobWithZeroTemp":{"iob":-0.262,"basaliob":-0.262,"bolussnooze":0,"activity":-0.0029,"lastBolusTime":0,"time":"2023-12-18T23:23:23.586Z"}},{"iob":-0.001,"basaliob":-0.001,"bolussnooze":0,"activity":0,"lastBolusTime":0,"time":"2023-12-18T23:28:23.586Z","iobWithZeroTemp":{"iob":-0.263,"basaliob":-0.263,"bolussnooze":0,"activity":-0.003,"lastBolusTime":0,"time":"2023-12-18T23:28:23.586Z"}},{"iob":-0.001,"basaliob":-0.001,"bolussnooze":0,"activity":0,"lastBolusTime":0,"time":"2023-12-18T23:33:23.586Z","iobWithZeroTemp":{"iob":-0.265,"basaliob":-0.265,"bolussnooze":0,"activity":-0.003,"lastBolusTime":0,"time":"2023-12-18T23:33:23.586Z"}}],"profile":{"max_iob":10,"type":"current","max_daily_basal":0.25,"max_basal":0.75,"min_bg":90,"max_bg":90,"target_bg":90,"carb_ratio":14.8,"sens":84,"max_daily_safety_multiplier":5,"current_basal_safety_multiplier":5,"lgsThreshold":95,"high_temptarget_raises_sensitivity":false,"low_temptarget_lowers_sensitivity":false,"sensitivity_raises_target":true,"resistance_lowers_target":true,"adv_target_adjustments":false,"exercise_mode":false,"half_basal_exercise_target":160,"maxCOB":120,"skip_neutral_temps":false,"remainingCarbsCap":90,"enableUAM":true,"A52_risk_enable":false,"SMBInterval":5,"enableSMB_with_COB":true,"enableSMB_with_temptarget":false,"allowSMB_with_high_temptarget":false,"enableSMB_always":false,"enableSMB_after_carbs":true,"maxSMBBasalMinutes":120,"maxUAMSMBBasalMinutes":120,"bolus_increment":0.05,"carbsReqThreshold":1,"current_basal":0.15000000596046448,"temptargetSet":false,"autosens_max":1.2,"autosens_min":0.7,"variable_sens":103.1,"insulinDivisor":75,"TDD":22.67794642481445},"autosens_data":{"ratio":1},"meal_data":{"carbs":0,"mealCOB":0,"slopeFromMaxDeviation":-0.4886363636363636,"slopeFromMinDeviation":0,"lastBolusTime":1702916312788,"lastCarbTime":0},"microBolusAllowed":true,"currentTime":1702928304525,"flatBGsDetected":false,"tdd1D":22.354166475186748,"tdd7D":26.782783919711285,"tddLast24H":18.46250000298023,"tddLast4H":0.7625000178813934,"tddLast8to4H":8.649999883025885},"output":{"temp":"absolute","bg":87,"tick":-5,"eventualBG":78,"targetBG":90,"insulinReq":0,"deliverAt":"2023-12-18T19:38:24.525Z","sensitivityRatio":1,"variable_sens":103.1,"predBGs":{"IOB":[87,82,78,75,71,69,66,65,63,62,62,62,62,63,63,63,64,64,64,65,65,65,65,65,66,66,66,66,66,66,66,66,67],"ZT":[87,87,88,88,89,89,90,91,91,92,93,93,94,95,96,96]},"reason":"COB: 0, Dev: -17, BGI: 0, ISF: 103, CR: 14.8, Target: 90, minPredBG 75, minGuardBG 62, IOBpredBG 67; minGuardBG 62<95","COB":0,"IOB":-0.081,"duration":120,"rate":0,"timestamp":"2023-12-18T19:38:24.538Z"}}