{"algorithm":"OpenAPSSMBDynamicISFPlugin","input":{"glucoseStatus":{"glucose":123,"noise":0,"delta":5,"short_avgdelta":5.28,"long_avgdelta":3.36,"date":1702932173000},"currenttemp":{"temp":"absolute","duration":55,"rate":0,"minutesrunning":5},"iob_data":[{"iob":1.498,"basaliob":-0.037,"bolussnooze":0.8157,"activity":0.0156,"lastBolusTime":1702931908716,"time":"2023-12-18T20:43:23.658Z","iobWithZeroTemp":{"iob":1.498,"basaliob":-0.037,"bolussnooze":0.8157,"activity":0.0156,"lastBolusTime":1702931908716,"time":"2023-12-18T20:43:23.658Z"}},{"iob":1.419,"basaliob":-0.035,"bolussnooze":0.6962,"activity":0.0159,"lastBolusTime":1702931908716,"time":"2023-12-18T20:48:23.658Z","iobWithZeroTemp":{"iob":1.409,"basaliob":-0.045,"bolussnooze":0.6962,"activity":0.0159,"lastBolusTime":1702931908716,"time":"2023-12-18T20:48:23.658Z"}},{"iob":1.339,"basaliob":-0.033,"bolussnooze":0.5896,"activity":0.016,"lastBolusTime":1702931908716,"time":"2023-12-18T20:53:23.658Z","iobWithZeroTemp":{"iob":1.317,"basaliob":-0.055,"bolussnooze":0.5896,"activity":0.016,"lastBolusTime":1702931908716,"time":"2023-12-18T20:53:23.658Z"}},{"iob":1.26,"basaliob":-0.031,"bolussnooze":0.4958,"activity":0.0158,"lastBolusTime":1702931908716,"time":"2023-12-18T20:58:23.658Z","iobWithZeroTemp":{"iob":1.225,"basaliob":-0.066,"bolussnooze":0.4958,"activity":0.0157,"lastBolusTime":1702931908716,"time":"2023-12-18T20:58:23.658Z"}},{"iob":1.181,"basaliob":-0.029,"bolussnooze":0.4142,"activity":0.0155,"lastBolusTime":1702931908716,"time":"2023-12-18T21:03:23.658Z","iobWithZeroTemp":{"iob":1.135,"basaliob":-0.075,"bolussnooze":0.4142,"activity":0.0153,"lastBolusTime":1702931908716,"time":"2023-12-18T21:03:23.658Z"}},{"iob":1.104,"basaliob":-0.027,"bolussnooze":0.3437,"activity":0.0151,"lastBolusTime":1702931908716,"time":"2023-12-18T21:08:23.658Z","iobWithZeroTemp":{"iob":1.046,"basaliob":-0.085,"bolussnooze":0.3437,"activity":0.0148,"lastBolusTime":1702931908716,"time":"2023-12-18T21:08:23.658Z"}},{"iob":1.03,"basaliob":-0.025,"bolussnooze":0.2835,"activity":0.0146,"lastBolusTime":1702931908716,"time":"2023-12-18T21:13:23.658Z","iobWithZeroTemp":{"iob":0.961,"basaliob":-0.094,"bolussnooze":0.2835,"activity":0.0142,"lastBolusTime":1702931908716,"time":"2023-12-18T21:13:23.658Z"}},{"iob":0.958,"basaliob":-0.023,"bolussnooze":0.2323,"activity":0.014,"lastBolusTime":1702931908716,"time":"2023-12-18T21:18:23.658Z","iobWithZeroTemp":{"iob":0.879,"basaliob":-0.102,"bolussnooze":0.2323,"activity":0.0135,"lastBolusTime":1702931908716,"time":"2023-12-18T21:18:23.658Z"}},{"iob":0.89,"basaliob":-0.021,"bolussnooze":0.1892,"activity":0.0135,"lastBolusTime":1702931908716,"time":"2023-12-18T21:23:23.658Z","iobWithZeroTemp":{"iob":0.801,"basaliob":-0.11,"bolussnooze":0.1892,"activity":0.0129,"lastBolusTime":1702931908716,"time":"2023-12-18T21:23:23.658Z"}},{"iob":0.823,"basaliob":-0.02,"bolussnooze":0.153,"activity":0.0128,"lastBolusTime":1702931908716,"time":"2023-12-18T21:28:23.658Z","iobWithZeroTemp":{"iob":0.724,"basaliob":-0.119,"bolussnooze":0.153,"activity":0.0121,"lastBolusTime":1702931908716,"time":"2023-12-18T21:28:23.658Z"}},{"iob":0.761,"basaliob":-0.018,"bolussnooze":0.123,"activity":0.0122,"lastBolusTime":1702931908716,"time":"2023-12-18T21:33:23.658Z","iobWithZeroTemp":{"iob":0.654,"basaliob":-0.125,"bolussnooze":0.123,"activity":0.0114,"lastBolusTime":1702931908716,"time":"2023-12-18T21:33:23.658Z"}},{"iob":0.702,"basaliob":-0.017,"bolussnooze":0.0981,"activity":0.0115,"lastBolusTime":1702931908716,"time":"2023-12-18T21:38:23.658Z","iobWithZeroTemp":{"iob":0.586,"basaliob":-0.133,"bolussnooze":0.0981,"activity":0.0106,"lastBolusTime":1702931908716,"time":"2023-12-18T21:38:23.658Z"}},{"iob":0.646,"basaliob":-0.015,"bolussnooze":0.0776,"activity":0.0108,"lastBolusTime":1702931908716,"time":"2023-12-18T21:43:23.658Z","iobWithZeroTemp":{"iob":0.522,"basaliob":-0.139,"bolussnooze":0.0776,"activity":0.0098,"lastBolusTime":1702931908716,"time":"2023-12-18T21:43:23.658Z"}},{"iob":0.594,"basaliob":-0.014,"bolussnooze":0.0609,"activity":0.0102,"lastBolusTime":1702931908716,"time":"2023-12-18T21:48:23.658Z","iobWithZeroTemp":{"iob":0.463,"basaliob":-0.145,"bolussnooze":0.0609,"activity":0.0091,"lastBolusTime":1702931908716,"time":"2023-12-18T21:48:23.658Z"}},{"iob":0.544,"basaliob":-0.013,"bolussnooze":0.0474,"activity":0.0095,"lastBolusTime":1702931908716,"time":"2023-12-18T21:53:23.658Z","iobWithZeroTemp":{"iob":0.406,"basaliob":-0.151,"bolussnooze":0.0474,"activity":0.0083,"lastBolusTime":1702931908716,"time":"2023-12-18T21:53:23.658Z"}},{"iob":0.498,"basaliob":-0.012,"bolussnooze":0.0365,"activity":0.0089,"lastBolusTime":1702931908716,"time":"2023-12-18T21:58:23.658Z","iobWithZeroTemp":{"iob":0.354,"basaliob":-0.156,"bolussnooze":0.0365,"activity":0.0076,"lastBolusTime":1702931908716,"time":"2023-12-18T21:58:23.658Z"}},{"iob":0.456,"basaliob":-0.011,"bolussnooze":0.0277,"activity":0.0083,"lastBolusTime":1702931908716,"time":"2023-12-18T22:03:23.658Z","iobWithZeroTemp":{"iob":0.302,"basaliob":-0.165,"bolussnooze":0.0277,"activity":0.0069,"lastBolusTime":1702931908716,"time":"2023-12-18T22:03:23.658Z"}},{"iob":0.416,"basaliob":-0.01,"bolussnooze":0.0208,"activity":0.0077,"lastBolusTime":1702931908716,"time":"2023-12-18T22:08:23.658Z","iobWithZeroTemp":{"iob":0.252,"basaliob":-0.174,"bolussnooze":0.0208,"activity":0.0062,"lastBolusTime":1702931908716,"time":"2023-12-18T22:08:23.658Z"}},{"iob":0.379,"basaliob":-0.009,"bolussnooze":0.0153,"activity":0.0071,"lastBolusTime":1702931908716,"time":"2023-12-18T22:13:23.658Z","iobWithZeroTemp":{"iob":0.206,"basaliob":-0.182,"bolussnooze":0.0153,"activity":0.0055,"lastBolusTime":1702931908716,"time":"2023-12-18T22:13:23.658Z"}},{"iob":0.345,"basaliob":-0.008,"bolussnooze":0.0111,"activity":0.0065,"lastBolusTime":1702931908716,"time":"2023-12-18T22:18:23.658Z","iobWithZeroTemp":{"iob":0.164,"basaliob":-0.189,"bolussnooze":0.0111,"activity":0.0048,"lastBolusTime":1702931908716,"time":"2023-12-18T22:18:23.658Z"}},{"iob":0.314,"basaliob":-0.007,"bolussnooze":0.0078,"activity":0.0061,"lastBolusTime":1702931908716,"time":"2023-12-18T22:23:23.658Z","iobWithZeroTemp":{"iob":0.125,"basaliob":-0.196,"bolussnooze":0.0078,"activity":0.0043,"lastBolusTime":1702931908716,"time":"2023-12-18T22:23:23.658Z"}},{"iob":0.285,"basaliob":-0.006,"bolussnooze":0.0054,"activity":0.0056,"lastBolusTime":1702931908716,"time":"2023-12-18T22:28:23.658Z","iobWithZeroTemp":{"iob":0.088,"basaliob":-0.203,"bolussnooze":0.0054,"activity":0.0037,"lastBolusTime":1702931908716,"time":"2023-12-18T22:28:23.658Z"}},{"iob":0.257,"basaliob":-0.006,"bolussnooze":0.0035,"activity":0.0052,"lastBolusTime":1702931908716,"time":"2023-12-18T22:33:23.658Z","iobWithZeroTemp":{"iob":0.053,"basaliob":-0.21,"bolussnooze":0.0035,"activity":0.0032,"lastBolusTime":1702931908716,"time":"2023-12-18T22:33:23.658Z"}},{"iob":0.233,"basaliob":-0.005,"bolussnooze":0.0022,"activity":0.0047,"lastBolusTime":1702931908716,"time":"2023-12-18T22:38:23.658Z","iobWithZeroTemp":{"iob":0.023,"basaliob":-0.215,"bolussnooze":0.0022,"activity":0.0026,"lastBolusTime":1702931908716,"time":"2023-12-18T22:38:23.658Z"}},{"iob":0.21,"basaliob":-0.005,"bolussnooze":0.0013,"activity":0.0043,"lastBolusTime":1702931908716,"time":"2023-12-18T22:43:23.658Z","iobWithZeroTemp":{"iob":-0.007,"basaliob":-0.222,"bolussnooze":0.0013,"activity":0.0021,"lastBolusTime":1702931908716,"time":"2023-12-18T22:43:23.658Z"}},{"iob":0.19,"basaliob":-0.004,"bolussnooze":7.0E-4,"activity":0.004,"lastBolusTime":1702931908716,"time":"2023-12-18T22:48:23.658Z","iobWithZeroTemp":{"iob":-0.032,"basaliob":-0.226,"bolussnooze":7.0E-4,"activity":0.0018,"lastBolusTime":1702931908716,"time":"2023-12-18T22:48:23.658Z"}},{"iob":0.17,"basaliob":-0.004,"bolussnooze":3.0E-4,"activity":0.0036,"lastBolusTime":1702931908716,"time":"2023-12-18T22:53:23.658Z","iobWithZeroTemp":{"iob":-0.058,"basaliob":-0.232,"bolussnooze":3.0E-4,"activity":0.0013,"lastBolusTime":1702931908716,"time":"2023-12-18T22:53:23.658Z"}},{"iob":0.153,"basaliob":-0.003,"bolussnooze":1.0E-4,"activity":0.0033,"lastBolusTime":1702931908716,"time":"2023-12-18T22:58:23.658Z","iobWithZeroTemp":{"iob":-0.079,"basaliob":-0.235,"bolussnooze":1.0E-4,"activity":9.0E-4,"lastBolusTime":1702931908716,"time":"2023-12-18T22:58:23.658Z"}},{"iob":0.137,"basaliob":-0.003,"bolussnooze":0,"activity":0.003,"lastBolusTime":1702931908716,"time":"2023-12-18T23:03:23.658Z","iobWithZeroTemp":{"iob":-0.1,"basaliob":-0.24,"bolussnooze":0,"activity":5.0E-4,"lastBolusTime":1702931908716,"time":"2023-12-18T23:03:23.658Z"}},{"iob":0.122,"basaliob":-0.003,"bolussnooze":0,"activity":0.0027,"lastBolusTime":1702931908716,"time":"2023-12-18T23:08:23.658Z","iobWithZeroTemp":{"iob":-0.119,"basaliob":-0.244,"bolussnooze":0,"activity":2.0E-4,"lastBolusTime":1702931908716,"time":"2023-12-18T23:08:23.658Z"}},{"iob":0.11,"basaliob":-0.002,"bolussnooze":0,"activity":0.0024,"lastBolusTime":1702931908716,"time":"2023-12-18T23:13:23.658Z","iobWithZeroTemp":{"iob":-0.135,"basaliob":-0.247,"bolussnooze":0,"activity":-2.0E-4,"lastBolusTime":1702931908716,"time":"2023-12-18T23:13:23.658Z"}},{"iob":0.098,"basaliob":-0.002,"bolussnooze":0,"activity":0.0023,"lastBolusTime":1702931908716,"time":"2023-12-18T23:18:23.658Z","iobWithZeroTemp":{"iob":-0.15,"basaliob":-0.25,"bolussnooze":0,"activity":-4.0E-4,"lastBolusTime":1702931908716,"time":"2023-12-18T23:18:23.658Z"}},{"iob":0.087,"basaliob":-0.002,"bolussnooze":0,"activity":0.0021,"lastBolusTime":1702931908716,"time":"2023-12-18T23:23:23.658Z","iobWithZeroTemp":{"iob":-0.164,"basaliob":-0.253,"bolussnooze":0,"activity":-6.0E-4,"lastBolusTime":1702931908716,"time":"2023-12-18T23:23:23.658Z"}},{"iob":0.077,"basaliob":-0.002,"bolussnooze":0,"activity":0.0019,"lastBolusTime":1702931908716,"time":"2023-12-18T23:28:23.658Z","iobWithZeroTemp":{"iob":-0.177,"basaliob":-0.256,"bolussnooze":0,"activity":-9.0E-4,"lastBolusTime":1702931908716,"time":"2023-12-18T23:28:23.658Z"}},{"iob":0.068,"basaliob":-0.002,"bolussnooze":0,"activity":0.0017,"lastBolusTime":1702931908716,"time":"2023-12-18T23:33:23.658Z","iobWithZeroTemp":{"iob":-0.189,"basaliob":-0.259,"bolussnooze":0,"activity":-0.0011,"lastBolusTime":1702931908716,"time":"2023-12-18T23:33:23.658Z"}},{"iob":0.061,"basaliob":-0.001,"bolussnooze":0,"activity":0.0015,"lastBolusTime":1702931908716,"time":"2023-12-18T23:38:23.658Z","iobWithZeroTemp":{"iob":-0.198,"basaliob":-0.26,"bolussnooze":0,"activity":-0.0014,"lastBolusTime":1702931908716,"time":"2023-12-18T23:38:23.658Z"}},{"iob":0.054,"basaliob":-0.001,"bolussnooze":0,"activity":0.0014,"lastBolusTime":1702931908716,"time":"2023-12-18T23:43:23.658Z","iobWithZeroTemp":{"iob":-0.208,"basaliob":-0.263,"bolussnooze":0,"activity":-0.0015,"lastBolusTime":1702931908716,"time":"2023-12-18T23:43:23.658Z"}},{"iob":0.047,"basaliob":-0.001,"bolussnooze":0,"activity":0.0012,"lastBolusTime":1702931908716,"time":"2023-12-18T23:48:23.658Z","iobWithZeroTemp":{"iob":-0.217,"basaliob":-0.265,"bolussnooze":0,"activity":-0.0018,"lastBolusTime":1702931908716,"time":"2023-12-18T23:48:23.658Z"}},{"iob":0.041,"basaliob":-0.001,"bolussnooze":0,"activity":0.0011,"lastBolusTime":1702931908716,"time":"2023-12-18T23:53:23.658Z","iobWithZeroTemp":{"iob":-0.224,"basaliob":-0.266,"bolussnooze":0,"activity":-0.0019,"lastBolusTime":1702931908716,"time":"2023-12-18T23:53:23.658Z"}},{"iob":0.036,"basaliob":-0.001,"bolussnooze":0,"activity":0.001,"lastBolusTime":1702931908716,"time":"2023-12-18T23:58:23.658Z","iobWithZeroTemp":{"iob":-0.231,"basaliob":-0.268,"bolussnooze":0,"activity":-0.002,"lastBolusTime":1702931908716,"time":"2023-12-18T23:58:23.658Z"}},{"iob":0.031,"basaliob":-0.001,"bolussnooze":0,"activity":9.0E-4,"lastBolusTime":1702931908716,"time":"2023-12-19T00:03:23.658Z","iobWithZeroTemp":{"iob":-0.233,"basaliob":-0.265,"bolussnooze":0,"activity":-0.0021,"lastBolusTime":1702931908716,"time":"2023-12-19T00:03:23.658Z"}},{"iob":0.027,"basaliob":-0.001,"bolussnooze":0,"activity":8.0E-4,"lastBolusTime":1702931908716,"time":"2023-12-19T00:08:23.658Z","iobWithZeroTemp":{"iob":-0.235,"basaliob":-0.263,"bolussnooze":0,"activity":-0.0023,"lastBolusTime":1702931908716,"time":"2023-12-19T00:08:23.658Z"}},{"iob":0.023,"basaliob":-0.001,"bolussnooze":0,"activity":7.0E-4,"lastBolusTime":1702931908716,"time":"2023-12-19T00:13:23.658Z","iobWithZeroTemp":{"iob":-0.236,"basaliob":-0.26,"bolussnooze":0,"activity":-0.0024,"lastBolusTime":1702931908716,"time":"2023-12-19T00:13:23.658Z"}},{"iob":0.02,"basaliob":-0.001,"bolussnooze":0,"activity":6.0E-4,"lastBolusTime":1702931908716,"time":"2023-12-19T00:18:23.658Z","iobWithZeroTemp":{"iob":-0.236,"basaliob":-0.257,"bolussnooze":0,"activity":-0.0025,"lastBolusTime":1702931908716,"time":"2023-12-19T00:18:23.658Z"}},{"iob":0.018,"basaliob":0,"bolussnooze":0,"activity":6.0E-4,"lastBolusTime":1702931908716,"time":"2023-12-19T00:23:23.658Z","iobWithZeroTemp":{"iob":-0.235,"basaliob":-0.253,"bolussnooze":0,"activity":-0.0025,"lastBolusTime":1702931908716,"time":"2023-12-19T00:23:23.658Z"}},{"iob":0.015,"basaliob":0,"bolussnooze":0,"activity":5.0E-4,"lastBolusTime":1702931908716,"time":"2023-12-19T00:28:23.658Z","iobWithZeroTemp":{"iob":-0.236,"basaliob":-0.251,"bolussnooze":0,"activity":-0.0025,"lastBolusTime":1702931908716,"time":"2023-12-19T00:28:23.658Z"}},{"iob":0.013,"basaliob":0,"bolussnooze":0,"activity":4.0E-4,"lastBolusTime":1702931908716,"time":"2023-12-19T00:33:23.658Z","iobWithZeroTemp":{"iob":-0.235,"basaliob":-0.248,"bolussnooze":0,"activity":-0.0026,"lastBolusTime":1702931908716,"time":"2023-12-19T00:33:23.658Z"}},{"iob":0.011,"basaliob":0,"bolussnooze":0,"activity":4.0E-4,"lastBolusTime":1702931908716,"time":"2023-12-19T00:38:23.658Z","iobWithZeroTemp":{"iob":-0.234,"basaliob":-0.245,"bolussnooze":0,"activity":-0.0026,"lastBolusTime":1702931908716,"time":"2023-12-19T00:38:23.658Z"}}],"profile":{"max_iob":10,"type":"current","max_daily_basal":0.25,"max_basal":0.75,"min_bg":90,"max_bg":90,"target_bg":90,"carb_ratio":14.8,"sens":84,"max_daily_safety_multiplier":5,"current_basal_safety_multiplier":5,"lgsThreshold":95,"high_temptarget_raises_sensitivity":false,"low_temptarget_lowers_sensitivity":false,"sensitivity_raises_target":true,"resistance_lowers_target":true,"adv_target_adjustments":false,"exercise_mode":false,"half_basal_exercise_target":160,"maxCOB":120,"skip_neutral_temps":false,"remainingCarbsCap":90,"enableUAM":true,"A52_risk_enable":false,"SMBInterval":5,"enableSMB_with_COB":true,"enableSMB_with_temptarget":false,"allowSMB_with_high_temptarget":false,"enableSMB_always":false,"enableSMB_after_carbs":true,"maxSMBBasalMinutes":120,"maxUAMSMBBasalMinutes":120,"bolus_increment":0.05,"carbsReqThreshold":1,"current_basal":0.15000000596046448,"temptargetSet":false,"autosens_max":1.2,"autosens_min":0.7,"variable_sens":74.4,"insulinDivisor":75,"TDD":24.931021347660707},"autosens_data":{"ratio":1},"meal_data":{"carbs":25,"mealCOB":18.88795238095238,"slopeFromMaxDeviation":0,"slopeFromMinDeviation":1.0807272727272728,"lastBolusTime":1702931908716,"lastCarbTime":1702931222433},"microBolusAllowed":true,"currentTime":1702932204788,"flatBGsDetected":false,"tdd1D":22.354166475186748,"tdd7D":26.782783919711285,"tddLast24H":19.11666658843557,"tddLast4H":2.366666621218125,"tddLast8to4H":8.699999900907278},"output":{"temp":"absolute","bg":123,"tick":"+5","eventualBG":182,"targetBG":90,"insulinReq":0.12,"deliverAt":"2023-12-18T20:43:24.788Z","sensitivityRatio":1,"variable_sens":74.4,"predBGs":{"IOB":[123,127,130,133,134,135,135,135,133,131,128,125,121,117,113,109,105,102,99,96,93,90,88,85,83,81,79,77,75,74,72,71,70,69,68,67,66,65,64,64,63,63,62,62,61,61,61,60],"ZT":[123,117,111,105,98,92,85,78,71,64,57,50,43,39,39,39,39,39,39,39,39,39,39,39,39,39,39,39,39,39,39,39,39,39,39,39,39,39,39,39,39,39,39,39,39,39,39,39],"COB":[123,127,131,134,137,138,140,141,142,142,142,141,141,139,138,136,133,131,128,125,123,121,118,117,115,113,112,110,109,108,107,106,105,104,104,103,103,102,102,101,101,100,100,100,100,99],"UAM":[123,128,132,136,140,144,147,150,154,157,160,163,166,169,171,174,176,178,181,182,184,186,187,188,189,189,190,190,189,189,188,187,187,186,186,185,185,184,184,184,183,183,183,183,182]},"reason":"COB: 18.9, Dev: 65, BGI: -6, ISF: 74, CR: 14.8, Target: 90, minPredBG 99, minGuardBG 106, IOBpredBG 60, COBpredBG 99, UAMpredBG 182; Eventual BG 182 >= 90,  insulinReq 0.12; setting 60m low temp of 0U\/h. Waiting 0m 6s to microbolus again. ","COB":18.88795238095238,"IOB":1.498,"rate":0,"duration":60,"timestamp":"2023-12-18T20:43:24.797Z"}}