{"algorithm":"OpenAPSSMBDynamicISFPlugin","input":{"glucoseStatus":{"glucose":72,"noise":0,"delta":-1,"short_avgdelta":-1,"long_avgdelta":-1.67,"date":1702951674000},"currenttemp":{"temp":"absolute","duration":30,"rate":0,"minutesrunning":90},"iob_data":[{"iob":-0.09,"basaliob":-0.201,"bolussnooze":0,"activity":5.0E-4,"lastBolusTime":1702944224267,"time":"2023-12-19T02:08:24.095Z","iobWithZeroTemp":{"iob":-0.09,"basaliob":-0.201,"bolussnooze":0,"activity":5.0E-4,"lastBolusTime":1702944224267,"time":"2023-12-19T02:08:24.095Z"}},{"iob":-0.092,"basaliob":-0.192,"bolussnooze":0,"activity":2.0E-4,"lastBolusTime":1702944224267,"time":"2023-12-19T02:13:24.095Z","iobWithZeroTemp":{"iob":-0.105,"basaliob":-0.205,"bolussnooze":0,"activity":2.0E-4,"lastBolusTime":1702944224267,"time":"2023-12-19T02:13:24.095Z"}},{"iob":-0.093,"basaliob":-0.182,"bolussnooze":0,"activity":0,"lastBolusTime":1702944224267,"time":"2023-12-19T02:18:24.095Z","iobWithZeroTemp":{"iob":-0.123,"basaliob":-0.212,"bolussnooze":0,"activity":-1.0E-4,"lastBolusTime":1702944224267,"time":"2023-12-19T02:18:24.095Z"}},{"iob":-0.092,"basaliob":-0.172,"bolussnooze":0,"activity":-2.0E-4,"lastBolusTime":1702944224267,"time":"2023-12-19T02:23:24.095Z","iobWithZeroTemp":{"iob":-0.138,"basaliob":-0.218,"bolussnooze":0,"activity":-3.0E-4,"lastBolusTime":1702944224267,"time":"2023-12-19T02:23:24.095Z"}},{"iob":-0.09,"basaliob":-0.162,"bolussnooze":0,"activity":-4.0E-4,"lastBolusTime":1702944224267,"time":"2023-12-19T02:28:24.095Z","iobWithZeroTemp":{"iob":-0.152,"basaliob":-0.224,"bolussnooze":0,"activity":-6.0E-4,"lastBolusTime":1702944224267,"time":"2023-12-19T02:28:24.095Z"}},{"iob":-0.089,"basaliob":-0.153,"bolussnooze":0,"activity":-4.0E-4,"lastBolusTime":1702944224267,"time":"2023-12-19T02:33:24.095Z","iobWithZeroTemp":{"iob":-0.166,"basaliob":-0.23,"bolussnooze":0,"activity":-7.0E-4,"lastBolusTime":1702944224267,"time":"2023-12-19T02:33:24.095Z"}},{"iob":-0.086,"basaliob":-0.143,"bolussnooze":0,"activity":-6.0E-4,"lastBolusTime":1702944224267,"time":"2023-12-19T02:38:24.095Z","iobWithZeroTemp":{"iob":-0.178,"basaliob":-0.235,"bolussnooze":0,"activity":-0.0011,"lastBolusTime":1702944224267,"time":"2023-12-19T02:38:24.095Z"}},{"iob":-0.083,"basaliob":-0.134,"bolussnooze":0,"activity":-7.0E-4,"lastBolusTime":1702944224267,"time":"2023-12-19T02:43:24.095Z","iobWithZeroTemp":{"iob":-0.189,"basaliob":-0.24,"bolussnooze":0,"activity":-0.0013,"lastBolusTime":1702944224267,"time":"2023-12-19T02:43:24.095Z"}},{"iob":-0.079,"basaliob":-0.124,"bolussnooze":0,"activity":-7.0E-4,"lastBolusTime":1702944224267,"time":"2023-12-19T02:48:24.095Z","iobWithZeroTemp":{"iob":-0.198,"basaliob":-0.243,"bolussnooze":0,"activity":-0.0014,"lastBolusTime":1702944224267,"time":"2023-12-19T02:48:24.095Z"}},{"iob":-0.076,"basaliob":-0.116,"bolussnooze":0,"activity":-7.0E-4,"lastBolusTime":1702944224267,"time":"2023-12-19T02:53:24.095Z","iobWithZeroTemp":{"iob":-0.207,"basaliob":-0.247,"bolussnooze":0,"activity":-0.0016,"lastBolusTime":1702944224267,"time":"2023-12-19T02:53:24.095Z"}},{"iob":-0.071,"basaliob":-0.107,"bolussnooze":0,"activity":-7.0E-4,"lastBolusTime":1702944224267,"time":"2023-12-19T02:58:24.095Z","iobWithZeroTemp":{"iob":-0.214,"basaliob":-0.25,"bolussnooze":0,"activity":-0.0017,"lastBolusTime":1702944224267,"time":"2023-12-19T02:58:24.095Z"}},{"iob":-0.068,"basaliob":-0.099,"bolussnooze":0,"activity":-8.0E-4,"lastBolusTime":1702944224267,"time":"2023-12-19T03:03:24.095Z","iobWithZeroTemp":{"iob":-0.218,"basaliob":-0.249,"bolussnooze":0,"activity":-0.002,"lastBolusTime":1702944224267,"time":"2023-12-19T03:03:24.095Z"}},{"iob":-0.064,"basaliob":-0.092,"bolussnooze":0,"activity":-8.0E-4,"lastBolusTime":1702944224267,"time":"2023-12-19T03:08:24.095Z","iobWithZeroTemp":{"iob":-0.221,"basaliob":-0.249,"bolussnooze":0,"activity":-0.0021,"lastBolusTime":1702944224267,"time":"2023-12-19T03:08:24.095Z"}},{"iob":-0.061,"basaliob":-0.085,"bolussnooze":0,"activity":-8.0E-4,"lastBolusTime":1702944224267,"time":"2023-12-19T03:13:24.095Z","iobWithZeroTemp":{"iob":-0.224,"basaliob":-0.248,"bolussnooze":0,"activity":-0.0022,"lastBolusTime":1702944224267,"time":"2023-12-19T03:13:24.095Z"}},{"iob":-0.057,"basaliob":-0.078,"bolussnooze":0,"activity":-7.0E-4,"lastBolusTime":1702944224267,"time":"2023-12-19T03:18:24.095Z","iobWithZeroTemp":{"iob":-0.225,"basaliob":-0.246,"bolussnooze":0,"activity":-0.0022,"lastBolusTime":1702944224267,"time":"2023-12-19T03:18:24.095Z"}},{"iob":-0.052,"basaliob":-0.071,"bolussnooze":0,"activity":-7.0E-4,"lastBolusTime":1702944224267,"time":"2023-12-19T03:23:24.095Z","iobWithZeroTemp":{"iob":-0.224,"basaliob":-0.243,"bolussnooze":0,"activity":-0.0023,"lastBolusTime":1702944224267,"time":"2023-12-19T03:23:24.095Z"}},{"iob":-0.05,"basaliob":-0.066,"bolussnooze":0,"activity":-7.0E-4,"lastBolusTime":1702944224267,"time":"2023-12-19T03:28:24.095Z","iobWithZeroTemp":{"iob":-0.227,"basaliob":-0.243,"bolussnooze":0,"activity":-0.0024,"lastBolusTime":1702944224267,"time":"2023-12-19T03:28:24.095Z"}},{"iob":-0.046,"basaliob":-0.06,"bolussnooze":0,"activity":-7.0E-4,"lastBolusTime":1702944224267,"time":"2023-12-19T03:33:24.095Z","iobWithZeroTemp":{"iob":-0.227,"basaliob":-0.241,"bolussnooze":0,"activity":-0.0025,"lastBolusTime":1702944224267,"time":"2023-12-19T03:33:24.095Z"}},{"iob":-0.043,"basaliob":-0.055,"bolussnooze":0,"activity":-6.0E-4,"lastBolusTime":1702944224267,"time":"2023-12-19T03:38:24.095Z","iobWithZeroTemp":{"iob":-0.227,"basaliob":-0.239,"bolussnooze":0,"activity":-0.0025,"lastBolusTime":1702944224267,"time":"2023-12-19T03:38:24.095Z"}},{"iob":-0.039,"basaliob":-0.05,"bolussnooze":0,"activity":-6.0E-4,"lastBolusTime":1702944224267,"time":"2023-12-19T03:43:24.095Z","iobWithZeroTemp":{"iob":-0.226,"basaliob":-0.237,"bolussnooze":0,"activity":-0.0025,"lastBolusTime":1702944224267,"time":"2023-12-19T03:43:24.095Z"}},{"iob":-0.037,"basaliob":-0.046,"bolussnooze":0,"activity":-6.0E-4,"lastBolusTime":1702944224267,"time":"2023-12-19T03:48:24.095Z","iobWithZeroTemp":{"iob":-0.227,"basaliob":-0.236,"bolussnooze":0,"activity":-0.0026,"lastBolusTime":1702944224267,"time":"2023-12-19T03:48:24.095Z"}},{"iob":-0.033,"basaliob":-0.041,"bolussnooze":0,"activity":-6.0E-4,"lastBolusTime":1702944224267,"time":"2023-12-19T03:53:24.095Z","iobWithZeroTemp":{"iob":-0.225,"basaliob":-0.233,"bolussnooze":0,"activity":-0.0026,"lastBolusTime":1702944224267,"time":"2023-12-19T03:53:24.095Z"}},{"iob":-0.031,"basaliob":-0.038,"bolussnooze":0,"activity":-5.0E-4,"lastBolusTime":1702944224267,"time":"2023-12-19T03:58:24.095Z","iobWithZeroTemp":{"iob":-0.226,"basaliob":-0.233,"bolussnooze":0,"activity":-0.0026,"lastBolusTime":1702944224267,"time":"2023-12-19T03:58:24.095Z"}},{"iob":-0.028,"basaliob":-0.034,"bolussnooze":0,"activity":-5.0E-4,"lastBolusTime":1702944224267,"time":"2023-12-19T04:03:24.095Z","iobWithZeroTemp":{"iob":-0.233,"basaliob":-0.239,"bolussnooze":0,"activity":-0.0026,"lastBolusTime":1702944224267,"time":"2023-12-19T04:03:24.095Z"}},{"iob":-0.026,"basaliob":-0.031,"bolussnooze":0,"activity":-4.0E-4,"lastBolusTime":1702944224267,"time":"2023-12-19T04:08:24.095Z","iobWithZeroTemp":{"iob":-0.241,"basaliob":-0.246,"bolussnooze":0,"activity":-0.0026,"lastBolusTime":1702944224267,"time":"2023-12-19T04:08:24.095Z"}},{"iob":-0.024,"basaliob":-0.028,"bolussnooze":0,"activity":-5.0E-4,"lastBolusTime":1702944224267,"time":"2023-12-19T04:13:24.095Z","iobWithZeroTemp":{"iob":-0.248,"basaliob":-0.252,"bolussnooze":0,"activity":-0.0028,"lastBolusTime":1702944224267,"time":"2023-12-19T04:13:24.095Z"}},{"iob":-0.021,"basaliob":-0.025,"bolussnooze":0,"activity":-4.0E-4,"lastBolusTime":1702944224267,"time":"2023-12-19T04:18:24.095Z","iobWithZeroTemp":{"iob":-0.254,"basaliob":-0.258,"bolussnooze":0,"activity":-0.0028,"lastBolusTime":1702944224267,"time":"2023-12-19T04:18:24.095Z"}},{"iob":-0.02,"basaliob":-0.023,"bolussnooze":0,"activity":-4.0E-4,"lastBolusTime":1702944224267,"time":"2023-12-19T04:23:24.095Z","iobWithZeroTemp":{"iob":-0.262,"basaliob":-0.265,"bolussnooze":0,"activity":-0.0029,"lastBolusTime":1702944224267,"time":"2023-12-19T04:23:24.095Z"}},{"iob":-0.017,"basaliob":-0.02,"bolussnooze":0,"activity":-3.0E-4,"lastBolusTime":1702944224267,"time":"2023-12-19T04:28:24.095Z","iobWithZeroTemp":{"iob":-0.268,"basaliob":-0.271,"bolussnooze":0,"activity":-0.0028,"lastBolusTime":1702944224267,"time":"2023-12-19T04:28:24.095Z"}},{"iob":-0.016,"basaliob":-0.018,"bolussnooze":0,"activity":-3.0E-4,"lastBolusTime":1702944224267,"time":"2023-12-19T04:33:24.095Z","iobWithZeroTemp":{"iob":-0.274,"basaliob":-0.276,"bolussnooze":0,"activity":-0.0029,"lastBolusTime":1702944224267,"time":"2023-12-19T04:33:24.095Z"}},{"iob":-0.014,"basaliob":-0.016,"bolussnooze":0,"activity":-3.0E-4,"lastBolusTime":1702944224267,"time":"2023-12-19T04:38:24.095Z","iobWithZeroTemp":{"iob":-0.28,"basaliob":-0.282,"bolussnooze":0,"activity":-0.003,"lastBolusTime":1702944224267,"time":"2023-12-19T04:38:24.095Z"}},{"iob":-0.014,"basaliob":-0.015,"bolussnooze":0,"activity":-2.0E-4,"lastBolusTime":1702944224267,"time":"2023-12-19T04:43:24.095Z","iobWithZeroTemp":{"iob":-0.287,"basaliob":-0.288,"bolussnooze":0,"activity":-0.003,"lastBolusTime":1702944224267,"time":"2023-12-19T04:43:24.095Z"}},{"iob":-0.012,"basaliob":-0.013,"bolussnooze":0,"activity":-3.0E-4,"lastBolusTime":1702944224267,"time":"2023-12-19T04:48:24.095Z","iobWithZeroTemp":{"iob":-0.291,"basaliob":-0.292,"bolussnooze":0,"activity":-0.0032,"lastBolusTime":1702944224267,"time":"2023-12-19T04:48:24.095Z"}},{"iob":-0.011,"basaliob":-0.012,"bolussnooze":0,"activity":-3.0E-4,"lastBolusTime":1702944224267,"time":"2023-12-19T04:53:24.095Z","iobWithZeroTemp":{"iob":-0.296,"basaliob":-0.297,"bolussnooze":0,"activity":-0.0033,"lastBolusTime":1702944224267,"time":"2023-12-19T04:53:24.095Z"}},{"iob":-0.009,"basaliob":-0.01,"bolussnooze":0,"activity":-2.0E-4,"lastBolusTime":1702944224267,"time":"2023-12-19T04:58:24.095Z","iobWithZeroTemp":{"iob":-0.3,"basaliob":-0.301,"bolussnooze":0,"activity":-0.0033,"lastBolusTime":1702944224267,"time":"2023-12-19T04:58:24.095Z"}},{"iob":-0.008,"basaliob":-0.009,"bolussnooze":0,"activity":-2.0E-4,"lastBolusTime":1702944224267,"time":"2023-12-19T05:03:24.095Z","iobWithZeroTemp":{"iob":-0.3,"basaliob":-0.301,"bolussnooze":0,"activity":-0.0033,"lastBolusTime":1702944224267,"time":"2023-12-19T05:03:24.095Z"}},{"iob":-0.008,"basaliob":-0.008,"bolussnooze":0,"activity":-2.0E-4,"lastBolusTime":1702944224267,"time":"2023-12-19T05:08:24.095Z","iobWithZeroTemp":{"iob":-0.301,"basaliob":-0.301,"bolussnooze":0,"activity":-0.0034,"lastBolusTime":1702944224267,"time":"2023-12-19T05:08:24.095Z"}},{"iob":-0.007,"basaliob":-0.007,"bolussnooze":0,"activity":-2.0E-4,"lastBolusTime":1702944224267,"time":"2023-12-19T05:13:24.095Z","iobWithZeroTemp":{"iob":-0.3,"basaliob":-0.3,"bolussnooze":0,"activity":-0.0035,"lastBolusTime":1702944224267,"time":"2023-12-19T05:13:24.095Z"}},{"iob":-0.006,"basaliob":-0.006,"bolussnooze":0,"activity":-2.0E-4,"lastBolusTime":1702944224267,"time":"2023-12-19T05:18:24.095Z","iobWithZeroTemp":{"iob":-0.3,"basaliob":-0.3,"bolussnooze":0,"activity":-0.0035,"lastBolusTime":1702944224267,"time":"2023-12-19T05:18:24.095Z"}},{"iob":-0.006,"basaliob":-0.006,"bolussnooze":0,"activity":-1.0E-4,"lastBolusTime":1702944224267,"time":"2023-12-19T05:23:24.095Z","iobWithZeroTemp":{"iob":-0.3,"basaliob":-0.3,"bolussnooze":0,"activity":-0.0034,"lastBolusTime":1702944224267,"time":"2023-12-19T05:23:24.095Z"}},{"iob":-0.005,"basaliob":-0.005,"bolussnooze":0,"activity":-1.0E-4,"lastBolusTime":1702944224267,"time":"2023-12-19T05:28:24.095Z","iobWithZeroTemp":{"iob":-0.299,"basaliob":-0.299,"bolussnooze":0,"activity":-0.0035,"lastBolusTime":1702944224267,"time":"2023-12-19T05:28:24.095Z"}},{"iob":-0.004,"basaliob":-0.004,"bolussnooze":0,"activity":-1.0E-4,"lastBolusTime":1702944224267,"time":"2023-12-19T05:33:24.095Z","iobWithZeroTemp":{"iob":-0.297,"basaliob":-0.297,"bolussnooze":0,"activity":-0.0035,"lastBolusTime":1702944224267,"time":"2023-12-19T05:33:24.095Z"}},{"iob":-0.004,"basaliob":-0.004,"bolussnooze":0,"activity":-1.0E-4,"lastBolusTime":1702944224267,"time":"2023-12-19T05:38:24.095Z","iobWithZeroTemp":{"iob":-0.297,"basaliob":-0.297,"bolussnooze":0,"activity":-0.0035,"lastBolusTime":1702944224267,"time":"2023-12-19T05:38:24.095Z"}},{"iob":-0.003,"basaliob":-0.003,"bolussnooze":0,"activity":-1.0E-4,"lastBolusTime":1702944224267,"time":"2023-12-19T05:43:24.095Z","iobWithZeroTemp":{"iob":-0.296,"basaliob":-0.296,"bolussnooze":0,"activity":-0.0035,"lastBolusTime":1702944224267,"time":"2023-12-19T05:43:24.095Z"}},{"iob":-0.003,"basaliob":-0.003,"bolussnooze":0,"activity":-1.0E-4,"lastBolusTime":1702944224267,"time":"2023-12-19T05:48:24.095Z","iobWithZeroTemp":{"iob":-0.295,"basaliob":-0.295,"bolussnooze":0,"activity":-0.0035,"lastBolusTime":1702944224267,"time":"2023-12-19T05:48:24.095Z"}},{"iob":-0.002,"basaliob":-0.002,"bolussnooze":0,"activity":-1.0E-4,"lastBolusTime":1702944224267,"time":"2023-12-19T05:53:24.095Z","iobWithZeroTemp":{"iob":-0.294,"basaliob":-0.294,"bolussnooze":0,"activity":-0.0035,"lastBolusTime":1702944224267,"time":"2023-12-19T05:53:24.095Z"}},{"iob":-0.002,"basaliob":-0.002,"bolussnooze":0,"activity":-1.0E-4,"lastBolusTime":1702944224267,"time":"2023-12-19T05:58:24.095Z","iobWithZeroTemp":{"iob":-0.293,"basaliob":-0.293,"bolussnooze":0,"activity":-0.0035,"lastBolusTime":1702944224267,"time":"2023-12-19T05:58:24.095Z"}},{"iob":-0.002,"basaliob":-0.002,"bolussnooze":0,"activity":-1.0E-4,"lastBolusTime":1702944224267,"time":"2023-12-19T06:03:24.095Z","iobWithZeroTemp":{"iob":-0.297,"basaliob":-0.297,"bolussnooze":0,"activity":-0.0036,"lastBolusTime":1702944224267,"time":"2023-12-19T06:03:24.095Z"}}],"profile":{"max_iob":10,"type":"current","max_daily_basal":0.25,"max_basal":1,"min_bg":90,"max_bg":90,"target_bg":90,"carb_ratio":15.6,"sens":84,"max_daily_safety_multiplier":5,"current_basal_safety_multiplier":5,"lgsThreshold":95,"high_temptarget_raises_sensitivity":false,"low_temptarget_lowers_sensitivity":false,"sensitivity_raises_target":true,"resistance_lowers_target":true,"adv_target_adjustments":false,"exercise_mode":false,"half_basal_exercise_target":160,"maxCOB":120,"skip_neutral_temps":false,"remainingCarbsCap":90,"enableUAM":true,"A52_risk_enable":false,"SMBInterval":5,"enableSMB_with_COB":true,"enableSMB_with_temptarget":false,"allowSMB_with_high_temptarget":false,"enableSMB_always":false,"enableSMB_after_carbs":true,"maxSMBBasalMinutes":120,"maxUAMSMBBasalMinutes":120,"bolus_increment":0.05,"carbsReqThreshold":1,"current_basal":0.20000000298023224,"temptargetSet":false,"autosens_max":1.2,"autosens_min":0.7,"variable_sens":131.3,"insulinDivisor":75,"TDD":20.369885403696998},"autosens_data":{"ratio":1},"meal_data":{"carbs":0,"mealCOB":0,"slopeFromMaxDeviation":-0.07736363636363637,"slopeFromMinDeviation":0.21383333333333335,"lastBolusTime":1702944224267,"lastCarbTime":0},"microBolusAllowed":true,"currentTime":1702951705401,"flatBGsDetected":false,"tdd1D":20.141666612277426,"tdd7D":26.78606000595613,"tddLast24H":19.566666623453298,"tddLast4H":2.037500027567148,"tddLast8to4H":3.016666635374228},"output":{"temp":"absolute","bg":72,"tick":-1,"eventualBG":76,"targetBG":90,"insulinReq":0,"deliverAt":"2023-12-19T02:08:25.401Z","sensitivityRatio":1,"variable_sens":131.3,"predBGs":{"IOB":[72,71,70,70,69,69,69,69,70,70,70,71,71,72,72,73,73,74,74,74,75,75,76,76,76,76,77,77,77,77,78,78,78,78,78,78,79],"ZT":[72,72,72,72,72,72,73,73,74,75,76,77,78,80,81,82,84,85,87,88,90]},"reason":"COB: 0, Dev: -8, BGI: 0, ISF: 131, CR: 15.6, Target: 90, minPredBG 74, minGuardBG 69, IOBpredBG 79; 1 add'l carbs req w\/in 0m; minGuardBG 69<95","COB":0,"IOB":-0.09,"carbsReq":1,"carbsReqWithin":0,"duration":60,"rate":0,"timestamp":"2023-12-19T02:08:25.416Z"}}