{"algorithm":"OpenAPSSMBDynamicISFPlugin","input":{"glucoseStatus":{"glucose":109,"noise":0,"delta":0,"short_avgdelta":0,"long_avgdelta":-0.08,"date":1702850570000},"currenttemp":{"temp":"absolute","duration":0,"rate":0},"iob_data":[{"iob":0.525,"basaliob":-0.019,"bolussnooze":0,"activity":0.0088,"lastBolusTime":1702849708621,"time":"2023-12-17T22:03:20.004Z","iobWithZeroTemp":{"iob":0.525,"basaliob":-0.019,"bolussnooze":0,"activity":0.0088,"lastBolusTime":1702849708621,"time":"2023-12-17T22:03:20.004Z"}},{"iob":0.483,"basaliob":-0.018,"bolussnooze":0,"activity":0.0082,"lastBolusTime":1702849708621,"time":"2023-12-17T22:08:20.004Z","iobWithZeroTemp":{"iob":0.47,"basaliob":-0.031,"bolussnooze":0,"activity":0.0082,"lastBolusTime":1702849708621,"time":"2023-12-17T22:08:20.004Z"}},{"iob":0.443,"basaliob":-0.017,"bolussnooze":0,"activity":0.0077,"lastBolusTime":1702849708621,"time":"2023-12-17T22:13:20.004Z","iobWithZeroTemp":{"iob":0.413,"basaliob":-0.047,"bolussnooze":0,"activity":0.0076,"lastBolusTime":1702849708621,"time":"2023-12-17T22:13:20.004Z"}},{"iob":0.405,"basaliob":-0.016,"bolussnooze":0,"activity":0.0072,"lastBolusTime":1702849708621,"time":"2023-12-17T22:18:20.004Z","iobWithZeroTemp":{"iob":0.359,"basaliob":-0.062,"bolussnooze":0,"activity":0.0071,"lastBolusTime":1702849708621,"time":"2023-12-17T22:18:20.004Z"}},{"iob":0.371,"basaliob":-0.015,"bolussnooze":0,"activity":0.0067,"lastBolusTime":1702849708621,"time":"2023-12-17T22:23:20.004Z","iobWithZeroTemp":{"iob":0.309,"basaliob":-0.077,"bolussnooze":0,"activity":0.0065,"lastBolusTime":1702849708621,"time":"2023-12-17T22:23:20.004Z"}},{"iob":0.338,"basaliob":-0.014,"bolussnooze":0,"activity":0.0062,"lastBolusTime":1702849708621,"time":"2023-12-17T22:28:20.004Z","iobWithZeroTemp":{"iob":0.261,"basaliob":-0.091,"bolussnooze":0,"activity":0.0059,"lastBolusTime":1702849708621,"time":"2023-12-17T22:28:20.004Z"}},{"iob":0.308,"basaliob":-0.013,"bolussnooze":0,"activity":0.0058,"lastBolusTime":1702849708621,"time":"2023-12-17T22:33:20.004Z","iobWithZeroTemp":{"iob":0.216,"basaliob":-0.105,"bolussnooze":0,"activity":0.0053,"lastBolusTime":1702849708621,"time":"2023-12-17T22:33:20.004Z"}},{"iob":0.281,"basaliob":-0.012,"bolussnooze":0,"activity":0.0053,"lastBolusTime":1702849708621,"time":"2023-12-17T22:38:20.004Z","iobWithZeroTemp":{"iob":0.175,"basaliob":-0.118,"bolussnooze":0,"activity":0.0047,"lastBolusTime":1702849708621,"time":"2023-12-17T22:38:20.004Z"}},{"iob":0.254,"basaliob":-0.012,"bolussnooze":0,"activity":0.0049,"lastBolusTime":1702849708621,"time":"2023-12-17T22:43:20.004Z","iobWithZeroTemp":{"iob":0.135,"basaliob":-0.131,"bolussnooze":0,"activity":0.0042,"lastBolusTime":1702849708621,"time":"2023-12-17T22:43:20.004Z"}},{"iob":0.23,"basaliob":-0.011,"bolussnooze":0,"activity":0.0045,"lastBolusTime":1702849708621,"time":"2023-12-17T22:48:20.004Z","iobWithZeroTemp":{"iob":0.099,"basaliob":-0.142,"bolussnooze":0,"activity":0.0036,"lastBolusTime":1702849708621,"time":"2023-12-17T22:48:20.004Z"}},{"iob":0.209,"basaliob":-0.01,"bolussnooze":0,"activity":0.0041,"lastBolusTime":1702849708621,"time":"2023-12-17T22:53:20.004Z","iobWithZeroTemp":{"iob":0.066,"basaliob":-0.153,"bolussnooze":0,"activity":0.0031,"lastBolusTime":1702849708621,"time":"2023-12-17T22:53:20.004Z"}},{"iob":0.189,"basaliob":-0.009,"bolussnooze":0,"activity":0.0039,"lastBolusTime":1702849708621,"time":"2023-12-17T22:58:20.004Z","iobWithZeroTemp":{"iob":0.035,"basaliob":-0.163,"bolussnooze":0,"activity":0.0027,"lastBolusTime":1702849708621,"time":"2023-12-17T22:58:20.004Z"}},{"iob":0.17,"basaliob":-0.009,"bolussnooze":0,"activity":0.0036,"lastBolusTime":1702849708621,"time":"2023-12-17T23:03:20.004Z","iobWithZeroTemp":{"iob":0.005,"basaliob":-0.174,"bolussnooze":0,"activity":0.0023,"lastBolusTime":1702849708621,"time":"2023-12-17T23:03:20.004Z"}},{"iob":0.153,"basaliob":-0.008,"bolussnooze":0,"activity":0.0033,"lastBolusTime":1702849708621,"time":"2023-12-17T23:08:20.004Z","iobWithZeroTemp":{"iob":-0.022,"basaliob":-0.183,"bolussnooze":0,"activity":0.0019,"lastBolusTime":1702849708621,"time":"2023-12-17T23:08:20.004Z"}},{"iob":0.138,"basaliob":-0.007,"bolussnooze":0,"activity":0.003,"lastBolusTime":1702849708621,"time":"2023-12-17T23:13:20.004Z","iobWithZeroTemp":{"iob":-0.046,"basaliob":-0.191,"bolussnooze":0,"activity":0.0014,"lastBolusTime":1702849708621,"time":"2023-12-17T23:13:20.004Z"}},{"iob":0.124,"basaliob":-0.007,"bolussnooze":0,"activity":0.0027,"lastBolusTime":1702849708621,"time":"2023-12-17T23:18:20.004Z","iobWithZeroTemp":{"iob":-0.068,"basaliob":-0.199,"bolussnooze":0,"activity":0.001,"lastBolusTime":1702849708621,"time":"2023-12-17T23:18:20.004Z"}},{"iob":0.111,"basaliob":-0.006,"bolussnooze":0,"activity":0.0024,"lastBolusTime":1702849708621,"time":"2023-12-17T23:23:20.004Z","iobWithZeroTemp":{"iob":-0.089,"basaliob":-0.206,"bolussnooze":0,"activity":6.0E-4,"lastBolusTime":1702849708621,"time":"2023-12-17T23:23:20.004Z"}},{"iob":0.099,"basaliob":-0.006,"bolussnooze":0,"activity":0.0022,"lastBolusTime":1702849708621,"time":"2023-12-17T23:28:20.004Z","iobWithZeroTemp":{"iob":-0.108,"basaliob":-0.213,"bolussnooze":0,"activity":3.0E-4,"lastBolusTime":1702849708621,"time":"2023-12-17T23:28:20.004Z"}},{"iob":0.089,"basaliob":-0.005,"bolussnooze":0,"activity":0.002,"lastBolusTime":1702849708621,"time":"2023-12-17T23:33:20.004Z","iobWithZeroTemp":{"iob":-0.125,"basaliob":-0.219,"bolussnooze":0,"activity":0,"lastBolusTime":1702849708621,"time":"2023-12-17T23:33:20.004Z"}},{"iob":0.079,"basaliob":-0.005,"bolussnooze":0,"activity":0.0018,"lastBolusTime":1702849708621,"time":"2023-12-17T23:38:20.004Z","iobWithZeroTemp":{"iob":-0.141,"basaliob":-0.225,"bolussnooze":0,"activity":-3.0E-4,"lastBolusTime":1702849708621,"time":"2023-12-17T23:38:20.004Z"}},{"iob":0.071,"basaliob":-0.004,"bolussnooze":0,"activity":0.0016,"lastBolusTime":1702849708621,"time":"2023-12-17T23:43:20.004Z","iobWithZeroTemp":{"iob":-0.155,"basaliob":-0.23,"bolussnooze":0,"activity":-6.0E-4,"lastBolusTime":1702849708621,"time":"2023-12-17T23:43:20.004Z"}},{"iob":0.063,"basaliob":-0.004,"bolussnooze":0,"activity":0.0015,"lastBolusTime":1702849708621,"time":"2023-12-17T23:48:20.004Z","iobWithZeroTemp":{"iob":-0.168,"basaliob":-0.235,"bolussnooze":0,"activity":-8.0E-4,"lastBolusTime":1702849708621,"time":"2023-12-17T23:48:20.004Z"}},{"iob":0.055,"basaliob":-0.004,"bolussnooze":0,"activity":0.0013,"lastBolusTime":1702849708621,"time":"2023-12-17T23:53:20.004Z","iobWithZeroTemp":{"iob":-0.181,"basaliob":-0.24,"bolussnooze":0,"activity":-0.0011,"lastBolusTime":1702849708621,"time":"2023-12-17T23:53:20.004Z"}},{"iob":0.049,"basaliob":-0.003,"bolussnooze":0,"activity":0.0012,"lastBolusTime":1702849708621,"time":"2023-12-17T23:58:20.004Z","iobWithZeroTemp":{"iob":-0.191,"basaliob":-0.243,"bolussnooze":0,"activity":-0.0013,"lastBolusTime":1702849708621,"time":"2023-12-17T23:58:20.004Z"}},{"iob":0.043,"basaliob":-0.003,"bolussnooze":0,"activity":0.001,"lastBolusTime":1702849708621,"time":"2023-12-18T00:03:20.004Z","iobWithZeroTemp":{"iob":-0.197,"basaliob":-0.243,"bolussnooze":0,"activity":-0.0016,"lastBolusTime":1702849708621,"time":"2023-12-18T00:03:20.004Z"}},{"iob":0.038,"basaliob":-0.003,"bolussnooze":0,"activity":9.0E-4,"lastBolusTime":1702849708621,"time":"2023-12-18T00:08:20.004Z","iobWithZeroTemp":{"iob":-0.202,"basaliob":-0.243,"bolussnooze":0,"activity":-0.0017,"lastBolusTime":1702849708621,"time":"2023-12-18T00:08:20.004Z"}},{"iob":0.033,"basaliob":-0.003,"bolussnooze":0,"activity":9.0E-4,"lastBolusTime":1702849708621,"time":"2023-12-18T00:13:20.004Z","iobWithZeroTemp":{"iob":-0.206,"basaliob":-0.242,"bolussnooze":0,"activity":-0.0018,"lastBolusTime":1702849708621,"time":"2023-12-18T00:13:20.004Z"}},{"iob":0.03,"basaliob":-0.002,"bolussnooze":0,"activity":8.0E-4,"lastBolusTime":1702849708621,"time":"2023-12-18T00:18:20.004Z","iobWithZeroTemp":{"iob":-0.208,"basaliob":-0.24,"bolussnooze":0,"activity":-0.0019,"lastBolusTime":1702849708621,"time":"2023-12-18T00:18:20.004Z"}},{"iob":0.026,"basaliob":-0.002,"bolussnooze":0,"activity":7.0E-4,"lastBolusTime":1702849708621,"time":"2023-12-18T00:23:20.004Z","iobWithZeroTemp":{"iob":-0.211,"basaliob":-0.239,"bolussnooze":0,"activity":-0.002,"lastBolusTime":1702849708621,"time":"2023-12-18T00:23:20.004Z"}},{"iob":0.022,"basaliob":-0.002,"bolussnooze":0,"activity":7.0E-4,"lastBolusTime":1702849708621,"time":"2023-12-18T00:28:20.004Z","iobWithZeroTemp":{"iob":-0.214,"basaliob":-0.238,"bolussnooze":0,"activity":-0.002,"lastBolusTime":1702849708621,"time":"2023-12-18T00:28:20.004Z"}},{"iob":0.019,"basaliob":-0.002,"bolussnooze":0,"activity":6.0E-4,"lastBolusTime":1702849708621,"time":"2023-12-18T00:33:20.004Z","iobWithZeroTemp":{"iob":-0.216,"basaliob":-0.237,"bolussnooze":0,"activity":-0.0021,"lastBolusTime":1702849708621,"time":"2023-12-18T00:33:20.004Z"}},{"iob":0.017,"basaliob":-0.002,"bolussnooze":0,"activity":5.0E-4,"lastBolusTime":1702849708621,"time":"2023-12-18T00:38:20.004Z","iobWithZeroTemp":{"iob":-0.217,"basaliob":-0.236,"bolussnooze":0,"activity":-0.0023,"lastBolusTime":1702849708621,"time":"2023-12-18T00:38:20.004Z"}},{"iob":0.015,"basaliob":-0.001,"bolussnooze":0,"activity":5.0E-4,"lastBolusTime":1702849708621,"time":"2023-12-18T00:43:20.004Z","iobWithZeroTemp":{"iob":-0.218,"basaliob":-0.234,"bolussnooze":0,"activity":-0.0023,"lastBolusTime":1702849708621,"time":"2023-12-18T00:43:20.004Z"}},{"iob":0.013,"basaliob":-0.001,"bolussnooze":0,"activity":4.0E-4,"lastBolusTime":1702849708621,"time":"2023-12-18T00:48:20.004Z","iobWithZeroTemp":{"iob":-0.218,"basaliob":-0.232,"bolussnooze":0,"activity":-0.0024,"lastBolusTime":1702849708621,"time":"2023-12-18T00:48:20.004Z"}},{"iob":0.011,"basaliob":-0.001,"bolussnooze":0,"activity":4.0E-4,"lastBolusTime":1702849708621,"time":"2023-12-18T00:53:20.004Z","iobWithZeroTemp":{"iob":-0.219,"basaliob":-0.231,"bolussnooze":0,"activity":-0.0024,"lastBolusTime":1702849708621,"time":"2023-12-18T00:53:20.004Z"}},{"iob":0.01,"basaliob":-0.001,"bolussnooze":0,"activity":3.0E-4,"lastBolusTime":1702849708621,"time":"2023-12-18T00:58:20.004Z","iobWithZeroTemp":{"iob":-0.219,"basaliob":-0.23,"bolussnooze":0,"activity":-0.0024,"lastBolusTime":1702849708621,"time":"2023-12-18T00:58:20.004Z"}},{"iob":0.008,"basaliob":-0.001,"bolussnooze":0,"activity":3.0E-4,"lastBolusTime":1702849708621,"time":"2023-12-18T01:03:20.004Z","iobWithZeroTemp":{"iob":-0.224,"basaliob":-0.233,"bolussnooze":0,"activity":-0.0024,"lastBolusTime":1702849708621,"time":"2023-12-18T01:03:20.004Z"}},{"iob":0.007,"basaliob":-0.001,"bolussnooze":0,"activity":2.0E-4,"lastBolusTime":1702849708621,"time":"2023-12-18T01:08:20.004Z","iobWithZeroTemp":{"iob":-0.228,"basaliob":-0.236,"bolussnooze":0,"activity":-0.0026,"lastBolusTime":1702849708621,"time":"2023-12-18T01:08:20.004Z"}},{"iob":0.006,"basaliob":-0.001,"bolussnooze":0,"activity":2.0E-4,"lastBolusTime":1702849708621,"time":"2023-12-18T01:13:20.004Z","iobWithZeroTemp":{"iob":-0.232,"basaliob":-0.239,"bolussnooze":0,"activity":-0.0026,"lastBolusTime":1702849708621,"time":"2023-12-18T01:13:20.004Z"}},{"iob":0.005,"basaliob":-0.001,"bolussnooze":0,"activity":2.0E-4,"lastBolusTime":1702849708621,"time":"2023-12-18T01:18:20.004Z","iobWithZeroTemp":{"iob":-0.235,"basaliob":-0.241,"bolussnooze":0,"activity":-0.0026,"lastBolusTime":1702849708621,"time":"2023-12-18T01:18:20.004Z"}},{"iob":0.004,"basaliob":-0.001,"bolussnooze":0,"activity":2.0E-4,"lastBolusTime":1702849708621,"time":"2023-12-18T01:23:20.004Z","iobWithZeroTemp":{"iob":-0.239,"basaliob":-0.244,"bolussnooze":0,"activity":-0.0026,"lastBolusTime":1702849708621,"time":"2023-12-18T01:23:20.004Z"}},{"iob":0.003,"basaliob":-0.001,"bolussnooze":0,"activity":1.0E-4,"lastBolusTime":1702849708621,"time":"2023-12-18T01:28:20.004Z","iobWithZeroTemp":{"iob":-0.243,"basaliob":-0.247,"bolussnooze":0,"activity":-0.0027,"lastBolusTime":1702849708621,"time":"2023-12-18T01:28:20.004Z"}},{"iob":0.002,"basaliob":-0.001,"bolussnooze":0,"activity":1.0E-4,"lastBolusTime":1702849708621,"time":"2023-12-18T01:33:20.004Z","iobWithZeroTemp":{"iob":-0.246,"basaliob":-0.249,"bolussnooze":0,"activity":-0.0027,"lastBolusTime":1702849708621,"time":"2023-12-18T01:33:20.004Z"}},{"iob":0.003,"basaliob":0,"bolussnooze":0,"activity":1.0E-4,"lastBolusTime":1702849708621,"time":"2023-12-18T01:38:20.004Z","iobWithZeroTemp":{"iob":-0.248,"basaliob":-0.251,"bolussnooze":0,"activity":-0.0028,"lastBolusTime":1702849708621,"time":"2023-12-18T01:38:20.004Z"}},{"iob":0.002,"basaliob":0,"bolussnooze":0,"activity":1.0E-4,"lastBolusTime":1702849708621,"time":"2023-12-18T01:43:20.004Z","iobWithZeroTemp":{"iob":-0.251,"basaliob":-0.253,"bolussnooze":0,"activity":-0.0028,"lastBolusTime":1702849708621,"time":"2023-12-18T01:43:20.004Z"}},{"iob":0.002,"basaliob":0,"bolussnooze":0,"activity":1.0E-4,"lastBolusTime":1702849708621,"time":"2023-12-18T01:48:20.004Z","iobWithZeroTemp":{"iob":-0.253,"basaliob":-0.255,"bolussnooze":0,"activity":-0.0028,"lastBolusTime":1702849708621,"time":"2023-12-18T01:48:20.004Z"}},{"iob":0.002,"basaliob":0,"bolussnooze":0,"activity":1.0E-4,"lastBolusTime":1702849708621,"time":"2023-12-18T01:53:20.004Z","iobWithZeroTemp":{"iob":-0.255,"basaliob":-0.257,"bolussnooze":0,"activity":-0.0028,"lastBolusTime":1702849708621,"time":"2023-12-18T01:53:20.004Z"}},{"iob":0.001,"basaliob":0,"bolussnooze":0,"activity":1.0E-4,"lastBolusTime":1702849708621,"time":"2023-12-18T01:58:20.004Z","iobWithZeroTemp":{"iob":-0.258,"basaliob":-0.259,"bolussnooze":0,"activity":-0.0029,"lastBolusTime":1702849708621,"time":"2023-12-18T01:58:20.004Z"}}],"profile":{"max_iob":10,"type":"current","max_daily_basal":0.25,"max_basal":1,"min_bg":90,"max_bg":90,"target_bg":90,"carb_ratio":14.8,"sens":84,"max_daily_safety_multiplier":5,"current_basal_safety_multiplier":5,"lgsThreshold":95,"high_temptarget_raises_sensitivity":false,"low_temptarget_lowers_sensitivity":false,"sensitivity_raises_target":true,"resistance_lowers_target":true,"adv_target_adjustments":false,"exercise_mode":false,"half_basal_exercise_target":160,"maxCOB":120,"skip_neutral_temps":false,"remainingCarbsCap":90,"enableUAM":true,"A52_risk_enable":false,"SMBInterval":5,"enableSMB_with_COB":true,"enableSMB_with_temptarget":false,"allowSMB_with_high_temptarget":false,"enableSMB_always":false,"enableSMB_after_carbs":true,"maxSMBBasalMinutes":120,"maxUAMSMBBasalMinutes":120,"bolus_increment":0.05,"carbsReqThreshold":1,"current_basal":0.20000000298023224,"temptargetSet":false,"autosens_max":1.2,"autosens_min":0.7,"variable_sens":86.1,"insulinDivisor":75,"TDD":23.291608526627822},"autosens_data":{"ratio":1},"meal_data":{"carbs":25,"mealCOB":0,"slopeFromMaxDeviation":-0.09511111111111106,"slopeFromMinDeviation":0,"lastBolusTime":1702849708621,"lastCarbTime":1702840508052},"microBolusAllowed":true,"currentTime":1702850601822,"flatBGsDetected":false,"tdd1D":22.979166742662592,"tdd7D":26.423260180222936,"tddLast24H":21.829166470716398,"tddLast4H":3.1375000290572643,"tddLast8to4H":4},"output":{"temp":"absolute","bg":109,"tick":"+0","eventualBG":130,"targetBG":90,"insulinReq":0.05,"deliverAt":"2023-12-17T22:03:21.822Z","sensitivityRatio":1,"variable_sens":86.1,"predBGs":{"IOB":[109,109,108,108,107,107,106,105,104,102,101,100,98,96,95,93,92,91,90,89,88,87,86,86,85,84,84,83,83,83,82,82,82,82,81,81,81,81,81,81,80],"ZT":[109,105,102,98,95,92,89,86,84,82,80,78,77,76,75,74,73,73,73,73,73,73,74,74,75,76,77,78,79,80,81,82,83,84,86,87,88,89],"UAM":[109,109,109,109,109,110,110,111,112,112,113,114,115,116,117,118,119,120,121,122,123,124,125,126,126,127,128,128,129,129,130,130,130,130,131,131,130]},"reason":"COB: 0, Dev: 23, BGI: -4, ISF: 86, CR: 14.8, Target: 90, minPredBG 94, minGuardBG 109, IOBpredBG 80, UAMpredBG 130; Eventual BG 130 >= 90,  insulinReq 0.05. no temp, setting 0.3U\/hr. ","COB":0,"IOB":0.525,"duration":30,"rate":0.3000000029802322,"timestamp":"2023-12-17T22:03:21.879Z"}}