{"algorithm":"OpenAPSSMBDynamicISFPlugin","input":{"glucoseStatus":{"glucose":138,"noise":0,"delta":5,"short_avgdelta":3.61,"long_avgdelta":1.08,"date":1702936973000},"currenttemp":{"temp":"absolute","duration":110,"rate":0,"minutesrunning":10},"iob_data":[{"iob":0.855,"basaliob":-0.166,"bolussnooze":0.2635,"activity":0.0124,"lastBolusTime":1702936708443,"time":"2023-12-18T22:03:21.129Z","iobWithZeroTemp":{"iob":0.855,"basaliob":-0.166,"bolussnooze":0.2635,"activity":0.0124,"lastBolusTime":1702936708443,"time":"2023-12-18T22:03:21.129Z"}},{"iob":0.794,"basaliob":-0.158,"bolussnooze":0.2214,"activity":0.012,"lastBolusTime":1702936708443,"time":"2023-12-18T22:08:21.129Z","iobWithZeroTemp":{"iob":0.781,"basaliob":-0.171,"bolussnooze":0.2214,"activity":0.012,"lastBolusTime":1702936708443,"time":"2023-12-18T22:08:21.129Z"}},{"iob":0.736,"basaliob":-0.15,"bolussnooze":0.1848,"activity":0.0113,"lastBolusTime":1702936708443,"time":"2023-12-18T22:13:21.129Z","iobWithZeroTemp":{"iob":0.706,"basaliob":-0.18,"bolussnooze":0.1848,"activity":0.0112,"lastBolusTime":1702936708443,"time":"2023-12-18T22:13:21.129Z"}},{"iob":0.681,"basaliob":-0.141,"bolussnooze":0.1533,"activity":0.0108,"lastBolusTime":1702936708443,"time":"2023-12-18T22:18:21.129Z","iobWithZeroTemp":{"iob":0.635,"basaliob":-0.187,"bolussnooze":0.1533,"activity":0.0107,"lastBolusTime":1702936708443,"time":"2023-12-18T22:18:21.129Z"}},{"iob":0.628,"basaliob":-0.133,"bolussnooze":0.1263,"activity":0.0102,"lastBolusTime":1702936708443,"time":"2023-12-18T22:23:21.129Z","iobWithZeroTemp":{"iob":0.566,"basaliob":-0.195,"bolussnooze":0.1263,"activity":0.01,"lastBolusTime":1702936708443,"time":"2023-12-18T22:23:21.129Z"}},{"iob":0.579,"basaliob":-0.124,"bolussnooze":0.1035,"activity":0.0097,"lastBolusTime":1702936708443,"time":"2023-12-18T22:28:21.129Z","iobWithZeroTemp":{"iob":0.502,"basaliob":-0.201,"bolussnooze":0.1035,"activity":0.0094,"lastBolusTime":1702936708443,"time":"2023-12-18T22:28:21.129Z"}},{"iob":0.532,"basaliob":-0.116,"bolussnooze":0.0842,"activity":0.0091,"lastBolusTime":1702936708443,"time":"2023-12-18T22:33:21.129Z","iobWithZeroTemp":{"iob":0.44,"basaliob":-0.208,"bolussnooze":0.0842,"activity":0.0086,"lastBolusTime":1702936708443,"time":"2023-12-18T22:33:21.129Z"}},{"iob":0.488,"basaliob":-0.108,"bolussnooze":0.0682,"activity":0.0085,"lastBolusTime":1702936708443,"time":"2023-12-18T22:38:21.129Z","iobWithZeroTemp":{"iob":0.382,"basaliob":-0.214,"bolussnooze":0.0682,"activity":0.0079,"lastBolusTime":1702936708443,"time":"2023-12-18T22:38:21.129Z"}},{"iob":0.447,"basaliob":-0.101,"bolussnooze":0.0549,"activity":0.0079,"lastBolusTime":1702936708443,"time":"2023-12-18T22:43:21.129Z","iobWithZeroTemp":{"iob":0.328,"basaliob":-0.22,"bolussnooze":0.0549,"activity":0.0072,"lastBolusTime":1702936708443,"time":"2023-12-18T22:43:21.129Z"}},{"iob":0.408,"basaliob":-0.094,"bolussnooze":0.0439,"activity":0.0074,"lastBolusTime":1702936708443,"time":"2023-12-18T22:48:21.129Z","iobWithZeroTemp":{"iob":0.277,"basaliob":-0.225,"bolussnooze":0.0439,"activity":0.0065,"lastBolusTime":1702936708443,"time":"2023-12-18T22:48:21.129Z"}},{"iob":0.373,"basaliob":-0.087,"bolussnooze":0.0349,"activity":0.0068,"lastBolusTime":1702936708443,"time":"2023-12-18T22:53:21.129Z","iobWithZeroTemp":{"iob":0.23,"basaliob":-0.23,"bolussnooze":0.0349,"activity":0.0058,"lastBolusTime":1702936708443,"time":"2023-12-18T22:53:21.129Z"}},{"iob":0.34,"basaliob":-0.08,"bolussnooze":0.0276,"activity":0.0064,"lastBolusTime":1702936708443,"time":"2023-12-18T22:58:21.129Z","iobWithZeroTemp":{"iob":0.186,"basaliob":-0.234,"bolussnooze":0.0276,"activity":0.0052,"lastBolusTime":1702936708443,"time":"2023-12-18T22:58:21.129Z"}},{"iob":0.309,"basaliob":-0.074,"bolussnooze":0.0218,"activity":0.0059,"lastBolusTime":1702936708443,"time":"2023-12-18T23:03:21.129Z","iobWithZeroTemp":{"iob":0.144,"basaliob":-0.239,"bolussnooze":0.0218,"activity":0.0046,"lastBolusTime":1702936708443,"time":"2023-12-18T23:03:21.129Z"}},{"iob":0.281,"basaliob":-0.068,"bolussnooze":0.017,"activity":0.0055,"lastBolusTime":1702936708443,"time":"2023-12-18T23:08:21.129Z","iobWithZeroTemp":{"iob":0.106,"basaliob":-0.243,"bolussnooze":0.017,"activity":0.0041,"lastBolusTime":1702936708443,"time":"2023-12-18T23:08:21.129Z"}},{"iob":0.255,"basaliob":-0.062,"bolussnooze":0.0132,"activity":0.005,"lastBolusTime":1702936708443,"time":"2023-12-18T23:13:21.129Z","iobWithZeroTemp":{"iob":0.071,"basaliob":-0.246,"bolussnooze":0.0132,"activity":0.0034,"lastBolusTime":1702936708443,"time":"2023-12-18T23:13:21.129Z"}},{"iob":0.231,"basaliob":-0.057,"bolussnooze":0.0101,"activity":0.0046,"lastBolusTime":1702936708443,"time":"2023-12-18T23:18:21.129Z","iobWithZeroTemp":{"iob":0.039,"basaliob":-0.249,"bolussnooze":0.0101,"activity":0.0029,"lastBolusTime":1702936708443,"time":"2023-12-18T23:18:21.129Z"}},{"iob":0.209,"basaliob":-0.052,"bolussnooze":0.0077,"activity":0.0043,"lastBolusTime":1702936708443,"time":"2023-12-18T23:23:21.129Z","iobWithZeroTemp":{"iob":0.009,"basaliob":-0.252,"bolussnooze":0.0077,"activity":0.0025,"lastBolusTime":1702936708443,"time":"2023-12-18T23:23:21.129Z"}},{"iob":0.188,"basaliob":-0.048,"bolussnooze":0.0057,"activity":0.0039,"lastBolusTime":1702936708443,"time":"2023-12-18T23:28:21.129Z","iobWithZeroTemp":{"iob":-0.019,"basaliob":-0.255,"bolussnooze":0.0057,"activity":0.002,"lastBolusTime":1702936708443,"time":"2023-12-18T23:28:21.129Z"}},{"iob":0.169,"basaliob":-0.044,"bolussnooze":0.0042,"activity":0.0036,"lastBolusTime":1702936708443,"time":"2023-12-18T23:33:21.129Z","iobWithZeroTemp":{"iob":-0.045,"basaliob":-0.258,"bolussnooze":0.0042,"activity":0.0016,"lastBolusTime":1702936708443,"time":"2023-12-18T23:33:21.129Z"}},{"iob":0.152,"basaliob":-0.04,"bolussnooze":0.003,"activity":0.0033,"lastBolusTime":1702936708443,"time":"2023-12-18T23:38:21.129Z","iobWithZeroTemp":{"iob":-0.068,"basaliob":-0.26,"bolussnooze":0.003,"activity":0.0012,"lastBolusTime":1702936708443,"time":"2023-12-18T23:38:21.129Z"}},{"iob":0.137,"basaliob":-0.036,"bolussnooze":0.0021,"activity":0.003,"lastBolusTime":1702936708443,"time":"2023-12-18T23:43:21.129Z","iobWithZeroTemp":{"iob":-0.089,"basaliob":-0.262,"bolussnooze":0.0021,"activity":8.0E-4,"lastBolusTime":1702936708443,"time":"2023-12-18T23:43:21.129Z"}},{"iob":0.123,"basaliob":-0.033,"bolussnooze":0.0014,"activity":0.0027,"lastBolusTime":1702936708443,"time":"2023-12-18T23:48:21.129Z","iobWithZeroTemp":{"iob":-0.108,"basaliob":-0.264,"bolussnooze":0.0014,"activity":4.0E-4,"lastBolusTime":1702936708443,"time":"2023-12-18T23:48:21.129Z"}},{"iob":0.11,"basaliob":-0.03,"bolussnooze":9.0E-4,"activity":0.0024,"lastBolusTime":1702936708443,"time":"2023-12-18T23:53:21.129Z","iobWithZeroTemp":{"iob":-0.126,"basaliob":-0.266,"bolussnooze":9.0E-4,"activity":0,"lastBolusTime":1702936708443,"time":"2023-12-18T23:53:21.129Z"}},{"iob":0.098,"basaliob":-0.027,"bolussnooze":6.0E-4,"activity":0.0023,"lastBolusTime":1702936708443,"time":"2023-12-18T23:58:21.129Z","iobWithZeroTemp":{"iob":-0.142,"basaliob":-0.267,"bolussnooze":6.0E-4,"activity":-2.0E-4,"lastBolusTime":1702936708443,"time":"2023-12-18T23:58:21.129Z"}},{"iob":0.088,"basaliob":-0.024,"bolussnooze":3.0E-4,"activity":0.002,"lastBolusTime":1702936708443,"time":"2023-12-19T00:03:21.129Z","iobWithZeroTemp":{"iob":-0.152,"basaliob":-0.264,"bolussnooze":3.0E-4,"activity":-6.0E-4,"lastBolusTime":1702936708443,"time":"2023-12-19T00:03:21.129Z"}},{"iob":0.078,"basaliob":-0.022,"bolussnooze":1.0E-4,"activity":0.0018,"lastBolusTime":1702936708443,"time":"2023-12-19T00:08:21.129Z","iobWithZeroTemp":{"iob":-0.162,"basaliob":-0.262,"bolussnooze":1.0E-4,"activity":-8.0E-4,"lastBolusTime":1702936708443,"time":"2023-12-19T00:08:21.129Z"}},{"iob":0.069,"basaliob":-0.02,"bolussnooze":1.0E-4,"activity":0.0017,"lastBolusTime":1702936708443,"time":"2023-12-19T00:13:21.129Z","iobWithZeroTemp":{"iob":-0.17,"basaliob":-0.259,"bolussnooze":1.0E-4,"activity":-0.001,"lastBolusTime":1702936708443,"time":"2023-12-19T00:13:21.129Z"}},{"iob":0.061,"basaliob":-0.018,"bolussnooze":0,"activity":0.0015,"lastBolusTime":1702936708443,"time":"2023-12-19T00:18:21.129Z","iobWithZeroTemp":{"iob":-0.177,"basaliob":-0.256,"bolussnooze":0,"activity":-0.0012,"lastBolusTime":1702936708443,"time":"2023-12-19T00:18:21.129Z"}},{"iob":0.054,"basaliob":-0.016,"bolussnooze":0,"activity":0.0014,"lastBolusTime":1702936708443,"time":"2023-12-19T00:23:21.129Z","iobWithZeroTemp":{"iob":-0.183,"basaliob":-0.253,"bolussnooze":0,"activity":-0.0013,"lastBolusTime":1702936708443,"time":"2023-12-19T00:23:21.129Z"}},{"iob":0.048,"basaliob":-0.014,"bolussnooze":0,"activity":0.0012,"lastBolusTime":1702936708443,"time":"2023-12-19T00:28:21.129Z","iobWithZeroTemp":{"iob":-0.188,"basaliob":-0.25,"bolussnooze":0,"activity":-0.0015,"lastBolusTime":1702936708443,"time":"2023-12-19T00:28:21.129Z"}},{"iob":0.042,"basaliob":-0.013,"bolussnooze":0,"activity":0.0011,"lastBolusTime":1702936708443,"time":"2023-12-19T00:33:21.129Z","iobWithZeroTemp":{"iob":-0.193,"basaliob":-0.248,"bolussnooze":0,"activity":-0.0016,"lastBolusTime":1702936708443,"time":"2023-12-19T00:33:21.129Z"}},{"iob":0.037,"basaliob":-0.011,"bolussnooze":0,"activity":9.0E-4,"lastBolusTime":1702936708443,"time":"2023-12-19T00:38:21.129Z","iobWithZeroTemp":{"iob":-0.197,"basaliob":-0.245,"bolussnooze":0,"activity":-0.0019,"lastBolusTime":1702936708443,"time":"2023-12-19T00:38:21.129Z"}},{"iob":0.032,"basaliob":-0.01,"bolussnooze":0,"activity":9.0E-4,"lastBolusTime":1702936708443,"time":"2023-12-19T00:43:21.129Z","iobWithZeroTemp":{"iob":-0.201,"basaliob":-0.243,"bolussnooze":0,"activity":-0.0019,"lastBolusTime":1702936708443,"time":"2023-12-19T00:43:21.129Z"}},{"iob":0.028,"basaliob":-0.009,"bolussnooze":0,"activity":8.0E-4,"lastBolusTime":1702936708443,"time":"2023-12-19T00:48:21.129Z","iobWithZeroTemp":{"iob":-0.203,"basaliob":-0.24,"bolussnooze":0,"activity":-0.002,"lastBolusTime":1702936708443,"time":"2023-12-19T00:48:21.129Z"}},{"iob":0.025,"basaliob":-0.008,"bolussnooze":0,"activity":7.0E-4,"lastBolusTime":1702936708443,"time":"2023-12-19T00:53:21.129Z","iobWithZeroTemp":{"iob":-0.205,"basaliob":-0.238,"bolussnooze":0,"activity":-0.0021,"lastBolusTime":1702936708443,"time":"2023-12-19T00:53:21.129Z"}},{"iob":0.021,"basaliob":-0.007,"bolussnooze":0,"activity":6.0E-4,"lastBolusTime":1702936708443,"time":"2023-12-19T00:58:21.129Z","iobWithZeroTemp":{"iob":-0.208,"basaliob":-0.236,"bolussnooze":0,"activity":-0.0021,"lastBolusTime":1702936708443,"time":"2023-12-19T00:58:21.129Z"}},{"iob":0.019,"basaliob":-0.006,"bolussnooze":0,"activity":5.0E-4,"lastBolusTime":1702936708443,"time":"2023-12-19T01:03:21.129Z","iobWithZeroTemp":{"iob":-0.213,"basaliob":-0.238,"bolussnooze":0,"activity":-0.0022,"lastBolusTime":1702936708443,"time":"2023-12-19T01:03:21.129Z"}},{"iob":0.015,"basaliob":-0.006,"bolussnooze":0,"activity":5.0E-4,"lastBolusTime":1702936708443,"time":"2023-12-19T01:08:21.129Z","iobWithZeroTemp":{"iob":-0.22,"basaliob":-0.241,"bolussnooze":0,"activity":-0.0023,"lastBolusTime":1702936708443,"time":"2023-12-19T01:08:21.129Z"}},{"iob":0.014,"basaliob":-0.005,"bolussnooze":0,"activity":4.0E-4,"lastBolusTime":1702936708443,"time":"2023-12-19T01:13:21.129Z","iobWithZeroTemp":{"iob":-0.224,"basaliob":-0.243,"bolussnooze":0,"activity":-0.0024,"lastBolusTime":1702936708443,"time":"2023-12-19T01:13:21.129Z"}},{"iob":0.012,"basaliob":-0.004,"bolussnooze":0,"activity":4.0E-4,"lastBolusTime":1702936708443,"time":"2023-12-19T01:18:21.129Z","iobWithZeroTemp":{"iob":-0.228,"basaliob":-0.244,"bolussnooze":0,"activity":-0.0024,"lastBolusTime":1702936708443,"time":"2023-12-19T01:18:21.129Z"}},{"iob":0.01,"basaliob":-0.004,"bolussnooze":0,"activity":3.0E-4,"lastBolusTime":1702936708443,"time":"2023-12-19T01:23:21.129Z","iobWithZeroTemp":{"iob":-0.233,"basaliob":-0.247,"bolussnooze":0,"activity":-0.0025,"lastBolusTime":1702936708443,"time":"2023-12-19T01:23:21.129Z"}},{"iob":0.009,"basaliob":-0.003,"bolussnooze":0,"activity":3.0E-4,"lastBolusTime":1702936708443,"time":"2023-12-19T01:28:21.129Z","iobWithZeroTemp":{"iob":-0.237,"basaliob":-0.249,"bolussnooze":0,"activity":-0.0025,"lastBolusTime":1702936708443,"time":"2023-12-19T01:28:21.129Z"}},{"iob":0.007,"basaliob":-0.003,"bolussnooze":0,"activity":2.0E-4,"lastBolusTime":1702936708443,"time":"2023-12-19T01:33:21.129Z","iobWithZeroTemp":{"iob":-0.241,"basaliob":-0.251,"bolussnooze":0,"activity":-0.0026,"lastBolusTime":1702936708443,"time":"2023-12-19T01:33:21.129Z"}},{"iob":0.007,"basaliob":-0.002,"bolussnooze":0,"activity":2.0E-4,"lastBolusTime":1702936708443,"time":"2023-12-19T01:38:21.129Z","iobWithZeroTemp":{"iob":-0.244,"basaliob":-0.253,"bolussnooze":0,"activity":-0.0027,"lastBolusTime":1702936708443,"time":"2023-12-19T01:38:21.129Z"}},{"iob":0.005,"basaliob":-0.002,"bolussnooze":0,"activity":1.0E-4,"lastBolusTime":1702936708443,"time":"2023-12-19T01:43:21.129Z","iobWithZeroTemp":{"iob":-0.248,"basaliob":-0.255,"bolussnooze":0,"activity":-0.0028,"lastBolusTime":1702936708443,"time":"2023-12-19T01:43:21.129Z"}},{"iob":0.004,"basaliob":-0.002,"bolussnooze":0,"activity":1.0E-4,"lastBolusTime":1702936708443,"time":"2023-12-19T01:48:21.129Z","iobWithZeroTemp":{"iob":-0.251,"basaliob":-0.257,"bolussnooze":0,"activity":-0.0028,"lastBolusTime":1702936708443,"time":"2023-12-19T01:48:21.129Z"}},{"iob":0.003,"basaliob":-0.002,"bolussnooze":0,"activity":2.0E-4,"lastBolusTime":1702936708443,"time":"2023-12-19T01:53:21.129Z","iobWithZeroTemp":{"iob":-0.254,"basaliob":-0.259,"bolussnooze":0,"activity":-0.0027,"lastBolusTime":1702936708443,"time":"2023-12-19T01:53:21.129Z"}},{"iob":0.003,"basaliob":-0.001,"bolussnooze":0,"activity":2.0E-4,"lastBolusTime":1702936708443,"time":"2023-12-19T01:58:21.129Z","iobWithZeroTemp":{"iob":-0.256,"basaliob":-0.26,"bolussnooze":0,"activity":-0.0028,"lastBolusTime":1702936708443,"time":"2023-12-19T01:58:21.129Z"}}],"profile":{"max_iob":10,"type":"current","max_daily_basal":0.25,"max_basal":1,"min_bg":90,"max_bg":90,"target_bg":90,"carb_ratio":14.8,"sens":84,"max_daily_safety_multiplier":5,"current_basal_safety_multiplier":5,"lgsThreshold":95,"high_temptarget_raises_sensitivity":false,"low_temptarget_lowers_sensitivity":false,"sensitivity_raises_target":true,"resistance_lowers_target":true,"adv_target_adjustments":false,"exercise_mode":false,"half_basal_exercise_target":160,"maxCOB":120,"skip_neutral_temps":false,"remainingCarbsCap":90,"enableUAM":true,"A52_risk_enable":false,"SMBInterval":5,"enableSMB_with_COB":true,"enableSMB_with_temptarget":false,"allowSMB_with_high_temptarget":false,"enableSMB_always":false,"enableSMB_after_carbs":true,"maxSMBBasalMinutes":120,"maxUAMSMBBasalMinutes":120,"bolus_increment":0.05,"carbsReqThreshold":1,"current_basal":0.20000000298023224,"temptargetSet":false,"autosens_max":1.2,"autosens_min":0.7,"variable_sens":79.3,"insulinDivisor":75,"TDD":21.74322145225345},"autosens_data":{"ratio":1},"meal_data":{"carbs":39,"mealCOB":13.361466666666661,"slopeFromMaxDeviation":-0.1536666666666665,"slopeFromMinDeviation":0.9290000000000003,"lastBolusTime":1702936708443,"lastCarbTime":1702935386937},"microBolusAllowed":true,"currentTime":1702937002356,"flatBGsDetected":false,"tdd1D":22.354166475186748,"tdd7D":26.782783919711285,"tddLast24H":19.545833267023166,"tddLast4H":3.016666635374228,"tddLast8to4H":1.8166667106250922},"output":{"temp":"absolute","bg":138,"tick":"+5","eventualBG":187,"targetBG":90,"insulinReq":0.57,"deliverAt":"2023-12-18T22:03:22.356Z","sensitivityRatio":1,"variable_sens":79.3,"predBGs":{"IOB":[138,141,143,145,147,148,148,148,148,147,146,144,141,139,137,135,133,131,130,128,127,126,125,124,123,122,121,120,120,119,118,118,118,117,117,117,116,116,116,116,115],"ZT":[138,133,128,124,119,115,110,107,103,99,96,93,91,88,86,84,83,81,80,79,78,78,78,78,78,78,79,79,80,81,82,82,84,85,86,87,88,89,90],"COB":[138,141,144,146,149,150,152,153,155,155,156,156,156,156,155,154,152,151,149,148,146,145,144,143,142,142,141,140,140,139,139,138,138,137,137,137,137,136,136,136,136,136,136,135],"UAM":[138,141,144,148,151,154,157,160,163,166,169,171,174,176,179,181,183,184,186,187,189,190,190,191,191,191,191,191,190,190,190,189,189,189,188,188,188,188,188,187]},"reason":"COB: 13.4, Dev: 51, BGI: -5, ISF: 79, CR: 14.8, Target: 90, minPredBG 135, minGuardBG 139, IOBpredBG 115, COBpredBG 135, UAMpredBG 187; Eventual BG 187 >= 90,  insulinReq 0.57. Waiting 0m 6s to microbolus again. adj. req. rate: 1.34 to maxSafeBasal: 1, temp 0.00 < 1U\/hr. ","COB":13.361466666666661,"IOB":0.855,"duration":30,"rate":1,"timestamp":"2023-12-18T22:03:22.367Z"}}