{"algorithm":"OpenAPSSMBDynamicISFPlugin","input":{"glucoseStatus":{"glucose":99,"noise":0,"delta":-1,"short_avgdelta":-1.11,"long_avgdelta":-1.38,"date":1702896772000},"currenttemp":{"temp":"absolute","duration":20,"rate":0,"minutesrunning":40},"iob_data":[{"iob":0.1,"basaliob":-0.073,"bolussnooze":0,"activity":0.0024,"lastBolusTime":1702893506960,"time":"2023-12-18T10:53:19.176Z","iobWithZeroTemp":{"iob":0.1,"basaliob":-0.073,"bolussnooze":0,"activity":0.0024,"lastBolusTime":1702893506960,"time":"2023-12-18T10:53:19.176Z"}},{"iob":0.089,"basaliob":-0.07,"bolussnooze":0,"activity":0.0023,"lastBolusTime":1702893506960,"time":"2023-12-18T10:58:19.176Z","iobWithZeroTemp":{"iob":0.079,"basaliob":-0.08,"bolussnooze":0,"activity":0.0023,"lastBolusTime":1702893506960,"time":"2023-12-18T10:58:19.176Z"}},{"iob":0.079,"basaliob":-0.067,"bolussnooze":0,"activity":0.002,"lastBolusTime":1702893506960,"time":"2023-12-18T11:03:19.176Z","iobWithZeroTemp":{"iob":0.057,"basaliob":-0.089,"bolussnooze":0,"activity":0.002,"lastBolusTime":1702893506960,"time":"2023-12-18T11:03:19.176Z"}},{"iob":0.069,"basaliob":-0.064,"bolussnooze":0,"activity":0.0018,"lastBolusTime":1702893506960,"time":"2023-12-18T11:08:19.176Z","iobWithZeroTemp":{"iob":0.034,"basaliob":-0.099,"bolussnooze":0,"activity":0.0017,"lastBolusTime":1702893506960,"time":"2023-12-18T11:08:19.176Z"}},{"iob":0.061,"basaliob":-0.061,"bolussnooze":0,"activity":0.0016,"lastBolusTime":1702893506960,"time":"2023-12-18T11:13:19.176Z","iobWithZeroTemp":{"iob":0.015,"basaliob":-0.107,"bolussnooze":0,"activity":0.0014,"lastBolusTime":1702893506960,"time":"2023-12-18T11:13:19.176Z"}},{"iob":0.053,"basaliob":-0.058,"bolussnooze":0,"activity":0.0014,"lastBolusTime":1702893506960,"time":"2023-12-18T11:18:19.176Z","iobWithZeroTemp":{"iob":-0.005,"basaliob":-0.116,"bolussnooze":0,"activity":0.0011,"lastBolusTime":1702893506960,"time":"2023-12-18T11:18:19.176Z"}},{"iob":0.047,"basaliob":-0.054,"bolussnooze":0,"activity":0.0012,"lastBolusTime":1702893506960,"time":"2023-12-18T11:23:19.176Z","iobWithZeroTemp":{"iob":-0.022,"basaliob":-0.123,"bolussnooze":0,"activity":8.0E-4,"lastBolusTime":1702893506960,"time":"2023-12-18T11:23:19.176Z"}},{"iob":0.041,"basaliob":-0.051,"bolussnooze":0,"activity":0.0011,"lastBolusTime":1702893506960,"time":"2023-12-18T11:28:19.176Z","iobWithZeroTemp":{"iob":-0.038,"basaliob":-0.13,"bolussnooze":0,"activity":6.0E-4,"lastBolusTime":1702893506960,"time":"2023-12-18T11:28:19.176Z"}},{"iob":0.035,"basaliob":-0.048,"bolussnooze":0,"activity":0.001,"lastBolusTime":1702893506960,"time":"2023-12-18T11:33:19.176Z","iobWithZeroTemp":{"iob":-0.054,"basaliob":-0.137,"bolussnooze":0,"activity":4.0E-4,"lastBolusTime":1702893506960,"time":"2023-12-18T11:33:19.176Z"}},{"iob":0.031,"basaliob":-0.045,"bolussnooze":0,"activity":9.0E-4,"lastBolusTime":1702893506960,"time":"2023-12-18T11:38:19.176Z","iobWithZeroTemp":{"iob":-0.068,"basaliob":-0.144,"bolussnooze":0,"activity":2.0E-4,"lastBolusTime":1702893506960,"time":"2023-12-18T11:38:19.176Z"}},{"iob":0.026,"basaliob":-0.042,"bolussnooze":0,"activity":8.0E-4,"lastBolusTime":1702893506960,"time":"2023-12-18T11:43:19.176Z","iobWithZeroTemp":{"iob":-0.081,"basaliob":-0.149,"bolussnooze":0,"activity":0,"lastBolusTime":1702893506960,"time":"2023-12-18T11:43:19.176Z"}},{"iob":0.023,"basaliob":-0.039,"bolussnooze":0,"activity":7.0E-4,"lastBolusTime":1702893506960,"time":"2023-12-18T11:48:19.176Z","iobWithZeroTemp":{"iob":-0.093,"basaliob":-0.155,"bolussnooze":0,"activity":-2.0E-4,"lastBolusTime":1702893506960,"time":"2023-12-18T11:48:19.176Z"}},{"iob":0.02,"basaliob":-0.036,"bolussnooze":0,"activity":5.0E-4,"lastBolusTime":1702893506960,"time":"2023-12-18T11:53:19.176Z","iobWithZeroTemp":{"iob":-0.104,"basaliob":-0.16,"bolussnooze":0,"activity":-5.0E-4,"lastBolusTime":1702893506960,"time":"2023-12-18T11:53:19.176Z"}},{"iob":0.017,"basaliob":-0.033,"bolussnooze":0,"activity":5.0E-4,"lastBolusTime":1702893506960,"time":"2023-12-18T11:58:19.176Z","iobWithZeroTemp":{"iob":-0.114,"basaliob":-0.164,"bolussnooze":0,"activity":-6.0E-4,"lastBolusTime":1702893506960,"time":"2023-12-18T11:58:19.176Z"}},{"iob":0.014,"basaliob":-0.031,"bolussnooze":0,"activity":4.0E-4,"lastBolusTime":1702893506960,"time":"2023-12-18T12:03:19.176Z","iobWithZeroTemp":{"iob":-0.124,"basaliob":-0.169,"bolussnooze":0,"activity":-8.0E-4,"lastBolusTime":1702893506960,"time":"2023-12-18T12:03:19.176Z"}},{"iob":0.013,"basaliob":-0.028,"bolussnooze":0,"activity":4.0E-4,"lastBolusTime":1702893506960,"time":"2023-12-18T12:08:19.176Z","iobWithZeroTemp":{"iob":-0.131,"basaliob":-0.172,"bolussnooze":0,"activity":-9.0E-4,"lastBolusTime":1702893506960,"time":"2023-12-18T12:08:19.176Z"}},{"iob":0.011,"basaliob":-0.026,"bolussnooze":0,"activity":4.0E-4,"lastBolusTime":1702893506960,"time":"2023-12-18T12:13:19.176Z","iobWithZeroTemp":{"iob":-0.139,"basaliob":-0.176,"bolussnooze":0,"activity":-0.001,"lastBolusTime":1702893506960,"time":"2023-12-18T12:13:19.176Z"}},{"iob":0.009,"basaliob":-0.024,"bolussnooze":0,"activity":3.0E-4,"lastBolusTime":1702893506960,"time":"2023-12-18T12:18:19.176Z","iobWithZeroTemp":{"iob":-0.147,"basaliob":-0.18,"bolussnooze":0,"activity":-0.0012,"lastBolusTime":1702893506960,"time":"2023-12-18T12:18:19.176Z"}},{"iob":0.008,"basaliob":-0.022,"bolussnooze":0,"activity":2.0E-4,"lastBolusTime":1702893506960,"time":"2023-12-18T12:23:19.176Z","iobWithZeroTemp":{"iob":-0.153,"basaliob":-0.183,"bolussnooze":0,"activity":-0.0013,"lastBolusTime":1702893506960,"time":"2023-12-18T12:23:19.176Z"}},{"iob":0.007,"basaliob":-0.02,"bolussnooze":0,"activity":2.0E-4,"lastBolusTime":1702893506960,"time":"2023-12-18T12:28:19.176Z","iobWithZeroTemp":{"iob":-0.158,"basaliob":-0.185,"bolussnooze":0,"activity":-0.0014,"lastBolusTime":1702893506960,"time":"2023-12-18T12:28:19.176Z"}},{"iob":0.006,"basaliob":-0.018,"bolussnooze":0,"activity":2.0E-4,"lastBolusTime":1702893506960,"time":"2023-12-18T12:33:19.176Z","iobWithZeroTemp":{"iob":-0.163,"basaliob":-0.187,"bolussnooze":0,"activity":-0.0015,"lastBolusTime":1702893506960,"time":"2023-12-18T12:33:19.176Z"}},{"iob":0.004,"basaliob":-0.017,"bolussnooze":0,"activity":2.0E-4,"lastBolusTime":1702893506960,"time":"2023-12-18T12:38:19.176Z","iobWithZeroTemp":{"iob":-0.169,"basaliob":-0.19,"bolussnooze":0,"activity":-0.0015,"lastBolusTime":1702893506960,"time":"2023-12-18T12:38:19.176Z"}},{"iob":0.004,"basaliob":-0.015,"bolussnooze":0,"activity":1.0E-4,"lastBolusTime":1702893506960,"time":"2023-12-18T12:43:19.176Z","iobWithZeroTemp":{"iob":-0.173,"basaliob":-0.192,"bolussnooze":0,"activity":-0.0017,"lastBolusTime":1702893506960,"time":"2023-12-18T12:43:19.176Z"}},{"iob":0.003,"basaliob":-0.014,"bolussnooze":0,"activity":1.0E-4,"lastBolusTime":1702893506960,"time":"2023-12-18T12:48:19.176Z","iobWithZeroTemp":{"iob":-0.177,"basaliob":-0.194,"bolussnooze":0,"activity":-0.0018,"lastBolusTime":1702893506960,"time":"2023-12-18T12:48:19.176Z"}},{"iob":0.002,"basaliob":-0.013,"bolussnooze":0,"activity":2.0E-4,"lastBolusTime":1702893506960,"time":"2023-12-18T12:53:19.176Z","iobWithZeroTemp":{"iob":-0.181,"basaliob":-0.196,"bolussnooze":0,"activity":-0.0017,"lastBolusTime":1702893506960,"time":"2023-12-18T12:53:19.176Z"}},{"iob":0.002,"basaliob":-0.011,"bolussnooze":0,"activity":1.0E-4,"lastBolusTime":1702893506960,"time":"2023-12-18T12:58:19.176Z","iobWithZeroTemp":{"iob":-0.184,"basaliob":-0.197,"bolussnooze":0,"activity":-0.0019,"lastBolusTime":1702893506960,"time":"2023-12-18T12:58:19.176Z"}},{"iob":0.002,"basaliob":-0.01,"bolussnooze":0,"activity":1.0E-4,"lastBolusTime":1702893506960,"time":"2023-12-18T13:03:19.176Z","iobWithZeroTemp":{"iob":-0.187,"basaliob":-0.199,"bolussnooze":0,"activity":-0.0019,"lastBolusTime":1702893506960,"time":"2023-12-18T13:03:19.176Z"}},{"iob":0.002,"basaliob":-0.009,"bolussnooze":0,"activity":1.0E-4,"lastBolusTime":1702893506960,"time":"2023-12-18T13:08:19.176Z","iobWithZeroTemp":{"iob":-0.189,"basaliob":-0.2,"bolussnooze":0,"activity":-0.002,"lastBolusTime":1702893506960,"time":"2023-12-18T13:08:19.176Z"}},{"iob":0.001,"basaliob":-0.008,"bolussnooze":0,"activity":0,"lastBolusTime":1702893506960,"time":"2023-12-18T13:13:19.176Z","iobWithZeroTemp":{"iob":-0.192,"basaliob":-0.201,"bolussnooze":0,"activity":-0.0021,"lastBolusTime":1702893506960,"time":"2023-12-18T13:13:19.176Z"}},{"iob":0,"basaliob":-0.008,"bolussnooze":0,"activity":0,"lastBolusTime":1702893506960,"time":"2023-12-18T13:18:19.176Z","iobWithZeroTemp":{"iob":-0.195,"basaliob":-0.203,"bolussnooze":0,"activity":-0.0021,"lastBolusTime":1702893506960,"time":"2023-12-18T13:18:19.176Z"}},{"iob":0,"basaliob":-0.007,"bolussnooze":0,"activity":1.0E-4,"lastBolusTime":1702893506960,"time":"2023-12-18T13:23:19.176Z","iobWithZeroTemp":{"iob":-0.197,"basaliob":-0.204,"bolussnooze":0,"activity":-0.0021,"lastBolusTime":1702893506960,"time":"2023-12-18T13:23:19.176Z"}},{"iob":0,"basaliob":-0.006,"bolussnooze":0,"activity":1.0E-4,"lastBolusTime":1702893506960,"time":"2023-12-18T13:28:19.176Z","iobWithZeroTemp":{"iob":-0.198,"basaliob":-0.204,"bolussnooze":0,"activity":-0.0021,"lastBolusTime":1702893506960,"time":"2023-12-18T13:28:19.176Z"}},{"iob":0,"basaliob":-0.006,"bolussnooze":0,"activity":0,"lastBolusTime":1702893506960,"time":"2023-12-18T13:33:19.176Z","iobWithZeroTemp":{"iob":-0.199,"basaliob":-0.205,"bolussnooze":0,"activity":-0.0022,"lastBolusTime":1702893506960,"time":"2023-12-18T13:33:19.176Z"}},{"iob":0,"basaliob":-0.005,"bolussnooze":0,"activity":0,"lastBolusTime":1702893506960,"time":"2023-12-18T13:38:19.176Z","iobWithZeroTemp":{"iob":-0.201,"basaliob":-0.206,"bolussnooze":0,"activity":-0.0023,"lastBolusTime":1702893506960,"time":"2023-12-18T13:38:19.176Z"}},{"iob":0,"basaliob":-0.004,"bolussnooze":0,"activity":0,"lastBolusTime":1702893506960,"time":"2023-12-18T13:43:19.176Z","iobWithZeroTemp":{"iob":-0.202,"basaliob":-0.206,"bolussnooze":0,"activity":-0.0023,"lastBolusTime":1702893506960,"time":"2023-12-18T13:43:19.176Z"}},{"iob":0,"basaliob":-0.004,"bolussnooze":0,"activity":0,"lastBolusTime":1702893506960,"time":"2023-12-18T13:48:19.176Z","iobWithZeroTemp":{"iob":-0.203,"basaliob":-0.207,"bolussnooze":0,"activity":-0.0023,"lastBolusTime":1702893506960,"time":"2023-12-18T13:48:19.176Z"}},{"iob":-0.001,"basaliob":-0.004,"bolussnooze":0,"activity":0,"lastBolusTime":1702893506960,"time":"2023-12-18T13:53:19.176Z","iobWithZeroTemp":{"iob":-0.205,"basaliob":-0.208,"bolussnooze":0,"activity":-0.0023,"lastBolusTime":1702893506960,"time":"2023-12-18T13:53:19.176Z"}},{"iob":0,"basaliob":-0.003,"bolussnooze":0,"activity":0,"lastBolusTime":1702893506960,"time":"2023-12-18T13:58:19.176Z","iobWithZeroTemp":{"iob":-0.205,"basaliob":-0.208,"bolussnooze":0,"activity":-0.0023,"lastBolusTime":1702893506960,"time":"2023-12-18T13:58:19.176Z"}},{"iob":-0.001,"basaliob":-0.003,"bolussnooze":0,"activity":0,"lastBolusTime":1702893506960,"time":"2023-12-18T14:03:19.176Z","iobWithZeroTemp":{"iob":-0.21,"basaliob":-0.212,"bolussnooze":0,"activity":-0.0024,"lastBolusTime":1702893506960,"time":"2023-12-18T14:03:19.176Z"}},{"iob":0,"basaliob":-0.002,"bolussnooze":0,"activity":0,"lastBolusTime":1702893506960,"time":"2023-12-18T14:08:19.176Z","iobWithZeroTemp":{"iob":-0.214,"basaliob":-0.216,"bolussnooze":0,"activity":-0.0024,"lastBolusTime":1702893506960,"time":"2023-12-18T14:08:19.176Z"}},{"iob":0,"basaliob":-0.002,"bolussnooze":0,"activity":0,"lastBolusTime":1702893506960,"time":"2023-12-18T14:13:19.176Z","iobWithZeroTemp":{"iob":-0.219,"basaliob":-0.221,"bolussnooze":0,"activity":-0.0024,"lastBolusTime":1702893506960,"time":"2023-12-18T14:13:19.176Z"}},{"iob":-0.001,"basaliob":-0.002,"bolussnooze":0,"activity":0,"lastBolusTime":1702893506960,"time":"2023-12-18T14:18:19.176Z","iobWithZeroTemp":{"iob":-0.224,"basaliob":-0.225,"bolussnooze":0,"activity":-0.0025,"lastBolusTime":1702893506960,"time":"2023-12-18T14:18:19.176Z"}},{"iob":-0.001,"basaliob":-0.002,"bolussnooze":0,"activity":0,"lastBolusTime":1702893506960,"time":"2023-12-18T14:23:19.176Z","iobWithZeroTemp":{"iob":-0.228,"basaliob":-0.229,"bolussnooze":0,"activity":-0.0025,"lastBolusTime":1702893506960,"time":"2023-12-18T14:23:19.176Z"}},{"iob":0,"basaliob":-0.001,"bolussnooze":0,"activity":0,"lastBolusTime":1702893506960,"time":"2023-12-18T14:28:19.176Z","iobWithZeroTemp":{"iob":-0.231,"basaliob":-0.232,"bolussnooze":0,"activity":-0.0026,"lastBolusTime":1702893506960,"time":"2023-12-18T14:28:19.176Z"}},{"iob":0,"basaliob":-0.001,"bolussnooze":0,"activity":0,"lastBolusTime":1702893506960,"time":"2023-12-18T14:33:19.176Z","iobWithZeroTemp":{"iob":-0.235,"basaliob":-0.236,"bolussnooze":0,"activity":-0.0026,"lastBolusTime":1702893506960,"time":"2023-12-18T14:33:19.176Z"}},{"iob":0,"basaliob":-0.001,"bolussnooze":0,"activity":0,"lastBolusTime":1702893506960,"time":"2023-12-18T14:38:19.176Z","iobWithZeroTemp":{"iob":-0.239,"basaliob":-0.24,"bolussnooze":0,"activity":-0.0026,"lastBolusTime":1702893506960,"time":"2023-12-18T14:38:19.176Z"}},{"iob":0,"basaliob":-0.001,"bolussnooze":0,"activity":0,"lastBolusTime":1702893506960,"time":"2023-12-18T14:43:19.176Z","iobWithZeroTemp":{"iob":-0.242,"basaliob":-0.243,"bolussnooze":0,"activity":-0.0027,"lastBolusTime":1702893506960,"time":"2023-12-18T14:43:19.176Z"}},{"iob":-0.001,"basaliob":-0.001,"bolussnooze":0,"activity":0,"lastBolusTime":1702893506960,"time":"2023-12-18T14:48:19.176Z","iobWithZeroTemp":{"iob":-0.246,"basaliob":-0.246,"bolussnooze":0,"activity":-0.0027,"lastBolusTime":1702893506960,"time":"2023-12-18T14:48:19.176Z"}}],"profile":{"max_iob":10,"type":"current","max_daily_basal":0.25,"max_basal":0.75,"min_bg":90,"max_bg":90,"target_bg":90,"carb_ratio":12.6,"sens":84,"max_daily_safety_multiplier":5,"current_basal_safety_multiplier":5,"lgsThreshold":95,"high_temptarget_raises_sensitivity":false,"low_temptarget_lowers_sensitivity":false,"sensitivity_raises_target":true,"resistance_lowers_target":true,"adv_target_adjustments":false,"exercise_mode":false,"half_basal_exercise_target":160,"maxCOB":120,"skip_neutral_temps":false,"remainingCarbsCap":90,"enableUAM":true,"A52_risk_enable":false,"SMBInterval":5,"enableSMB_with_COB":true,"enableSMB_with_temptarget":false,"allowSMB_with_high_temptarget":false,"enableSMB_always":false,"enableSMB_after_carbs":true,"maxSMBBasalMinutes":120,"maxUAMSMBBasalMinutes":120,"bolus_increment":0.05,"carbsReqThreshold":1,"current_basal":0.15000000596046448,"temptargetSet":false,"autosens_max":1.2,"autosens_min":0.7,"variable_sens":106,"insulinDivisor":75,"TDD":20.179846514359998},"autosens_data":{"ratio":1},"meal_data":{"carbs":0,"mealCOB":0,"slopeFromMaxDeviation":-0.22120000000000004,"slopeFromMinDeviation":0.04099999999999998,"lastBolusTime":1702893506960,"lastCarbTime":0},"microBolusAllowed":true,"currentTime":1702896800226,"flatBGsDetected":false,"tdd1D":22.354166475186748,"tdd7D":26.782783919711285,"tddLast24H":21.958333164205154,"tddLast4H":1.0583333452542623,"tddLast8to4H":3.754166714350382},"output":{"temp":"absolute","bg":99,"tick":-1,"eventualBG":89,"targetBG":90,"insulinReq":0,"deliverAt":"2023-12-18T10:53:20.226Z","sensitivityRatio":1,"variable_sens":106,"predBGs":{"IOB":[99,98,97,96,95,94,94,93,93,92,92,91,91,90,90,90,90,89,89,89,89,89,89,89,89,89,89,89,88],"ZT":[99,98,97,95,95,94,93,93,92,92,92,92,92,92,93,93,94,94,95,96,96],"UAM":[99,98,97,95,94,94,93,92,92,91,90,90,90,89,89,89,89,88,88,88,88,88,88,88,88,87]},"reason":"COB: 0, Dev: 1, BGI: -1, ISF: 106, CR: 12.6, Target: 90, minPredBG 90, minGuardBG 87, IOBpredBG 88, UAMpredBG 87; minGuardBG 87<95","COB":0,"IOB":0.1,"duration":30,"rate":0,"timestamp":"2023-12-18T10:53:20.239Z"}}