{"algorithm":"OpenAPSSMBDynamicISFPlugin","input":{"glucoseStatus":{"glucose":148,"noise":0,"delta":-3,"short_avgdelta":-2.11,"long_avgdelta":0.69,"date":1702887771000},"currenttemp":{"temp":"absolute","duration":85,"rate":0,"minutesrunning":5},"iob_data":[{"iob":0.883,"basaliob":0.001,"bolussnooze":0.0471,"activity":0.0134,"lastBolusTime":1702886611386,"time":"2023-12-18T08:23:19.519Z","iobWithZeroTemp":{"iob":0.883,"basaliob":0.001,"bolussnooze":0.0471,"activity":0.0134,"lastBolusTime":1702886611386,"time":"2023-12-18T08:23:19.519Z"}},{"iob":0.817,"basaliob":0.003,"bolussnooze":0.0356,"activity":0.0128,"lastBolusTime":1702886611386,"time":"2023-12-18T08:28:19.519Z","iobWithZeroTemp":{"iob":0.807,"basaliob":-0.007,"bolussnooze":0.0356,"activity":0.0128,"lastBolusTime":1702886611386,"time":"2023-12-18T08:28:19.519Z"}},{"iob":0.754,"basaliob":0.004,"bolussnooze":0.0264,"activity":0.0122,"lastBolusTime":1702886611386,"time":"2023-12-18T08:33:19.519Z","iobWithZeroTemp":{"iob":0.732,"basaliob":-0.018,"bolussnooze":0.0264,"activity":0.0122,"lastBolusTime":1702886611386,"time":"2023-12-18T08:33:19.519Z"}},{"iob":0.695,"basaliob":0.006,"bolussnooze":0.0193,"activity":0.0115,"lastBolusTime":1702886611386,"time":"2023-12-18T08:38:19.519Z","iobWithZeroTemp":{"iob":0.66,"basaliob":-0.029,"bolussnooze":0.0193,"activity":0.0114,"lastBolusTime":1702886611386,"time":"2023-12-18T08:38:19.519Z"}},{"iob":0.639,"basaliob":0.007,"bolussnooze":0.0138,"activity":0.0108,"lastBolusTime":1702886611386,"time":"2023-12-18T08:43:19.519Z","iobWithZeroTemp":{"iob":0.593,"basaliob":-0.039,"bolussnooze":0.0138,"activity":0.0106,"lastBolusTime":1702886611386,"time":"2023-12-18T08:43:19.519Z"}},{"iob":0.586,"basaliob":0.007,"bolussnooze":0.0096,"activity":0.0102,"lastBolusTime":1702886611386,"time":"2023-12-18T08:48:19.519Z","iobWithZeroTemp":{"iob":0.528,"basaliob":-0.051,"bolussnooze":0.0096,"activity":0.0099,"lastBolusTime":1702886611386,"time":"2023-12-18T08:48:19.519Z"}},{"iob":0.538,"basaliob":0.008,"bolussnooze":0.0064,"activity":0.0095,"lastBolusTime":1702886611386,"time":"2023-12-18T08:53:19.519Z","iobWithZeroTemp":{"iob":0.469,"basaliob":-0.061,"bolussnooze":0.0064,"activity":0.0091,"lastBolusTime":1702886611386,"time":"2023-12-18T08:53:19.519Z"}},{"iob":0.492,"basaliob":0.008,"bolussnooze":0.0041,"activity":0.0089,"lastBolusTime":1702886611386,"time":"2023-12-18T08:58:19.519Z","iobWithZeroTemp":{"iob":0.413,"basaliob":-0.071,"bolussnooze":0.0041,"activity":0.0084,"lastBolusTime":1702886611386,"time":"2023-12-18T08:58:19.519Z"}},{"iob":0.449,"basaliob":0.008,"bolussnooze":0.0025,"activity":0.0083,"lastBolusTime":1702886611386,"time":"2023-12-18T09:03:19.519Z","iobWithZeroTemp":{"iob":0.356,"basaliob":-0.085,"bolussnooze":0.0025,"activity":0.0077,"lastBolusTime":1702886611386,"time":"2023-12-18T09:03:19.519Z"}},{"iob":0.409,"basaliob":0.008,"bolussnooze":0.0013,"activity":0.0076,"lastBolusTime":1702886611386,"time":"2023-12-18T09:08:19.519Z","iobWithZeroTemp":{"iob":0.302,"basaliob":-0.099,"bolussnooze":0.0013,"activity":0.0069,"lastBolusTime":1702886611386,"time":"2023-12-18T09:08:19.519Z"}},{"iob":0.372,"basaliob":0.008,"bolussnooze":6.0E-4,"activity":0.0071,"lastBolusTime":1702886611386,"time":"2023-12-18T09:13:19.519Z","iobWithZeroTemp":{"iob":0.252,"basaliob":-0.112,"bolussnooze":6.0E-4,"activity":0.0063,"lastBolusTime":1702886611386,"time":"2023-12-18T09:13:19.519Z"}},{"iob":0.338,"basaliob":0.008,"bolussnooze":2.0E-4,"activity":0.0065,"lastBolusTime":1702886611386,"time":"2023-12-18T09:18:19.519Z","iobWithZeroTemp":{"iob":0.206,"basaliob":-0.124,"bolussnooze":2.0E-4,"activity":0.0056,"lastBolusTime":1702886611386,"time":"2023-12-18T09:18:19.519Z"}},{"iob":0.307,"basaliob":0.008,"bolussnooze":0,"activity":0.006,"lastBolusTime":1702886611386,"time":"2023-12-18T09:23:19.519Z","iobWithZeroTemp":{"iob":0.164,"basaliob":-0.135,"bolussnooze":0,"activity":0.0049,"lastBolusTime":1702886611386,"time":"2023-12-18T09:23:19.519Z"}},{"iob":0.278,"basaliob":0.008,"bolussnooze":0,"activity":0.0055,"lastBolusTime":1702886611386,"time":"2023-12-18T09:28:19.519Z","iobWithZeroTemp":{"iob":0.124,"basaliob":-0.146,"bolussnooze":0,"activity":0.0043,"lastBolusTime":1702886611386,"time":"2023-12-18T09:28:19.519Z"}},{"iob":0.252,"basaliob":0.008,"bolussnooze":0,"activity":0.0052,"lastBolusTime":1702886611386,"time":"2023-12-18T09:33:19.519Z","iobWithZeroTemp":{"iob":0.087,"basaliob":-0.157,"bolussnooze":0,"activity":0.0039,"lastBolusTime":1702886611386,"time":"2023-12-18T09:33:19.519Z"}},{"iob":0.227,"basaliob":0.007,"bolussnooze":0,"activity":0.0047,"lastBolusTime":1702886611386,"time":"2023-12-18T09:38:19.519Z","iobWithZeroTemp":{"iob":0.053,"basaliob":-0.167,"bolussnooze":0,"activity":0.0032,"lastBolusTime":1702886611386,"time":"2023-12-18T09:38:19.519Z"}},{"iob":0.205,"basaliob":0.007,"bolussnooze":0,"activity":0.0043,"lastBolusTime":1702886611386,"time":"2023-12-18T09:43:19.519Z","iobWithZeroTemp":{"iob":0.022,"basaliob":-0.176,"bolussnooze":0,"activity":0.0027,"lastBolusTime":1702886611386,"time":"2023-12-18T09:43:19.519Z"}},{"iob":0.185,"basaliob":0.007,"bolussnooze":0,"activity":0.004,"lastBolusTime":1702886611386,"time":"2023-12-18T09:48:19.519Z","iobWithZeroTemp":{"iob":-0.007,"basaliob":-0.185,"bolussnooze":0,"activity":0.0023,"lastBolusTime":1702886611386,"time":"2023-12-18T09:48:19.519Z"}},{"iob":0.165,"basaliob":0.006,"bolussnooze":0,"activity":0.0036,"lastBolusTime":1702886611386,"time":"2023-12-18T09:53:19.519Z","iobWithZeroTemp":{"iob":-0.034,"basaliob":-0.193,"bolussnooze":0,"activity":0.0018,"lastBolusTime":1702886611386,"time":"2023-12-18T09:53:19.519Z"}},{"iob":0.148,"basaliob":0.006,"bolussnooze":0,"activity":0.0033,"lastBolusTime":1702886611386,"time":"2023-12-18T09:58:19.519Z","iobWithZeroTemp":{"iob":-0.059,"basaliob":-0.201,"bolussnooze":0,"activity":0.0014,"lastBolusTime":1702886611386,"time":"2023-12-18T09:58:19.519Z"}},{"iob":0.133,"basaliob":0.006,"bolussnooze":0,"activity":0.003,"lastBolusTime":1702886611386,"time":"2023-12-18T10:03:19.519Z","iobWithZeroTemp":{"iob":-0.076,"basaliob":-0.203,"bolussnooze":0,"activity":0.001,"lastBolusTime":1702886611386,"time":"2023-12-18T10:03:19.519Z"}},{"iob":0.118,"basaliob":0.005,"bolussnooze":0,"activity":0.0027,"lastBolusTime":1702886611386,"time":"2023-12-18T10:08:19.519Z","iobWithZeroTemp":{"iob":-0.093,"basaliob":-0.206,"bolussnooze":0,"activity":6.0E-4,"lastBolusTime":1702886611386,"time":"2023-12-18T10:08:19.519Z"}},{"iob":0.106,"basaliob":0.005,"bolussnooze":0,"activity":0.0025,"lastBolusTime":1702886611386,"time":"2023-12-18T10:13:19.519Z","iobWithZeroTemp":{"iob":-0.107,"basaliob":-0.208,"bolussnooze":0,"activity":3.0E-4,"lastBolusTime":1702886611386,"time":"2023-12-18T10:13:19.519Z"}},{"iob":0.094,"basaliob":0.005,"bolussnooze":0,"activity":0.0022,"lastBolusTime":1702886611386,"time":"2023-12-18T10:18:19.519Z","iobWithZeroTemp":{"iob":-0.12,"basaliob":-0.209,"bolussnooze":0,"activity":-1.0E-4,"lastBolusTime":1702886611386,"time":"2023-12-18T10:18:19.519Z"}},{"iob":0.083,"basaliob":0.004,"bolussnooze":0,"activity":0.002,"lastBolusTime":1702886611386,"time":"2023-12-18T10:23:19.519Z","iobWithZeroTemp":{"iob":-0.132,"basaliob":-0.211,"bolussnooze":0,"activity":-3.0E-4,"lastBolusTime":1702886611386,"time":"2023-12-18T10:23:19.519Z"}},{"iob":0.074,"basaliob":0.004,"bolussnooze":0,"activity":0.0018,"lastBolusTime":1702886611386,"time":"2023-12-18T10:28:19.519Z","iobWithZeroTemp":{"iob":-0.142,"basaliob":-0.212,"bolussnooze":0,"activity":-6.0E-4,"lastBolusTime":1702886611386,"time":"2023-12-18T10:28:19.519Z"}},{"iob":0.066,"basaliob":0.004,"bolussnooze":0,"activity":0.0017,"lastBolusTime":1702886611386,"time":"2023-12-18T10:33:19.519Z","iobWithZeroTemp":{"iob":-0.151,"basaliob":-0.213,"bolussnooze":0,"activity":-7.0E-4,"lastBolusTime":1702886611386,"time":"2023-12-18T10:33:19.519Z"}},{"iob":0.058,"basaliob":0.004,"bolussnooze":0,"activity":0.0015,"lastBolusTime":1702886611386,"time":"2023-12-18T10:38:19.519Z","iobWithZeroTemp":{"iob":-0.159,"basaliob":-0.213,"bolussnooze":0,"activity":-9.0E-4,"lastBolusTime":1702886611386,"time":"2023-12-18T10:38:19.519Z"}},{"iob":0.051,"basaliob":0.003,"bolussnooze":0,"activity":0.0014,"lastBolusTime":1702886611386,"time":"2023-12-18T10:43:19.519Z","iobWithZeroTemp":{"iob":-0.167,"basaliob":-0.215,"bolussnooze":0,"activity":-0.0011,"lastBolusTime":1702886611386,"time":"2023-12-18T10:43:19.519Z"}},{"iob":0.045,"basaliob":0.003,"bolussnooze":0,"activity":0.0011,"lastBolusTime":1702886611386,"time":"2023-12-18T10:48:19.519Z","iobWithZeroTemp":{"iob":-0.173,"basaliob":-0.215,"bolussnooze":0,"activity":-0.0014,"lastBolusTime":1702886611386,"time":"2023-12-18T10:48:19.519Z"}},{"iob":0.039,"basaliob":0.003,"bolussnooze":0,"activity":0.001,"lastBolusTime":1702886611386,"time":"2023-12-18T10:53:19.519Z","iobWithZeroTemp":{"iob":-0.179,"basaliob":-0.215,"bolussnooze":0,"activity":-0.0015,"lastBolusTime":1702886611386,"time":"2023-12-18T10:53:19.519Z"}},{"iob":0.035,"basaliob":0.003,"bolussnooze":0,"activity":9.0E-4,"lastBolusTime":1702886611386,"time":"2023-12-18T10:58:19.519Z","iobWithZeroTemp":{"iob":-0.183,"basaliob":-0.215,"bolussnooze":0,"activity":-0.0016,"lastBolusTime":1702886611386,"time":"2023-12-18T10:58:19.519Z"}},{"iob":0.029,"basaliob":0.002,"bolussnooze":0,"activity":8.0E-4,"lastBolusTime":1702886611386,"time":"2023-12-18T11:03:19.519Z","iobWithZeroTemp":{"iob":-0.189,"basaliob":-0.216,"bolussnooze":0,"activity":-0.0017,"lastBolusTime":1702886611386,"time":"2023-12-18T11:03:19.519Z"}},{"iob":0.026,"basaliob":0.002,"bolussnooze":0,"activity":7.0E-4,"lastBolusTime":1702886611386,"time":"2023-12-18T11:08:19.519Z","iobWithZeroTemp":{"iob":-0.191,"basaliob":-0.215,"bolussnooze":0,"activity":-0.0018,"lastBolusTime":1702886611386,"time":"2023-12-18T11:08:19.519Z"}},{"iob":0.022,"basaliob":0.002,"bolussnooze":0,"activity":6.0E-4,"lastBolusTime":1702886611386,"time":"2023-12-18T11:13:19.519Z","iobWithZeroTemp":{"iob":-0.195,"basaliob":-0.215,"bolussnooze":0,"activity":-0.0019,"lastBolusTime":1702886611386,"time":"2023-12-18T11:13:19.519Z"}},{"iob":0.02,"basaliob":0.002,"bolussnooze":0,"activity":5.0E-4,"lastBolusTime":1702886611386,"time":"2023-12-18T11:18:19.519Z","iobWithZeroTemp":{"iob":-0.197,"basaliob":-0.215,"bolussnooze":0,"activity":-0.0021,"lastBolusTime":1702886611386,"time":"2023-12-18T11:18:19.519Z"}},{"iob":0.017,"basaliob":0.002,"bolussnooze":0,"activity":5.0E-4,"lastBolusTime":1702886611386,"time":"2023-12-18T11:23:19.519Z","iobWithZeroTemp":{"iob":-0.2,"basaliob":-0.215,"bolussnooze":0,"activity":-0.0021,"lastBolusTime":1702886611386,"time":"2023-12-18T11:23:19.519Z"}},{"iob":0.015,"basaliob":0.002,"bolussnooze":0,"activity":4.0E-4,"lastBolusTime":1702886611386,"time":"2023-12-18T11:28:19.519Z","iobWithZeroTemp":{"iob":-0.201,"basaliob":-0.214,"bolussnooze":0,"activity":-0.0022,"lastBolusTime":1702886611386,"time":"2023-12-18T11:28:19.519Z"}},{"iob":0.012,"basaliob":0.001,"bolussnooze":0,"activity":4.0E-4,"lastBolusTime":1702886611386,"time":"2023-12-18T11:33:19.519Z","iobWithZeroTemp":{"iob":-0.204,"basaliob":-0.215,"bolussnooze":0,"activity":-0.0022,"lastBolusTime":1702886611386,"time":"2023-12-18T11:33:19.519Z"}},{"iob":0.01,"basaliob":0.001,"bolussnooze":0,"activity":3.0E-4,"lastBolusTime":1702886611386,"time":"2023-12-18T11:38:19.519Z","iobWithZeroTemp":{"iob":-0.206,"basaliob":-0.215,"bolussnooze":0,"activity":-0.0023,"lastBolusTime":1702886611386,"time":"2023-12-18T11:38:19.519Z"}},{"iob":0.009,"basaliob":0.001,"bolussnooze":0,"activity":3.0E-4,"lastBolusTime":1702886611386,"time":"2023-12-18T11:43:19.519Z","iobWithZeroTemp":{"iob":-0.206,"basaliob":-0.214,"bolussnooze":0,"activity":-0.0023,"lastBolusTime":1702886611386,"time":"2023-12-18T11:43:19.519Z"}},{"iob":0.007,"basaliob":0.001,"bolussnooze":0,"activity":2.0E-4,"lastBolusTime":1702886611386,"time":"2023-12-18T11:48:19.519Z","iobWithZeroTemp":{"iob":-0.208,"basaliob":-0.214,"bolussnooze":0,"activity":-0.0024,"lastBolusTime":1702886611386,"time":"2023-12-18T11:48:19.519Z"}},{"iob":0.006,"basaliob":0.001,"bolussnooze":0,"activity":2.0E-4,"lastBolusTime":1702886611386,"time":"2023-12-18T11:53:19.519Z","iobWithZeroTemp":{"iob":-0.209,"basaliob":-0.214,"bolussnooze":0,"activity":-0.0024,"lastBolusTime":1702886611386,"time":"2023-12-18T11:53:19.519Z"}},{"iob":0.005,"basaliob":0.001,"bolussnooze":0,"activity":2.0E-4,"lastBolusTime":1702886611386,"time":"2023-12-18T11:58:19.519Z","iobWithZeroTemp":{"iob":-0.21,"basaliob":-0.214,"bolussnooze":0,"activity":-0.0024,"lastBolusTime":1702886611386,"time":"2023-12-18T11:58:19.519Z"}},{"iob":0.005,"basaliob":0.001,"bolussnooze":0,"activity":1.0E-4,"lastBolusTime":1702886611386,"time":"2023-12-18T12:03:19.519Z","iobWithZeroTemp":{"iob":-0.209,"basaliob":-0.213,"bolussnooze":0,"activity":-0.0025,"lastBolusTime":1702886611386,"time":"2023-12-18T12:03:19.519Z"}},{"iob":0.004,"basaliob":0.001,"bolussnooze":0,"activity":1.0E-4,"lastBolusTime":1702886611386,"time":"2023-12-18T12:08:19.519Z","iobWithZeroTemp":{"iob":-0.21,"basaliob":-0.213,"bolussnooze":0,"activity":-0.0025,"lastBolusTime":1702886611386,"time":"2023-12-18T12:08:19.519Z"}},{"iob":0.003,"basaliob":0.001,"bolussnooze":0,"activity":1.0E-4,"lastBolusTime":1702886611386,"time":"2023-12-18T12:13:19.519Z","iobWithZeroTemp":{"iob":-0.211,"basaliob":-0.213,"bolussnooze":0,"activity":-0.0025,"lastBolusTime":1702886611386,"time":"2023-12-18T12:13:19.519Z"}},{"iob":0.002,"basaliob":0,"bolussnooze":0,"activity":1.0E-4,"lastBolusTime":1702886611386,"time":"2023-12-18T12:18:19.519Z","iobWithZeroTemp":{"iob":-0.211,"basaliob":-0.213,"bolussnooze":0,"activity":-0.0025,"lastBolusTime":1702886611386,"time":"2023-12-18T12:18:19.519Z"}}],"profile":{"max_iob":10,"type":"current","max_daily_basal":0.25,"max_basal":0.75,"min_bg":90,"max_bg":90,"target_bg":90,"carb_ratio":12.6,"sens":84,"max_daily_safety_multiplier":5,"current_basal_safety_multiplier":5,"lgsThreshold":95,"high_temptarget_raises_sensitivity":false,"low_temptarget_lowers_sensitivity":false,"sensitivity_raises_target":true,"resistance_lowers_target":true,"adv_target_adjustments":false,"exercise_mode":false,"half_basal_exercise_target":160,"maxCOB":120,"skip_neutral_temps":false,"remainingCarbsCap":90,"enableUAM":true,"A52_risk_enable":false,"SMBInterval":5,"enableSMB_with_COB":true,"enableSMB_with_temptarget":false,"allowSMB_with_high_temptarget":false,"enableSMB_always":false,"enableSMB_after_carbs":true,"maxSMBBasalMinutes":120,"maxUAMSMBBasalMinutes":120,"bolus_increment":0.05,"carbsReqThreshold":1,"current_basal":0.15000000596046448,"temptargetSet":false,"autosens_max":1.2,"autosens_min":0.7,"variable_sens":73.1,"insulinDivisor":75,"TDD":22.605346541798998},"autosens_data":{"ratio":1},"meal_data":{"carbs":33,"mealCOB":1.1850000000000072,"slopeFromMaxDeviation":-0.9453636363636364,"slopeFromMinDeviation":0,"lastBolusTime":1702886611386,"lastCarbTime":1702882100580},"microBolusAllowed":true,"currentTime":1702887800719,"flatBGsDetected":false,"tdd1D":22.354166475186748,"tdd7D":26.782783919711285,"tddLast24H":24.445833156754574,"tddLast4H":3.7833333854873974,"tddLast8to4H":1.479166666666667},"output":{"temp":"absolute","bg":148,"tick":-3,"eventualBG":94,"targetBG":90,"insulinReq":0,"deliverAt":"2023-12-18T08:23:20.719Z","sensitivityRatio":1,"variable_sens":73.1,"predBGs":{"IOB":[148,145,142,139,135,132,129,126,123,120,118,115,112,109,107,105,102,100,99,97,95,94,93,91,90,89,88,87,87,86,85,85,84,84,84,83,83,83,82,82,82,82,82,82,82,82,82,81],"ZT":[148,143,138,134,129,125,121,117,114,110,107,105,102,100,98,96,94,93,92,91,90,90,89,89,89,89,90,90,91,91,92,93,93],"COB":[148,145,141,138,135,131,128,125,121,118,115,113,111,108,106,104,103,101,100,98,97,96,95,94,93,93,92,91,91,90,90,89,89,89,89,88,88,88,88,88,88,88,87],"UAM":[148,144,139,135,130,126,122,118,114,111,107,104,101,98,96,93,91,89,87,85,83,81,80,79,77,76,75,74,73,73,72,71,71,70,70,70,69,69,69,68]},"reason":"COB: 1.2, Dev: 11, BGI: -5, ISF: 73, CR: 12.6, Target: 90, minPredBG 87, minGuardBG 69, IOBpredBG 81, COBpredBG 87, UAMpredBG 68; minGuardBG 69<95","COB":1.1850000000000072,"IOB":0.883,"duration":120,"rate":0,"timestamp":"2023-12-18T08:23:20.726Z"}}