{"algorithm":"OpenAPSSMBDynamicISFPlugin","input":{"glucoseStatus":{"glucose":136,"noise":0,"delta":3,"short_avgdelta":3.28,"long_avgdelta":2.33,"date":1702861371000},"currenttemp":{"temp":"absolute","duration":15,"rate":0.75,"minutesrunning":15},"iob_data":[{"iob":0.428,"basaliob":0.375,"bolussnooze":0,"activity":0.0052,"lastBolusTime":1702853609765,"time":"2023-12-18T01:03:18.119Z","iobWithZeroTemp":{"iob":0.428,"basaliob":0.375,"bolussnooze":0,"activity":0.0052,"lastBolusTime":1702853609765,"time":"2023-12-18T01:03:18.119Z"}},{"iob":0.402,"basaliob":0.354,"bolussnooze":0,"activity":0.0051,"lastBolusTime":1702853609765,"time":"2023-12-18T01:08:18.119Z","iobWithZeroTemp":{"iob":0.389,"basaliob":0.341,"bolussnooze":0,"activity":0.0051,"lastBolusTime":1702853609765,"time":"2023-12-18T01:08:18.119Z"}},{"iob":0.377,"basaliob":0.334,"bolussnooze":0,"activity":0.005,"lastBolusTime":1702853609765,"time":"2023-12-18T01:13:18.119Z","iobWithZeroTemp":{"iob":0.347,"basaliob":0.304,"bolussnooze":0,"activity":0.0049,"lastBolusTime":1702853609765,"time":"2023-12-18T01:13:18.119Z"}},{"iob":0.351,"basaliob":0.313,"bolussnooze":0,"activity":0.005,"lastBolusTime":1702853609765,"time":"2023-12-18T01:18:18.119Z","iobWithZeroTemp":{"iob":0.305,"basaliob":0.267,"bolussnooze":0,"activity":0.0049,"lastBolusTime":1702853609765,"time":"2023-12-18T01:18:18.119Z"}},{"iob":0.327,"basaliob":0.293,"bolussnooze":0,"activity":0.0048,"lastBolusTime":1702853609765,"time":"2023-12-18T01:23:18.119Z","iobWithZeroTemp":{"iob":0.265,"basaliob":0.231,"bolussnooze":0,"activity":0.0046,"lastBolusTime":1702853609765,"time":"2023-12-18T01:23:18.119Z"}},{"iob":0.305,"basaliob":0.274,"bolussnooze":0,"activity":0.0046,"lastBolusTime":1702853609765,"time":"2023-12-18T01:28:18.119Z","iobWithZeroTemp":{"iob":0.228,"basaliob":0.197,"bolussnooze":0,"activity":0.0043,"lastBolusTime":1702853609765,"time":"2023-12-18T01:28:18.119Z"}},{"iob":0.282,"basaliob":0.255,"bolussnooze":0,"activity":0.0043,"lastBolusTime":1702853609765,"time":"2023-12-18T01:33:18.119Z","iobWithZeroTemp":{"iob":0.19,"basaliob":0.163,"bolussnooze":0,"activity":0.0038,"lastBolusTime":1702853609765,"time":"2023-12-18T01:33:18.119Z"}},{"iob":0.26,"basaliob":0.236,"bolussnooze":0,"activity":0.0042,"lastBolusTime":1702853609765,"time":"2023-12-18T01:38:18.119Z","iobWithZeroTemp":{"iob":0.154,"basaliob":0.13,"bolussnooze":0,"activity":0.0036,"lastBolusTime":1702853609765,"time":"2023-12-18T01:38:18.119Z"}},{"iob":0.241,"basaliob":0.219,"bolussnooze":0,"activity":0.0039,"lastBolusTime":1702853609765,"time":"2023-12-18T01:43:18.119Z","iobWithZeroTemp":{"iob":0.122,"basaliob":0.1,"bolussnooze":0,"activity":0.0032,"lastBolusTime":1702853609765,"time":"2023-12-18T01:43:18.119Z"}},{"iob":0.222,"basaliob":0.203,"bolussnooze":0,"activity":0.0037,"lastBolusTime":1702853609765,"time":"2023-12-18T01:48:18.119Z","iobWithZeroTemp":{"iob":0.091,"basaliob":0.072,"bolussnooze":0,"activity":0.0028,"lastBolusTime":1702853609765,"time":"2023-12-18T01:48:18.119Z"}},{"iob":0.204,"basaliob":0.187,"bolussnooze":0,"activity":0.0034,"lastBolusTime":1702853609765,"time":"2023-12-18T01:53:18.119Z","iobWithZeroTemp":{"iob":0.061,"basaliob":0.044,"bolussnooze":0,"activity":0.0024,"lastBolusTime":1702853609765,"time":"2023-12-18T01:53:18.119Z"}},{"iob":0.187,"basaliob":0.172,"bolussnooze":0,"activity":0.0033,"lastBolusTime":1702853609765,"time":"2023-12-18T01:58:18.119Z","iobWithZeroTemp":{"iob":0.033,"basaliob":0.018,"bolussnooze":0,"activity":0.0021,"lastBolusTime":1702853609765,"time":"2023-12-18T01:58:18.119Z"}},{"iob":0.171,"basaliob":0.158,"bolussnooze":0,"activity":0.003,"lastBolusTime":1702853609765,"time":"2023-12-18T02:03:18.119Z","iobWithZeroTemp":{"iob":0.006,"basaliob":-0.007,"bolussnooze":0,"activity":0.0017,"lastBolusTime":1702853609765,"time":"2023-12-18T02:03:18.119Z"}},{"iob":0.157,"basaliob":0.145,"bolussnooze":0,"activity":0.0028,"lastBolusTime":1702853609765,"time":"2023-12-18T02:08:18.119Z","iobWithZeroTemp":{"iob":-0.018,"basaliob":-0.03,"bolussnooze":0,"activity":0.0014,"lastBolusTime":1702853609765,"time":"2023-12-18T02:08:18.119Z"}},{"iob":0.143,"basaliob":0.133,"bolussnooze":0,"activity":0.0027,"lastBolusTime":1702853609765,"time":"2023-12-18T02:13:18.119Z","iobWithZeroTemp":{"iob":-0.041,"basaliob":-0.051,"bolussnooze":0,"activity":0.0011,"lastBolusTime":1702853609765,"time":"2023-12-18T02:13:18.119Z"}},{"iob":0.13,"basaliob":0.121,"bolussnooze":0,"activity":0.0024,"lastBolusTime":1702853609765,"time":"2023-12-18T02:18:18.119Z","iobWithZeroTemp":{"iob":-0.062,"basaliob":-0.071,"bolussnooze":0,"activity":7.0E-4,"lastBolusTime":1702853609765,"time":"2023-12-18T02:18:18.119Z"}},{"iob":0.119,"basaliob":0.111,"bolussnooze":0,"activity":0.0022,"lastBolusTime":1702853609765,"time":"2023-12-18T02:23:18.119Z","iobWithZeroTemp":{"iob":-0.081,"basaliob":-0.089,"bolussnooze":0,"activity":4.0E-4,"lastBolusTime":1702853609765,"time":"2023-12-18T02:23:18.119Z"}},{"iob":0.108,"basaliob":0.101,"bolussnooze":0,"activity":0.0021,"lastBolusTime":1702853609765,"time":"2023-12-18T02:28:18.119Z","iobWithZeroTemp":{"iob":-0.099,"basaliob":-0.106,"bolussnooze":0,"activity":2.0E-4,"lastBolusTime":1702853609765,"time":"2023-12-18T02:28:18.119Z"}},{"iob":0.098,"basaliob":0.092,"bolussnooze":0,"activity":0.002,"lastBolusTime":1702853609765,"time":"2023-12-18T02:33:18.119Z","iobWithZeroTemp":{"iob":-0.116,"basaliob":-0.122,"bolussnooze":0,"activity":0,"lastBolusTime":1702853609765,"time":"2023-12-18T02:33:18.119Z"}},{"iob":0.088,"basaliob":0.083,"bolussnooze":0,"activity":0.0017,"lastBolusTime":1702853609765,"time":"2023-12-18T02:38:18.119Z","iobWithZeroTemp":{"iob":-0.132,"basaliob":-0.137,"bolussnooze":0,"activity":-4.0E-4,"lastBolusTime":1702853609765,"time":"2023-12-18T02:38:18.119Z"}},{"iob":0.081,"basaliob":0.076,"bolussnooze":0,"activity":0.0016,"lastBolusTime":1702853609765,"time":"2023-12-18T02:43:18.119Z","iobWithZeroTemp":{"iob":-0.145,"basaliob":-0.15,"bolussnooze":0,"activity":-6.0E-4,"lastBolusTime":1702853609765,"time":"2023-12-18T02:43:18.119Z"}},{"iob":0.073,"basaliob":0.069,"bolussnooze":0,"activity":0.0015,"lastBolusTime":1702853609765,"time":"2023-12-18T02:48:18.119Z","iobWithZeroTemp":{"iob":-0.158,"basaliob":-0.162,"bolussnooze":0,"activity":-8.0E-4,"lastBolusTime":1702853609765,"time":"2023-12-18T02:48:18.119Z"}},{"iob":0.065,"basaliob":0.062,"bolussnooze":0,"activity":0.0014,"lastBolusTime":1702853609765,"time":"2023-12-18T02:53:18.119Z","iobWithZeroTemp":{"iob":-0.171,"basaliob":-0.174,"bolussnooze":0,"activity":-0.001,"lastBolusTime":1702853609765,"time":"2023-12-18T02:53:18.119Z"}},{"iob":0.059,"basaliob":0.056,"bolussnooze":0,"activity":0.0013,"lastBolusTime":1702853609765,"time":"2023-12-18T02:58:18.119Z","iobWithZeroTemp":{"iob":-0.181,"basaliob":-0.184,"bolussnooze":0,"activity":-0.0012,"lastBolusTime":1702853609765,"time":"2023-12-18T02:58:18.119Z"}},{"iob":0.052,"basaliob":0.05,"bolussnooze":0,"activity":0.0012,"lastBolusTime":1702853609765,"time":"2023-12-18T03:03:18.119Z","iobWithZeroTemp":{"iob":-0.188,"basaliob":-0.19,"bolussnooze":0,"activity":-0.0014,"lastBolusTime":1702853609765,"time":"2023-12-18T03:03:18.119Z"}},{"iob":0.047,"basaliob":0.045,"bolussnooze":0,"activity":0.0011,"lastBolusTime":1702853609765,"time":"2023-12-18T03:08:18.119Z","iobWithZeroTemp":{"iob":-0.193,"basaliob":-0.195,"bolussnooze":0,"activity":-0.0015,"lastBolusTime":1702853609765,"time":"2023-12-18T03:08:18.119Z"}},{"iob":0.043,"basaliob":0.041,"bolussnooze":0,"activity":0.001,"lastBolusTime":1702853609765,"time":"2023-12-18T03:13:18.119Z","iobWithZeroTemp":{"iob":-0.196,"basaliob":-0.198,"bolussnooze":0,"activity":-0.0017,"lastBolusTime":1702853609765,"time":"2023-12-18T03:13:18.119Z"}},{"iob":0.037,"basaliob":0.036,"bolussnooze":0,"activity":9.0E-4,"lastBolusTime":1702853609765,"time":"2023-12-18T03:18:18.119Z","iobWithZeroTemp":{"iob":-0.201,"basaliob":-0.202,"bolussnooze":0,"activity":-0.0018,"lastBolusTime":1702853609765,"time":"2023-12-18T03:18:18.119Z"}},{"iob":0.034,"basaliob":0.033,"bolussnooze":0,"activity":7.0E-4,"lastBolusTime":1702853609765,"time":"2023-12-18T03:23:18.119Z","iobWithZeroTemp":{"iob":-0.203,"basaliob":-0.204,"bolussnooze":0,"activity":-0.002,"lastBolusTime":1702853609765,"time":"2023-12-18T03:23:18.119Z"}},{"iob":0.03,"basaliob":0.029,"bolussnooze":0,"activity":7.0E-4,"lastBolusTime":1702853609765,"time":"2023-12-18T03:28:18.119Z","iobWithZeroTemp":{"iob":-0.206,"basaliob":-0.207,"bolussnooze":0,"activity":-0.002,"lastBolusTime":1702853609765,"time":"2023-12-18T03:28:18.119Z"}},{"iob":0.027,"basaliob":0.026,"bolussnooze":0,"activity":6.0E-4,"lastBolusTime":1702853609765,"time":"2023-12-18T03:33:18.119Z","iobWithZeroTemp":{"iob":-0.208,"basaliob":-0.209,"bolussnooze":0,"activity":-0.0021,"lastBolusTime":1702853609765,"time":"2023-12-18T03:33:18.119Z"}},{"iob":0.024,"basaliob":0.023,"bolussnooze":0,"activity":5.0E-4,"lastBolusTime":1702853609765,"time":"2023-12-18T03:38:18.119Z","iobWithZeroTemp":{"iob":-0.21,"basaliob":-0.211,"bolussnooze":0,"activity":-0.0023,"lastBolusTime":1702853609765,"time":"2023-12-18T03:38:18.119Z"}},{"iob":0.022,"basaliob":0.021,"bolussnooze":0,"activity":5.0E-4,"lastBolusTime":1702853609765,"time":"2023-12-18T03:43:18.119Z","iobWithZeroTemp":{"iob":-0.211,"basaliob":-0.212,"bolussnooze":0,"activity":-0.0023,"lastBolusTime":1702853609765,"time":"2023-12-18T03:43:18.119Z"}},{"iob":0.018,"basaliob":0.018,"bolussnooze":0,"activity":4.0E-4,"lastBolusTime":1702853609765,"time":"2023-12-18T03:48:18.119Z","iobWithZeroTemp":{"iob":-0.213,"basaliob":-0.213,"bolussnooze":0,"activity":-0.0024,"lastBolusTime":1702853609765,"time":"2023-12-18T03:48:18.119Z"}},{"iob":0.016,"basaliob":0.016,"bolussnooze":0,"activity":4.0E-4,"lastBolusTime":1702853609765,"time":"2023-12-18T03:53:18.119Z","iobWithZeroTemp":{"iob":-0.214,"basaliob":-0.214,"bolussnooze":0,"activity":-0.0024,"lastBolusTime":1702853609765,"time":"2023-12-18T03:53:18.119Z"}},{"iob":0.014,"basaliob":0.014,"bolussnooze":0,"activity":4.0E-4,"lastBolusTime":1702853609765,"time":"2023-12-18T03:58:18.119Z","iobWithZeroTemp":{"iob":-0.215,"basaliob":-0.215,"bolussnooze":0,"activity":-0.0023,"lastBolusTime":1702853609765,"time":"2023-12-18T03:58:18.119Z"}},{"iob":0.012,"basaliob":0.012,"bolussnooze":0,"activity":3.0E-4,"lastBolusTime":1702853609765,"time":"2023-12-18T04:03:18.119Z","iobWithZeroTemp":{"iob":-0.224,"basaliob":-0.224,"bolussnooze":0,"activity":-0.0025,"lastBolusTime":1702853609765,"time":"2023-12-18T04:03:18.119Z"}},{"iob":0.011,"basaliob":0.011,"bolussnooze":0,"activity":3.0E-4,"lastBolusTime":1702853609765,"time":"2023-12-18T04:08:18.119Z","iobWithZeroTemp":{"iob":-0.232,"basaliob":-0.232,"bolussnooze":0,"activity":-0.0025,"lastBolusTime":1702853609765,"time":"2023-12-18T04:08:18.119Z"}},{"iob":0.01,"basaliob":0.01,"bolussnooze":0,"activity":3.0E-4,"lastBolusTime":1702853609765,"time":"2023-12-18T04:13:18.119Z","iobWithZeroTemp":{"iob":-0.24,"basaliob":-0.24,"bolussnooze":0,"activity":-0.0025,"lastBolusTime":1702853609765,"time":"2023-12-18T04:13:18.119Z"}},{"iob":0.008,"basaliob":0.008,"bolussnooze":0,"activity":2.0E-4,"lastBolusTime":1702853609765,"time":"2023-12-18T04:18:18.119Z","iobWithZeroTemp":{"iob":-0.249,"basaliob":-0.249,"bolussnooze":0,"activity":-0.0026,"lastBolusTime":1702853609765,"time":"2023-12-18T04:18:18.119Z"}},{"iob":0.007,"basaliob":0.007,"bolussnooze":0,"activity":2.0E-4,"lastBolusTime":1702853609765,"time":"2023-12-18T04:23:18.119Z","iobWithZeroTemp":{"iob":-0.256,"basaliob":-0.256,"bolussnooze":0,"activity":-0.0027,"lastBolusTime":1702853609765,"time":"2023-12-18T04:23:18.119Z"}},{"iob":0.006,"basaliob":0.006,"bolussnooze":0,"activity":2.0E-4,"lastBolusTime":1702853609765,"time":"2023-12-18T04:28:18.119Z","iobWithZeroTemp":{"iob":-0.263,"basaliob":-0.263,"bolussnooze":0,"activity":-0.0027,"lastBolusTime":1702853609765,"time":"2023-12-18T04:28:18.119Z"}},{"iob":0.005,"basaliob":0.005,"bolussnooze":0,"activity":2.0E-4,"lastBolusTime":1702853609765,"time":"2023-12-18T04:33:18.119Z","iobWithZeroTemp":{"iob":-0.27,"basaliob":-0.27,"bolussnooze":0,"activity":-0.0028,"lastBolusTime":1702853609765,"time":"2023-12-18T04:33:18.119Z"}},{"iob":0.005,"basaliob":0.005,"bolussnooze":0,"activity":1.0E-4,"lastBolusTime":1702853609765,"time":"2023-12-18T04:38:18.119Z","iobWithZeroTemp":{"iob":-0.276,"basaliob":-0.276,"bolussnooze":0,"activity":-0.003,"lastBolusTime":1702853609765,"time":"2023-12-18T04:38:18.119Z"}},{"iob":0.004,"basaliob":0.004,"bolussnooze":0,"activity":1.0E-4,"lastBolusTime":1702853609765,"time":"2023-12-18T04:43:18.119Z","iobWithZeroTemp":{"iob":-0.282,"basaliob":-0.282,"bolussnooze":0,"activity":-0.003,"lastBolusTime":1702853609765,"time":"2023-12-18T04:43:18.119Z"}},{"iob":0.003,"basaliob":0.003,"bolussnooze":0,"activity":1.0E-4,"lastBolusTime":1702853609765,"time":"2023-12-18T04:48:18.119Z","iobWithZeroTemp":{"iob":-0.288,"basaliob":-0.288,"bolussnooze":0,"activity":-0.0031,"lastBolusTime":1702853609765,"time":"2023-12-18T04:48:18.119Z"}},{"iob":0.003,"basaliob":0.003,"bolussnooze":0,"activity":1.0E-4,"lastBolusTime":1702853609765,"time":"2023-12-18T04:53:18.119Z","iobWithZeroTemp":{"iob":-0.293,"basaliob":-0.293,"bolussnooze":0,"activity":-0.0031,"lastBolusTime":1702853609765,"time":"2023-12-18T04:53:18.119Z"}},{"iob":0.003,"basaliob":0.003,"bolussnooze":0,"activity":1.0E-4,"lastBolusTime":0,"time":"2023-12-18T04:58:18.119Z","iobWithZeroTemp":{"iob":-0.298,"basaliob":-0.298,"bolussnooze":0,"activity":-0.0032,"lastBolusTime":0,"time":"2023-12-18T04:58:18.119Z"}}],"profile":{"max_iob":10,"type":"current","max_daily_basal":0.25,"max_basal":1,"min_bg":90,"max_bg":90,"target_bg":90,"carb_ratio":15.6,"sens":84,"max_daily_safety_multiplier":5,"current_basal_safety_multiplier":5,"lgsThreshold":95,"high_temptarget_raises_sensitivity":false,"low_temptarget_lowers_sensitivity":false,"sensitivity_raises_target":true,"resistance_lowers_target":true,"adv_target_adjustments":false,"exercise_mode":false,"half_basal_exercise_target":160,"maxCOB":120,"skip_neutral_temps":false,"remainingCarbsCap":90,"enableUAM":true,"A52_risk_enable":false,"SMBInterval":5,"enableSMB_with_COB":true,"enableSMB_with_temptarget":false,"allowSMB_with_high_temptarget":false,"enableSMB_always":false,"enableSMB_after_carbs":true,"maxSMBBasalMinutes":120,"maxUAMSMBBasalMinutes":120,"bolus_increment":0.05,"carbsReqThreshold":1,"current_basal":0.20000000298023224,"temptargetSet":false,"autosens_max":1.2,"autosens_min":0.7,"variable_sens":80.8,"insulinDivisor":75,"TDD":21.53119651539265},"autosens_data":{"ratio":1},"meal_data":{"carbs":0,"mealCOB":0,"slopeFromMaxDeviation":0,"slopeFromMinDeviation":0.6106666666666667,"lastBolusTime":1702853609765,"lastCarbTime":0},"microBolusAllowed":true,"currentTime":1702861399059,"flatBGsDetected":false,"tdd1D":22.354166475186748,"tdd7D":26.782783919711285,"tddLast24H":21.41249977126718,"tddLast4H":1.6583333392937978,"tddLast8to4H":4.6291667299966015},"output":{"temp":"absolute","bg":136,"tick":"+3","eventualBG":165,"targetBG":90,"insulinReq":0.71,"deliverAt":"2023-12-18T01:03:19.059Z","sensitivityRatio":1,"variable_sens":80.8,"predBGs":{"IOB":[136,139,141,143,144,145,146,146,146,146,146,145,143,142,141,140,139,138,137,137,136,135,135,134,134,133,133,132,132,132,131,131,131,131,131,130,130,130,130,130,130,130,130,129],"ZT":[136,134,132,130,128,126,124,122,121,119,118,117,116,115,115,114,114,114,114,114,114,114,115,115,116,116,117,118,118],"UAM":[136,139,141,144,146,149,151,153,155,156,158,160,161,163,164,165,166,167,167,168,168,169,169,169,168,168,168,167,167,167,166,166,166,166,166,166,165]},"reason":"COB: 0, Dev: 31, BGI: -2, ISF: 81, CR: 15.6, Target: 90, minPredBG 147, minGuardBG 139, IOBpredBG 129, UAMpredBG 165; Eventual BG 165 >= 90, adj. req. rate: 1.62 to maxSafeBasal: 1, temp 0.75 < 1U\/hr. ","COB":0,"IOB":0.428,"duration":30,"rate":1,"timestamp":"2023-12-18T01:03:19.071Z"}}