{"algorithm":"OpenAPSSMBDynamicISFPlugin","input":{"glucoseStatus":{"glucose":136,"noise":0,"delta":-1,"short_avgdelta":-1.28,"long_avgdelta":-0.76,"date":1702863771000},"currenttemp":{"temp":"absolute","duration":15,"rate":0,"minutesrunning":15},"iob_data":[{"iob":0.481,"basaliob":0.459,"bolussnooze":0,"activity":0.0062,"lastBolusTime":1702853609765,"time":"2023-12-18T01:43:20.322Z","iobWithZeroTemp":{"iob":0.481,"basaliob":0.459,"bolussnooze":0,"activity":0.0062,"lastBolusTime":1702853609765,"time":"2023-12-18T01:43:20.322Z"}},{"iob":0.449,"basaliob":0.43,"bolussnooze":0,"activity":0.0061,"lastBolusTime":1702853609765,"time":"2023-12-18T01:48:20.322Z","iobWithZeroTemp":{"iob":0.436,"basaliob":0.417,"bolussnooze":0,"activity":0.0061,"lastBolusTime":1702853609765,"time":"2023-12-18T01:48:20.322Z"}},{"iob":0.419,"basaliob":0.402,"bolussnooze":0,"activity":0.0059,"lastBolusTime":1702853609765,"time":"2023-12-18T01:53:20.322Z","iobWithZeroTemp":{"iob":0.389,"basaliob":0.372,"bolussnooze":0,"activity":0.0058,"lastBolusTime":1702853609765,"time":"2023-12-18T01:53:20.322Z"}},{"iob":0.39,"basaliob":0.375,"bolussnooze":0,"activity":0.0057,"lastBolusTime":1702853609765,"time":"2023-12-18T01:58:20.322Z","iobWithZeroTemp":{"iob":0.344,"basaliob":0.329,"bolussnooze":0,"activity":0.0056,"lastBolusTime":1702853609765,"time":"2023-12-18T01:58:20.322Z"}},{"iob":0.362,"basaliob":0.349,"bolussnooze":0,"activity":0.0054,"lastBolusTime":1702853609765,"time":"2023-12-18T02:03:20.322Z","iobWithZeroTemp":{"iob":0.3,"basaliob":0.287,"bolussnooze":0,"activity":0.0052,"lastBolusTime":1702853609765,"time":"2023-12-18T02:03:20.322Z"}},{"iob":0.336,"basaliob":0.324,"bolussnooze":0,"activity":0.0052,"lastBolusTime":1702853609765,"time":"2023-12-18T02:08:20.322Z","iobWithZeroTemp":{"iob":0.259,"basaliob":0.247,"bolussnooze":0,"activity":0.0049,"lastBolusTime":1702853609765,"time":"2023-12-18T02:08:20.322Z"}},{"iob":0.31,"basaliob":0.3,"bolussnooze":0,"activity":0.005,"lastBolusTime":1702853609765,"time":"2023-12-18T02:13:20.322Z","iobWithZeroTemp":{"iob":0.218,"basaliob":0.208,"bolussnooze":0,"activity":0.0045,"lastBolusTime":1702853609765,"time":"2023-12-18T02:13:20.322Z"}},{"iob":0.286,"basaliob":0.277,"bolussnooze":0,"activity":0.0046,"lastBolusTime":1702853609765,"time":"2023-12-18T02:18:20.322Z","iobWithZeroTemp":{"iob":0.18,"basaliob":0.171,"bolussnooze":0,"activity":0.004,"lastBolusTime":1702853609765,"time":"2023-12-18T02:18:20.322Z"}},{"iob":0.264,"basaliob":0.256,"bolussnooze":0,"activity":0.0044,"lastBolusTime":1702853609765,"time":"2023-12-18T02:23:20.322Z","iobWithZeroTemp":{"iob":0.145,"basaliob":0.137,"bolussnooze":0,"activity":0.0037,"lastBolusTime":1702853609765,"time":"2023-12-18T02:23:20.322Z"}},{"iob":0.242,"basaliob":0.235,"bolussnooze":0,"activity":0.0041,"lastBolusTime":1702853609765,"time":"2023-12-18T02:28:20.322Z","iobWithZeroTemp":{"iob":0.111,"basaliob":0.104,"bolussnooze":0,"activity":0.0032,"lastBolusTime":1702853609765,"time":"2023-12-18T02:28:20.322Z"}},{"iob":0.222,"basaliob":0.216,"bolussnooze":0,"activity":0.0039,"lastBolusTime":1702853609765,"time":"2023-12-18T02:33:20.322Z","iobWithZeroTemp":{"iob":0.079,"basaliob":0.073,"bolussnooze":0,"activity":0.0029,"lastBolusTime":1702853609765,"time":"2023-12-18T02:33:20.322Z"}},{"iob":0.203,"basaliob":0.198,"bolussnooze":0,"activity":0.0036,"lastBolusTime":1702853609765,"time":"2023-12-18T02:38:20.322Z","iobWithZeroTemp":{"iob":0.049,"basaliob":0.044,"bolussnooze":0,"activity":0.0024,"lastBolusTime":1702853609765,"time":"2023-12-18T02:38:20.322Z"}},{"iob":0.186,"basaliob":0.181,"bolussnooze":0,"activity":0.0033,"lastBolusTime":1702853609765,"time":"2023-12-18T02:43:20.322Z","iobWithZeroTemp":{"iob":0.021,"basaliob":0.016,"bolussnooze":0,"activity":0.002,"lastBolusTime":1702853609765,"time":"2023-12-18T02:43:20.322Z"}},{"iob":0.17,"basaliob":0.166,"bolussnooze":0,"activity":0.0031,"lastBolusTime":1702853609765,"time":"2023-12-18T02:48:20.322Z","iobWithZeroTemp":{"iob":-0.005,"basaliob":-0.009,"bolussnooze":0,"activity":0.0017,"lastBolusTime":1702853609765,"time":"2023-12-18T02:48:20.322Z"}},{"iob":0.154,"basaliob":0.151,"bolussnooze":0,"activity":0.0029,"lastBolusTime":1702853609765,"time":"2023-12-18T02:53:20.322Z","iobWithZeroTemp":{"iob":-0.03,"basaliob":-0.033,"bolussnooze":0,"activity":0.0013,"lastBolusTime":1702853609765,"time":"2023-12-18T02:53:20.322Z"}},{"iob":0.141,"basaliob":0.138,"bolussnooze":0,"activity":0.0027,"lastBolusTime":1702853609765,"time":"2023-12-18T02:58:20.322Z","iobWithZeroTemp":{"iob":-0.051,"basaliob":-0.054,"bolussnooze":0,"activity":0.001,"lastBolusTime":1702853609765,"time":"2023-12-18T02:58:20.322Z"}},{"iob":0.127,"basaliob":0.125,"bolussnooze":0,"activity":0.0025,"lastBolusTime":1702853609765,"time":"2023-12-18T03:03:20.322Z","iobWithZeroTemp":{"iob":-0.069,"basaliob":-0.071,"bolussnooze":0,"activity":7.0E-4,"lastBolusTime":1702853609765,"time":"2023-12-18T03:03:20.322Z"}},{"iob":0.116,"basaliob":0.114,"bolussnooze":0,"activity":0.0023,"lastBolusTime":1702853609765,"time":"2023-12-18T03:08:20.322Z","iobWithZeroTemp":{"iob":-0.083,"basaliob":-0.085,"bolussnooze":0,"activity":4.0E-4,"lastBolusTime":1702853609765,"time":"2023-12-18T03:08:20.322Z"}},{"iob":0.105,"basaliob":0.103,"bolussnooze":0,"activity":0.0021,"lastBolusTime":1702853609765,"time":"2023-12-18T03:13:20.322Z","iobWithZeroTemp":{"iob":-0.097,"basaliob":-0.099,"bolussnooze":0,"activity":1.0E-4,"lastBolusTime":1702853609765,"time":"2023-12-18T03:13:20.322Z"}},{"iob":0.094,"basaliob":0.093,"bolussnooze":0,"activity":0.002,"lastBolusTime":1702853609765,"time":"2023-12-18T03:18:20.322Z","iobWithZeroTemp":{"iob":-0.11,"basaliob":-0.111,"bolussnooze":0,"activity":-1.0E-4,"lastBolusTime":1702853609765,"time":"2023-12-18T03:18:20.322Z"}},{"iob":0.085,"basaliob":0.084,"bolussnooze":0,"activity":0.0017,"lastBolusTime":1702853609765,"time":"2023-12-18T03:23:20.322Z","iobWithZeroTemp":{"iob":-0.121,"basaliob":-0.122,"bolussnooze":0,"activity":-4.0E-4,"lastBolusTime":1702853609765,"time":"2023-12-18T03:23:20.322Z"}},{"iob":0.077,"basaliob":0.076,"bolussnooze":0,"activity":0.0016,"lastBolusTime":1702853609765,"time":"2023-12-18T03:28:20.322Z","iobWithZeroTemp":{"iob":-0.131,"basaliob":-0.132,"bolussnooze":0,"activity":-6.0E-4,"lastBolusTime":1702853609765,"time":"2023-12-18T03:28:20.322Z"}},{"iob":0.07,"basaliob":0.069,"bolussnooze":0,"activity":0.0014,"lastBolusTime":1702853609765,"time":"2023-12-18T03:33:20.322Z","iobWithZeroTemp":{"iob":-0.139,"basaliob":-0.14,"bolussnooze":0,"activity":-9.0E-4,"lastBolusTime":1702853609765,"time":"2023-12-18T03:33:20.322Z"}},{"iob":0.063,"basaliob":0.062,"bolussnooze":0,"activity":0.0013,"lastBolusTime":1702853609765,"time":"2023-12-18T03:38:20.322Z","iobWithZeroTemp":{"iob":-0.147,"basaliob":-0.148,"bolussnooze":0,"activity":-0.001,"lastBolusTime":1702853609765,"time":"2023-12-18T03:38:20.322Z"}},{"iob":0.056,"basaliob":0.055,"bolussnooze":0,"activity":0.0012,"lastBolusTime":1702853609765,"time":"2023-12-18T03:43:20.322Z","iobWithZeroTemp":{"iob":-0.155,"basaliob":-0.156,"bolussnooze":0,"activity":-0.0011,"lastBolusTime":1702853609765,"time":"2023-12-18T03:43:20.322Z"}},{"iob":0.05,"basaliob":0.05,"bolussnooze":0,"activity":0.0011,"lastBolusTime":1702853609765,"time":"2023-12-18T03:48:20.322Z","iobWithZeroTemp":{"iob":-0.162,"basaliob":-0.162,"bolussnooze":0,"activity":-0.0013,"lastBolusTime":1702853609765,"time":"2023-12-18T03:48:20.322Z"}},{"iob":0.044,"basaliob":0.044,"bolussnooze":0,"activity":0.001,"lastBolusTime":1702853609765,"time":"2023-12-18T03:53:20.322Z","iobWithZeroTemp":{"iob":-0.169,"basaliob":-0.169,"bolussnooze":0,"activity":-0.0014,"lastBolusTime":1702853609765,"time":"2023-12-18T03:53:20.322Z"}},{"iob":0.04,"basaliob":0.04,"bolussnooze":0,"activity":9.0E-4,"lastBolusTime":1702853609765,"time":"2023-12-18T03:58:20.322Z","iobWithZeroTemp":{"iob":-0.173,"basaliob":-0.173,"bolussnooze":0,"activity":-0.0015,"lastBolusTime":1702853609765,"time":"2023-12-18T03:58:20.322Z"}},{"iob":0.035,"basaliob":0.035,"bolussnooze":0,"activity":8.0E-4,"lastBolusTime":1702853609765,"time":"2023-12-18T04:03:20.322Z","iobWithZeroTemp":{"iob":-0.187,"basaliob":-0.187,"bolussnooze":0,"activity":-0.0017,"lastBolusTime":1702853609765,"time":"2023-12-18T04:03:20.322Z"}},{"iob":0.031,"basaliob":0.031,"bolussnooze":0,"activity":7.0E-4,"lastBolusTime":1702853609765,"time":"2023-12-18T04:08:20.322Z","iobWithZeroTemp":{"iob":-0.199,"basaliob":-0.199,"bolussnooze":0,"activity":-0.0018,"lastBolusTime":1702853609765,"time":"2023-12-18T04:08:20.322Z"}},{"iob":0.028,"basaliob":0.028,"bolussnooze":0,"activity":7.0E-4,"lastBolusTime":1702853609765,"time":"2023-12-18T04:13:20.322Z","iobWithZeroTemp":{"iob":-0.21,"basaliob":-0.21,"bolussnooze":0,"activity":-0.0019,"lastBolusTime":1702853609765,"time":"2023-12-18T04:13:20.322Z"}},{"iob":0.025,"basaliob":0.025,"bolussnooze":0,"activity":6.0E-4,"lastBolusTime":1702853609765,"time":"2023-12-18T04:18:20.322Z","iobWithZeroTemp":{"iob":-0.221,"basaliob":-0.221,"bolussnooze":0,"activity":-0.002,"lastBolusTime":1702853609765,"time":"2023-12-18T04:18:20.322Z"}},{"iob":0.022,"basaliob":0.022,"bolussnooze":0,"activity":5.0E-4,"lastBolusTime":1702853609765,"time":"2023-12-18T04:23:20.322Z","iobWithZeroTemp":{"iob":-0.232,"basaliob":-0.232,"bolussnooze":0,"activity":-0.0022,"lastBolusTime":1702853609765,"time":"2023-12-18T04:23:20.322Z"}},{"iob":0.019,"basaliob":0.019,"bolussnooze":0,"activity":5.0E-4,"lastBolusTime":1702853609765,"time":"2023-12-18T04:28:20.322Z","iobWithZeroTemp":{"iob":-0.242,"basaliob":-0.242,"bolussnooze":0,"activity":-0.0023,"lastBolusTime":1702853609765,"time":"2023-12-18T04:28:20.322Z"}},{"iob":0.017,"basaliob":0.017,"bolussnooze":0,"activity":4.0E-4,"lastBolusTime":1702853609765,"time":"2023-12-18T04:33:20.322Z","iobWithZeroTemp":{"iob":-0.251,"basaliob":-0.251,"bolussnooze":0,"activity":-0.0024,"lastBolusTime":1702853609765,"time":"2023-12-18T04:33:20.322Z"}},{"iob":0.015,"basaliob":0.015,"bolussnooze":0,"activity":4.0E-4,"lastBolusTime":1702853609765,"time":"2023-12-18T04:38:20.322Z","iobWithZeroTemp":{"iob":-0.259,"basaliob":-0.259,"bolussnooze":0,"activity":-0.0025,"lastBolusTime":1702853609765,"time":"2023-12-18T04:38:20.322Z"}},{"iob":0.013,"basaliob":0.013,"bolussnooze":0,"activity":4.0E-4,"lastBolusTime":1702853609765,"time":"2023-12-18T04:43:20.322Z","iobWithZeroTemp":{"iob":-0.267,"basaliob":-0.267,"bolussnooze":0,"activity":-0.0026,"lastBolusTime":1702853609765,"time":"2023-12-18T04:43:20.322Z"}},{"iob":0.011,"basaliob":0.011,"bolussnooze":0,"activity":3.0E-4,"lastBolusTime":1702853609765,"time":"2023-12-18T04:48:20.322Z","iobWithZeroTemp":{"iob":-0.275,"basaliob":-0.275,"bolussnooze":0,"activity":-0.0028,"lastBolusTime":1702853609765,"time":"2023-12-18T04:48:20.322Z"}},{"iob":0.01,"basaliob":0.01,"bolussnooze":0,"activity":3.0E-4,"lastBolusTime":1702853609765,"time":"2023-12-18T04:53:20.322Z","iobWithZeroTemp":{"iob":-0.281,"basaliob":-0.281,"bolussnooze":0,"activity":-0.0028,"lastBolusTime":1702853609765,"time":"2023-12-18T04:53:20.322Z"}},{"iob":0.009,"basaliob":0.009,"bolussnooze":0,"activity":2.0E-4,"lastBolusTime":0,"time":"2023-12-18T04:58:20.322Z","iobWithZeroTemp":{"iob":-0.288,"basaliob":-0.288,"bolussnooze":0,"activity":-0.003,"lastBolusTime":0,"time":"2023-12-18T04:58:20.322Z"}},{"iob":0.007,"basaliob":0.007,"bolussnooze":0,"activity":2.0E-4,"lastBolusTime":0,"time":"2023-12-18T05:03:20.322Z","iobWithZeroTemp":{"iob":-0.29,"basaliob":-0.29,"bolussnooze":0,"activity":-0.0031,"lastBolusTime":0,"time":"2023-12-18T05:03:20.322Z"}},{"iob":0.006,"basaliob":0.006,"bolussnooze":0,"activity":2.0E-4,"lastBolusTime":0,"time":"2023-12-18T05:08:20.322Z","iobWithZeroTemp":{"iob":-0.291,"basaliob":-0.291,"bolussnooze":0,"activity":-0.0031,"lastBolusTime":0,"time":"2023-12-18T05:08:20.322Z"}},{"iob":0.006,"basaliob":0.006,"bolussnooze":0,"activity":2.0E-4,"lastBolusTime":0,"time":"2023-12-18T05:13:20.322Z","iobWithZeroTemp":{"iob":-0.291,"basaliob":-0.291,"bolussnooze":0,"activity":-0.0032,"lastBolusTime":0,"time":"2023-12-18T05:13:20.322Z"}},{"iob":0.005,"basaliob":0.005,"bolussnooze":0,"activity":1.0E-4,"lastBolusTime":0,"time":"2023-12-18T05:18:20.322Z","iobWithZeroTemp":{"iob":-0.292,"basaliob":-0.292,"bolussnooze":0,"activity":-0.0033,"lastBolusTime":0,"time":"2023-12-18T05:18:20.322Z"}},{"iob":0.004,"basaliob":0.004,"bolussnooze":0,"activity":1.0E-4,"lastBolusTime":0,"time":"2023-12-18T05:23:20.322Z","iobWithZeroTemp":{"iob":-0.293,"basaliob":-0.293,"bolussnooze":0,"activity":-0.0033,"lastBolusTime":0,"time":"2023-12-18T05:23:20.322Z"}},{"iob":0.003,"basaliob":0.003,"bolussnooze":0,"activity":1.0E-4,"lastBolusTime":0,"time":"2023-12-18T05:28:20.322Z","iobWithZeroTemp":{"iob":-0.293,"basaliob":-0.293,"bolussnooze":0,"activity":-0.0033,"lastBolusTime":0,"time":"2023-12-18T05:28:20.322Z"}},{"iob":0.003,"basaliob":0.003,"bolussnooze":0,"activity":1.0E-4,"lastBolusTime":0,"time":"2023-12-18T05:33:20.322Z","iobWithZeroTemp":{"iob":-0.293,"basaliob":-0.293,"bolussnooze":0,"activity":-0.0034,"lastBolusTime":0,"time":"2023-12-18T05:33:20.322Z"}},{"iob":0.002,"basaliob":0.002,"bolussnooze":0,"activity":1.0E-4,"lastBolusTime":0,"time":"2023-12-18T05:38:20.322Z","iobWithZeroTemp":{"iob":-0.293,"basaliob":-0.293,"bolussnooze":0,"activity":-0.0034,"lastBolusTime":0,"time":"2023-12-18T05:38:20.322Z"}}],"profile":{"max_iob":10,"type":"current","max_daily_basal":0.25,"max_basal":1,"min_bg":90,"max_bg":90,"target_bg":90,"carb_ratio":15.6,"sens":84,"max_daily_safety_multiplier":5,"current_basal_safety_multiplier":5,"lgsThreshold":95,"high_temptarget_raises_sensitivity":false,"low_temptarget_lowers_sensitivity":false,"sensitivity_raises_target":true,"resistance_lowers_target":true,"adv_target_adjustments":false,"exercise_mode":false,"half_basal_exercise_target":160,"maxCOB":120,"skip_neutral_temps":false,"remainingCarbsCap":90,"enableUAM":true,"A52_risk_enable":false,"SMBInterval":5,"enableSMB_with_COB":true,"enableSMB_with_temptarget":false,"allowSMB_with_high_temptarget":false,"enableSMB_always":false,"enableSMB_after_carbs":true,"maxSMBBasalMinutes":120,"maxUAMSMBBasalMinutes":120,"bolus_increment":0.05,"carbsReqThreshold":1,"current_basal":0.20000000298023224,"temptargetSet":false,"autosens_max":1.2,"autosens_min":0.7,"variable_sens":80.7,"insulinDivisor":75,"TDD":21.57162150831162},"autosens_data":{"ratio":1},"meal_data":{"carbs":0,"mealCOB":0,"slopeFromMaxDeviation":-0.536,"slopeFromMinDeviation":0.2919999999999999,"lastBolusTime":1702853609765,"lastCarbTime":0},"microBolusAllowed":true,"currentTime":1702863802231,"flatBGsDetected":false,"tdd1D":22.354166475186748,"tdd7D":26.782783919711285,"tddLast24H":21.891666437933843,"tddLast4H":2.1375000059604643,"tddLast8to4H":3.5791667180756725},"output":{"temp":"absolute","bg":136,"tick":-1,"eventualBG":104,"targetBG":90,"insulinReq":0,"deliverAt":"2023-12-18T01:43:22.231Z","sensitivityRatio":1,"variable_sens":80.7,"predBGs":{"IOB":[136,135,133,132,130,129,127,125,124,122,121,119,117,116,115,113,112,111,110,109,108,107,106,106,105,105,104,104,103,103,102,102,102,102,101,101,101,101,101,100],"ZT":[136,134,131,129,126,124,122,120,118,117,115,114,113,112,111,111,110,110,110,110,110,110,110,111,111,111,112,113,113],"UAM":[136,134,132,129,127,125,123,120,118,116,115,113,111,110,108,107,106,104,103,102,101,101,100,99,98,98,97,97,96,96,96,95,95,95,94,94,94,94,94,93]},"reason":"COB: 0, Dev: 7, BGI: -2, ISF: 81, CR: 15.6, Target: 90, minPredBG 102, minGuardBG 93, IOBpredBG 100, UAMpredBG 93; minGuardBG 93<95","COB":0,"IOB":0.481,"duration":30,"rate":0,"timestamp":"2023-12-18T01:43:22.259Z"}}