{"algorithm":"OpenAPSSMBDynamicISFPlugin","input":{"glucoseStatus":{"glucose":95,"noise":0,"delta":1,"short_avgdelta":1,"long_avgdelta":-0.43,"date":1702965174000},"currenttemp":{"temp":"absolute","duration":55,"rate":0,"minutesrunning":65},"iob_data":[{"iob":-0.002,"basaliob":-0.099,"bolussnooze":0,"activity":0.0014,"lastBolusTime":1702960749327,"time":"2023-12-19T05:54:15.643Z","iobWithZeroTemp":{"iob":-0.002,"basaliob":-0.099,"bolussnooze":0,"activity":0.0014,"lastBolusTime":1702960749327,"time":"2023-12-19T05:54:15.643Z"}},{"iob":-0.008,"basaliob":-0.097,"bolussnooze":0,"activity":0.0011,"lastBolusTime":1702960749327,"time":"2023-12-19T05:59:15.643Z","iobWithZeroTemp":{"iob":-0.021,"basaliob":-0.11,"bolussnooze":0,"activity":0.0011,"lastBolusTime":1702960749327,"time":"2023-12-19T05:59:15.643Z"}},{"iob":-0.013,"basaliob":-0.095,"bolussnooze":0,"activity":8.0E-4,"lastBolusTime":1702960749327,"time":"2023-12-19T06:04:15.643Z","iobWithZeroTemp":{"iob":-0.047,"basaliob":-0.129,"bolussnooze":0,"activity":7.0E-4,"lastBolusTime":1702960749327,"time":"2023-12-19T06:04:15.643Z"}},{"iob":-0.016,"basaliob":-0.092,"bolussnooze":0,"activity":6.0E-4,"lastBolusTime":1702960749327,"time":"2023-12-19T06:09:15.643Z","iobWithZeroTemp":{"iob":-0.07,"basaliob":-0.146,"bolussnooze":0,"activity":4.0E-4,"lastBolusTime":1702960749327,"time":"2023-12-19T06:09:15.643Z"}},{"iob":-0.02,"basaliob":-0.089,"bolussnooze":0,"activity":5.0E-4,"lastBolusTime":1702960749327,"time":"2023-12-19T06:14:15.643Z","iobWithZeroTemp":{"iob":-0.093,"basaliob":-0.162,"bolussnooze":0,"activity":2.0E-4,"lastBolusTime":1702960749327,"time":"2023-12-19T06:14:15.643Z"}},{"iob":-0.022,"basaliob":-0.085,"bolussnooze":0,"activity":3.0E-4,"lastBolusTime":1702960749327,"time":"2023-12-19T06:19:15.643Z","iobWithZeroTemp":{"iob":-0.115,"basaliob":-0.178,"bolussnooze":0,"activity":-1.0E-4,"lastBolusTime":1702960749327,"time":"2023-12-19T06:19:15.643Z"}},{"iob":-0.023,"basaliob":-0.081,"bolussnooze":0,"activity":3.0E-4,"lastBolusTime":1702960749327,"time":"2023-12-19T06:24:15.643Z","iobWithZeroTemp":{"iob":-0.134,"basaliob":-0.192,"bolussnooze":0,"activity":-3.0E-4,"lastBolusTime":1702960749327,"time":"2023-12-19T06:24:15.643Z"}},{"iob":-0.024,"basaliob":-0.077,"bolussnooze":0,"activity":2.0E-4,"lastBolusTime":1702960749327,"time":"2023-12-19T06:29:15.643Z","iobWithZeroTemp":{"iob":-0.153,"basaliob":-0.206,"bolussnooze":0,"activity":-5.0E-4,"lastBolusTime":1702960749327,"time":"2023-12-19T06:29:15.643Z"}},{"iob":-0.024,"basaliob":-0.072,"bolussnooze":0,"activity":1.0E-4,"lastBolusTime":1702960749327,"time":"2023-12-19T06:34:15.643Z","iobWithZeroTemp":{"iob":-0.169,"basaliob":-0.217,"bolussnooze":0,"activity":-8.0E-4,"lastBolusTime":1702960749327,"time":"2023-12-19T06:34:15.643Z"}},{"iob":-0.024,"basaliob":-0.068,"bolussnooze":0,"activity":0,"lastBolusTime":1702960749327,"time":"2023-12-19T06:39:15.643Z","iobWithZeroTemp":{"iob":-0.185,"basaliob":-0.229,"bolussnooze":0,"activity":-0.0011,"lastBolusTime":1702960749327,"time":"2023-12-19T06:39:15.643Z"}},{"iob":-0.024,"basaliob":-0.064,"bolussnooze":0,"activity":0,"lastBolusTime":1702960749327,"time":"2023-12-19T06:44:15.643Z","iobWithZeroTemp":{"iob":-0.2,"basaliob":-0.24,"bolussnooze":0,"activity":-0.0013,"lastBolusTime":1702960749327,"time":"2023-12-19T06:44:15.643Z"}},{"iob":-0.024,"basaliob":-0.06,"bolussnooze":0,"activity":-1.0E-4,"lastBolusTime":1702960749327,"time":"2023-12-19T06:49:15.643Z","iobWithZeroTemp":{"iob":-0.214,"basaliob":-0.25,"bolussnooze":0,"activity":-0.0015,"lastBolusTime":1702960749327,"time":"2023-12-19T06:49:15.643Z"}},{"iob":-0.023,"basaliob":-0.056,"bolussnooze":0,"activity":-1.0E-4,"lastBolusTime":1702960749327,"time":"2023-12-19T06:54:15.643Z","iobWithZeroTemp":{"iob":-0.227,"basaliob":-0.26,"bolussnooze":0,"activity":-0.0017,"lastBolusTime":1702960749327,"time":"2023-12-19T06:54:15.643Z"}},{"iob":-0.023,"basaliob":-0.052,"bolussnooze":0,"activity":-1.0E-4,"lastBolusTime":1702960749327,"time":"2023-12-19T06:59:15.643Z","iobWithZeroTemp":{"iob":-0.239,"basaliob":-0.268,"bolussnooze":0,"activity":-0.0019,"lastBolusTime":1702960749327,"time":"2023-12-19T06:59:15.643Z"}},{"iob":-0.021,"basaliob":-0.048,"bolussnooze":0,"activity":-1.0E-4,"lastBolusTime":1702960749327,"time":"2023-12-19T07:04:15.643Z","iobWithZeroTemp":{"iob":-0.24,"basaliob":-0.267,"bolussnooze":0,"activity":-0.002,"lastBolusTime":1702960749327,"time":"2023-12-19T07:04:15.643Z"}},{"iob":-0.021,"basaliob":-0.045,"bolussnooze":0,"activity":-2.0E-4,"lastBolusTime":1702960749327,"time":"2023-12-19T07:09:15.643Z","iobWithZeroTemp":{"iob":-0.243,"basaliob":-0.267,"bolussnooze":0,"activity":-0.0023,"lastBolusTime":1702960749327,"time":"2023-12-19T07:09:15.643Z"}},{"iob":-0.02,"basaliob":-0.041,"bolussnooze":0,"activity":-1.0E-4,"lastBolusTime":1702960749327,"time":"2023-12-19T07:14:15.643Z","iobWithZeroTemp":{"iob":-0.244,"basaliob":-0.265,"bolussnooze":0,"activity":-0.0023,"lastBolusTime":1702960749327,"time":"2023-12-19T07:14:15.643Z"}},{"iob":-0.019,"basaliob":-0.038,"bolussnooze":0,"activity":-2.0E-4,"lastBolusTime":1702960749327,"time":"2023-12-19T07:19:15.643Z","iobWithZeroTemp":{"iob":-0.244,"basaliob":-0.263,"bolussnooze":0,"activity":-0.0025,"lastBolusTime":1702960749327,"time":"2023-12-19T07:19:15.643Z"}},{"iob":-0.018,"basaliob":-0.035,"bolussnooze":0,"activity":-2.0E-4,"lastBolusTime":1702960749327,"time":"2023-12-19T07:24:15.643Z","iobWithZeroTemp":{"iob":-0.244,"basaliob":-0.261,"bolussnooze":0,"activity":-0.0025,"lastBolusTime":1702960749327,"time":"2023-12-19T07:24:15.643Z"}},{"iob":-0.017,"basaliob":-0.032,"bolussnooze":0,"activity":-2.0E-4,"lastBolusTime":1702960749327,"time":"2023-12-19T07:29:15.643Z","iobWithZeroTemp":{"iob":-0.244,"basaliob":-0.259,"bolussnooze":0,"activity":-0.0026,"lastBolusTime":1702960749327,"time":"2023-12-19T07:29:15.643Z"}},{"iob":-0.016,"basaliob":-0.03,"bolussnooze":0,"activity":-2.0E-4,"lastBolusTime":1702960749327,"time":"2023-12-19T07:34:15.643Z","iobWithZeroTemp":{"iob":-0.243,"basaliob":-0.257,"bolussnooze":0,"activity":-0.0027,"lastBolusTime":1702960749327,"time":"2023-12-19T07:34:15.643Z"}},{"iob":-0.015,"basaliob":-0.027,"bolussnooze":0,"activity":-2.0E-4,"lastBolusTime":1702960749327,"time":"2023-12-19T07:39:15.643Z","iobWithZeroTemp":{"iob":-0.243,"basaliob":-0.255,"bolussnooze":0,"activity":-0.0027,"lastBolusTime":1702960749327,"time":"2023-12-19T07:39:15.643Z"}},{"iob":-0.014,"basaliob":-0.025,"bolussnooze":0,"activity":-1.0E-4,"lastBolusTime":1702960749327,"time":"2023-12-19T07:44:15.643Z","iobWithZeroTemp":{"iob":-0.241,"basaliob":-0.252,"bolussnooze":0,"activity":-0.0026,"lastBolusTime":1702960749327,"time":"2023-12-19T07:44:15.643Z"}},{"iob":-0.013,"basaliob":-0.023,"bolussnooze":0,"activity":-2.0E-4,"lastBolusTime":1702960749327,"time":"2023-12-19T07:49:15.643Z","iobWithZeroTemp":{"iob":-0.24,"basaliob":-0.25,"bolussnooze":0,"activity":-0.0028,"lastBolusTime":1702960749327,"time":"2023-12-19T07:49:15.643Z"}},{"iob":-0.012,"basaliob":-0.021,"bolussnooze":0,"activity":-2.0E-4,"lastBolusTime":1702960749327,"time":"2023-12-19T07:54:15.643Z","iobWithZeroTemp":{"iob":-0.239,"basaliob":-0.248,"bolussnooze":0,"activity":-0.0028,"lastBolusTime":1702960749327,"time":"2023-12-19T07:54:15.643Z"}},{"iob":-0.011,"basaliob":-0.019,"bolussnooze":0,"activity":-2.0E-4,"lastBolusTime":1702960749327,"time":"2023-12-19T07:59:15.643Z","iobWithZeroTemp":{"iob":-0.237,"basaliob":-0.245,"bolussnooze":0,"activity":-0.0028,"lastBolusTime":1702960749327,"time":"2023-12-19T07:59:15.643Z"}},{"iob":-0.01,"basaliob":-0.017,"bolussnooze":0,"activity":-1.0E-4,"lastBolusTime":1702960749327,"time":"2023-12-19T08:04:15.643Z","iobWithZeroTemp":{"iob":-0.236,"basaliob":-0.243,"bolussnooze":0,"activity":-0.0027,"lastBolusTime":1702960749327,"time":"2023-12-19T08:04:15.643Z"}},{"iob":-0.01,"basaliob":-0.016,"bolussnooze":0,"activity":-1.0E-4,"lastBolusTime":1702960749327,"time":"2023-12-19T08:09:15.643Z","iobWithZeroTemp":{"iob":-0.235,"basaliob":-0.241,"bolussnooze":0,"activity":-0.0027,"lastBolusTime":1702960749327,"time":"2023-12-19T08:09:15.643Z"}},{"iob":-0.009,"basaliob":-0.014,"bolussnooze":0,"activity":-2.0E-4,"lastBolusTime":1702960749327,"time":"2023-12-19T08:14:15.643Z","iobWithZeroTemp":{"iob":-0.233,"basaliob":-0.238,"bolussnooze":0,"activity":-0.0028,"lastBolusTime":1702960749327,"time":"2023-12-19T08:14:15.643Z"}},{"iob":-0.009,"basaliob":-0.013,"bolussnooze":0,"activity":-2.0E-4,"lastBolusTime":1702960749327,"time":"2023-12-19T08:19:15.643Z","iobWithZeroTemp":{"iob":-0.233,"basaliob":-0.237,"bolussnooze":0,"activity":-0.0028,"lastBolusTime":1702960749327,"time":"2023-12-19T08:19:15.643Z"}},{"iob":-0.008,"basaliob":-0.012,"bolussnooze":0,"activity":-1.0E-4,"lastBolusTime":1702960749327,"time":"2023-12-19T08:24:15.643Z","iobWithZeroTemp":{"iob":-0.231,"basaliob":-0.235,"bolussnooze":0,"activity":-0.0027,"lastBolusTime":1702960749327,"time":"2023-12-19T08:24:15.643Z"}},{"iob":-0.008,"basaliob":-0.011,"bolussnooze":0,"activity":-1.0E-4,"lastBolusTime":1702960749327,"time":"2023-12-19T08:29:15.643Z","iobWithZeroTemp":{"iob":-0.23,"basaliob":-0.233,"bolussnooze":0,"activity":-0.0027,"lastBolusTime":1702960749327,"time":"2023-12-19T08:29:15.643Z"}},{"iob":-0.006,"basaliob":-0.009,"bolussnooze":0,"activity":-1.0E-4,"lastBolusTime":1702960749327,"time":"2023-12-19T08:34:15.643Z","iobWithZeroTemp":{"iob":-0.228,"basaliob":-0.231,"bolussnooze":0,"activity":-0.0027,"lastBolusTime":1702960749327,"time":"2023-12-19T08:34:15.643Z"}},{"iob":-0.006,"basaliob":-0.009,"bolussnooze":0,"activity":-1.0E-4,"lastBolusTime":1702960749327,"time":"2023-12-19T08:39:15.643Z","iobWithZeroTemp":{"iob":-0.227,"basaliob":-0.23,"bolussnooze":0,"activity":-0.0027,"lastBolusTime":1702960749327,"time":"2023-12-19T08:39:15.643Z"}},{"iob":-0.006,"basaliob":-0.008,"bolussnooze":0,"activity":-1.0E-4,"lastBolusTime":1702960749327,"time":"2023-12-19T08:44:15.643Z","iobWithZeroTemp":{"iob":-0.226,"basaliob":-0.228,"bolussnooze":0,"activity":-0.0027,"lastBolusTime":1702960749327,"time":"2023-12-19T08:44:15.643Z"}},{"iob":-0.005,"basaliob":-0.007,"bolussnooze":0,"activity":-1.0E-4,"lastBolusTime":1702960749327,"time":"2023-12-19T08:49:15.643Z","iobWithZeroTemp":{"iob":-0.225,"basaliob":-0.227,"bolussnooze":0,"activity":-0.0027,"lastBolusTime":1702960749327,"time":"2023-12-19T08:49:15.643Z"}},{"iob":-0.004,"basaliob":-0.006,"bolussnooze":0,"activity":0,"lastBolusTime":1702960749327,"time":"2023-12-19T08:54:15.643Z","iobWithZeroTemp":{"iob":-0.223,"basaliob":-0.225,"bolussnooze":0,"activity":-0.0026,"lastBolusTime":1702960749327,"time":"2023-12-19T08:54:15.643Z"}},{"iob":-0.004,"basaliob":-0.005,"bolussnooze":0,"activity":-1.0E-4,"lastBolusTime":1702960749327,"time":"2023-12-19T08:59:15.643Z","iobWithZeroTemp":{"iob":-0.222,"basaliob":-0.223,"bolussnooze":0,"activity":-0.0027,"lastBolusTime":1702960749327,"time":"2023-12-19T08:59:15.643Z"}},{"iob":-0.004,"basaliob":-0.005,"bolussnooze":0,"activity":-1.0E-4,"lastBolusTime":1702960749327,"time":"2023-12-19T09:04:15.643Z","iobWithZeroTemp":{"iob":-0.226,"basaliob":-0.227,"bolussnooze":0,"activity":-0.0027,"lastBolusTime":1702960749327,"time":"2023-12-19T09:04:15.643Z"}},{"iob":-0.003,"basaliob":-0.004,"bolussnooze":0,"activity":-1.0E-4,"lastBolusTime":1702960749327,"time":"2023-12-19T09:09:15.643Z","iobWithZeroTemp":{"iob":-0.228,"basaliob":-0.229,"bolussnooze":0,"activity":-0.0027,"lastBolusTime":1702960749327,"time":"2023-12-19T09:09:15.643Z"}},{"iob":-0.003,"basaliob":-0.004,"bolussnooze":0,"activity":-1.0E-4,"lastBolusTime":1702960749327,"time":"2023-12-19T09:14:15.643Z","iobWithZeroTemp":{"iob":-0.232,"basaliob":-0.233,"bolussnooze":0,"activity":-0.0027,"lastBolusTime":1702960749327,"time":"2023-12-19T09:14:15.643Z"}},{"iob":-0.002,"basaliob":-0.003,"bolussnooze":0,"activity":-1.0E-4,"lastBolusTime":1702960749327,"time":"2023-12-19T09:19:15.643Z","iobWithZeroTemp":{"iob":-0.234,"basaliob":-0.235,"bolussnooze":0,"activity":-0.0028,"lastBolusTime":1702960749327,"time":"2023-12-19T09:19:15.643Z"}},{"iob":-0.002,"basaliob":-0.003,"bolussnooze":0,"activity":-1.0E-4,"lastBolusTime":1702960749327,"time":"2023-12-19T09:24:15.643Z","iobWithZeroTemp":{"iob":-0.238,"basaliob":-0.239,"bolussnooze":0,"activity":-0.0028,"lastBolusTime":1702960749327,"time":"2023-12-19T09:24:15.643Z"}},{"iob":-0.003,"basaliob":-0.003,"bolussnooze":0,"activity":-1.0E-4,"lastBolusTime":1702960749327,"time":"2023-12-19T09:29:15.643Z","iobWithZeroTemp":{"iob":-0.242,"basaliob":-0.242,"bolussnooze":0,"activity":-0.0028,"lastBolusTime":1702960749327,"time":"2023-12-19T09:29:15.643Z"}},{"iob":-0.002,"basaliob":-0.002,"bolussnooze":0,"activity":-1.0E-4,"lastBolusTime":1702960749327,"time":"2023-12-19T09:34:15.643Z","iobWithZeroTemp":{"iob":-0.244,"basaliob":-0.244,"bolussnooze":0,"activity":-0.0028,"lastBolusTime":1702960749327,"time":"2023-12-19T09:34:15.643Z"}},{"iob":-0.002,"basaliob":-0.002,"bolussnooze":0,"activity":-1.0E-4,"lastBolusTime":1702960749327,"time":"2023-12-19T09:39:15.643Z","iobWithZeroTemp":{"iob":-0.247,"basaliob":-0.247,"bolussnooze":0,"activity":-0.0029,"lastBolusTime":1702960749327,"time":"2023-12-19T09:39:15.643Z"}},{"iob":-0.002,"basaliob":-0.002,"bolussnooze":0,"activity":0,"lastBolusTime":1702960749327,"time":"2023-12-19T09:44:15.643Z","iobWithZeroTemp":{"iob":-0.249,"basaliob":-0.249,"bolussnooze":0,"activity":-0.0028,"lastBolusTime":1702960749327,"time":"2023-12-19T09:44:15.643Z"}},{"iob":-0.002,"basaliob":-0.002,"bolussnooze":0,"activity":0,"lastBolusTime":1702960749327,"time":"2023-12-19T09:49:15.643Z","iobWithZeroTemp":{"iob":-0.252,"basaliob":-0.252,"bolussnooze":0,"activity":-0.0028,"lastBolusTime":1702960749327,"time":"2023-12-19T09:49:15.643Z"}}],"profile":{"max_iob":10,"type":"current","max_daily_basal":0.25,"max_basal":1,"min_bg":90,"max_bg":90,"target_bg":90,"carb_ratio":12.6,"sens":84,"max_daily_safety_multiplier":5,"current_basal_safety_multiplier":5,"lgsThreshold":95,"high_temptarget_raises_sensitivity":false,"low_temptarget_lowers_sensitivity":false,"sensitivity_raises_target":true,"resistance_lowers_target":true,"adv_target_adjustments":false,"exercise_mode":false,"half_basal_exercise_target":160,"maxCOB":120,"skip_neutral_temps":false,"remainingCarbsCap":90,"enableUAM":true,"A52_risk_enable":false,"SMBInterval":5,"enableSMB_with_COB":true,"enableSMB_with_temptarget":false,"allowSMB_with_high_temptarget":false,"enableSMB_always":false,"enableSMB_after_carbs":true,"maxSMBBasalMinutes":120,"maxUAMSMBBasalMinutes":120,"bolus_increment":0.05,"carbsReqThreshold":1,"current_basal":0.20000000298023224,"temptargetSet":false,"autosens_max":1.2,"autosens_min":0.7,"variable_sens":119.3,"insulinDivisor":75,"TDD":18.437735411220594},"autosens_data":{"ratio":1},"meal_data":{"carbs":5,"mealCOB":0,"slopeFromMaxDeviation":0,"slopeFromMinDeviation":0.3440909090909091,"lastBolusTime":1702960749327,"lastCarbTime":1702952702000},"microBolusAllowed":true,"currentTime":1702965257131,"flatBGsDetected":false,"tdd1D":20.141666612277426,"tdd7D":26.78606000595613,"tddLast24H":19.34166663090388,"tddLast4H":1.0416666741172471,"tddLast8to4H":2.0875000283122063},"output":{"temp":"absolute","bg":95,"tick":"+1","eventualBG":108,"targetBG":90,"insulinReq":0.08,"deliverAt":"2023-12-19T05:54:17.131Z","sensitivityRatio":1,"variable_sens":119.3,"predBGs":{"IOB":[95,96,97,98,98,99,100,100,101,101,102,102,102,102,102,102,102,102,102,102,103,103,103,103,103,103,103,103,103,103,103,104],"ZT":[95,94,94,93,93,93,93,93,93,94,94],"UAM":[95,96,97,98,99,100,101,101,102,103,104,104,105,105,105,106,106,106,106,106,106,106,106,106,106,107,107,107,107,107,107,107,107,107,107,107,107,107,107,107,107,108]},"reason":"COB: 0, Dev: 11, BGI: -1, ISF: 119, CR: 12.6, Target: 90, minPredBG 99, minGuardBG 96, IOBpredBG 104, UAMpredBG 108; Eventual BG 108 >= 90, temp 0.00 < 0.36U\/hr. ","COB":0,"IOB":-0.002,"duration":30,"rate":0.36000000298023227,"timestamp":"2023-12-19T05:54:17.156Z"}}