{"algorithm":"OpenAPSSMBDynamicISFPlugin","input":{"glucoseStatus":{"glucose":96,"noise":0,"delta":-1,"short_avgdelta":-0.89,"long_avgdelta":0.62,"date":1702922572000},"currenttemp":{"temp":"absolute","duration":20,"rate":0,"minutesrunning":10},"iob_data":[{"iob":-0.035,"basaliob":-0.212,"bolussnooze":0,"activity":0.0015,"lastBolusTime":1702916312788,"time":"2023-12-18T18:03:22.772Z","iobWithZeroTemp":{"iob":-0.035,"basaliob":-0.212,"bolussnooze":0,"activity":0.0015,"lastBolusTime":1702916312788,"time":"2023-12-18T18:03:22.772Z"}},{"iob":-0.041,"basaliob":-0.199,"bolussnooze":0,"activity":0.0011,"lastBolusTime":1702916312788,"time":"2023-12-18T18:08:22.772Z","iobWithZeroTemp":{"iob":-0.054,"basaliob":-0.212,"bolussnooze":0,"activity":0.0011,"lastBolusTime":1702916312788,"time":"2023-12-18T18:08:22.772Z"}},{"iob":-0.046,"basaliob":-0.186,"bolussnooze":0,"activity":8.0E-4,"lastBolusTime":1702916312788,"time":"2023-12-18T18:13:22.772Z","iobWithZeroTemp":{"iob":-0.076,"basaliob":-0.216,"bolussnooze":0,"activity":7.0E-4,"lastBolusTime":1702916312788,"time":"2023-12-18T18:13:22.772Z"}},{"iob":-0.05,"basaliob":-0.174,"bolussnooze":0,"activity":5.0E-4,"lastBolusTime":1702916312788,"time":"2023-12-18T18:18:22.772Z","iobWithZeroTemp":{"iob":-0.096,"basaliob":-0.22,"bolussnooze":0,"activity":4.0E-4,"lastBolusTime":1702916312788,"time":"2023-12-18T18:18:22.772Z"}},{"iob":-0.052,"basaliob":-0.162,"bolussnooze":0,"activity":3.0E-4,"lastBolusTime":1702916312788,"time":"2023-12-18T18:23:22.772Z","iobWithZeroTemp":{"iob":-0.114,"basaliob":-0.224,"bolussnooze":0,"activity":1.0E-4,"lastBolusTime":1702916312788,"time":"2023-12-18T18:23:22.772Z"}},{"iob":-0.053,"basaliob":-0.15,"bolussnooze":0,"activity":1.0E-4,"lastBolusTime":1702916312788,"time":"2023-12-18T18:28:22.772Z","iobWithZeroTemp":{"iob":-0.13,"basaliob":-0.227,"bolussnooze":0,"activity":-2.0E-4,"lastBolusTime":1702916312788,"time":"2023-12-18T18:28:22.772Z"}},{"iob":-0.053,"basaliob":-0.139,"bolussnooze":0,"activity":0,"lastBolusTime":1702916312788,"time":"2023-12-18T18:33:22.772Z","iobWithZeroTemp":{"iob":-0.145,"basaliob":-0.231,"bolussnooze":0,"activity":-5.0E-4,"lastBolusTime":1702916312788,"time":"2023-12-18T18:33:22.772Z"}},{"iob":-0.052,"basaliob":-0.128,"bolussnooze":0,"activity":-2.0E-4,"lastBolusTime":1702916312788,"time":"2023-12-18T18:38:22.772Z","iobWithZeroTemp":{"iob":-0.158,"basaliob":-0.234,"bolussnooze":0,"activity":-8.0E-4,"lastBolusTime":1702916312788,"time":"2023-12-18T18:38:22.772Z"}},{"iob":-0.051,"basaliob":-0.118,"bolussnooze":0,"activity":-2.0E-4,"lastBolusTime":1702916312788,"time":"2023-12-18T18:43:22.772Z","iobWithZeroTemp":{"iob":-0.17,"basaliob":-0.237,"bolussnooze":0,"activity":-9.0E-4,"lastBolusTime":1702916312788,"time":"2023-12-18T18:43:22.772Z"}},{"iob":-0.05,"basaliob":-0.109,"bolussnooze":0,"activity":-3.0E-4,"lastBolusTime":1702916312788,"time":"2023-12-18T18:48:22.772Z","iobWithZeroTemp":{"iob":-0.181,"basaliob":-0.24,"bolussnooze":0,"activity":-0.0012,"lastBolusTime":1702916312788,"time":"2023-12-18T18:48:22.772Z"}},{"iob":-0.049,"basaliob":-0.1,"bolussnooze":0,"activity":-3.0E-4,"lastBolusTime":1702916312788,"time":"2023-12-18T18:53:22.772Z","iobWithZeroTemp":{"iob":-0.192,"basaliob":-0.243,"bolussnooze":0,"activity":-0.0013,"lastBolusTime":1702916312788,"time":"2023-12-18T18:53:22.772Z"}},{"iob":-0.047,"basaliob":-0.092,"bolussnooze":0,"activity":-4.0E-4,"lastBolusTime":1702916312788,"time":"2023-12-18T18:58:22.772Z","iobWithZeroTemp":{"iob":-0.201,"basaliob":-0.246,"bolussnooze":0,"activity":-0.0016,"lastBolusTime":1702916312788,"time":"2023-12-18T18:58:22.772Z"}},{"iob":-0.045,"basaliob":-0.084,"bolussnooze":0,"activity":-4.0E-4,"lastBolusTime":1702916312788,"time":"2023-12-18T19:03:22.772Z","iobWithZeroTemp":{"iob":-0.206,"basaliob":-0.245,"bolussnooze":0,"activity":-0.0017,"lastBolusTime":1702916312788,"time":"2023-12-18T19:03:22.772Z"}},{"iob":-0.043,"basaliob":-0.077,"bolussnooze":0,"activity":-5.0E-4,"lastBolusTime":1702916312788,"time":"2023-12-18T19:08:22.772Z","iobWithZeroTemp":{"iob":-0.21,"basaliob":-0.244,"bolussnooze":0,"activity":-0.0019,"lastBolusTime":1702916312788,"time":"2023-12-18T19:08:22.772Z"}},{"iob":-0.04,"basaliob":-0.07,"bolussnooze":0,"activity":-5.0E-4,"lastBolusTime":1702916312788,"time":"2023-12-18T19:13:22.772Z","iobWithZeroTemp":{"iob":-0.212,"basaliob":-0.242,"bolussnooze":0,"activity":-0.002,"lastBolusTime":1702916312788,"time":"2023-12-18T19:13:22.772Z"}},{"iob":-0.038,"basaliob":-0.064,"bolussnooze":0,"activity":-5.0E-4,"lastBolusTime":1702916312788,"time":"2023-12-18T19:18:22.772Z","iobWithZeroTemp":{"iob":-0.214,"basaliob":-0.24,"bolussnooze":0,"activity":-0.0021,"lastBolusTime":1702916312788,"time":"2023-12-18T19:18:22.772Z"}},{"iob":-0.035,"basaliob":-0.058,"bolussnooze":0,"activity":-5.0E-4,"lastBolusTime":1702916312788,"time":"2023-12-18T19:23:22.772Z","iobWithZeroTemp":{"iob":-0.215,"basaliob":-0.238,"bolussnooze":0,"activity":-0.0022,"lastBolusTime":1702916312788,"time":"2023-12-18T19:23:22.772Z"}},{"iob":-0.032,"basaliob":-0.052,"bolussnooze":0,"activity":-5.0E-4,"lastBolusTime":1702916312788,"time":"2023-12-18T19:28:22.772Z","iobWithZeroTemp":{"iob":-0.216,"basaliob":-0.236,"bolussnooze":0,"activity":-0.0023,"lastBolusTime":1702916312788,"time":"2023-12-18T19:28:22.772Z"}},{"iob":-0.031,"basaliob":-0.048,"bolussnooze":0,"activity":-4.0E-4,"lastBolusTime":1702916312788,"time":"2023-12-18T19:33:22.772Z","iobWithZeroTemp":{"iob":-0.218,"basaliob":-0.235,"bolussnooze":0,"activity":-0.0023,"lastBolusTime":1702916312788,"time":"2023-12-18T19:33:22.772Z"}},{"iob":-0.028,"basaliob":-0.043,"bolussnooze":0,"activity":-5.0E-4,"lastBolusTime":1702916312788,"time":"2023-12-18T19:38:22.772Z","iobWithZeroTemp":{"iob":-0.218,"basaliob":-0.233,"bolussnooze":0,"activity":-0.0025,"lastBolusTime":1702916312788,"time":"2023-12-18T19:38:22.772Z"}},{"iob":-0.026,"basaliob":-0.039,"bolussnooze":0,"activity":-4.0E-4,"lastBolusTime":1702916312788,"time":"2023-12-18T19:43:22.772Z","iobWithZeroTemp":{"iob":-0.219,"basaliob":-0.232,"bolussnooze":0,"activity":-0.0024,"lastBolusTime":1702916312788,"time":"2023-12-18T19:43:22.772Z"}},{"iob":-0.024,"basaliob":-0.035,"bolussnooze":0,"activity":-4.0E-4,"lastBolusTime":1702916312788,"time":"2023-12-18T19:48:22.772Z","iobWithZeroTemp":{"iob":-0.219,"basaliob":-0.23,"bolussnooze":0,"activity":-0.0025,"lastBolusTime":1702916312788,"time":"2023-12-18T19:48:22.772Z"}},{"iob":-0.022,"basaliob":-0.032,"bolussnooze":0,"activity":-4.0E-4,"lastBolusTime":1702916312788,"time":"2023-12-18T19:53:22.772Z","iobWithZeroTemp":{"iob":-0.219,"basaliob":-0.229,"bolussnooze":0,"activity":-0.0025,"lastBolusTime":1702916312788,"time":"2023-12-18T19:53:22.772Z"}},{"iob":-0.02,"basaliob":-0.028,"bolussnooze":0,"activity":-3.0E-4,"lastBolusTime":1702916312788,"time":"2023-12-18T19:58:22.772Z","iobWithZeroTemp":{"iob":-0.219,"basaliob":-0.227,"bolussnooze":0,"activity":-0.0025,"lastBolusTime":1702916312788,"time":"2023-12-18T19:58:22.772Z"}},{"iob":-0.019,"basaliob":-0.026,"bolussnooze":0,"activity":-4.0E-4,"lastBolusTime":1702916312788,"time":"2023-12-18T20:03:22.772Z","iobWithZeroTemp":{"iob":-0.22,"basaliob":-0.227,"bolussnooze":0,"activity":-0.0026,"lastBolusTime":1702916312788,"time":"2023-12-18T20:03:22.772Z"}},{"iob":-0.017,"basaliob":-0.023,"bolussnooze":0,"activity":-3.0E-4,"lastBolusTime":1702916312788,"time":"2023-12-18T20:08:22.772Z","iobWithZeroTemp":{"iob":-0.219,"basaliob":-0.225,"bolussnooze":0,"activity":-0.0025,"lastBolusTime":1702916312788,"time":"2023-12-18T20:08:22.772Z"}},{"iob":-0.015,"basaliob":-0.02,"bolussnooze":0,"activity":-3.0E-4,"lastBolusTime":1702916312788,"time":"2023-12-18T20:13:22.772Z","iobWithZeroTemp":{"iob":-0.218,"basaliob":-0.223,"bolussnooze":0,"activity":-0.0026,"lastBolusTime":1702916312788,"time":"2023-12-18T20:13:22.772Z"}},{"iob":-0.014,"basaliob":-0.018,"bolussnooze":0,"activity":-3.0E-4,"lastBolusTime":1702916312788,"time":"2023-12-18T20:18:22.772Z","iobWithZeroTemp":{"iob":-0.218,"basaliob":-0.222,"bolussnooze":0,"activity":-0.0026,"lastBolusTime":1702916312788,"time":"2023-12-18T20:18:22.772Z"}},{"iob":-0.012,"basaliob":-0.016,"bolussnooze":0,"activity":-3.0E-4,"lastBolusTime":1702916312788,"time":"2023-12-18T20:23:22.772Z","iobWithZeroTemp":{"iob":-0.217,"basaliob":-0.221,"bolussnooze":0,"activity":-0.0026,"lastBolusTime":1702916312788,"time":"2023-12-18T20:23:22.772Z"}},{"iob":-0.011,"basaliob":-0.014,"bolussnooze":0,"activity":-2.0E-4,"lastBolusTime":1702916312788,"time":"2023-12-18T20:28:22.772Z","iobWithZeroTemp":{"iob":-0.217,"basaliob":-0.22,"bolussnooze":0,"activity":-0.0025,"lastBolusTime":1702916312788,"time":"2023-12-18T20:28:22.772Z"}},{"iob":-0.01,"basaliob":-0.013,"bolussnooze":0,"activity":-2.0E-4,"lastBolusTime":1702916312788,"time":"2023-12-18T20:33:22.772Z","iobWithZeroTemp":{"iob":-0.217,"basaliob":-0.22,"bolussnooze":0,"activity":-0.0026,"lastBolusTime":1702916312788,"time":"2023-12-18T20:33:22.772Z"}},{"iob":-0.009,"basaliob":-0.011,"bolussnooze":0,"activity":-2.0E-4,"lastBolusTime":1702916312788,"time":"2023-12-18T20:38:22.772Z","iobWithZeroTemp":{"iob":-0.216,"basaliob":-0.218,"bolussnooze":0,"activity":-0.0026,"lastBolusTime":1702916312788,"time":"2023-12-18T20:38:22.772Z"}},{"iob":-0.008,"basaliob":-0.01,"bolussnooze":0,"activity":-1.0E-4,"lastBolusTime":1702916312788,"time":"2023-12-18T20:43:22.772Z","iobWithZeroTemp":{"iob":-0.216,"basaliob":-0.218,"bolussnooze":0,"activity":-0.0025,"lastBolusTime":1702916312788,"time":"2023-12-18T20:43:22.772Z"}},{"iob":-0.008,"basaliob":-0.009,"bolussnooze":0,"activity":-1.0E-4,"lastBolusTime":1702916312788,"time":"2023-12-18T20:48:22.772Z","iobWithZeroTemp":{"iob":-0.217,"basaliob":-0.218,"bolussnooze":0,"activity":-0.0025,"lastBolusTime":1702916312788,"time":"2023-12-18T20:48:22.772Z"}},{"iob":-0.007,"basaliob":-0.008,"bolussnooze":0,"activity":-1.0E-4,"lastBolusTime":1702916312788,"time":"2023-12-18T20:53:22.772Z","iobWithZeroTemp":{"iob":-0.216,"basaliob":-0.217,"bolussnooze":0,"activity":-0.0025,"lastBolusTime":1702916312788,"time":"2023-12-18T20:53:22.772Z"}},{"iob":-0.006,"basaliob":-0.007,"bolussnooze":0,"activity":-2.0E-4,"lastBolusTime":1702916312788,"time":"2023-12-18T20:58:22.772Z","iobWithZeroTemp":{"iob":-0.215,"basaliob":-0.216,"bolussnooze":0,"activity":-0.0026,"lastBolusTime":1702916312788,"time":"2023-12-18T20:58:22.772Z"}},{"iob":-0.005,"basaliob":-0.006,"bolussnooze":0,"activity":-2.0E-4,"lastBolusTime":1702916312788,"time":"2023-12-18T21:03:22.772Z","iobWithZeroTemp":{"iob":-0.215,"basaliob":-0.216,"bolussnooze":0,"activity":-0.0026,"lastBolusTime":1702916312788,"time":"2023-12-18T21:03:22.772Z"}},{"iob":-0.004,"basaliob":-0.005,"bolussnooze":0,"activity":-1.0E-4,"lastBolusTime":1702916312788,"time":"2023-12-18T21:08:22.772Z","iobWithZeroTemp":{"iob":-0.214,"basaliob":-0.215,"bolussnooze":0,"activity":-0.0026,"lastBolusTime":1702916312788,"time":"2023-12-18T21:08:22.772Z"}},{"iob":-0.005,"basaliob":-0.005,"bolussnooze":0,"activity":-1.0E-4,"lastBolusTime":1702916312788,"time":"2023-12-18T21:13:22.772Z","iobWithZeroTemp":{"iob":-0.215,"basaliob":-0.215,"bolussnooze":0,"activity":-0.0026,"lastBolusTime":1702916312788,"time":"2023-12-18T21:13:22.772Z"}},{"iob":-0.004,"basaliob":-0.004,"bolussnooze":0,"activity":-1.0E-4,"lastBolusTime":1702916312788,"time":"2023-12-18T21:18:22.772Z","iobWithZeroTemp":{"iob":-0.214,"basaliob":-0.214,"bolussnooze":0,"activity":-0.0026,"lastBolusTime":1702916312788,"time":"2023-12-18T21:18:22.772Z"}},{"iob":-0.004,"basaliob":-0.004,"bolussnooze":0,"activity":-1.0E-4,"lastBolusTime":1702916312788,"time":"2023-12-18T21:23:22.772Z","iobWithZeroTemp":{"iob":-0.214,"basaliob":-0.214,"bolussnooze":0,"activity":-0.0026,"lastBolusTime":1702916312788,"time":"2023-12-18T21:23:22.772Z"}},{"iob":-0.003,"basaliob":-0.003,"bolussnooze":0,"activity":-1.0E-4,"lastBolusTime":1702916312788,"time":"2023-12-18T21:28:22.772Z","iobWithZeroTemp":{"iob":-0.213,"basaliob":-0.213,"bolussnooze":0,"activity":-0.0026,"lastBolusTime":1702916312788,"time":"2023-12-18T21:28:22.772Z"}},{"iob":-0.003,"basaliob":-0.003,"bolussnooze":0,"activity":-1.0E-4,"lastBolusTime":1702916312788,"time":"2023-12-18T21:33:22.772Z","iobWithZeroTemp":{"iob":-0.214,"basaliob":-0.214,"bolussnooze":0,"activity":-0.0026,"lastBolusTime":1702916312788,"time":"2023-12-18T21:33:22.772Z"}},{"iob":-0.002,"basaliob":-0.002,"bolussnooze":0,"activity":-1.0E-4,"lastBolusTime":1702916312788,"time":"2023-12-18T21:38:22.772Z","iobWithZeroTemp":{"iob":-0.213,"basaliob":-0.213,"bolussnooze":0,"activity":-0.0026,"lastBolusTime":1702916312788,"time":"2023-12-18T21:38:22.772Z"}},{"iob":-0.002,"basaliob":-0.002,"bolussnooze":0,"activity":-1.0E-4,"lastBolusTime":1702916312788,"time":"2023-12-18T21:43:22.772Z","iobWithZeroTemp":{"iob":-0.213,"basaliob":-0.213,"bolussnooze":0,"activity":-0.0026,"lastBolusTime":1702916312788,"time":"2023-12-18T21:43:22.772Z"}},{"iob":-0.002,"basaliob":-0.002,"bolussnooze":0,"activity":-1.0E-4,"lastBolusTime":1702916312788,"time":"2023-12-18T21:48:22.772Z","iobWithZeroTemp":{"iob":-0.213,"basaliob":-0.213,"bolussnooze":0,"activity":-0.0026,"lastBolusTime":1702916312788,"time":"2023-12-18T21:48:22.772Z"}},{"iob":-0.001,"basaliob":-0.001,"bolussnooze":0,"activity":0,"lastBolusTime":1702916312788,"time":"2023-12-18T21:53:22.772Z","iobWithZeroTemp":{"iob":-0.212,"basaliob":-0.212,"bolussnooze":0,"activity":-0.0025,"lastBolusTime":1702916312788,"time":"2023-12-18T21:53:22.772Z"}},{"iob":-0.001,"basaliob":-0.001,"bolussnooze":0,"activity":0,"lastBolusTime":1702916312788,"time":"2023-12-18T21:58:22.772Z","iobWithZeroTemp":{"iob":-0.212,"basaliob":-0.212,"bolussnooze":0,"activity":-0.0025,"lastBolusTime":1702916312788,"time":"2023-12-18T21:58:22.772Z"}}],"profile":{"max_iob":10,"type":"current","max_daily_basal":0.25,"max_basal":1,"min_bg":105,"max_bg":105,"target_bg":105,"carb_ratio":14.8,"sens":84,"max_daily_safety_multiplier":5,"current_basal_safety_multiplier":5,"lgsThreshold":95,"high_temptarget_raises_sensitivity":false,"low_temptarget_lowers_sensitivity":false,"sensitivity_raises_target":true,"resistance_lowers_target":true,"adv_target_adjustments":false,"exercise_mode":false,"half_basal_exercise_target":160,"maxCOB":120,"skip_neutral_temps":false,"remainingCarbsCap":90,"enableUAM":true,"A52_risk_enable":false,"SMBInterval":5,"enableSMB_with_COB":true,"enableSMB_with_temptarget":false,"allowSMB_with_high_temptarget":false,"enableSMB_always":false,"enableSMB_after_carbs":true,"maxSMBBasalMinutes":120,"maxUAMSMBBasalMinutes":120,"bolus_increment":0.05,"carbsReqThreshold":1,"current_basal":0.20000000298023224,"temptargetSet":true,"autosens_max":1.2,"autosens_min":0.7,"variable_sens":92.8,"insulinDivisor":75,"TDD":23.53759644546746},"autosens_data":{"ratio":1},"meal_data":{"carbs":10,"mealCOB":0,"slopeFromMaxDeviation":-1.012,"slopeFromMinDeviation":0,"lastBolusTime":1702916312788,"lastCarbTime":1702908490573},"microBolusAllowed":true,"currentTime":1702922603754,"flatBGsDetected":false,"tdd1D":22.354166475186748,"tdd7D":26.782783919711285,"tddLast24H":19.6666666607062,"tddLast4H":1.8166667106250922,"tddLast8to4H":7.637499856948852},"output":{"temp":"absolute","bg":96,"tick":-1,"eventualBG":107,"targetBG":105,"insulinReq":0,"deliverAt":"2023-12-18T18:03:23.754Z","sensitivityRatio":1,"variable_sens":92.8,"predBGs":{"IOB":[96,95,94,94,93,93,93,93,93,93,93,93,93,93,93,94,94,94,94,95,95,95,95,95,96,96,96,96,96,96,96,96,97],"ZT":[96,95,95,94,94,94,94,95,95,95,96,97,97,98,99,100,101,102,103,104,105]},"reason":"COB: 0, Dev: 8, BGI: -1, ISF: 93, CR: 14.8, Target: 105, minPredBG 94, minGuardBG 93, IOBpredBG 97; minGuardBG 93<95","COB":0,"IOB":-0.035,"duration":30,"rate":0,"timestamp":"2023-12-18T18:03:23.768Z"}}