{"algorithm":"OpenAPSSMBDynamicISFPlugin","input":{"glucoseStatus":{"glucose":122,"noise":0,"delta":-2,"short_avgdelta":-1.72,"long_avgdelta":-1.41,"date":1703002375000},"currenttemp":{"temp":"absolute","duration":100,"rate":0,"minutesrunning":20},"iob_data":[{"iob":0.586,"basaliob":-0.135,"bolussnooze":0,"activity":0.0094,"lastBolusTime":1703000623321,"time":"2023-12-19T16:13:26.206Z","iobWithZeroTemp":{"iob":0.586,"basaliob":-0.135,"bolussnooze":0,"activity":0.0094,"lastBolusTime":1703000623321,"time":"2023-12-19T16:13:26.206Z"}},{"iob":0.541,"basaliob":-0.126,"bolussnooze":0,"activity":0.0088,"lastBolusTime":1703000623321,"time":"2023-12-19T16:18:26.206Z","iobWithZeroTemp":{"iob":0.528,"basaliob":-0.139,"bolussnooze":0,"activity":0.0088,"lastBolusTime":1703000623321,"time":"2023-12-19T16:18:26.206Z"}},{"iob":0.498,"basaliob":-0.118,"bolussnooze":0,"activity":0.0084,"lastBolusTime":1703000623321,"time":"2023-12-19T16:23:26.206Z","iobWithZeroTemp":{"iob":0.468,"basaliob":-0.148,"bolussnooze":0,"activity":0.0083,"lastBolusTime":1703000623321,"time":"2023-12-19T16:23:26.206Z"}},{"iob":0.457,"basaliob":-0.11,"bolussnooze":0,"activity":0.0078,"lastBolusTime":1703000623321,"time":"2023-12-19T16:28:26.206Z","iobWithZeroTemp":{"iob":0.411,"basaliob":-0.156,"bolussnooze":0,"activity":0.0077,"lastBolusTime":1703000623321,"time":"2023-12-19T16:28:26.206Z"}},{"iob":0.419,"basaliob":-0.102,"bolussnooze":0,"activity":0.0074,"lastBolusTime":1703000623321,"time":"2023-12-19T16:33:26.206Z","iobWithZeroTemp":{"iob":0.357,"basaliob":-0.164,"bolussnooze":0,"activity":0.0072,"lastBolusTime":1703000623321,"time":"2023-12-19T16:33:26.206Z"}},{"iob":0.383,"basaliob":-0.095,"bolussnooze":0,"activity":0.0068,"lastBolusTime":1703000623321,"time":"2023-12-19T16:38:26.206Z","iobWithZeroTemp":{"iob":0.306,"basaliob":-0.172,"bolussnooze":0,"activity":0.0065,"lastBolusTime":1703000623321,"time":"2023-12-19T16:38:26.206Z"}},{"iob":0.351,"basaliob":-0.087,"bolussnooze":0,"activity":0.0064,"lastBolusTime":1703000623321,"time":"2023-12-19T16:43:26.206Z","iobWithZeroTemp":{"iob":0.259,"basaliob":-0.179,"bolussnooze":0,"activity":0.0059,"lastBolusTime":1703000623321,"time":"2023-12-19T16:43:26.206Z"}},{"iob":0.319,"basaliob":-0.081,"bolussnooze":0,"activity":0.006,"lastBolusTime":1703000623321,"time":"2023-12-19T16:48:26.206Z","iobWithZeroTemp":{"iob":0.213,"basaliob":-0.187,"bolussnooze":0,"activity":0.0054,"lastBolusTime":1703000623321,"time":"2023-12-19T16:48:26.206Z"}},{"iob":0.291,"basaliob":-0.074,"bolussnooze":0,"activity":0.0055,"lastBolusTime":1703000623321,"time":"2023-12-19T16:53:26.206Z","iobWithZeroTemp":{"iob":0.172,"basaliob":-0.193,"bolussnooze":0,"activity":0.0048,"lastBolusTime":1703000623321,"time":"2023-12-19T16:53:26.206Z"}},{"iob":0.265,"basaliob":-0.068,"bolussnooze":0,"activity":0.0051,"lastBolusTime":1703000623321,"time":"2023-12-19T16:58:26.206Z","iobWithZeroTemp":{"iob":0.134,"basaliob":-0.199,"bolussnooze":0,"activity":0.0042,"lastBolusTime":1703000623321,"time":"2023-12-19T16:58:26.206Z"}},{"iob":0.24,"basaliob":-0.063,"bolussnooze":0,"activity":0.0047,"lastBolusTime":1703000623321,"time":"2023-12-19T17:03:26.206Z","iobWithZeroTemp":{"iob":0.097,"basaliob":-0.206,"bolussnooze":0,"activity":0.0037,"lastBolusTime":1703000623321,"time":"2023-12-19T17:03:26.206Z"}},{"iob":0.218,"basaliob":-0.057,"bolussnooze":0,"activity":0.0043,"lastBolusTime":1703000623321,"time":"2023-12-19T17:08:26.206Z","iobWithZeroTemp":{"iob":0.064,"basaliob":-0.211,"bolussnooze":0,"activity":0.0031,"lastBolusTime":1703000623321,"time":"2023-12-19T17:08:26.206Z"}},{"iob":0.197,"basaliob":-0.052,"bolussnooze":0,"activity":0.0039,"lastBolusTime":1703000623321,"time":"2023-12-19T17:13:26.206Z","iobWithZeroTemp":{"iob":0.032,"basaliob":-0.217,"bolussnooze":0,"activity":0.0026,"lastBolusTime":1703000623321,"time":"2023-12-19T17:13:26.206Z"}},{"iob":0.177,"basaliob":-0.048,"bolussnooze":0,"activity":0.0036,"lastBolusTime":1703000623321,"time":"2023-12-19T17:18:26.206Z","iobWithZeroTemp":{"iob":0.002,"basaliob":-0.223,"bolussnooze":0,"activity":0.0022,"lastBolusTime":1703000623321,"time":"2023-12-19T17:18:26.206Z"}},{"iob":0.16,"basaliob":-0.044,"bolussnooze":0,"activity":0.0034,"lastBolusTime":1703000623321,"time":"2023-12-19T17:23:26.206Z","iobWithZeroTemp":{"iob":-0.024,"basaliob":-0.228,"bolussnooze":0,"activity":0.0018,"lastBolusTime":1703000623321,"time":"2023-12-19T17:23:26.206Z"}},{"iob":0.144,"basaliob":-0.04,"bolussnooze":0,"activity":0.003,"lastBolusTime":1703000623321,"time":"2023-12-19T17:28:26.206Z","iobWithZeroTemp":{"iob":-0.048,"basaliob":-0.232,"bolussnooze":0,"activity":0.0013,"lastBolusTime":1703000623321,"time":"2023-12-19T17:28:26.206Z"}},{"iob":0.13,"basaliob":-0.036,"bolussnooze":0,"activity":0.0028,"lastBolusTime":1703000623321,"time":"2023-12-19T17:33:26.206Z","iobWithZeroTemp":{"iob":-0.07,"basaliob":-0.236,"bolussnooze":0,"activity":0.001,"lastBolusTime":1703000623321,"time":"2023-12-19T17:33:26.206Z"}},{"iob":0.116,"basaliob":-0.033,"bolussnooze":0,"activity":0.0026,"lastBolusTime":1703000623321,"time":"2023-12-19T17:38:26.206Z","iobWithZeroTemp":{"iob":-0.091,"basaliob":-0.24,"bolussnooze":0,"activity":7.0E-4,"lastBolusTime":1703000623321,"time":"2023-12-19T17:38:26.206Z"}},{"iob":0.105,"basaliob":-0.029,"bolussnooze":0,"activity":0.0023,"lastBolusTime":1703000623321,"time":"2023-12-19T17:43:26.206Z","iobWithZeroTemp":{"iob":-0.109,"basaliob":-0.243,"bolussnooze":0,"activity":3.0E-4,"lastBolusTime":1703000623321,"time":"2023-12-19T17:43:26.206Z"}},{"iob":0.093,"basaliob":-0.027,"bolussnooze":0,"activity":0.0021,"lastBolusTime":1703000623321,"time":"2023-12-19T17:48:26.206Z","iobWithZeroTemp":{"iob":-0.127,"basaliob":-0.247,"bolussnooze":0,"activity":0,"lastBolusTime":1703000623321,"time":"2023-12-19T17:48:26.206Z"}},{"iob":0.083,"basaliob":-0.024,"bolussnooze":0,"activity":0.0019,"lastBolusTime":1703000623321,"time":"2023-12-19T17:53:26.206Z","iobWithZeroTemp":{"iob":-0.143,"basaliob":-0.25,"bolussnooze":0,"activity":-3.0E-4,"lastBolusTime":1703000623321,"time":"2023-12-19T17:53:26.206Z"}},{"iob":0.074,"basaliob":-0.022,"bolussnooze":0,"activity":0.0017,"lastBolusTime":1703000623321,"time":"2023-12-19T17:58:26.206Z","iobWithZeroTemp":{"iob":-0.157,"basaliob":-0.253,"bolussnooze":0,"activity":-6.0E-4,"lastBolusTime":1703000623321,"time":"2023-12-19T17:58:26.206Z"}},{"iob":0.067,"basaliob":-0.019,"bolussnooze":0,"activity":0.0016,"lastBolusTime":1703000623321,"time":"2023-12-19T18:03:26.206Z","iobWithZeroTemp":{"iob":-0.169,"basaliob":-0.255,"bolussnooze":0,"activity":-8.0E-4,"lastBolusTime":1703000623321,"time":"2023-12-19T18:03:26.206Z"}},{"iob":0.059,"basaliob":-0.017,"bolussnooze":0,"activity":0.0014,"lastBolusTime":1703000623321,"time":"2023-12-19T18:08:26.206Z","iobWithZeroTemp":{"iob":-0.181,"basaliob":-0.257,"bolussnooze":0,"activity":-0.0011,"lastBolusTime":1703000623321,"time":"2023-12-19T18:08:26.206Z"}},{"iob":0.052,"basaliob":-0.016,"bolussnooze":0,"activity":0.0013,"lastBolusTime":1703000623321,"time":"2023-12-19T18:13:26.206Z","iobWithZeroTemp":{"iob":-0.192,"basaliob":-0.26,"bolussnooze":0,"activity":-0.0013,"lastBolusTime":1703000623321,"time":"2023-12-19T18:13:26.206Z"}},{"iob":0.047,"basaliob":-0.014,"bolussnooze":0,"activity":0.0011,"lastBolusTime":1703000623321,"time":"2023-12-19T18:18:26.206Z","iobWithZeroTemp":{"iob":-0.201,"basaliob":-0.262,"bolussnooze":0,"activity":-0.0015,"lastBolusTime":1703000623321,"time":"2023-12-19T18:18:26.206Z"}},{"iob":0.042,"basaliob":-0.012,"bolussnooze":0,"activity":0.001,"lastBolusTime":1703000623321,"time":"2023-12-19T18:23:26.206Z","iobWithZeroTemp":{"iob":-0.209,"basaliob":-0.263,"bolussnooze":0,"activity":-0.0017,"lastBolusTime":1703000623321,"time":"2023-12-19T18:23:26.206Z"}},{"iob":0.037,"basaliob":-0.011,"bolussnooze":0,"activity":9.0E-4,"lastBolusTime":1703000623321,"time":"2023-12-19T18:28:26.206Z","iobWithZeroTemp":{"iob":-0.218,"basaliob":-0.266,"bolussnooze":0,"activity":-0.0019,"lastBolusTime":1703000623321,"time":"2023-12-19T18:28:26.206Z"}},{"iob":0.032,"basaliob":-0.01,"bolussnooze":0,"activity":8.0E-4,"lastBolusTime":1703000623321,"time":"2023-12-19T18:33:26.206Z","iobWithZeroTemp":{"iob":-0.225,"basaliob":-0.267,"bolussnooze":0,"activity":-0.002,"lastBolusTime":1703000623321,"time":"2023-12-19T18:33:26.206Z"}},{"iob":0.028,"basaliob":-0.009,"bolussnooze":0,"activity":7.0E-4,"lastBolusTime":1703000623321,"time":"2023-12-19T18:38:26.206Z","iobWithZeroTemp":{"iob":-0.232,"basaliob":-0.269,"bolussnooze":0,"activity":-0.0022,"lastBolusTime":1703000623321,"time":"2023-12-19T18:38:26.206Z"}},{"iob":0.025,"basaliob":-0.008,"bolussnooze":0,"activity":6.0E-4,"lastBolusTime":1703000623321,"time":"2023-12-19T18:43:26.206Z","iobWithZeroTemp":{"iob":-0.237,"basaliob":-0.27,"bolussnooze":0,"activity":-0.0023,"lastBolusTime":1703000623321,"time":"2023-12-19T18:43:26.206Z"}},{"iob":0.022,"basaliob":-0.007,"bolussnooze":0,"activity":5.0E-4,"lastBolusTime":1703000623321,"time":"2023-12-19T18:48:26.206Z","iobWithZeroTemp":{"iob":-0.242,"basaliob":-0.271,"bolussnooze":0,"activity":-0.0024,"lastBolusTime":1703000623321,"time":"2023-12-19T18:48:26.206Z"}},{"iob":0.02,"basaliob":-0.006,"bolussnooze":0,"activity":4.0E-4,"lastBolusTime":1703000623321,"time":"2023-12-19T18:53:26.206Z","iobWithZeroTemp":{"iob":-0.246,"basaliob":-0.272,"bolussnooze":0,"activity":-0.0026,"lastBolusTime":1703000623321,"time":"2023-12-19T18:53:26.206Z"}},{"iob":0.018,"basaliob":-0.005,"bolussnooze":0,"activity":5.0E-4,"lastBolusTime":1703000623321,"time":"2023-12-19T18:58:26.206Z","iobWithZeroTemp":{"iob":-0.25,"basaliob":-0.273,"bolussnooze":0,"activity":-0.0025,"lastBolusTime":1703000623321,"time":"2023-12-19T18:58:26.206Z"}},{"iob":0.015,"basaliob":-0.005,"bolussnooze":0,"activity":4.0E-4,"lastBolusTime":1703000623321,"time":"2023-12-19T19:03:26.206Z","iobWithZeroTemp":{"iob":-0.25,"basaliob":-0.27,"bolussnooze":0,"activity":-0.0026,"lastBolusTime":1703000623321,"time":"2023-12-19T19:03:26.206Z"}},{"iob":0.014,"basaliob":-0.004,"bolussnooze":0,"activity":4.0E-4,"lastBolusTime":1703000623321,"time":"2023-12-19T19:08:26.206Z","iobWithZeroTemp":{"iob":-0.248,"basaliob":-0.266,"bolussnooze":0,"activity":-0.0027,"lastBolusTime":1703000623321,"time":"2023-12-19T19:08:26.206Z"}},{"iob":0.012,"basaliob":-0.004,"bolussnooze":0,"activity":3.0E-4,"lastBolusTime":1703000623321,"time":"2023-12-19T19:13:26.206Z","iobWithZeroTemp":{"iob":-0.247,"basaliob":-0.263,"bolussnooze":0,"activity":-0.0028,"lastBolusTime":1703000623321,"time":"2023-12-19T19:13:26.206Z"}},{"iob":0.011,"basaliob":-0.003,"bolussnooze":0,"activity":3.0E-4,"lastBolusTime":1703000623321,"time":"2023-12-19T19:18:26.206Z","iobWithZeroTemp":{"iob":-0.246,"basaliob":-0.26,"bolussnooze":0,"activity":-0.0028,"lastBolusTime":1703000623321,"time":"2023-12-19T19:18:26.206Z"}},{"iob":0.009,"basaliob":-0.003,"bolussnooze":0,"activity":2.0E-4,"lastBolusTime":1703000623321,"time":"2023-12-19T19:23:26.206Z","iobWithZeroTemp":{"iob":-0.245,"basaliob":-0.257,"bolussnooze":0,"activity":-0.0029,"lastBolusTime":1703000623321,"time":"2023-12-19T19:23:26.206Z"}},{"iob":0.008,"basaliob":-0.002,"bolussnooze":0,"activity":2.0E-4,"lastBolusTime":1703000623321,"time":"2023-12-19T19:28:26.206Z","iobWithZeroTemp":{"iob":-0.243,"basaliob":-0.253,"bolussnooze":0,"activity":-0.0028,"lastBolusTime":1703000623321,"time":"2023-12-19T19:28:26.206Z"}},{"iob":0.007,"basaliob":-0.002,"bolussnooze":0,"activity":2.0E-4,"lastBolusTime":1703000623321,"time":"2023-12-19T19:33:26.206Z","iobWithZeroTemp":{"iob":-0.241,"basaliob":-0.25,"bolussnooze":0,"activity":-0.0028,"lastBolusTime":1703000623321,"time":"2023-12-19T19:33:26.206Z"}},{"iob":0.006,"basaliob":-0.002,"bolussnooze":0,"activity":1.0E-4,"lastBolusTime":1703000623321,"time":"2023-12-19T19:38:26.206Z","iobWithZeroTemp":{"iob":-0.24,"basaliob":-0.248,"bolussnooze":0,"activity":-0.0029,"lastBolusTime":1703000623321,"time":"2023-12-19T19:38:26.206Z"}},{"iob":0.005,"basaliob":-0.002,"bolussnooze":0,"activity":2.0E-4,"lastBolusTime":1703000623321,"time":"2023-12-19T19:43:26.206Z","iobWithZeroTemp":{"iob":-0.238,"basaliob":-0.245,"bolussnooze":0,"activity":-0.0028,"lastBolusTime":1703000623321,"time":"2023-12-19T19:43:26.206Z"}},{"iob":0.005,"basaliob":-0.001,"bolussnooze":0,"activity":2.0E-4,"lastBolusTime":1703000623321,"time":"2023-12-19T19:48:26.206Z","iobWithZeroTemp":{"iob":-0.236,"basaliob":-0.242,"bolussnooze":0,"activity":-0.0028,"lastBolusTime":1703000623321,"time":"2023-12-19T19:48:26.206Z"}},{"iob":0.004,"basaliob":-0.001,"bolussnooze":0,"activity":2.0E-4,"lastBolusTime":1703000623321,"time":"2023-12-19T19:53:26.206Z","iobWithZeroTemp":{"iob":-0.235,"basaliob":-0.24,"bolussnooze":0,"activity":-0.0027,"lastBolusTime":1703000623321,"time":"2023-12-19T19:53:26.206Z"}},{"iob":0.003,"basaliob":-0.001,"bolussnooze":0,"activity":1.0E-4,"lastBolusTime":1703000623321,"time":"2023-12-19T19:58:26.206Z","iobWithZeroTemp":{"iob":-0.233,"basaliob":-0.237,"bolussnooze":0,"activity":-0.0028,"lastBolusTime":1703000623321,"time":"2023-12-19T19:58:26.206Z"}},{"iob":0.003,"basaliob":-0.001,"bolussnooze":0,"activity":1.0E-4,"lastBolusTime":1703000623321,"time":"2023-12-19T20:03:26.206Z","iobWithZeroTemp":{"iob":-0.231,"basaliob":-0.235,"bolussnooze":0,"activity":-0.0028,"lastBolusTime":1703000623321,"time":"2023-12-19T20:03:26.206Z"}},{"iob":0.002,"basaliob":-0.001,"bolussnooze":0,"activity":1.0E-4,"lastBolusTime":1703000623321,"time":"2023-12-19T20:08:26.206Z","iobWithZeroTemp":{"iob":-0.23,"basaliob":-0.233,"bolussnooze":0,"activity":-0.0028,"lastBolusTime":1703000623321,"time":"2023-12-19T20:08:26.206Z"}}],"profile":{"max_iob":10,"type":"current","max_daily_basal":0.25,"max_basal":1,"min_bg":90,"max_bg":90,"target_bg":90,"carb_ratio":12.4,"sens":84,"max_daily_safety_multiplier":5,"current_basal_safety_multiplier":5,"lgsThreshold":95,"high_temptarget_raises_sensitivity":false,"low_temptarget_lowers_sensitivity":false,"sensitivity_raises_target":true,"resistance_lowers_target":true,"adv_target_adjustments":false,"exercise_mode":false,"half_basal_exercise_target":160,"maxCOB":120,"skip_neutral_temps":false,"remainingCarbsCap":90,"enableUAM":true,"A52_risk_enable":false,"SMBInterval":5,"enableSMB_with_COB":true,"enableSMB_with_temptarget":false,"allowSMB_with_high_temptarget":false,"enableSMB_always":false,"enableSMB_after_carbs":true,"maxSMBBasalMinutes":120,"maxUAMSMBBasalMinutes":120,"bolus_increment":0.05,"carbsReqThreshold":1,"current_basal":0.20000000298023224,"temptargetSet":false,"autosens_max":1.2,"autosens_min":0.7,"variable_sens":75.7,"insulinDivisor":75,"TDD":24.628535137273175},"autosens_data":{"ratio":1},"meal_data":{"carbs":61,"mealCOB":0,"slopeFromMaxDeviation":-0.8662857142857143,"slopeFromMinDeviation":0.14400000000000002,"lastBolusTime":1703000623321,"lastCarbTime":1702993121000},"microBolusAllowed":true,"currentTime":1703002408226,"flatBGsDetected":false,"tdd1D":20.141666612277426,"tdd7D":26.78606000595613,"tddLast24H":17.43749985471368,"tddLast4H":5.758333153029283,"tddLast8to4H":1.5041666718820732},"output":{"temp":"absolute","bg":122,"tick":-2,"eventualBG":87,"targetBG":90,"insulinReq":0,"deliverAt":"2023-12-19T16:13:28.226Z","sensitivityRatio":1,"variable_sens":75.7,"predBGs":{"IOB":[122,120,118,116,114,112,110,108,106,104,102,100,99,97,95,94,92,91,90,89,88,87,86,85,85,84,84,83,83,82,82,82,81,81,81,81,81,80],"ZT":[122,118,115,112,109,106,103,101,98,96,94,93,91,90,89,88,88,87,87,87,87,87,87,87,88,89,89,90],"UAM":[122,119,116,113,109,106,104,101,98,96,94,92,90,88,86,84,83,82,80,79,78,77,76,75,75,74,73,73,72,72,72,71,71,71,70,70,70,70,70,70,69]},"reason":"COB: 0, Dev: 9, BGI: -4, ISF: 76, CR: 12.4, Target: 90, minPredBG 78, minGuardBG 69, IOBpredBG 80, UAMpredBG 69; minGuardBG 69<95 100m left and 0 ~ req 0U\/hr: no temp required","COB":0,"IOB":0.586,"timestamp":"2023-12-19T16:13:28.262Z"}}