{"algorithm":"OpenAPSSMBDynamicISFPlugin","input":{"glucoseStatus":{"glucose":133,"noise":0,"delta":6,"short_avgdelta":6.11,"long_avgdelta":6.39,"date":1702971475000},"currenttemp":{"temp":"absolute","duration":52,"rate":0,"minutesrunning":68},"iob_data":[{"iob":1.445,"basaliob":-0.195,"bolussnooze":0.4589,"activity":0.0209,"lastBolusTime":1702970614102,"time":"2023-12-19T07:38:24.284Z","iobWithZeroTemp":{"iob":1.445,"basaliob":-0.195,"bolussnooze":0.4589,"activity":0.0209,"lastBolusTime":1702970614102,"time":"2023-12-19T07:38:24.284Z"}},{"iob":1.342,"basaliob":-0.185,"bolussnooze":0.3767,"activity":0.02,"lastBolusTime":1702970614102,"time":"2023-12-19T07:43:24.284Z","iobWithZeroTemp":{"iob":1.332,"basaliob":-0.195,"bolussnooze":0.3767,"activity":0.02,"lastBolusTime":1702970614102,"time":"2023-12-19T07:43:24.284Z"}},{"iob":1.244,"basaliob":-0.175,"bolussnooze":0.3074,"activity":0.0191,"lastBolusTime":1702970614102,"time":"2023-12-19T07:48:24.284Z","iobWithZeroTemp":{"iob":1.222,"basaliob":-0.197,"bolussnooze":0.3074,"activity":0.0191,"lastBolusTime":1702970614102,"time":"2023-12-19T07:48:24.284Z"}},{"iob":1.152,"basaliob":-0.164,"bolussnooze":0.2491,"activity":0.0181,"lastBolusTime":1702970614102,"time":"2023-12-19T07:53:24.284Z","iobWithZeroTemp":{"iob":1.117,"basaliob":-0.199,"bolussnooze":0.2491,"activity":0.018,"lastBolusTime":1702970614102,"time":"2023-12-19T07:53:24.284Z"}},{"iob":1.063,"basaliob":-0.154,"bolussnooze":0.2006,"activity":0.0172,"lastBolusTime":1702970614102,"time":"2023-12-19T07:58:24.284Z","iobWithZeroTemp":{"iob":1.017,"basaliob":-0.2,"bolussnooze":0.2006,"activity":0.017,"lastBolusTime":1702970614102,"time":"2023-12-19T07:58:24.284Z"}},{"iob":0.98,"basaliob":-0.144,"bolussnooze":0.1604,"activity":0.0162,"lastBolusTime":1702970614102,"time":"2023-12-19T08:03:24.284Z","iobWithZeroTemp":{"iob":0.922,"basaliob":-0.202,"bolussnooze":0.1604,"activity":0.0159,"lastBolusTime":1702970614102,"time":"2023-12-19T08:03:24.284Z"}},{"iob":0.902,"basaliob":-0.134,"bolussnooze":0.1272,"activity":0.0152,"lastBolusTime":1702970614102,"time":"2023-12-19T08:08:24.284Z","iobWithZeroTemp":{"iob":0.833,"basaliob":-0.203,"bolussnooze":0.1272,"activity":0.0148,"lastBolusTime":1702970614102,"time":"2023-12-19T08:08:24.284Z"}},{"iob":0.827,"basaliob":-0.125,"bolussnooze":0.1001,"activity":0.0143,"lastBolusTime":1702970614102,"time":"2023-12-19T08:13:24.284Z","iobWithZeroTemp":{"iob":0.748,"basaliob":-0.204,"bolussnooze":0.1001,"activity":0.0138,"lastBolusTime":1702970614102,"time":"2023-12-19T08:13:24.284Z"}},{"iob":0.758,"basaliob":-0.116,"bolussnooze":0.0781,"activity":0.0133,"lastBolusTime":1702970614102,"time":"2023-12-19T08:18:24.284Z","iobWithZeroTemp":{"iob":0.669,"basaliob":-0.205,"bolussnooze":0.0781,"activity":0.0127,"lastBolusTime":1702970614102,"time":"2023-12-19T08:18:24.284Z"}},{"iob":0.694,"basaliob":-0.107,"bolussnooze":0.0603,"activity":0.0124,"lastBolusTime":1702970614102,"time":"2023-12-19T08:23:24.284Z","iobWithZeroTemp":{"iob":0.595,"basaliob":-0.206,"bolussnooze":0.0603,"activity":0.0117,"lastBolusTime":1702970614102,"time":"2023-12-19T08:23:24.284Z"}},{"iob":0.634,"basaliob":-0.099,"bolussnooze":0.046,"activity":0.0116,"lastBolusTime":1702970614102,"time":"2023-12-19T08:28:24.284Z","iobWithZeroTemp":{"iob":0.527,"basaliob":-0.206,"bolussnooze":0.046,"activity":0.0108,"lastBolusTime":1702970614102,"time":"2023-12-19T08:28:24.284Z"}},{"iob":0.579,"basaliob":-0.091,"bolussnooze":0.0347,"activity":0.0107,"lastBolusTime":1702970614102,"time":"2023-12-19T08:33:24.284Z","iobWithZeroTemp":{"iob":0.463,"basaliob":-0.207,"bolussnooze":0.0347,"activity":0.0098,"lastBolusTime":1702970614102,"time":"2023-12-19T08:33:24.284Z"}},{"iob":0.527,"basaliob":-0.084,"bolussnooze":0.0257,"activity":0.01,"lastBolusTime":1702970614102,"time":"2023-12-19T08:38:24.284Z","iobWithZeroTemp":{"iob":0.403,"basaliob":-0.208,"bolussnooze":0.0257,"activity":0.009,"lastBolusTime":1702970614102,"time":"2023-12-19T08:38:24.284Z"}},{"iob":0.479,"basaliob":-0.077,"bolussnooze":0.0187,"activity":0.0092,"lastBolusTime":1702970614102,"time":"2023-12-19T08:43:24.284Z","iobWithZeroTemp":{"iob":0.348,"basaliob":-0.208,"bolussnooze":0.0187,"activity":0.0081,"lastBolusTime":1702970614102,"time":"2023-12-19T08:43:24.284Z"}},{"iob":0.434,"basaliob":-0.071,"bolussnooze":0.0133,"activity":0.0085,"lastBolusTime":1702970614102,"time":"2023-12-19T08:48:24.284Z","iobWithZeroTemp":{"iob":0.296,"basaliob":-0.209,"bolussnooze":0.0133,"activity":0.0073,"lastBolusTime":1702970614102,"time":"2023-12-19T08:48:24.284Z"}},{"iob":0.394,"basaliob":-0.065,"bolussnooze":0.0092,"activity":0.0078,"lastBolusTime":1702970614102,"time":"2023-12-19T08:53:24.284Z","iobWithZeroTemp":{"iob":0.25,"basaliob":-0.209,"bolussnooze":0.0092,"activity":0.0065,"lastBolusTime":1702970614102,"time":"2023-12-19T08:53:24.284Z"}},{"iob":0.357,"basaliob":-0.059,"bolussnooze":0.0061,"activity":0.0072,"lastBolusTime":1702970614102,"time":"2023-12-19T08:58:24.284Z","iobWithZeroTemp":{"iob":0.207,"basaliob":-0.209,"bolussnooze":0.0061,"activity":0.0058,"lastBolusTime":1702970614102,"time":"2023-12-19T08:58:24.284Z"}},{"iob":0.322,"basaliob":-0.054,"bolussnooze":0.0039,"activity":0.0066,"lastBolusTime":1702970614102,"time":"2023-12-19T09:03:24.284Z","iobWithZeroTemp":{"iob":0.162,"basaliob":-0.214,"bolussnooze":0.0039,"activity":0.0051,"lastBolusTime":1702970614102,"time":"2023-12-19T09:03:24.284Z"}},{"iob":0.291,"basaliob":-0.049,"bolussnooze":0.0023,"activity":0.0061,"lastBolusTime":1702970614102,"time":"2023-12-19T09:08:24.284Z","iobWithZeroTemp":{"iob":0.122,"basaliob":-0.218,"bolussnooze":0.0023,"activity":0.0045,"lastBolusTime":1702970614102,"time":"2023-12-19T09:08:24.284Z"}},{"iob":0.261,"basaliob":-0.045,"bolussnooze":0.0012,"activity":0.0055,"lastBolusTime":1702970614102,"time":"2023-12-19T09:13:24.284Z","iobWithZeroTemp":{"iob":0.084,"basaliob":-0.222,"bolussnooze":0.0012,"activity":0.0039,"lastBolusTime":1702970614102,"time":"2023-12-19T09:13:24.284Z"}},{"iob":0.235,"basaliob":-0.041,"bolussnooze":5.0E-4,"activity":0.005,"lastBolusTime":1702970614102,"time":"2023-12-19T09:18:24.284Z","iobWithZeroTemp":{"iob":0.049,"basaliob":-0.227,"bolussnooze":5.0E-4,"activity":0.0033,"lastBolusTime":1702970614102,"time":"2023-12-19T09:18:24.284Z"}},{"iob":0.211,"basaliob":-0.037,"bolussnooze":2.0E-4,"activity":0.0046,"lastBolusTime":1702970614102,"time":"2023-12-19T09:23:24.284Z","iobWithZeroTemp":{"iob":0.018,"basaliob":-0.23,"bolussnooze":2.0E-4,"activity":0.0028,"lastBolusTime":1702970614102,"time":"2023-12-19T09:23:24.284Z"}},{"iob":0.189,"basaliob":-0.033,"bolussnooze":0,"activity":0.0042,"lastBolusTime":1702970614102,"time":"2023-12-19T09:28:24.284Z","iobWithZeroTemp":{"iob":-0.011,"basaliob":-0.233,"bolussnooze":0,"activity":0.0023,"lastBolusTime":1702970614102,"time":"2023-12-19T09:28:24.284Z"}},{"iob":0.169,"basaliob":-0.03,"bolussnooze":0,"activity":0.0038,"lastBolusTime":1702970614102,"time":"2023-12-19T09:33:24.284Z","iobWithZeroTemp":{"iob":-0.038,"basaliob":-0.237,"bolussnooze":0,"activity":0.0018,"lastBolusTime":1702970614102,"time":"2023-12-19T09:33:24.284Z"}},{"iob":0.151,"basaliob":-0.027,"bolussnooze":0,"activity":0.0034,"lastBolusTime":1702970614102,"time":"2023-12-19T09:38:24.284Z","iobWithZeroTemp":{"iob":-0.062,"basaliob":-0.24,"bolussnooze":0,"activity":0.0013,"lastBolusTime":1702970614102,"time":"2023-12-19T09:38:24.284Z"}},{"iob":0.135,"basaliob":-0.024,"bolussnooze":0,"activity":0.0031,"lastBolusTime":1702970614102,"time":"2023-12-19T09:43:24.284Z","iobWithZeroTemp":{"iob":-0.084,"basaliob":-0.243,"bolussnooze":0,"activity":9.0E-4,"lastBolusTime":1702970614102,"time":"2023-12-19T09:43:24.284Z"}},{"iob":0.12,"basaliob":-0.022,"bolussnooze":0,"activity":0.0028,"lastBolusTime":1702970614102,"time":"2023-12-19T09:48:24.284Z","iobWithZeroTemp":{"iob":-0.105,"basaliob":-0.247,"bolussnooze":0,"activity":5.0E-4,"lastBolusTime":1702970614102,"time":"2023-12-19T09:48:24.284Z"}},{"iob":0.106,"basaliob":-0.02,"bolussnooze":0,"activity":0.0026,"lastBolusTime":1702970614102,"time":"2023-12-19T09:53:24.284Z","iobWithZeroTemp":{"iob":-0.124,"basaliob":-0.25,"bolussnooze":0,"activity":2.0E-4,"lastBolusTime":1702970614102,"time":"2023-12-19T09:53:24.284Z"}},{"iob":0.094,"basaliob":-0.018,"bolussnooze":0,"activity":0.0023,"lastBolusTime":1702970614102,"time":"2023-12-19T09:58:24.284Z","iobWithZeroTemp":{"iob":-0.14,"basaliob":-0.252,"bolussnooze":0,"activity":-1.0E-4,"lastBolusTime":1702970614102,"time":"2023-12-19T09:58:24.284Z"}},{"iob":0.083,"basaliob":-0.016,"bolussnooze":0,"activity":0.002,"lastBolusTime":1702970614102,"time":"2023-12-19T10:03:24.284Z","iobWithZeroTemp":{"iob":-0.152,"basaliob":-0.251,"bolussnooze":0,"activity":-5.0E-4,"lastBolusTime":1702970614102,"time":"2023-12-19T10:03:24.284Z"}},{"iob":0.073,"basaliob":-0.014,"bolussnooze":0,"activity":0.0019,"lastBolusTime":1702970614102,"time":"2023-12-19T10:08:24.284Z","iobWithZeroTemp":{"iob":-0.161,"basaliob":-0.248,"bolussnooze":0,"activity":-7.0E-4,"lastBolusTime":1702970614102,"time":"2023-12-19T10:08:24.284Z"}},{"iob":0.065,"basaliob":-0.012,"bolussnooze":0,"activity":0.0017,"lastBolusTime":1702970614102,"time":"2023-12-19T10:13:24.284Z","iobWithZeroTemp":{"iob":-0.169,"basaliob":-0.246,"bolussnooze":0,"activity":-9.0E-4,"lastBolusTime":1702970614102,"time":"2023-12-19T10:13:24.284Z"}},{"iob":0.057,"basaliob":-0.011,"bolussnooze":0,"activity":0.0015,"lastBolusTime":1702970614102,"time":"2023-12-19T10:18:24.284Z","iobWithZeroTemp":{"iob":-0.177,"basaliob":-0.245,"bolussnooze":0,"activity":-0.0011,"lastBolusTime":1702970614102,"time":"2023-12-19T10:18:24.284Z"}},{"iob":0.049,"basaliob":-0.01,"bolussnooze":0,"activity":0.0014,"lastBolusTime":1702970614102,"time":"2023-12-19T10:23:24.284Z","iobWithZeroTemp":{"iob":-0.184,"basaliob":-0.243,"bolussnooze":0,"activity":-0.0013,"lastBolusTime":1702970614102,"time":"2023-12-19T10:23:24.284Z"}},{"iob":0.043,"basaliob":-0.009,"bolussnooze":0,"activity":0.0012,"lastBolusTime":1702970614102,"time":"2023-12-19T10:28:24.284Z","iobWithZeroTemp":{"iob":-0.189,"basaliob":-0.241,"bolussnooze":0,"activity":-0.0015,"lastBolusTime":1702970614102,"time":"2023-12-19T10:28:24.284Z"}},{"iob":0.037,"basaliob":-0.008,"bolussnooze":0,"activity":0.0011,"lastBolusTime":1702970614102,"time":"2023-12-19T10:33:24.284Z","iobWithZeroTemp":{"iob":-0.194,"basaliob":-0.239,"bolussnooze":0,"activity":-0.0016,"lastBolusTime":1702970614102,"time":"2023-12-19T10:33:24.284Z"}},{"iob":0.032,"basaliob":-0.007,"bolussnooze":0,"activity":9.0E-4,"lastBolusTime":1702970614102,"time":"2023-12-19T10:38:24.284Z","iobWithZeroTemp":{"iob":-0.198,"basaliob":-0.237,"bolussnooze":0,"activity":-0.0018,"lastBolusTime":1702970614102,"time":"2023-12-19T10:38:24.284Z"}},{"iob":0.028,"basaliob":-0.006,"bolussnooze":0,"activity":8.0E-4,"lastBolusTime":1702970614102,"time":"2023-12-19T10:43:24.284Z","iobWithZeroTemp":{"iob":-0.201,"basaliob":-0.235,"bolussnooze":0,"activity":-0.0019,"lastBolusTime":1702970614102,"time":"2023-12-19T10:43:24.284Z"}},{"iob":0.024,"basaliob":-0.005,"bolussnooze":0,"activity":8.0E-4,"lastBolusTime":1702970614102,"time":"2023-12-19T10:48:24.284Z","iobWithZeroTemp":{"iob":-0.204,"basaliob":-0.233,"bolussnooze":0,"activity":-0.0019,"lastBolusTime":1702970614102,"time":"2023-12-19T10:48:24.284Z"}},{"iob":0.021,"basaliob":-0.004,"bolussnooze":0,"activity":7.0E-4,"lastBolusTime":1702970614102,"time":"2023-12-19T10:53:24.284Z","iobWithZeroTemp":{"iob":-0.206,"basaliob":-0.231,"bolussnooze":0,"activity":-0.002,"lastBolusTime":1702970614102,"time":"2023-12-19T10:53:24.284Z"}},{"iob":0.017,"basaliob":-0.004,"bolussnooze":0,"activity":6.0E-4,"lastBolusTime":1702970614102,"time":"2023-12-19T10:58:24.284Z","iobWithZeroTemp":{"iob":-0.209,"basaliob":-0.23,"bolussnooze":0,"activity":-0.0021,"lastBolusTime":1702970614102,"time":"2023-12-19T10:58:24.284Z"}},{"iob":0.015,"basaliob":-0.003,"bolussnooze":0,"activity":5.0E-4,"lastBolusTime":1702970614102,"time":"2023-12-19T11:03:24.284Z","iobWithZeroTemp":{"iob":-0.21,"basaliob":-0.228,"bolussnooze":0,"activity":-0.0022,"lastBolusTime":1702970614102,"time":"2023-12-19T11:03:24.284Z"}},{"iob":0.012,"basaliob":-0.003,"bolussnooze":0,"activity":4.0E-4,"lastBolusTime":1702970614102,"time":"2023-12-19T11:08:24.284Z","iobWithZeroTemp":{"iob":-0.212,"basaliob":-0.227,"bolussnooze":0,"activity":-0.0023,"lastBolusTime":1702970614102,"time":"2023-12-19T11:08:24.284Z"}},{"iob":0.01,"basaliob":-0.003,"bolussnooze":0,"activity":4.0E-4,"lastBolusTime":1702970614102,"time":"2023-12-19T11:13:24.284Z","iobWithZeroTemp":{"iob":-0.213,"basaliob":-0.226,"bolussnooze":0,"activity":-0.0023,"lastBolusTime":1702970614102,"time":"2023-12-19T11:13:24.284Z"}},{"iob":0.009,"basaliob":-0.002,"bolussnooze":0,"activity":3.0E-4,"lastBolusTime":1702970614102,"time":"2023-12-19T11:18:24.284Z","iobWithZeroTemp":{"iob":-0.213,"basaliob":-0.224,"bolussnooze":0,"activity":-0.0024,"lastBolusTime":1702970614102,"time":"2023-12-19T11:18:24.284Z"}},{"iob":0.007,"basaliob":-0.002,"bolussnooze":0,"activity":2.0E-4,"lastBolusTime":1702970614102,"time":"2023-12-19T11:23:24.284Z","iobWithZeroTemp":{"iob":-0.214,"basaliob":-0.223,"bolussnooze":0,"activity":-0.0025,"lastBolusTime":1702970614102,"time":"2023-12-19T11:23:24.284Z"}},{"iob":0.005,"basaliob":-0.002,"bolussnooze":0,"activity":2.0E-4,"lastBolusTime":1702970614102,"time":"2023-12-19T11:28:24.284Z","iobWithZeroTemp":{"iob":-0.216,"basaliob":-0.223,"bolussnooze":0,"activity":-0.0025,"lastBolusTime":1702970614102,"time":"2023-12-19T11:28:24.284Z"}},{"iob":0.005,"basaliob":-0.001,"bolussnooze":0,"activity":3.0E-4,"lastBolusTime":1702970614102,"time":"2023-12-19T11:33:24.284Z","iobWithZeroTemp":{"iob":-0.215,"basaliob":-0.221,"bolussnooze":0,"activity":-0.0024,"lastBolusTime":1702970614102,"time":"2023-12-19T11:33:24.284Z"}}],"profile":{"max_iob":10,"type":"current","max_daily_basal":0.25,"max_basal":0.75,"min_bg":90,"max_bg":90,"target_bg":90,"carb_ratio":12.6,"sens":84,"max_daily_safety_multiplier":5,"current_basal_safety_multiplier":5,"lgsThreshold":95,"high_temptarget_raises_sensitivity":false,"low_temptarget_lowers_sensitivity":false,"sensitivity_raises_target":true,"resistance_lowers_target":true,"adv_target_adjustments":false,"exercise_mode":false,"half_basal_exercise_target":160,"maxCOB":120,"skip_neutral_temps":false,"remainingCarbsCap":90,"enableUAM":true,"A52_risk_enable":false,"SMBInterval":5,"enableSMB_with_COB":true,"enableSMB_with_temptarget":false,"allowSMB_with_high_temptarget":false,"enableSMB_always":false,"enableSMB_after_carbs":true,"maxSMBBasalMinutes":120,"maxUAMSMBBasalMinutes":120,"bolus_increment":0.05,"carbsReqThreshold":1,"current_basal":0.15000000596046448,"temptargetSet":false,"autosens_max":1.2,"autosens_min":0.7,"variable_sens":81.3,"insulinDivisor":75,"TDD":21.699785404729646},"autosens_data":{"ratio":1},"meal_data":{"carbs":34,"mealCOB":15.780100000000004,"slopeFromMaxDeviation":-0.7729999999999997,"slopeFromMinDeviation":1.1638000000000002,"lastBolusTime":1702970614102,"lastCarbTime":1702969059772},"microBolusAllowed":true,"currentTime":1702971505746,"flatBGsDetected":false,"tdd1D":20.141666612277426,"tdd7D":26.78606000595613,"tddLast24H":19.545833252122005,"tddLast4H":3.8416666770974794,"tddLast8to4H":1.045833343764146},"output":{"temp":"absolute","bg":133,"tick":"+6","eventualBG":154,"targetBG":90,"insulinReq":0.2,"deliverAt":"2023-12-19T07:38:25.746Z","sensitivityRatio":1,"variable_sens":81.3,"predBGs":{"IOB":[133,138,142,145,148,150,151,151,151,149,147,144,140,136,132,129,126,122,120,117,115,112,110,108,107,105,103,102,101,100,99,98,97,96,96,95,94,94,94,93,93,92,92,92,92,92,92,91],"ZT":[133,125,116,108,99,91,82,74,66,58,49,40,39,39,39,39,39,39,39,39,39,39,39,39,39,39,39,39,39,39,39,39,39,39,39,39,39,39,39,39,39,39,39,39,39,39,39,39],"COB":[133,138,142,146,149,151,153,154,155,154,153,152,150,147,143,139,136,133,131,128,126,124,122,120,119,117,116,115,114,113,112,111,111,110,110,109,109,108,108,108,107,107,107,107,107,106],"UAM":[133,138,143,148,153,157,161,164,168,170,173,175,176,177,178,178,178,177,175,173,171,169,168,166,165,164,162,161,160,160,159,158,158,157,157,156,156,155,155,155,155,154]},"reason":"COB: 15.8, Dev: 87, BGI: -8, ISF: 81, CR: 12.6, Target: 90, minPredBG 106, minGuardBG 123, IOBpredBG 91, COBpredBG 106, UAMpredBG 154; Eventual BG 154 >= 90,  insulinReq 0.2; setting 60m low temp of 0U\/h. Microbolusing 0.1U. ","COB":15.780100000000004,"IOB":1.445,"units":0.1,"rate":0,"duration":60,"timestamp":"2023-12-19T07:38:25.767Z"}}