{"algorithm":"OpenAPSSMBDynamicISFPlugin","input":{"glucoseStatus":{"glucose":126,"noise":0,"delta":-4,"short_avgdelta":-3.89,"long_avgdelta":-3.57,"date":1702889571000},"currenttemp":{"temp":"absolute","duration":90,"rate":0,"minutesrunning":30},"iob_data":[{"iob":0.467,"basaliob":-0.063,"bolussnooze":0.0064,"activity":0.0091,"lastBolusTime":1702886611386,"time":"2023-12-18T08:53:20.029Z","iobWithZeroTemp":{"iob":0.467,"basaliob":-0.063,"bolussnooze":0.0064,"activity":0.0091,"lastBolusTime":1702886611386,"time":"2023-12-18T08:53:20.029Z"}},{"iob":0.423,"basaliob":-0.061,"bolussnooze":0.0041,"activity":0.0084,"lastBolusTime":1702886611386,"time":"2023-12-18T08:58:20.029Z","iobWithZeroTemp":{"iob":0.413,"basaliob":-0.071,"bolussnooze":0.0041,"activity":0.0084,"lastBolusTime":1702886611386,"time":"2023-12-18T08:58:20.029Z"}},{"iob":0.383,"basaliob":-0.058,"bolussnooze":0.0025,"activity":0.0077,"lastBolusTime":1702886611386,"time":"2023-12-18T09:03:20.029Z","iobWithZeroTemp":{"iob":0.357,"basaliob":-0.084,"bolussnooze":0.0025,"activity":0.0077,"lastBolusTime":1702886611386,"time":"2023-12-18T09:03:20.029Z"}},{"iob":0.346,"basaliob":-0.055,"bolussnooze":0.0013,"activity":0.007,"lastBolusTime":1702886611386,"time":"2023-12-18T09:08:20.029Z","iobWithZeroTemp":{"iob":0.304,"basaliob":-0.097,"bolussnooze":0.0013,"activity":0.0069,"lastBolusTime":1702886611386,"time":"2023-12-18T09:08:20.029Z"}},{"iob":0.312,"basaliob":-0.052,"bolussnooze":6.0E-4,"activity":0.0065,"lastBolusTime":1702886611386,"time":"2023-12-18T09:13:20.029Z","iobWithZeroTemp":{"iob":0.254,"basaliob":-0.11,"bolussnooze":6.0E-4,"activity":0.0063,"lastBolusTime":1702886611386,"time":"2023-12-18T09:13:20.029Z"}},{"iob":0.281,"basaliob":-0.049,"bolussnooze":2.0E-4,"activity":0.0059,"lastBolusTime":1702886611386,"time":"2023-12-18T09:18:20.029Z","iobWithZeroTemp":{"iob":0.208,"basaliob":-0.122,"bolussnooze":2.0E-4,"activity":0.0056,"lastBolusTime":1702886611386,"time":"2023-12-18T09:18:20.029Z"}},{"iob":0.253,"basaliob":-0.046,"bolussnooze":0,"activity":0.0054,"lastBolusTime":1702886611386,"time":"2023-12-18T09:23:20.029Z","iobWithZeroTemp":{"iob":0.165,"basaliob":-0.134,"bolussnooze":0,"activity":0.005,"lastBolusTime":1702886611386,"time":"2023-12-18T09:23:20.029Z"}},{"iob":0.227,"basaliob":-0.043,"bolussnooze":0,"activity":0.0049,"lastBolusTime":1702886611386,"time":"2023-12-18T09:28:20.029Z","iobWithZeroTemp":{"iob":0.125,"basaliob":-0.145,"bolussnooze":0,"activity":0.0043,"lastBolusTime":1702886611386,"time":"2023-12-18T09:28:20.029Z"}},{"iob":0.203,"basaliob":-0.041,"bolussnooze":0,"activity":0.0044,"lastBolusTime":1702886611386,"time":"2023-12-18T09:33:20.029Z","iobWithZeroTemp":{"iob":0.087,"basaliob":-0.157,"bolussnooze":0,"activity":0.0037,"lastBolusTime":1702886611386,"time":"2023-12-18T09:33:20.029Z"}},{"iob":0.182,"basaliob":-0.038,"bolussnooze":0,"activity":0.0041,"lastBolusTime":1702886611386,"time":"2023-12-18T09:38:20.029Z","iobWithZeroTemp":{"iob":0.054,"basaliob":-0.166,"bolussnooze":0,"activity":0.0032,"lastBolusTime":1702886611386,"time":"2023-12-18T09:38:20.029Z"}},{"iob":0.163,"basaliob":-0.035,"bolussnooze":0,"activity":0.0037,"lastBolusTime":1702886611386,"time":"2023-12-18T09:43:20.029Z","iobWithZeroTemp":{"iob":0.023,"basaliob":-0.175,"bolussnooze":0,"activity":0.0027,"lastBolusTime":1702886611386,"time":"2023-12-18T09:43:20.029Z"}},{"iob":0.144,"basaliob":-0.033,"bolussnooze":0,"activity":0.0034,"lastBolusTime":1702886611386,"time":"2023-12-18T09:48:20.029Z","iobWithZeroTemp":{"iob":-0.008,"basaliob":-0.185,"bolussnooze":0,"activity":0.0023,"lastBolusTime":1702886611386,"time":"2023-12-18T09:48:20.029Z"}},{"iob":0.129,"basaliob":-0.03,"bolussnooze":0,"activity":0.003,"lastBolusTime":1702886611386,"time":"2023-12-18T09:53:20.029Z","iobWithZeroTemp":{"iob":-0.033,"basaliob":-0.192,"bolussnooze":0,"activity":0.0017,"lastBolusTime":1702886611386,"time":"2023-12-18T09:53:20.029Z"}},{"iob":0.114,"basaliob":-0.028,"bolussnooze":0,"activity":0.0027,"lastBolusTime":1702886611386,"time":"2023-12-18T09:58:20.029Z","iobWithZeroTemp":{"iob":-0.058,"basaliob":-0.2,"bolussnooze":0,"activity":0.0013,"lastBolusTime":1702886611386,"time":"2023-12-18T09:58:20.029Z"}},{"iob":0.101,"basaliob":-0.026,"bolussnooze":0,"activity":0.0025,"lastBolusTime":1702886611386,"time":"2023-12-18T10:03:20.029Z","iobWithZeroTemp":{"iob":-0.076,"basaliob":-0.203,"bolussnooze":0,"activity":0.001,"lastBolusTime":1702886611386,"time":"2023-12-18T10:03:20.029Z"}},{"iob":0.09,"basaliob":-0.023,"bolussnooze":0,"activity":0.0022,"lastBolusTime":1702886611386,"time":"2023-12-18T10:08:20.029Z","iobWithZeroTemp":{"iob":-0.092,"basaliob":-0.205,"bolussnooze":0,"activity":5.0E-4,"lastBolusTime":1702886611386,"time":"2023-12-18T10:08:20.029Z"}},{"iob":0.079,"basaliob":-0.022,"bolussnooze":0,"activity":0.002,"lastBolusTime":1702886611386,"time":"2023-12-18T10:13:20.029Z","iobWithZeroTemp":{"iob":-0.107,"basaliob":-0.208,"bolussnooze":0,"activity":2.0E-4,"lastBolusTime":1702886611386,"time":"2023-12-18T10:13:20.029Z"}},{"iob":0.069,"basaliob":-0.02,"bolussnooze":0,"activity":0.0017,"lastBolusTime":1702886611386,"time":"2023-12-18T10:18:20.029Z","iobWithZeroTemp":{"iob":-0.121,"basaliob":-0.21,"bolussnooze":0,"activity":-1.0E-4,"lastBolusTime":1702886611386,"time":"2023-12-18T10:18:20.029Z"}},{"iob":0.061,"basaliob":-0.018,"bolussnooze":0,"activity":0.0016,"lastBolusTime":1702886611386,"time":"2023-12-18T10:23:20.029Z","iobWithZeroTemp":{"iob":-0.132,"basaliob":-0.211,"bolussnooze":0,"activity":-3.0E-4,"lastBolusTime":1702886611386,"time":"2023-12-18T10:23:20.029Z"}},{"iob":0.054,"basaliob":-0.016,"bolussnooze":0,"activity":0.0014,"lastBolusTime":1702886611386,"time":"2023-12-18T10:28:20.029Z","iobWithZeroTemp":{"iob":-0.141,"basaliob":-0.211,"bolussnooze":0,"activity":-6.0E-4,"lastBolusTime":1702886611386,"time":"2023-12-18T10:28:20.029Z"}},{"iob":0.047,"basaliob":-0.015,"bolussnooze":0,"activity":0.0013,"lastBolusTime":1702886611386,"time":"2023-12-18T10:33:20.029Z","iobWithZeroTemp":{"iob":-0.151,"basaliob":-0.213,"bolussnooze":0,"activity":-8.0E-4,"lastBolusTime":1702886611386,"time":"2023-12-18T10:33:20.029Z"}},{"iob":0.04,"basaliob":-0.014,"bolussnooze":0,"activity":0.0011,"lastBolusTime":1702886611386,"time":"2023-12-18T10:38:20.029Z","iobWithZeroTemp":{"iob":-0.16,"basaliob":-0.214,"bolussnooze":0,"activity":-0.001,"lastBolusTime":1702886611386,"time":"2023-12-18T10:38:20.029Z"}},{"iob":0.036,"basaliob":-0.012,"bolussnooze":0,"activity":0.0011,"lastBolusTime":1702886611386,"time":"2023-12-18T10:43:20.029Z","iobWithZeroTemp":{"iob":-0.166,"basaliob":-0.214,"bolussnooze":0,"activity":-0.0011,"lastBolusTime":1702886611386,"time":"2023-12-18T10:43:20.029Z"}},{"iob":0.031,"basaliob":-0.011,"bolussnooze":0,"activity":9.0E-4,"lastBolusTime":1702886611386,"time":"2023-12-18T10:48:20.029Z","iobWithZeroTemp":{"iob":-0.172,"basaliob":-0.214,"bolussnooze":0,"activity":-0.0013,"lastBolusTime":1702886611386,"time":"2023-12-18T10:48:20.029Z"}},{"iob":0.026,"basaliob":-0.01,"bolussnooze":0,"activity":8.0E-4,"lastBolusTime":1702886611386,"time":"2023-12-18T10:53:20.029Z","iobWithZeroTemp":{"iob":-0.179,"basaliob":-0.215,"bolussnooze":0,"activity":-0.0015,"lastBolusTime":1702886611386,"time":"2023-12-18T10:53:20.029Z"}},{"iob":0.023,"basaliob":-0.009,"bolussnooze":0,"activity":7.0E-4,"lastBolusTime":1702886611386,"time":"2023-12-18T10:58:20.029Z","iobWithZeroTemp":{"iob":-0.183,"basaliob":-0.215,"bolussnooze":0,"activity":-0.0016,"lastBolusTime":1702886611386,"time":"2023-12-18T10:58:20.029Z"}},{"iob":0.019,"basaliob":-0.008,"bolussnooze":0,"activity":6.0E-4,"lastBolusTime":1702886611386,"time":"2023-12-18T11:03:20.029Z","iobWithZeroTemp":{"iob":-0.188,"basaliob":-0.215,"bolussnooze":0,"activity":-0.0017,"lastBolusTime":1702886611386,"time":"2023-12-18T11:03:20.029Z"}},{"iob":0.017,"basaliob":-0.007,"bolussnooze":0,"activity":5.0E-4,"lastBolusTime":1702886611386,"time":"2023-12-18T11:08:20.029Z","iobWithZeroTemp":{"iob":-0.191,"basaliob":-0.215,"bolussnooze":0,"activity":-0.0018,"lastBolusTime":1702886611386,"time":"2023-12-18T11:08:20.029Z"}},{"iob":0.013,"basaliob":-0.007,"bolussnooze":0,"activity":5.0E-4,"lastBolusTime":1702886611386,"time":"2023-12-18T11:13:20.029Z","iobWithZeroTemp":{"iob":-0.195,"basaliob":-0.215,"bolussnooze":0,"activity":-0.0019,"lastBolusTime":1702886611386,"time":"2023-12-18T11:13:20.029Z"}},{"iob":0.012,"basaliob":-0.006,"bolussnooze":0,"activity":4.0E-4,"lastBolusTime":1702886611386,"time":"2023-12-18T11:18:20.029Z","iobWithZeroTemp":{"iob":-0.197,"basaliob":-0.215,"bolussnooze":0,"activity":-0.002,"lastBolusTime":1702886611386,"time":"2023-12-18T11:18:20.029Z"}},{"iob":0.01,"basaliob":-0.005,"bolussnooze":0,"activity":4.0E-4,"lastBolusTime":1702886611386,"time":"2023-12-18T11:23:20.029Z","iobWithZeroTemp":{"iob":-0.199,"basaliob":-0.214,"bolussnooze":0,"activity":-0.002,"lastBolusTime":1702886611386,"time":"2023-12-18T11:23:20.029Z"}},{"iob":0.008,"basaliob":-0.005,"bolussnooze":0,"activity":3.0E-4,"lastBolusTime":1702886611386,"time":"2023-12-18T11:28:20.029Z","iobWithZeroTemp":{"iob":-0.202,"basaliob":-0.215,"bolussnooze":0,"activity":-0.0021,"lastBolusTime":1702886611386,"time":"2023-12-18T11:28:20.029Z"}},{"iob":0.007,"basaliob":-0.004,"bolussnooze":0,"activity":3.0E-4,"lastBolusTime":1702886611386,"time":"2023-12-18T11:33:20.029Z","iobWithZeroTemp":{"iob":-0.203,"basaliob":-0.214,"bolussnooze":0,"activity":-0.0021,"lastBolusTime":1702886611386,"time":"2023-12-18T11:33:20.029Z"}},{"iob":0.005,"basaliob":-0.004,"bolussnooze":0,"activity":2.0E-4,"lastBolusTime":1702886611386,"time":"2023-12-18T11:38:20.029Z","iobWithZeroTemp":{"iob":-0.206,"basaliob":-0.215,"bolussnooze":0,"activity":-0.0022,"lastBolusTime":1702886611386,"time":"2023-12-18T11:38:20.029Z"}},{"iob":0.005,"basaliob":-0.003,"bolussnooze":0,"activity":2.0E-4,"lastBolusTime":1702886611386,"time":"2023-12-18T11:43:20.029Z","iobWithZeroTemp":{"iob":-0.206,"basaliob":-0.214,"bolussnooze":0,"activity":-0.0023,"lastBolusTime":1702886611386,"time":"2023-12-18T11:43:20.029Z"}},{"iob":0.003,"basaliob":-0.003,"bolussnooze":0,"activity":1.0E-4,"lastBolusTime":1702886611386,"time":"2023-12-18T11:48:20.029Z","iobWithZeroTemp":{"iob":-0.208,"basaliob":-0.214,"bolussnooze":0,"activity":-0.0024,"lastBolusTime":1702886611386,"time":"2023-12-18T11:48:20.029Z"}},{"iob":0.002,"basaliob":-0.003,"bolussnooze":0,"activity":1.0E-4,"lastBolusTime":1702886611386,"time":"2023-12-18T11:53:20.029Z","iobWithZeroTemp":{"iob":-0.209,"basaliob":-0.214,"bolussnooze":0,"activity":-0.0024,"lastBolusTime":1702886611386,"time":"2023-12-18T11:53:20.029Z"}},{"iob":0.002,"basaliob":-0.002,"bolussnooze":0,"activity":1.0E-4,"lastBolusTime":1702886611386,"time":"2023-12-18T11:58:20.029Z","iobWithZeroTemp":{"iob":-0.209,"basaliob":-0.213,"bolussnooze":0,"activity":-0.0024,"lastBolusTime":1702886611386,"time":"2023-12-18T11:58:20.029Z"}},{"iob":0.002,"basaliob":-0.002,"bolussnooze":0,"activity":0,"lastBolusTime":1702886611386,"time":"2023-12-18T12:03:20.029Z","iobWithZeroTemp":{"iob":-0.209,"basaliob":-0.213,"bolussnooze":0,"activity":-0.0025,"lastBolusTime":1702886611386,"time":"2023-12-18T12:03:20.029Z"}},{"iob":0.001,"basaliob":-0.002,"bolussnooze":0,"activity":1.0E-4,"lastBolusTime":1702886611386,"time":"2023-12-18T12:08:20.029Z","iobWithZeroTemp":{"iob":-0.21,"basaliob":-0.213,"bolussnooze":0,"activity":-0.0024,"lastBolusTime":1702886611386,"time":"2023-12-18T12:08:20.029Z"}},{"iob":0,"basaliob":-0.002,"bolussnooze":0,"activity":1.0E-4,"lastBolusTime":1702886611386,"time":"2023-12-18T12:13:20.029Z","iobWithZeroTemp":{"iob":-0.211,"basaliob":-0.213,"bolussnooze":0,"activity":-0.0024,"lastBolusTime":1702886611386,"time":"2023-12-18T12:13:20.029Z"}},{"iob":0.001,"basaliob":-0.001,"bolussnooze":0,"activity":1.0E-4,"lastBolusTime":1702886611386,"time":"2023-12-18T12:18:20.029Z","iobWithZeroTemp":{"iob":-0.21,"basaliob":-0.212,"bolussnooze":0,"activity":-0.0024,"lastBolusTime":1702886611386,"time":"2023-12-18T12:18:20.029Z"}},{"iob":0.001,"basaliob":-0.001,"bolussnooze":0,"activity":1.0E-4,"lastBolusTime":1702886611386,"time":"2023-12-18T12:23:20.029Z","iobWithZeroTemp":{"iob":-0.21,"basaliob":-0.212,"bolussnooze":0,"activity":-0.0024,"lastBolusTime":1702886611386,"time":"2023-12-18T12:23:20.029Z"}},{"iob":0,"basaliob":-0.001,"bolussnooze":0,"activity":0,"lastBolusTime":1702886611386,"time":"2023-12-18T12:28:20.029Z","iobWithZeroTemp":{"iob":-0.211,"basaliob":-0.212,"bolussnooze":0,"activity":-0.0025,"lastBolusTime":1702886611386,"time":"2023-12-18T12:28:20.029Z"}},{"iob":0,"basaliob":-0.001,"bolussnooze":0,"activity":0,"lastBolusTime":1702886611386,"time":"2023-12-18T12:33:20.029Z","iobWithZeroTemp":{"iob":-0.211,"basaliob":-0.212,"bolussnooze":0,"activity":-0.0025,"lastBolusTime":1702886611386,"time":"2023-12-18T12:33:20.029Z"}},{"iob":0,"basaliob":-0.001,"bolussnooze":0,"activity":0,"lastBolusTime":1702886611386,"time":"2023-12-18T12:38:20.029Z","iobWithZeroTemp":{"iob":-0.211,"basaliob":-0.212,"bolussnooze":0,"activity":-0.0025,"lastBolusTime":1702886611386,"time":"2023-12-18T12:38:20.029Z"}},{"iob":0,"basaliob":-0.001,"bolussnooze":0,"activity":0,"lastBolusTime":1702886611386,"time":"2023-12-18T12:43:20.029Z","iobWithZeroTemp":{"iob":-0.211,"basaliob":-0.212,"bolussnooze":0,"activity":-0.0025,"lastBolusTime":1702886611386,"time":"2023-12-18T12:43:20.029Z"}},{"iob":0,"basaliob":-0.001,"bolussnooze":0,"activity":0,"lastBolusTime":1702886611386,"time":"2023-12-18T12:48:20.029Z","iobWithZeroTemp":{"iob":-0.211,"basaliob":-0.212,"bolussnooze":0,"activity":-0.0025,"lastBolusTime":1702886611386,"time":"2023-12-18T12:48:20.029Z"}}],"profile":{"max_iob":10,"type":"current","max_daily_basal":0.25,"max_basal":0.75,"min_bg":90,"max_bg":90,"target_bg":90,"carb_ratio":12.6,"sens":84,"max_daily_safety_multiplier":5,"current_basal_safety_multiplier":5,"lgsThreshold":95,"high_temptarget_raises_sensitivity":false,"low_temptarget_lowers_sensitivity":false,"sensitivity_raises_target":true,"resistance_lowers_target":true,"adv_target_adjustments":false,"exercise_mode":false,"half_basal_exercise_target":160,"maxCOB":120,"skip_neutral_temps":false,"remainingCarbsCap":90,"enableUAM":true,"A52_risk_enable":false,"SMBInterval":5,"enableSMB_with_COB":true,"enableSMB_with_temptarget":false,"allowSMB_with_high_temptarget":false,"enableSMB_always":false,"enableSMB_after_carbs":true,"maxSMBBasalMinutes":120,"maxUAMSMBBasalMinutes":120,"bolus_increment":0.05,"carbsReqThreshold":1,"current_basal":0.15000000596046448,"temptargetSet":false,"autosens_max":1.2,"autosens_min":0.7,"variable_sens":81.3,"insulinDivisor":75,"TDD":22.472521541799},"autosens_data":{"ratio":1},"meal_data":{"carbs":33,"mealCOB":0,"slopeFromMaxDeviation":-0.9604545454545457,"slopeFromMinDeviation":0,"lastBolusTime":1702886611386,"lastCarbTime":1702882100580},"microBolusAllowed":true,"currentTime":1702889601333,"flatBGsDetected":false,"tdd1D":22.354166475186748,"tdd7D":26.782783919711285,"tddLast24H":24.395833156754573,"tddLast4H":3.6375000521540644,"tddLast8to4H":1.5958333333333337},"output":{"temp":"absolute","bg":126,"tick":-4,"eventualBG":89,"targetBG":90,"insulinReq":0,"deliverAt":"2023-12-18T08:53:21.333Z","sensitivityRatio":1,"variable_sens":81.3,"predBGs":{"IOB":[126,122,118,115,112,109,106,103,101,99,97,95,93,92,90,89,88,87,86,85,84,84,83,83,82,82,81,81,81,80,80,80,80,80,80,79],"ZT":[126,122,119,116,113,110,107,105,103,101,100,99,98,97,96,96,95,95,95,95,96,96,97,97,98,99,99]},"reason":"COB: 0, Dev: 1, BGI: -4, ISF: 81, CR: 12.6, Target: 90, minPredBG 87, minGuardBG 79, IOBpredBG 79; minGuardBG 79<95 90m left and 0 ~ req 0U\/hr: no temp required","COB":0,"IOB":0.467,"timestamp":"2023-12-18T08:53:21.355Z"}}