{"algorithm":"OpenAPSSMBDynamicISFPlugin","input":{"glucoseStatus":{"glucose":123,"noise":0,"delta":2,"short_avgdelta":0.5,"long_avgdelta":-0.94,"date":1702859271000},"currenttemp":{"temp":"absolute","duration":105,"rate":0,"minutesrunning":15},"iob_data":[{"iob":0.507,"basaliob":0.397,"bolussnooze":0,"activity":0.0065,"lastBolusTime":1702853609765,"time":"2023-12-18T00:28:20.458Z","iobWithZeroTemp":{"iob":0.507,"basaliob":0.397,"bolussnooze":0,"activity":0.0065,"lastBolusTime":1702853609765,"time":"2023-12-18T00:28:20.458Z"}},{"iob":0.474,"basaliob":0.375,"bolussnooze":0,"activity":0.0064,"lastBolusTime":1702853609765,"time":"2023-12-18T00:33:20.458Z","iobWithZeroTemp":{"iob":0.464,"basaliob":0.365,"bolussnooze":0,"activity":0.0064,"lastBolusTime":1702853609765,"time":"2023-12-18T00:33:20.458Z"}},{"iob":0.443,"basaliob":0.353,"bolussnooze":0,"activity":0.0062,"lastBolusTime":1702853609765,"time":"2023-12-18T00:38:20.458Z","iobWithZeroTemp":{"iob":0.421,"basaliob":0.331,"bolussnooze":0,"activity":0.0062,"lastBolusTime":1702853609765,"time":"2023-12-18T00:38:20.458Z"}},{"iob":0.413,"basaliob":0.332,"bolussnooze":0,"activity":0.006,"lastBolusTime":1702853609765,"time":"2023-12-18T00:43:20.458Z","iobWithZeroTemp":{"iob":0.378,"basaliob":0.297,"bolussnooze":0,"activity":0.0059,"lastBolusTime":1702853609765,"time":"2023-12-18T00:43:20.458Z"}},{"iob":0.383,"basaliob":0.31,"bolussnooze":0,"activity":0.0057,"lastBolusTime":1702853609765,"time":"2023-12-18T00:48:20.458Z","iobWithZeroTemp":{"iob":0.337,"basaliob":0.264,"bolussnooze":0,"activity":0.0055,"lastBolusTime":1702853609765,"time":"2023-12-18T00:48:20.458Z"}},{"iob":0.356,"basaliob":0.29,"bolussnooze":0,"activity":0.0055,"lastBolusTime":1702853609765,"time":"2023-12-18T00:53:20.458Z","iobWithZeroTemp":{"iob":0.298,"basaliob":0.232,"bolussnooze":0,"activity":0.0052,"lastBolusTime":1702853609765,"time":"2023-12-18T00:53:20.458Z"}},{"iob":0.329,"basaliob":0.27,"bolussnooze":0,"activity":0.0052,"lastBolusTime":1702853609765,"time":"2023-12-18T00:58:20.458Z","iobWithZeroTemp":{"iob":0.26,"basaliob":0.201,"bolussnooze":0,"activity":0.0048,"lastBolusTime":1702853609765,"time":"2023-12-18T00:58:20.458Z"}},{"iob":0.303,"basaliob":0.25,"bolussnooze":0,"activity":0.0049,"lastBolusTime":1702853609765,"time":"2023-12-18T01:03:20.458Z","iobWithZeroTemp":{"iob":0.22,"basaliob":0.167,"bolussnooze":0,"activity":0.0044,"lastBolusTime":1702853609765,"time":"2023-12-18T01:03:20.458Z"}},{"iob":0.28,"basaliob":0.232,"bolussnooze":0,"activity":0.0046,"lastBolusTime":1702853609765,"time":"2023-12-18T01:08:20.458Z","iobWithZeroTemp":{"iob":0.183,"basaliob":0.135,"bolussnooze":0,"activity":0.004,"lastBolusTime":1702853609765,"time":"2023-12-18T01:08:20.458Z"}},{"iob":0.257,"basaliob":0.214,"bolussnooze":0,"activity":0.0043,"lastBolusTime":1702853609765,"time":"2023-12-18T01:13:20.458Z","iobWithZeroTemp":{"iob":0.146,"basaliob":0.103,"bolussnooze":0,"activity":0.0036,"lastBolusTime":1702853609765,"time":"2023-12-18T01:13:20.458Z"}},{"iob":0.236,"basaliob":0.198,"bolussnooze":0,"activity":0.0041,"lastBolusTime":1702853609765,"time":"2023-12-18T01:18:20.458Z","iobWithZeroTemp":{"iob":0.113,"basaliob":0.075,"bolussnooze":0,"activity":0.0033,"lastBolusTime":1702853609765,"time":"2023-12-18T01:18:20.458Z"}},{"iob":0.216,"basaliob":0.182,"bolussnooze":0,"activity":0.0038,"lastBolusTime":1702853609765,"time":"2023-12-18T01:23:20.458Z","iobWithZeroTemp":{"iob":0.081,"basaliob":0.047,"bolussnooze":0,"activity":0.0028,"lastBolusTime":1702853609765,"time":"2023-12-18T01:23:20.458Z"}},{"iob":0.199,"basaliob":0.168,"bolussnooze":0,"activity":0.0036,"lastBolusTime":1702853609765,"time":"2023-12-18T01:28:20.458Z","iobWithZeroTemp":{"iob":0.052,"basaliob":0.021,"bolussnooze":0,"activity":0.0025,"lastBolusTime":1702853609765,"time":"2023-12-18T01:28:20.458Z"}},{"iob":0.181,"basaliob":0.154,"bolussnooze":0,"activity":0.0033,"lastBolusTime":1702853609765,"time":"2023-12-18T01:33:20.458Z","iobWithZeroTemp":{"iob":0.023,"basaliob":-0.004,"bolussnooze":0,"activity":0.0021,"lastBolusTime":1702853609765,"time":"2023-12-18T01:33:20.458Z"}},{"iob":0.165,"basaliob":0.141,"bolussnooze":0,"activity":0.0031,"lastBolusTime":1702853609765,"time":"2023-12-18T01:38:20.458Z","iobWithZeroTemp":{"iob":-0.003,"basaliob":-0.027,"bolussnooze":0,"activity":0.0017,"lastBolusTime":1702853609765,"time":"2023-12-18T01:38:20.458Z"}},{"iob":0.151,"basaliob":0.129,"bolussnooze":0,"activity":0.0028,"lastBolusTime":1702853609765,"time":"2023-12-18T01:43:20.458Z","iobWithZeroTemp":{"iob":-0.026,"basaliob":-0.048,"bolussnooze":0,"activity":0.0013,"lastBolusTime":1702853609765,"time":"2023-12-18T01:43:20.458Z"}},{"iob":0.137,"basaliob":0.118,"bolussnooze":0,"activity":0.0027,"lastBolusTime":1702853609765,"time":"2023-12-18T01:48:20.458Z","iobWithZeroTemp":{"iob":-0.049,"basaliob":-0.068,"bolussnooze":0,"activity":0.0011,"lastBolusTime":1702853609765,"time":"2023-12-18T01:48:20.458Z"}},{"iob":0.124,"basaliob":0.107,"bolussnooze":0,"activity":0.0024,"lastBolusTime":1702853609765,"time":"2023-12-18T01:53:20.458Z","iobWithZeroTemp":{"iob":-0.07,"basaliob":-0.087,"bolussnooze":0,"activity":7.0E-4,"lastBolusTime":1702853609765,"time":"2023-12-18T01:53:20.458Z"}},{"iob":0.113,"basaliob":0.098,"bolussnooze":0,"activity":0.0023,"lastBolusTime":1702853609765,"time":"2023-12-18T01:58:20.458Z","iobWithZeroTemp":{"iob":-0.089,"basaliob":-0.104,"bolussnooze":0,"activity":4.0E-4,"lastBolusTime":1702853609765,"time":"2023-12-18T01:58:20.458Z"}},{"iob":0.102,"basaliob":0.089,"bolussnooze":0,"activity":0.002,"lastBolusTime":1702853609765,"time":"2023-12-18T02:03:20.458Z","iobWithZeroTemp":{"iob":-0.107,"basaliob":-0.12,"bolussnooze":0,"activity":0,"lastBolusTime":1702853609765,"time":"2023-12-18T02:03:20.458Z"}},{"iob":0.092,"basaliob":0.08,"bolussnooze":0,"activity":0.0019,"lastBolusTime":1702853609765,"time":"2023-12-18T02:08:20.458Z","iobWithZeroTemp":{"iob":-0.124,"basaliob":-0.136,"bolussnooze":0,"activity":-2.0E-4,"lastBolusTime":1702853609765,"time":"2023-12-18T02:08:20.458Z"}},{"iob":0.083,"basaliob":0.073,"bolussnooze":0,"activity":0.0018,"lastBolusTime":1702853609765,"time":"2023-12-18T02:13:20.458Z","iobWithZeroTemp":{"iob":-0.139,"basaliob":-0.149,"bolussnooze":0,"activity":-4.0E-4,"lastBolusTime":1702853609765,"time":"2023-12-18T02:13:20.458Z"}},{"iob":0.075,"basaliob":0.066,"bolussnooze":0,"activity":0.0015,"lastBolusTime":1702853609765,"time":"2023-12-18T02:18:20.458Z","iobWithZeroTemp":{"iob":-0.152,"basaliob":-0.161,"bolussnooze":0,"activity":-8.0E-4,"lastBolusTime":1702853609765,"time":"2023-12-18T02:18:20.458Z"}},{"iob":0.067,"basaliob":0.059,"bolussnooze":0,"activity":0.0014,"lastBolusTime":1702853609765,"time":"2023-12-18T02:23:20.458Z","iobWithZeroTemp":{"iob":-0.165,"basaliob":-0.173,"bolussnooze":0,"activity":-0.001,"lastBolusTime":1702853609765,"time":"2023-12-18T02:23:20.458Z"}},{"iob":0.061,"basaliob":0.054,"bolussnooze":0,"activity":0.0013,"lastBolusTime":1702853609765,"time":"2023-12-18T02:28:20.458Z","iobWithZeroTemp":{"iob":-0.176,"basaliob":-0.183,"bolussnooze":0,"activity":-0.0011,"lastBolusTime":1702853609765,"time":"2023-12-18T02:28:20.458Z"}},{"iob":0.054,"basaliob":0.048,"bolussnooze":0,"activity":0.0012,"lastBolusTime":1702853609765,"time":"2023-12-18T02:33:20.458Z","iobWithZeroTemp":{"iob":-0.187,"basaliob":-0.193,"bolussnooze":0,"activity":-0.0013,"lastBolusTime":1702853609765,"time":"2023-12-18T02:33:20.458Z"}},{"iob":0.048,"basaliob":0.043,"bolussnooze":0,"activity":0.001,"lastBolusTime":1702853609765,"time":"2023-12-18T02:38:20.458Z","iobWithZeroTemp":{"iob":-0.197,"basaliob":-0.202,"bolussnooze":0,"activity":-0.0016,"lastBolusTime":1702853609765,"time":"2023-12-18T02:38:20.458Z"}},{"iob":0.044,"basaliob":0.039,"bolussnooze":0,"activity":0.001,"lastBolusTime":1702853609765,"time":"2023-12-18T02:43:20.458Z","iobWithZeroTemp":{"iob":-0.205,"basaliob":-0.21,"bolussnooze":0,"activity":-0.0017,"lastBolusTime":1702853609765,"time":"2023-12-18T02:43:20.458Z"}},{"iob":0.039,"basaliob":0.035,"bolussnooze":0,"activity":9.0E-4,"lastBolusTime":1702853609765,"time":"2023-12-18T02:48:20.458Z","iobWithZeroTemp":{"iob":-0.213,"basaliob":-0.217,"bolussnooze":0,"activity":-0.0018,"lastBolusTime":1702853609765,"time":"2023-12-18T02:48:20.458Z"}},{"iob":0.034,"basaliob":0.031,"bolussnooze":0,"activity":8.0E-4,"lastBolusTime":1702853609765,"time":"2023-12-18T02:53:20.458Z","iobWithZeroTemp":{"iob":-0.221,"basaliob":-0.224,"bolussnooze":0,"activity":-0.002,"lastBolusTime":1702853609765,"time":"2023-12-18T02:53:20.458Z"}},{"iob":0.031,"basaliob":0.028,"bolussnooze":0,"activity":7.0E-4,"lastBolusTime":1702853609765,"time":"2023-12-18T02:58:20.458Z","iobWithZeroTemp":{"iob":-0.227,"basaliob":-0.23,"bolussnooze":0,"activity":-0.0021,"lastBolusTime":1702853609765,"time":"2023-12-18T02:58:20.458Z"}},{"iob":0.027,"basaliob":0.025,"bolussnooze":0,"activity":7.0E-4,"lastBolusTime":1702853609765,"time":"2023-12-18T03:03:20.458Z","iobWithZeroTemp":{"iob":-0.229,"basaliob":-0.231,"bolussnooze":0,"activity":-0.0022,"lastBolusTime":1702853609765,"time":"2023-12-18T03:03:20.458Z"}},{"iob":0.024,"basaliob":0.022,"bolussnooze":0,"activity":6.0E-4,"lastBolusTime":1702853609765,"time":"2023-12-18T03:08:20.458Z","iobWithZeroTemp":{"iob":-0.23,"basaliob":-0.232,"bolussnooze":0,"activity":-0.0023,"lastBolusTime":1702853609765,"time":"2023-12-18T03:08:20.458Z"}},{"iob":0.022,"basaliob":0.02,"bolussnooze":0,"activity":6.0E-4,"lastBolusTime":1702853609765,"time":"2023-12-18T03:13:20.458Z","iobWithZeroTemp":{"iob":-0.23,"basaliob":-0.232,"bolussnooze":0,"activity":-0.0023,"lastBolusTime":1702853609765,"time":"2023-12-18T03:13:20.458Z"}},{"iob":0.018,"basaliob":0.017,"bolussnooze":0,"activity":5.0E-4,"lastBolusTime":1702853609765,"time":"2023-12-18T03:18:20.458Z","iobWithZeroTemp":{"iob":-0.232,"basaliob":-0.233,"bolussnooze":0,"activity":-0.0024,"lastBolusTime":1702853609765,"time":"2023-12-18T03:18:20.458Z"}},{"iob":0.016,"basaliob":0.015,"bolussnooze":0,"activity":4.0E-4,"lastBolusTime":1702853609765,"time":"2023-12-18T03:23:20.458Z","iobWithZeroTemp":{"iob":-0.232,"basaliob":-0.233,"bolussnooze":0,"activity":-0.0025,"lastBolusTime":1702853609765,"time":"2023-12-18T03:23:20.458Z"}},{"iob":0.014,"basaliob":0.013,"bolussnooze":0,"activity":3.0E-4,"lastBolusTime":1702853609765,"time":"2023-12-18T03:28:20.458Z","iobWithZeroTemp":{"iob":-0.232,"basaliob":-0.233,"bolussnooze":0,"activity":-0.0026,"lastBolusTime":1702853609765,"time":"2023-12-18T03:28:20.458Z"}},{"iob":0.013,"basaliob":0.012,"bolussnooze":0,"activity":3.0E-4,"lastBolusTime":1702853609765,"time":"2023-12-18T03:33:20.458Z","iobWithZeroTemp":{"iob":-0.231,"basaliob":-0.232,"bolussnooze":0,"activity":-0.0026,"lastBolusTime":1702853609765,"time":"2023-12-18T03:33:20.458Z"}},{"iob":0.011,"basaliob":0.01,"bolussnooze":0,"activity":3.0E-4,"lastBolusTime":1702853609765,"time":"2023-12-18T03:38:20.458Z","iobWithZeroTemp":{"iob":-0.231,"basaliob":-0.232,"bolussnooze":0,"activity":-0.0026,"lastBolusTime":1702853609765,"time":"2023-12-18T03:38:20.458Z"}},{"iob":0.01,"basaliob":0.009,"bolussnooze":0,"activity":2.0E-4,"lastBolusTime":1702853609765,"time":"2023-12-18T03:43:20.458Z","iobWithZeroTemp":{"iob":-0.23,"basaliob":-0.231,"bolussnooze":0,"activity":-0.0027,"lastBolusTime":1702853609765,"time":"2023-12-18T03:43:20.458Z"}},{"iob":0.008,"basaliob":0.008,"bolussnooze":0,"activity":2.0E-4,"lastBolusTime":1702853609765,"time":"2023-12-18T03:48:20.458Z","iobWithZeroTemp":{"iob":-0.23,"basaliob":-0.23,"bolussnooze":0,"activity":-0.0027,"lastBolusTime":1702853609765,"time":"2023-12-18T03:48:20.458Z"}},{"iob":0.007,"basaliob":0.007,"bolussnooze":0,"activity":2.0E-4,"lastBolusTime":1702853609765,"time":"2023-12-18T03:53:20.458Z","iobWithZeroTemp":{"iob":-0.229,"basaliob":-0.229,"bolussnooze":0,"activity":-0.0027,"lastBolusTime":1702853609765,"time":"2023-12-18T03:53:20.458Z"}},{"iob":0.006,"basaliob":0.006,"bolussnooze":0,"activity":2.0E-4,"lastBolusTime":1702853609765,"time":"2023-12-18T03:58:20.458Z","iobWithZeroTemp":{"iob":-0.228,"basaliob":-0.228,"bolussnooze":0,"activity":-0.0027,"lastBolusTime":1702853609765,"time":"2023-12-18T03:58:20.458Z"}},{"iob":0.005,"basaliob":0.005,"bolussnooze":0,"activity":2.0E-4,"lastBolusTime":1702853609765,"time":"2023-12-18T04:03:20.458Z","iobWithZeroTemp":{"iob":-0.235,"basaliob":-0.235,"bolussnooze":0,"activity":-0.0027,"lastBolusTime":1702853609765,"time":"2023-12-18T04:03:20.458Z"}},{"iob":0.004,"basaliob":0.004,"bolussnooze":0,"activity":1.0E-4,"lastBolusTime":1702853609765,"time":"2023-12-18T04:08:20.458Z","iobWithZeroTemp":{"iob":-0.243,"basaliob":-0.243,"bolussnooze":0,"activity":-0.0028,"lastBolusTime":1702853609765,"time":"2023-12-18T04:08:20.458Z"}},{"iob":0.004,"basaliob":0.004,"bolussnooze":0,"activity":1.0E-4,"lastBolusTime":1702853609765,"time":"2023-12-18T04:13:20.458Z","iobWithZeroTemp":{"iob":-0.249,"basaliob":-0.249,"bolussnooze":0,"activity":-0.0028,"lastBolusTime":1702853609765,"time":"2023-12-18T04:13:20.458Z"}},{"iob":0.003,"basaliob":0.003,"bolussnooze":0,"activity":1.0E-4,"lastBolusTime":1702853609765,"time":"2023-12-18T04:18:20.458Z","iobWithZeroTemp":{"iob":-0.257,"basaliob":-0.257,"bolussnooze":0,"activity":-0.0028,"lastBolusTime":1702853609765,"time":"2023-12-18T04:18:20.458Z"}},{"iob":0.003,"basaliob":0.003,"bolussnooze":0,"activity":1.0E-4,"lastBolusTime":1702853609765,"time":"2023-12-18T04:23:20.458Z","iobWithZeroTemp":{"iob":-0.263,"basaliob":-0.263,"bolussnooze":0,"activity":-0.0029,"lastBolusTime":1702853609765,"time":"2023-12-18T04:23:20.458Z"}}],"profile":{"max_iob":10,"type":"current","max_daily_basal":0.25,"max_basal":0.75,"min_bg":90,"max_bg":90,"target_bg":90,"carb_ratio":15.6,"sens":84,"max_daily_safety_multiplier":5,"current_basal_safety_multiplier":5,"lgsThreshold":95,"high_temptarget_raises_sensitivity":false,"low_temptarget_lowers_sensitivity":false,"sensitivity_raises_target":true,"resistance_lowers_target":true,"adv_target_adjustments":false,"exercise_mode":false,"half_basal_exercise_target":160,"maxCOB":120,"skip_neutral_temps":false,"remainingCarbsCap":90,"enableUAM":true,"A52_risk_enable":false,"SMBInterval":5,"enableSMB_with_COB":true,"enableSMB_with_temptarget":false,"allowSMB_with_high_temptarget":false,"enableSMB_always":false,"enableSMB_after_carbs":true,"maxSMBBasalMinutes":120,"maxUAMSMBBasalMinutes":120,"bolus_increment":0.05,"carbsReqThreshold":1,"current_basal":0.15000000596046448,"temptargetSet":false,"autosens_max":1.2,"autosens_min":0.7,"variable_sens":83.3,"insulinDivisor":75,"TDD":22.267921532505145},"autosens_data":{"ratio":1},"meal_data":{"carbs":0,"mealCOB":0,"slopeFromMaxDeviation":-0.19281818181818178,"slopeFromMinDeviation":0.8545,"lastBolusTime":1702853609765,"lastCarbTime":0},"microBolusAllowed":true,"currentTime":1702859302210,"flatBGsDetected":false,"tdd1D":22.354166475186748,"tdd7D":26.782783919711285,"tddLast24H":21.370833105345568,"tddLast4H":2.1041666852931185,"tddLast8to4H":4.829166729251543},"output":{"temp":"absolute","bg":123,"tick":"+2","eventualBG":100,"targetBG":90,"insulinReq":0,"deliverAt":"2023-12-18T00:28:22.210Z","sensitivityRatio":1,"variable_sens":83.3,"predBGs":{"IOB":[123,123,123,123,123,122,121,121,120,118,117,116,114,112,111,110,108,107,106,105,104,103,102,102,101,100,100,99,99,98,98,98,97,97,97,97,96,96,96,96,96,96,96,95],"ZT":[123,120,118,115,112,110,108,105,103,102,100,98,97,96,95,94,93,93,92,92,92,92,92,93,93,94,94],"UAM":[123,123,123,123,123,122,121,120,119,118,116,115,113,111,110,108,107,106,105,104,103,102,101,100,100,99,99,98,98,97,97,96,96,96,95,95,95,95,95,95,94]},"reason":"COB: 0, Dev: 19, BGI: -3, ISF: 83, CR: 15.6, Target: 90, minPredBG 95, minGuardBG 94, IOBpredBG 95, UAMpredBG 94; minGuardBG 94<95 105m left and 0 ~ req 0U\/hr: no temp required","COB":0,"IOB":0.507,"timestamp":"2023-12-18T00:28:22.234Z"}}