{"algorithm":"OpenAPSSMBDynamicISFPlugin","input":{"glucoseStatus":{"glucose":128,"noise":0,"delta":4,"short_avgdelta":3.72,"long_avgdelta":2.68,"date":1702871271000},"currenttemp":{"temp":"absolute","duration":15,"rate":0.75,"minutesrunning":15},"iob_data":[{"iob":0.286,"basaliob":0.286,"bolussnooze":0,"activity":0.0027,"lastBolusTime":1702853609765,"time":"2023-12-18T03:48:20.337Z","iobWithZeroTemp":{"iob":0.286,"basaliob":0.286,"bolussnooze":0,"activity":0.0027,"lastBolusTime":1702853609765,"time":"2023-12-18T03:48:20.337Z"}},{"iob":0.273,"basaliob":0.273,"bolussnooze":0,"activity":0.0028,"lastBolusTime":1702853609765,"time":"2023-12-18T03:53:20.337Z","iobWithZeroTemp":{"iob":0.263,"basaliob":0.263,"bolussnooze":0,"activity":0.0028,"lastBolusTime":1702853609765,"time":"2023-12-18T03:53:20.337Z"}},{"iob":0.259,"basaliob":0.259,"bolussnooze":0,"activity":0.0029,"lastBolusTime":1702853609765,"time":"2023-12-18T03:58:20.337Z","iobWithZeroTemp":{"iob":0.237,"basaliob":0.237,"bolussnooze":0,"activity":0.0029,"lastBolusTime":1702853609765,"time":"2023-12-18T03:58:20.337Z"}},{"iob":0.244,"basaliob":0.244,"bolussnooze":0,"activity":0.0029,"lastBolusTime":1702853609765,"time":"2023-12-18T04:03:20.337Z","iobWithZeroTemp":{"iob":0.202,"basaliob":0.202,"bolussnooze":0,"activity":0.0028,"lastBolusTime":1702853609765,"time":"2023-12-18T04:03:20.337Z"}},{"iob":0.23,"basaliob":0.23,"bolussnooze":0,"activity":0.0029,"lastBolusTime":1702853609765,"time":"2023-12-18T04:08:20.337Z","iobWithZeroTemp":{"iob":0.168,"basaliob":0.168,"bolussnooze":0,"activity":0.0027,"lastBolusTime":1702853609765,"time":"2023-12-18T04:08:20.337Z"}},{"iob":0.215,"basaliob":0.215,"bolussnooze":0,"activity":0.0028,"lastBolusTime":1702853609765,"time":"2023-12-18T04:13:20.337Z","iobWithZeroTemp":{"iob":0.134,"basaliob":0.134,"bolussnooze":0,"activity":0.0025,"lastBolusTime":1702853609765,"time":"2023-12-18T04:13:20.337Z"}},{"iob":0.201,"basaliob":0.201,"bolussnooze":0,"activity":0.0028,"lastBolusTime":1702853609765,"time":"2023-12-18T04:18:20.337Z","iobWithZeroTemp":{"iob":0.101,"basaliob":0.101,"bolussnooze":0,"activity":0.0023,"lastBolusTime":1702853609765,"time":"2023-12-18T04:18:20.337Z"}},{"iob":0.188,"basaliob":0.188,"bolussnooze":0,"activity":0.0027,"lastBolusTime":1702853609765,"time":"2023-12-18T04:23:20.337Z","iobWithZeroTemp":{"iob":0.07,"basaliob":0.07,"bolussnooze":0,"activity":0.0021,"lastBolusTime":1702853609765,"time":"2023-12-18T04:23:20.337Z"}},{"iob":0.175,"basaliob":0.175,"bolussnooze":0,"activity":0.0026,"lastBolusTime":1702853609765,"time":"2023-12-18T04:28:20.337Z","iobWithZeroTemp":{"iob":0.04,"basaliob":0.04,"bolussnooze":0,"activity":0.0018,"lastBolusTime":1702853609765,"time":"2023-12-18T04:28:20.337Z"}},{"iob":0.162,"basaliob":0.162,"bolussnooze":0,"activity":0.0025,"lastBolusTime":1702853609765,"time":"2023-12-18T04:33:20.337Z","iobWithZeroTemp":{"iob":0.01,"basaliob":0.01,"bolussnooze":0,"activity":0.0015,"lastBolusTime":1702853609765,"time":"2023-12-18T04:33:20.337Z"}},{"iob":0.15,"basaliob":0.15,"bolussnooze":0,"activity":0.0023,"lastBolusTime":1702853609765,"time":"2023-12-18T04:38:20.337Z","iobWithZeroTemp":{"iob":-0.017,"basaliob":-0.017,"bolussnooze":0,"activity":0.0011,"lastBolusTime":1702853609765,"time":"2023-12-18T04:38:20.337Z"}},{"iob":0.139,"basaliob":0.139,"bolussnooze":0,"activity":0.0022,"lastBolusTime":1702853609765,"time":"2023-12-18T04:43:20.337Z","iobWithZeroTemp":{"iob":-0.043,"basaliob":-0.043,"bolussnooze":0,"activity":9.0E-4,"lastBolusTime":1702853609765,"time":"2023-12-18T04:43:20.337Z"}},{"iob":0.128,"basaliob":0.128,"bolussnooze":0,"activity":0.0021,"lastBolusTime":1702853609765,"time":"2023-12-18T04:48:20.337Z","iobWithZeroTemp":{"iob":-0.067,"basaliob":-0.067,"bolussnooze":0,"activity":6.0E-4,"lastBolusTime":1702853609765,"time":"2023-12-18T04:48:20.337Z"}},{"iob":0.118,"basaliob":0.118,"bolussnooze":0,"activity":0.002,"lastBolusTime":1702853609765,"time":"2023-12-18T04:53:20.337Z","iobWithZeroTemp":{"iob":-0.09,"basaliob":-0.09,"bolussnooze":0,"activity":3.0E-4,"lastBolusTime":1702853609765,"time":"2023-12-18T04:53:20.337Z"}},{"iob":0.108,"basaliob":0.108,"bolussnooze":0,"activity":0.0019,"lastBolusTime":0,"time":"2023-12-18T04:58:20.337Z","iobWithZeroTemp":{"iob":-0.112,"basaliob":-0.112,"bolussnooze":0,"activity":1.0E-4,"lastBolusTime":0,"time":"2023-12-18T04:58:20.337Z"}},{"iob":0.099,"basaliob":0.099,"bolussnooze":0,"activity":0.0017,"lastBolusTime":0,"time":"2023-12-18T05:03:20.337Z","iobWithZeroTemp":{"iob":-0.129,"basaliob":-0.129,"bolussnooze":0,"activity":-3.0E-4,"lastBolusTime":0,"time":"2023-12-18T05:03:20.337Z"}},{"iob":0.091,"basaliob":0.091,"bolussnooze":0,"activity":0.0016,"lastBolusTime":0,"time":"2023-12-18T05:08:20.337Z","iobWithZeroTemp":{"iob":-0.143,"basaliob":-0.143,"bolussnooze":0,"activity":-5.0E-4,"lastBolusTime":0,"time":"2023-12-18T05:08:20.337Z"}},{"iob":0.083,"basaliob":0.083,"bolussnooze":0,"activity":0.0015,"lastBolusTime":0,"time":"2023-12-18T05:13:20.337Z","iobWithZeroTemp":{"iob":-0.157,"basaliob":-0.157,"bolussnooze":0,"activity":-8.0E-4,"lastBolusTime":0,"time":"2023-12-18T05:13:20.337Z"}},{"iob":0.076,"basaliob":0.076,"bolussnooze":0,"activity":0.0014,"lastBolusTime":0,"time":"2023-12-18T05:18:20.337Z","iobWithZeroTemp":{"iob":-0.169,"basaliob":-0.169,"bolussnooze":0,"activity":-0.001,"lastBolusTime":0,"time":"2023-12-18T05:18:20.337Z"}},{"iob":0.069,"basaliob":0.069,"bolussnooze":0,"activity":0.0013,"lastBolusTime":0,"time":"2023-12-18T05:23:20.337Z","iobWithZeroTemp":{"iob":-0.18,"basaliob":-0.18,"bolussnooze":0,"activity":-0.0012,"lastBolusTime":0,"time":"2023-12-18T05:23:20.337Z"}},{"iob":0.063,"basaliob":0.063,"bolussnooze":0,"activity":0.0012,"lastBolusTime":0,"time":"2023-12-18T05:28:20.337Z","iobWithZeroTemp":{"iob":-0.19,"basaliob":-0.19,"bolussnooze":0,"activity":-0.0014,"lastBolusTime":0,"time":"2023-12-18T05:28:20.337Z"}},{"iob":0.057,"basaliob":0.057,"bolussnooze":0,"activity":0.0011,"lastBolusTime":0,"time":"2023-12-18T05:33:20.337Z","iobWithZeroTemp":{"iob":-0.2,"basaliob":-0.2,"bolussnooze":0,"activity":-0.0016,"lastBolusTime":0,"time":"2023-12-18T05:33:20.337Z"}},{"iob":0.052,"basaliob":0.052,"bolussnooze":0,"activity":0.001,"lastBolusTime":0,"time":"2023-12-18T05:38:20.337Z","iobWithZeroTemp":{"iob":-0.208,"basaliob":-0.208,"bolussnooze":0,"activity":-0.0017,"lastBolusTime":0,"time":"2023-12-18T05:38:20.337Z"}},{"iob":0.047,"basaliob":0.047,"bolussnooze":0,"activity":9.0E-4,"lastBolusTime":0,"time":"2023-12-18T05:43:20.337Z","iobWithZeroTemp":{"iob":-0.216,"basaliob":-0.216,"bolussnooze":0,"activity":-0.0019,"lastBolusTime":0,"time":"2023-12-18T05:43:20.337Z"}},{"iob":0.042,"basaliob":0.042,"bolussnooze":0,"activity":9.0E-4,"lastBolusTime":0,"time":"2023-12-18T05:48:20.337Z","iobWithZeroTemp":{"iob":-0.223,"basaliob":-0.223,"bolussnooze":0,"activity":-0.002,"lastBolusTime":0,"time":"2023-12-18T05:48:20.337Z"}},{"iob":0.038,"basaliob":0.038,"bolussnooze":0,"activity":8.0E-4,"lastBolusTime":0,"time":"2023-12-18T05:53:20.337Z","iobWithZeroTemp":{"iob":-0.229,"basaliob":-0.229,"bolussnooze":0,"activity":-0.0021,"lastBolusTime":0,"time":"2023-12-18T05:53:20.337Z"}},{"iob":0.034,"basaliob":0.034,"bolussnooze":0,"activity":7.0E-4,"lastBolusTime":0,"time":"2023-12-18T05:58:20.337Z","iobWithZeroTemp":{"iob":-0.235,"basaliob":-0.235,"bolussnooze":0,"activity":-0.0023,"lastBolusTime":0,"time":"2023-12-18T05:58:20.337Z"}},{"iob":0.031,"basaliob":0.031,"bolussnooze":0,"activity":7.0E-4,"lastBolusTime":0,"time":"2023-12-18T06:03:20.337Z","iobWithZeroTemp":{"iob":-0.244,"basaliob":-0.244,"bolussnooze":0,"activity":-0.0023,"lastBolusTime":0,"time":"2023-12-18T06:03:20.337Z"}},{"iob":0.028,"basaliob":0.028,"bolussnooze":0,"activity":6.0E-4,"lastBolusTime":0,"time":"2023-12-18T06:08:20.337Z","iobWithZeroTemp":{"iob":-0.253,"basaliob":-0.253,"bolussnooze":0,"activity":-0.0025,"lastBolusTime":0,"time":"2023-12-18T06:08:20.337Z"}},{"iob":0.025,"basaliob":0.025,"bolussnooze":0,"activity":5.0E-4,"lastBolusTime":0,"time":"2023-12-18T06:13:20.337Z","iobWithZeroTemp":{"iob":-0.261,"basaliob":-0.261,"bolussnooze":0,"activity":-0.0026,"lastBolusTime":0,"time":"2023-12-18T06:13:20.337Z"}},{"iob":0.022,"basaliob":0.022,"bolussnooze":0,"activity":5.0E-4,"lastBolusTime":0,"time":"2023-12-18T06:18:20.337Z","iobWithZeroTemp":{"iob":-0.269,"basaliob":-0.269,"bolussnooze":0,"activity":-0.0027,"lastBolusTime":0,"time":"2023-12-18T06:18:20.337Z"}},{"iob":0.02,"basaliob":0.02,"bolussnooze":0,"activity":4.0E-4,"lastBolusTime":0,"time":"2023-12-18T06:23:20.337Z","iobWithZeroTemp":{"iob":-0.276,"basaliob":-0.276,"bolussnooze":0,"activity":-0.0028,"lastBolusTime":0,"time":"2023-12-18T06:23:20.337Z"}},{"iob":0.018,"basaliob":0.018,"bolussnooze":0,"activity":4.0E-4,"lastBolusTime":0,"time":"2023-12-18T06:28:20.337Z","iobWithZeroTemp":{"iob":-0.282,"basaliob":-0.282,"bolussnooze":0,"activity":-0.0029,"lastBolusTime":0,"time":"2023-12-18T06:28:20.337Z"}},{"iob":0.016,"basaliob":0.016,"bolussnooze":0,"activity":4.0E-4,"lastBolusTime":0,"time":"2023-12-18T06:33:20.337Z","iobWithZeroTemp":{"iob":-0.288,"basaliob":-0.288,"bolussnooze":0,"activity":-0.003,"lastBolusTime":0,"time":"2023-12-18T06:33:20.337Z"}},{"iob":0.014,"basaliob":0.014,"bolussnooze":0,"activity":3.0E-4,"lastBolusTime":0,"time":"2023-12-18T06:38:20.337Z","iobWithZeroTemp":{"iob":-0.294,"basaliob":-0.294,"bolussnooze":0,"activity":-0.0031,"lastBolusTime":0,"time":"2023-12-18T06:38:20.337Z"}},{"iob":0.013,"basaliob":0.013,"bolussnooze":0,"activity":3.0E-4,"lastBolusTime":0,"time":"2023-12-18T06:43:20.337Z","iobWithZeroTemp":{"iob":-0.299,"basaliob":-0.299,"bolussnooze":0,"activity":-0.0032,"lastBolusTime":0,"time":"2023-12-18T06:43:20.337Z"}},{"iob":0.011,"basaliob":0.011,"bolussnooze":0,"activity":3.0E-4,"lastBolusTime":0,"time":"2023-12-18T06:48:20.337Z","iobWithZeroTemp":{"iob":-0.304,"basaliob":-0.304,"bolussnooze":0,"activity":-0.0032,"lastBolusTime":0,"time":"2023-12-18T06:48:20.337Z"}},{"iob":0.01,"basaliob":0.01,"bolussnooze":0,"activity":2.0E-4,"lastBolusTime":0,"time":"2023-12-18T06:53:20.337Z","iobWithZeroTemp":{"iob":-0.309,"basaliob":-0.309,"bolussnooze":0,"activity":-0.0034,"lastBolusTime":0,"time":"2023-12-18T06:53:20.337Z"}},{"iob":0.009,"basaliob":0.009,"bolussnooze":0,"activity":2.0E-4,"lastBolusTime":0,"time":"2023-12-18T06:58:20.337Z","iobWithZeroTemp":{"iob":-0.312,"basaliob":-0.312,"bolussnooze":0,"activity":-0.0034,"lastBolusTime":0,"time":"2023-12-18T06:58:20.337Z"}},{"iob":0.008,"basaliob":0.008,"bolussnooze":0,"activity":2.0E-4,"lastBolusTime":0,"time":"2023-12-18T07:03:20.337Z","iobWithZeroTemp":{"iob":-0.308,"basaliob":-0.308,"bolussnooze":0,"activity":-0.0034,"lastBolusTime":0,"time":"2023-12-18T07:03:20.337Z"}},{"iob":0.007,"basaliob":0.007,"bolussnooze":0,"activity":2.0E-4,"lastBolusTime":0,"time":"2023-12-18T07:08:20.337Z","iobWithZeroTemp":{"iob":-0.303,"basaliob":-0.303,"bolussnooze":0,"activity":-0.0035,"lastBolusTime":0,"time":"2023-12-18T07:08:20.337Z"}},{"iob":0.006,"basaliob":0.006,"bolussnooze":0,"activity":2.0E-4,"lastBolusTime":0,"time":"2023-12-18T07:13:20.337Z","iobWithZeroTemp":{"iob":-0.298,"basaliob":-0.298,"bolussnooze":0,"activity":-0.0035,"lastBolusTime":0,"time":"2023-12-18T07:13:20.337Z"}},{"iob":0.005,"basaliob":0.005,"bolussnooze":0,"activity":1.0E-4,"lastBolusTime":0,"time":"2023-12-18T07:18:20.337Z","iobWithZeroTemp":{"iob":-0.294,"basaliob":-0.294,"bolussnooze":0,"activity":-0.0035,"lastBolusTime":0,"time":"2023-12-18T07:18:20.337Z"}},{"iob":0.005,"basaliob":0.005,"bolussnooze":0,"activity":1.0E-4,"lastBolusTime":0,"time":"2023-12-18T07:23:20.337Z","iobWithZeroTemp":{"iob":-0.288,"basaliob":-0.288,"bolussnooze":0,"activity":-0.0035,"lastBolusTime":0,"time":"2023-12-18T07:23:20.337Z"}},{"iob":0.004,"basaliob":0.004,"bolussnooze":0,"activity":1.0E-4,"lastBolusTime":0,"time":"2023-12-18T07:28:20.337Z","iobWithZeroTemp":{"iob":-0.284,"basaliob":-0.284,"bolussnooze":0,"activity":-0.0035,"lastBolusTime":0,"time":"2023-12-18T07:28:20.337Z"}},{"iob":0.003,"basaliob":0.003,"bolussnooze":0,"activity":1.0E-4,"lastBolusTime":0,"time":"2023-12-18T07:33:20.337Z","iobWithZeroTemp":{"iob":-0.279,"basaliob":-0.279,"bolussnooze":0,"activity":-0.0034,"lastBolusTime":0,"time":"2023-12-18T07:33:20.337Z"}},{"iob":0.003,"basaliob":0.003,"bolussnooze":0,"activity":1.0E-4,"lastBolusTime":0,"time":"2023-12-18T07:38:20.337Z","iobWithZeroTemp":{"iob":-0.274,"basaliob":-0.274,"bolussnooze":0,"activity":-0.0034,"lastBolusTime":0,"time":"2023-12-18T07:38:20.337Z"}},{"iob":0.003,"basaliob":0.003,"bolussnooze":0,"activity":1.0E-4,"lastBolusTime":0,"time":"2023-12-18T07:43:20.337Z","iobWithZeroTemp":{"iob":-0.269,"basaliob":-0.269,"bolussnooze":0,"activity":-0.0034,"lastBolusTime":0,"time":"2023-12-18T07:43:20.337Z"}}],"profile":{"max_iob":10,"type":"current","max_daily_basal":0.25,"max_basal":0.75,"min_bg":90,"max_bg":90,"target_bg":90,"carb_ratio":15.6,"sens":84,"max_daily_safety_multiplier":5,"current_basal_safety_multiplier":5,"lgsThreshold":95,"high_temptarget_raises_sensitivity":false,"low_temptarget_lowers_sensitivity":false,"sensitivity_raises_target":true,"resistance_lowers_target":true,"adv_target_adjustments":false,"exercise_mode":false,"half_basal_exercise_target":160,"maxCOB":120,"skip_neutral_temps":false,"remainingCarbsCap":90,"enableUAM":true,"A52_risk_enable":false,"SMBInterval":5,"enableSMB_with_COB":true,"enableSMB_with_temptarget":false,"allowSMB_with_high_temptarget":false,"enableSMB_always":false,"enableSMB_after_carbs":true,"maxSMBBasalMinutes":120,"maxUAMSMBBasalMinutes":120,"bolus_increment":0.05,"carbsReqThreshold":1,"current_basal":0.15000000596046448,"temptargetSet":false,"autosens_max":1.2,"autosens_min":0.7,"variable_sens":89.1,"insulinDivisor":75,"TDD":20.288746492969384},"autosens_data":{"ratio":1},"meal_data":{"carbs":0,"mealCOB":0,"slopeFromMaxDeviation":0,"slopeFromMinDeviation":0.477,"lastBolusTime":1702853609765,"lastCarbTime":0},"microBolusAllowed":true,"currentTime":1702871302210,"flatBGsDetected":false,"tdd1D":22.354166475186748,"tdd7D":26.782783919711285,"tddLast24H":22.366666437933844,"tddLast4H":1.708333333333334,"tddLast8to4H":2.4208333728214106},"output":{"temp":"absolute","bg":128,"tick":"+4","eventualBG":178,"targetBG":90,"insulinReq":0.72,"deliverAt":"2023-12-18T03:48:22.210Z","sensitivityRatio":1,"variable_sens":89.1,"predBGs":{"IOB":[128,131,134,137,139,140,141,142,143,143,143,142,141,140,140,139,138,137,137,136,136,135,135,134,134,133,133,133,132,132,132,132,132,131,131,131,131,131,131,131,131,130],"ZT":[128,127,126,124,123,122,121,120,119,118,117,116,116,116,116,116,116,116,116,117,117,118,119,120,120],"UAM":[128,132,135,138,141,144,147,149,152,154,157,159,161,163,165,167,168,170,171,173,174,175,176,177,178,178,179,179,179,179,179,179,179,179,178]},"reason":"COB: 0, Dev: 30, BGI: -1, ISF: 89, CR: 15.6, Target: 90, minPredBG 154, minGuardBG 132, IOBpredBG 130, UAMpredBG 178; Eventual BG 178 >= 90, adj. req. rate: 1.59 to maxSafeBasal: 0.75, temp 0.75 >~ req 0.75U\/hr. ","COB":0,"IOB":0.286,"timestamp":"2023-12-18T03:48:22.234Z"}}