{"algorithm":"OpenAPSSMBDynamicISFPlugin","input":{"glucoseStatus":{"glucose":135,"noise":0,"delta":4,"short_avgdelta":3.5,"long_avgdelta":1.54,"date":1702935173000},"currenttemp":{"temp":"absolute","duration":110,"rate":0,"minutesrunning":10},"iob_data":[{"iob":1.187,"basaliob":-0.127,"bolussnooze":0.6208,"activity":0.0139,"lastBolusTime":1702934520825,"time":"2023-12-18T21:33:21.685Z","iobWithZeroTemp":{"iob":1.187,"basaliob":-0.127,"bolussnooze":0.6208,"activity":0.0139,"lastBolusTime":1702934520825,"time":"2023-12-18T21:33:21.685Z"}},{"iob":1.117,"basaliob":-0.122,"bolussnooze":0.5537,"activity":0.0138,"lastBolusTime":1702934520825,"time":"2023-12-18T21:38:21.685Z","iobWithZeroTemp":{"iob":1.107,"basaliob":-0.132,"bolussnooze":0.5537,"activity":0.0138,"lastBolusTime":1702934520825,"time":"2023-12-18T21:38:21.685Z"}},{"iob":1.049,"basaliob":-0.116,"bolussnooze":0.487,"activity":0.0136,"lastBolusTime":1702934520825,"time":"2023-12-18T21:43:21.685Z","iobWithZeroTemp":{"iob":1.027,"basaliob":-0.138,"bolussnooze":0.487,"activity":0.0136,"lastBolusTime":1702934520825,"time":"2023-12-18T21:43:21.685Z"}},{"iob":0.982,"basaliob":-0.109,"bolussnooze":0.4235,"activity":0.0134,"lastBolusTime":1702934520825,"time":"2023-12-18T21:48:21.685Z","iobWithZeroTemp":{"iob":0.947,"basaliob":-0.144,"bolussnooze":0.4235,"activity":0.0133,"lastBolusTime":1702934520825,"time":"2023-12-18T21:48:21.685Z"}},{"iob":0.916,"basaliob":-0.103,"bolussnooze":0.3646,"activity":0.013,"lastBolusTime":1702934520825,"time":"2023-12-18T21:53:21.685Z","iobWithZeroTemp":{"iob":0.87,"basaliob":-0.149,"bolussnooze":0.3646,"activity":0.0128,"lastBolusTime":1702934520825,"time":"2023-12-18T21:53:21.685Z"}},{"iob":0.853,"basaliob":-0.097,"bolussnooze":0.3111,"activity":0.0125,"lastBolusTime":1702934520825,"time":"2023-12-18T21:58:21.685Z","iobWithZeroTemp":{"iob":0.795,"basaliob":-0.155,"bolussnooze":0.3111,"activity":0.0122,"lastBolusTime":1702934520825,"time":"2023-12-18T21:58:21.685Z"}},{"iob":0.791,"basaliob":-0.091,"bolussnooze":0.2634,"activity":0.0119,"lastBolusTime":1702934520825,"time":"2023-12-18T22:03:21.685Z","iobWithZeroTemp":{"iob":0.718,"basaliob":-0.164,"bolussnooze":0.2634,"activity":0.0115,"lastBolusTime":1702934520825,"time":"2023-12-18T22:03:21.685Z"}},{"iob":0.733,"basaliob":-0.085,"bolussnooze":0.2213,"activity":0.0114,"lastBolusTime":1702934520825,"time":"2023-12-18T22:08:21.685Z","iobWithZeroTemp":{"iob":0.646,"basaliob":-0.172,"bolussnooze":0.2213,"activity":0.0109,"lastBolusTime":1702934520825,"time":"2023-12-18T22:08:21.685Z"}},{"iob":0.678,"basaliob":-0.079,"bolussnooze":0.1847,"activity":0.0108,"lastBolusTime":1702934520825,"time":"2023-12-18T22:13:21.685Z","iobWithZeroTemp":{"iob":0.577,"basaliob":-0.18,"bolussnooze":0.1847,"activity":0.0102,"lastBolusTime":1702934520825,"time":"2023-12-18T22:13:21.685Z"}},{"iob":0.625,"basaliob":-0.074,"bolussnooze":0.1532,"activity":0.0102,"lastBolusTime":1702934520825,"time":"2023-12-18T22:18:21.685Z","iobWithZeroTemp":{"iob":0.511,"basaliob":-0.188,"bolussnooze":0.1532,"activity":0.0095,"lastBolusTime":1702934520825,"time":"2023-12-18T22:18:21.685Z"}},{"iob":0.576,"basaliob":-0.068,"bolussnooze":0.1263,"activity":0.0097,"lastBolusTime":1702934520825,"time":"2023-12-18T22:23:21.685Z","iobWithZeroTemp":{"iob":0.449,"basaliob":-0.195,"bolussnooze":0.1263,"activity":0.0088,"lastBolusTime":1702934520825,"time":"2023-12-18T22:23:21.685Z"}},{"iob":0.529,"basaliob":-0.063,"bolussnooze":0.1034,"activity":0.009,"lastBolusTime":1702934520825,"time":"2023-12-18T22:28:21.685Z","iobWithZeroTemp":{"iob":0.39,"basaliob":-0.202,"bolussnooze":0.1034,"activity":0.008,"lastBolusTime":1702934520825,"time":"2023-12-18T22:28:21.685Z"}},{"iob":0.486,"basaliob":-0.058,"bolussnooze":0.0842,"activity":0.0085,"lastBolusTime":1702934520825,"time":"2023-12-18T22:33:21.685Z","iobWithZeroTemp":{"iob":0.336,"basaliob":-0.208,"bolussnooze":0.0842,"activity":0.0074,"lastBolusTime":1702934520825,"time":"2023-12-18T22:33:21.685Z"}},{"iob":0.444,"basaliob":-0.054,"bolussnooze":0.0682,"activity":0.0079,"lastBolusTime":1702934520825,"time":"2023-12-18T22:38:21.685Z","iobWithZeroTemp":{"iob":0.283,"basaliob":-0.215,"bolussnooze":0.0682,"activity":0.0066,"lastBolusTime":1702934520825,"time":"2023-12-18T22:38:21.685Z"}},{"iob":0.406,"basaliob":-0.05,"bolussnooze":0.0549,"activity":0.0074,"lastBolusTime":1702934520825,"time":"2023-12-18T22:43:21.685Z","iobWithZeroTemp":{"iob":0.235,"basaliob":-0.221,"bolussnooze":0.0549,"activity":0.006,"lastBolusTime":1702934520825,"time":"2023-12-18T22:43:21.685Z"}},{"iob":0.37,"basaliob":-0.046,"bolussnooze":0.0439,"activity":0.0068,"lastBolusTime":1702934520825,"time":"2023-12-18T22:48:21.685Z","iobWithZeroTemp":{"iob":0.19,"basaliob":-0.226,"bolussnooze":0.0439,"activity":0.0053,"lastBolusTime":1702934520825,"time":"2023-12-18T22:48:21.685Z"}},{"iob":0.337,"basaliob":-0.042,"bolussnooze":0.0349,"activity":0.0064,"lastBolusTime":1702934520825,"time":"2023-12-18T22:53:21.685Z","iobWithZeroTemp":{"iob":0.148,"basaliob":-0.231,"bolussnooze":0.0349,"activity":0.0047,"lastBolusTime":1702934520825,"time":"2023-12-18T22:53:21.685Z"}},{"iob":0.307,"basaliob":-0.038,"bolussnooze":0.0276,"activity":0.0059,"lastBolusTime":1702934520825,"time":"2023-12-18T22:58:21.685Z","iobWithZeroTemp":{"iob":0.11,"basaliob":-0.235,"bolussnooze":0.0276,"activity":0.0041,"lastBolusTime":1702934520825,"time":"2023-12-18T22:58:21.685Z"}},{"iob":0.279,"basaliob":-0.035,"bolussnooze":0.0218,"activity":0.0055,"lastBolusTime":1702934520825,"time":"2023-12-18T23:03:21.685Z","iobWithZeroTemp":{"iob":0.075,"basaliob":-0.239,"bolussnooze":0.0218,"activity":0.0036,"lastBolusTime":1702934520825,"time":"2023-12-18T23:03:21.685Z"}},{"iob":0.253,"basaliob":-0.032,"bolussnooze":0.017,"activity":0.005,"lastBolusTime":1702934520825,"time":"2023-12-18T23:08:21.685Z","iobWithZeroTemp":{"iob":0.042,"basaliob":-0.243,"bolussnooze":0.017,"activity":0.003,"lastBolusTime":1702934520825,"time":"2023-12-18T23:08:21.685Z"}},{"iob":0.229,"basaliob":-0.029,"bolussnooze":0.0132,"activity":0.0046,"lastBolusTime":1702934520825,"time":"2023-12-18T23:13:21.685Z","iobWithZeroTemp":{"iob":0.011,"basaliob":-0.247,"bolussnooze":0.0132,"activity":0.0025,"lastBolusTime":1702934520825,"time":"2023-12-18T23:13:21.685Z"}},{"iob":0.207,"basaliob":-0.026,"bolussnooze":0.0101,"activity":0.0042,"lastBolusTime":1702934520825,"time":"2023-12-18T23:18:21.685Z","iobWithZeroTemp":{"iob":-0.017,"basaliob":-0.25,"bolussnooze":0.0101,"activity":0.002,"lastBolusTime":1702934520825,"time":"2023-12-18T23:18:21.685Z"}},{"iob":0.186,"basaliob":-0.024,"bolussnooze":0.0076,"activity":0.0038,"lastBolusTime":1702934520825,"time":"2023-12-18T23:23:21.685Z","iobWithZeroTemp":{"iob":-0.043,"basaliob":-0.253,"bolussnooze":0.0076,"activity":0.0015,"lastBolusTime":1702934520825,"time":"2023-12-18T23:23:21.685Z"}},{"iob":0.168,"basaliob":-0.022,"bolussnooze":0.0057,"activity":0.0036,"lastBolusTime":1702934520825,"time":"2023-12-18T23:28:21.685Z","iobWithZeroTemp":{"iob":-0.066,"basaliob":-0.256,"bolussnooze":0.0057,"activity":0.0012,"lastBolusTime":1702934520825,"time":"2023-12-18T23:28:21.685Z"}},{"iob":0.151,"basaliob":-0.02,"bolussnooze":0.0042,"activity":0.0032,"lastBolusTime":1702934520825,"time":"2023-12-18T23:33:21.685Z","iobWithZeroTemp":{"iob":-0.087,"basaliob":-0.258,"bolussnooze":0.0042,"activity":7.0E-4,"lastBolusTime":1702934520825,"time":"2023-12-18T23:33:21.685Z"}},{"iob":0.135,"basaliob":-0.018,"bolussnooze":0.003,"activity":0.0029,"lastBolusTime":1702934520825,"time":"2023-12-18T23:38:21.685Z","iobWithZeroTemp":{"iob":-0.108,"basaliob":-0.261,"bolussnooze":0.003,"activity":4.0E-4,"lastBolusTime":1702934520825,"time":"2023-12-18T23:38:21.685Z"}},{"iob":0.121,"basaliob":-0.016,"bolussnooze":0.0021,"activity":0.0027,"lastBolusTime":1702934520825,"time":"2023-12-18T23:43:21.685Z","iobWithZeroTemp":{"iob":-0.125,"basaliob":-0.262,"bolussnooze":0.0021,"activity":1.0E-4,"lastBolusTime":1702934520825,"time":"2023-12-18T23:43:21.685Z"}},{"iob":0.108,"basaliob":-0.015,"bolussnooze":0.0014,"activity":0.0024,"lastBolusTime":1702934520825,"time":"2023-12-18T23:48:21.685Z","iobWithZeroTemp":{"iob":-0.142,"basaliob":-0.265,"bolussnooze":0.0014,"activity":-3.0E-4,"lastBolusTime":1702934520825,"time":"2023-12-18T23:48:21.685Z"}},{"iob":0.097,"basaliob":-0.013,"bolussnooze":9.0E-4,"activity":0.0022,"lastBolusTime":1702934520825,"time":"2023-12-18T23:53:21.685Z","iobWithZeroTemp":{"iob":-0.156,"basaliob":-0.266,"bolussnooze":9.0E-4,"activity":-5.0E-4,"lastBolusTime":1702934520825,"time":"2023-12-18T23:53:21.685Z"}},{"iob":0.086,"basaliob":-0.012,"bolussnooze":6.0E-4,"activity":0.002,"lastBolusTime":1702934520825,"time":"2023-12-18T23:58:21.685Z","iobWithZeroTemp":{"iob":-0.17,"basaliob":-0.268,"bolussnooze":6.0E-4,"activity":-8.0E-4,"lastBolusTime":1702934520825,"time":"2023-12-18T23:58:21.685Z"}},{"iob":0.076,"basaliob":-0.011,"bolussnooze":3.0E-4,"activity":0.0018,"lastBolusTime":1702934520825,"time":"2023-12-19T00:03:21.685Z","iobWithZeroTemp":{"iob":-0.178,"basaliob":-0.265,"bolussnooze":3.0E-4,"activity":-0.001,"lastBolusTime":1702934520825,"time":"2023-12-19T00:03:21.685Z"}},{"iob":0.069,"basaliob":-0.009,"bolussnooze":1.0E-4,"activity":0.0017,"lastBolusTime":1702934520825,"time":"2023-12-19T00:08:21.685Z","iobWithZeroTemp":{"iob":-0.184,"basaliob":-0.262,"bolussnooze":1.0E-4,"activity":-0.0012,"lastBolusTime":1702934520825,"time":"2023-12-19T00:08:21.685Z"}},{"iob":0.061,"basaliob":-0.008,"bolussnooze":1.0E-4,"activity":0.0015,"lastBolusTime":1702934520825,"time":"2023-12-19T00:13:21.685Z","iobWithZeroTemp":{"iob":-0.19,"basaliob":-0.259,"bolussnooze":1.0E-4,"activity":-0.0014,"lastBolusTime":1702934520825,"time":"2023-12-19T00:13:21.685Z"}},{"iob":0.053,"basaliob":-0.008,"bolussnooze":0,"activity":0.0013,"lastBolusTime":1702934520825,"time":"2023-12-19T00:18:21.685Z","iobWithZeroTemp":{"iob":-0.196,"basaliob":-0.257,"bolussnooze":0,"activity":-0.0016,"lastBolusTime":1702934520825,"time":"2023-12-19T00:18:21.685Z"}},{"iob":0.047,"basaliob":-0.007,"bolussnooze":0,"activity":0.0012,"lastBolusTime":1702934520825,"time":"2023-12-19T00:23:21.685Z","iobWithZeroTemp":{"iob":-0.2,"basaliob":-0.254,"bolussnooze":0,"activity":-0.0017,"lastBolusTime":1702934520825,"time":"2023-12-19T00:23:21.685Z"}},{"iob":0.041,"basaliob":-0.006,"bolussnooze":0,"activity":0.0011,"lastBolusTime":1702934520825,"time":"2023-12-19T00:28:21.685Z","iobWithZeroTemp":{"iob":-0.204,"basaliob":-0.251,"bolussnooze":0,"activity":-0.0018,"lastBolusTime":1702934520825,"time":"2023-12-19T00:28:21.685Z"}},{"iob":0.037,"basaliob":-0.005,"bolussnooze":0,"activity":0.001,"lastBolusTime":1702934520825,"time":"2023-12-19T00:33:21.685Z","iobWithZeroTemp":{"iob":-0.206,"basaliob":-0.248,"bolussnooze":0,"activity":-0.0019,"lastBolusTime":1702934520825,"time":"2023-12-19T00:33:21.685Z"}},{"iob":0.031,"basaliob":-0.005,"bolussnooze":0,"activity":9.0E-4,"lastBolusTime":1702934520825,"time":"2023-12-19T00:38:21.685Z","iobWithZeroTemp":{"iob":-0.21,"basaliob":-0.246,"bolussnooze":0,"activity":-0.002,"lastBolusTime":1702934520825,"time":"2023-12-19T00:38:21.685Z"}},{"iob":0.028,"basaliob":-0.004,"bolussnooze":0,"activity":8.0E-4,"lastBolusTime":1702934520825,"time":"2023-12-19T00:43:21.685Z","iobWithZeroTemp":{"iob":-0.211,"basaliob":-0.243,"bolussnooze":0,"activity":-0.0021,"lastBolusTime":1702934520825,"time":"2023-12-19T00:43:21.685Z"}},{"iob":0.024,"basaliob":-0.004,"bolussnooze":0,"activity":7.0E-4,"lastBolusTime":1702934520825,"time":"2023-12-19T00:48:21.685Z","iobWithZeroTemp":{"iob":-0.213,"basaliob":-0.241,"bolussnooze":0,"activity":-0.0022,"lastBolusTime":1702934520825,"time":"2023-12-19T00:48:21.685Z"}},{"iob":0.021,"basaliob":-0.003,"bolussnooze":0,"activity":6.0E-4,"lastBolusTime":1702934520825,"time":"2023-12-19T00:53:21.685Z","iobWithZeroTemp":{"iob":-0.214,"basaliob":-0.238,"bolussnooze":0,"activity":-0.0023,"lastBolusTime":1702934520825,"time":"2023-12-19T00:53:21.685Z"}},{"iob":0.018,"basaliob":-0.003,"bolussnooze":0,"activity":5.0E-4,"lastBolusTime":1702934520825,"time":"2023-12-19T00:58:21.685Z","iobWithZeroTemp":{"iob":-0.215,"basaliob":-0.236,"bolussnooze":0,"activity":-0.0023,"lastBolusTime":1702934520825,"time":"2023-12-19T00:58:21.685Z"}},{"iob":0.016,"basaliob":-0.002,"bolussnooze":0,"activity":4.0E-4,"lastBolusTime":1702934520825,"time":"2023-12-19T01:03:21.685Z","iobWithZeroTemp":{"iob":-0.22,"basaliob":-0.238,"bolussnooze":0,"activity":-0.0024,"lastBolusTime":1702934520825,"time":"2023-12-19T01:03:21.685Z"}},{"iob":0.013,"basaliob":-0.002,"bolussnooze":0,"activity":4.0E-4,"lastBolusTime":1702934520825,"time":"2023-12-19T01:08:21.685Z","iobWithZeroTemp":{"iob":-0.225,"basaliob":-0.24,"bolussnooze":0,"activity":-0.0024,"lastBolusTime":1702934520825,"time":"2023-12-19T01:08:21.685Z"}},{"iob":0.011,"basaliob":-0.002,"bolussnooze":0,"activity":3.0E-4,"lastBolusTime":1702934520825,"time":"2023-12-19T01:13:21.685Z","iobWithZeroTemp":{"iob":-0.23,"basaliob":-0.243,"bolussnooze":0,"activity":-0.0025,"lastBolusTime":1702934520825,"time":"2023-12-19T01:13:21.685Z"}},{"iob":0.009,"basaliob":-0.002,"bolussnooze":0,"activity":4.0E-4,"lastBolusTime":1702934520825,"time":"2023-12-19T01:18:21.685Z","iobWithZeroTemp":{"iob":-0.234,"basaliob":-0.245,"bolussnooze":0,"activity":-0.0024,"lastBolusTime":1702934520825,"time":"2023-12-19T01:18:21.685Z"}},{"iob":0.009,"basaliob":-0.001,"bolussnooze":0,"activity":3.0E-4,"lastBolusTime":1702934520825,"time":"2023-12-19T01:23:21.685Z","iobWithZeroTemp":{"iob":-0.237,"basaliob":-0.247,"bolussnooze":0,"activity":-0.0026,"lastBolusTime":1702934520825,"time":"2023-12-19T01:23:21.685Z"}},{"iob":0.007,"basaliob":-0.001,"bolussnooze":0,"activity":3.0E-4,"lastBolusTime":1702934520825,"time":"2023-12-19T01:28:21.685Z","iobWithZeroTemp":{"iob":-0.241,"basaliob":-0.249,"bolussnooze":0,"activity":-0.0026,"lastBolusTime":1702934520825,"time":"2023-12-19T01:28:21.685Z"}}],"profile":{"max_iob":10,"type":"current","max_daily_basal":0.25,"max_basal":0.75,"min_bg":90,"max_bg":90,"target_bg":90,"carb_ratio":14.8,"sens":84,"max_daily_safety_multiplier":5,"current_basal_safety_multiplier":5,"lgsThreshold":95,"high_temptarget_raises_sensitivity":false,"low_temptarget_lowers_sensitivity":false,"sensitivity_raises_target":true,"resistance_lowers_target":true,"adv_target_adjustments":false,"exercise_mode":false,"half_basal_exercise_target":160,"maxCOB":120,"skip_neutral_temps":false,"remainingCarbsCap":90,"enableUAM":true,"A52_risk_enable":false,"SMBInterval":5,"enableSMB_with_COB":true,"enableSMB_with_temptarget":false,"allowSMB_with_high_temptarget":false,"enableSMB_always":false,"enableSMB_after_carbs":true,"maxSMBBasalMinutes":120,"maxUAMSMBBasalMinutes":120,"bolus_increment":0.05,"carbsReqThreshold":1,"current_basal":0.15000000596046448,"temptargetSet":false,"autosens_max":1.2,"autosens_min":0.7,"variable_sens":75.9,"insulinDivisor":75,"TDD":23.030221477479625},"autosens_data":{"ratio":1},"meal_data":{"carbs":25,"mealCOB":5.917866666666661,"slopeFromMaxDeviation":-0.3047000000000001,"slopeFromMinDeviation":1.1249999999999998,"lastBolusTime":1702934520825,"lastCarbTime":1702931222433},"microBolusAllowed":true,"currentTime":1702935202883,"flatBGsDetected":false,"tdd1D":22.354166475186748,"tdd7D":26.782783919711285,"tddLast24H":19.55416659961144,"tddLast4H":2.916666633139054,"tddLast8to4H":4.216666758308808},"output":{"temp":"absolute","bg":135,"tick":"+4","eventualBG":149,"targetBG":90,"insulinReq":-0.03,"deliverAt":"2023-12-18T21:33:22.883Z","sensitivityRatio":1,"variable_sens":75.9,"predBGs":{"IOB":[135,138,140,142,142,143,143,142,141,139,137,134,130,127,124,121,118,115,113,111,108,106,104,103,101,100,98,97,96,95,94,93,92,92,91,90,90,89,89,88,88,88,88,87],"ZT":[135,130,124,119,113,108,103,97,92,87,83,78,74,69,65,62,58,55,52,49,47,45,43,42,41,40,40,40,40,41,41,42,43,45,46,47,49,50,52,53,55,57,58,60,61,63,65,66],"COB":[135,137,138,138,137,134,131,126,122,118,114,110,107,103,100,98,95,93,90,88,86,85,83,82,80,79,78,77,76,75,74,74,73,72,72,72,71,71,70,70,70,70,69],"UAM":[135,138,141,144,146,148,150,152,154,156,157,159,160,161,162,163,163,163,163,163,163,162,161,160,159,158,157,156,155,155,154,153,153,152,152,151,151,150,150,150,150,149]},"reason":"COB: 5.9, Dev: 53, BGI: -5, ISF: 76, CR: 14.8, Target: 90, minPredBG 88, minGuardBG 122, IOBpredBG 87, COBpredBG 69, UAMpredBG 149; Eventual BG 149 >= 90,  insulinReq -0.03; setting 60m low temp of 0U\/h. ","COB":5.917866666666661,"IOB":1.187,"rate":0,"duration":60,"timestamp":"2023-12-18T21:33:22.896Z"}}