{"algorithm":"OpenAPSSMBDynamicISFPlugin","input":{"glucoseStatus":{"glucose":123,"noise":0,"delta":-2,"short_avgdelta":-2,"long_avgdelta":-0.29,"date":1702872771000},"currenttemp":{"temp":"absolute","duration":20,"rate":0,"minutesrunning":10},"iob_data":[{"iob":0.291,"basaliob":0.291,"bolussnooze":0,"activity":0.0035,"lastBolusTime":1702853609765,"time":"2023-12-18T04:13:21.111Z","iobWithZeroTemp":{"iob":0.291,"basaliob":0.291,"bolussnooze":0,"activity":0.0035,"lastBolusTime":1702853609765,"time":"2023-12-18T04:13:21.111Z"}},{"iob":0.273,"basaliob":0.273,"bolussnooze":0,"activity":0.0035,"lastBolusTime":1702853609765,"time":"2023-12-18T04:18:21.111Z","iobWithZeroTemp":{"iob":0.256,"basaliob":0.256,"bolussnooze":0,"activity":0.0035,"lastBolusTime":1702853609765,"time":"2023-12-18T04:18:21.111Z"}},{"iob":0.256,"basaliob":0.256,"bolussnooze":0,"activity":0.0034,"lastBolusTime":1702853609765,"time":"2023-12-18T04:23:21.111Z","iobWithZeroTemp":{"iob":0.219,"basaliob":0.219,"bolussnooze":0,"activity":0.0033,"lastBolusTime":1702853609765,"time":"2023-12-18T04:23:21.111Z"}},{"iob":0.239,"basaliob":0.239,"bolussnooze":0,"activity":0.0033,"lastBolusTime":1702853609765,"time":"2023-12-18T04:28:21.111Z","iobWithZeroTemp":{"iob":0.181,"basaliob":0.181,"bolussnooze":0,"activity":0.0031,"lastBolusTime":1702853609765,"time":"2023-12-18T04:28:21.111Z"}},{"iob":0.223,"basaliob":0.223,"bolussnooze":0,"activity":0.0032,"lastBolusTime":1702853609765,"time":"2023-12-18T04:33:21.111Z","iobWithZeroTemp":{"iob":0.146,"basaliob":0.146,"bolussnooze":0,"activity":0.0029,"lastBolusTime":1702853609765,"time":"2023-12-18T04:33:21.111Z"}},{"iob":0.207,"basaliob":0.207,"bolussnooze":0,"activity":0.0031,"lastBolusTime":1702853609765,"time":"2023-12-18T04:38:21.111Z","iobWithZeroTemp":{"iob":0.111,"basaliob":0.111,"bolussnooze":0,"activity":0.0027,"lastBolusTime":1702853609765,"time":"2023-12-18T04:38:21.111Z"}},{"iob":0.192,"basaliob":0.192,"bolussnooze":0,"activity":0.0029,"lastBolusTime":1702853609765,"time":"2023-12-18T04:43:21.111Z","iobWithZeroTemp":{"iob":0.078,"basaliob":0.078,"bolussnooze":0,"activity":0.0023,"lastBolusTime":1702853609765,"time":"2023-12-18T04:43:21.111Z"}},{"iob":0.177,"basaliob":0.177,"bolussnooze":0,"activity":0.0028,"lastBolusTime":1702853609765,"time":"2023-12-18T04:48:21.111Z","iobWithZeroTemp":{"iob":0.045,"basaliob":0.045,"bolussnooze":0,"activity":0.002,"lastBolusTime":1702853609765,"time":"2023-12-18T04:48:21.111Z"}},{"iob":0.164,"basaliob":0.164,"bolussnooze":0,"activity":0.0026,"lastBolusTime":1702853609765,"time":"2023-12-18T04:53:21.111Z","iobWithZeroTemp":{"iob":0.015,"basaliob":0.015,"bolussnooze":0,"activity":0.0017,"lastBolusTime":1702853609765,"time":"2023-12-18T04:53:21.111Z"}},{"iob":0.151,"basaliob":0.151,"bolussnooze":0,"activity":0.0025,"lastBolusTime":0,"time":"2023-12-18T04:58:21.111Z","iobWithZeroTemp":{"iob":-0.013,"basaliob":-0.013,"bolussnooze":0,"activity":0.0014,"lastBolusTime":0,"time":"2023-12-18T04:58:21.111Z"}},{"iob":0.139,"basaliob":0.139,"bolussnooze":0,"activity":0.0023,"lastBolusTime":0,"time":"2023-12-18T05:03:21.111Z","iobWithZeroTemp":{"iob":-0.036,"basaliob":-0.036,"bolussnooze":0,"activity":0.001,"lastBolusTime":0,"time":"2023-12-18T05:03:21.111Z"}},{"iob":0.127,"basaliob":0.127,"bolussnooze":0,"activity":0.0022,"lastBolusTime":0,"time":"2023-12-18T05:08:21.111Z","iobWithZeroTemp":{"iob":-0.058,"basaliob":-0.058,"bolussnooze":0,"activity":7.0E-4,"lastBolusTime":0,"time":"2023-12-18T05:08:21.111Z"}},{"iob":0.117,"basaliob":0.117,"bolussnooze":0,"activity":0.0021,"lastBolusTime":0,"time":"2023-12-18T05:13:21.111Z","iobWithZeroTemp":{"iob":-0.077,"basaliob":-0.077,"bolussnooze":0,"activity":5.0E-4,"lastBolusTime":0,"time":"2023-12-18T05:13:21.111Z"}},{"iob":0.107,"basaliob":0.107,"bolussnooze":0,"activity":0.0019,"lastBolusTime":0,"time":"2023-12-18T05:18:21.111Z","iobWithZeroTemp":{"iob":-0.095,"basaliob":-0.095,"bolussnooze":0,"activity":2.0E-4,"lastBolusTime":0,"time":"2023-12-18T05:18:21.111Z"}},{"iob":0.098,"basaliob":0.098,"bolussnooze":0,"activity":0.0018,"lastBolusTime":0,"time":"2023-12-18T05:23:21.111Z","iobWithZeroTemp":{"iob":-0.112,"basaliob":-0.112,"bolussnooze":0,"activity":-1.0E-4,"lastBolusTime":0,"time":"2023-12-18T05:23:21.111Z"}},{"iob":0.089,"basaliob":0.089,"bolussnooze":0,"activity":0.0017,"lastBolusTime":0,"time":"2023-12-18T05:28:21.111Z","iobWithZeroTemp":{"iob":-0.128,"basaliob":-0.128,"bolussnooze":0,"activity":-3.0E-4,"lastBolusTime":0,"time":"2023-12-18T05:28:21.111Z"}},{"iob":0.081,"basaliob":0.081,"bolussnooze":0,"activity":0.0015,"lastBolusTime":0,"time":"2023-12-18T05:33:21.111Z","iobWithZeroTemp":{"iob":-0.142,"basaliob":-0.142,"bolussnooze":0,"activity":-6.0E-4,"lastBolusTime":0,"time":"2023-12-18T05:33:21.111Z"}},{"iob":0.074,"basaliob":0.074,"bolussnooze":0,"activity":0.0014,"lastBolusTime":0,"time":"2023-12-18T05:38:21.111Z","iobWithZeroTemp":{"iob":-0.155,"basaliob":-0.155,"bolussnooze":0,"activity":-8.0E-4,"lastBolusTime":0,"time":"2023-12-18T05:38:21.111Z"}},{"iob":0.067,"basaliob":0.067,"bolussnooze":0,"activity":0.0013,"lastBolusTime":0,"time":"2023-12-18T05:43:21.111Z","iobWithZeroTemp":{"iob":-0.167,"basaliob":-0.167,"bolussnooze":0,"activity":-0.001,"lastBolusTime":0,"time":"2023-12-18T05:43:21.111Z"}},{"iob":0.061,"basaliob":0.061,"bolussnooze":0,"activity":0.0012,"lastBolusTime":0,"time":"2023-12-18T05:48:21.111Z","iobWithZeroTemp":{"iob":-0.178,"basaliob":-0.178,"bolussnooze":0,"activity":-0.0012,"lastBolusTime":0,"time":"2023-12-18T05:48:21.111Z"}},{"iob":0.055,"basaliob":0.055,"bolussnooze":0,"activity":0.0011,"lastBolusTime":0,"time":"2023-12-18T05:53:21.111Z","iobWithZeroTemp":{"iob":-0.189,"basaliob":-0.189,"bolussnooze":0,"activity":-0.0014,"lastBolusTime":0,"time":"2023-12-18T05:53:21.111Z"}},{"iob":0.05,"basaliob":0.05,"bolussnooze":0,"activity":0.001,"lastBolusTime":0,"time":"2023-12-18T05:58:21.111Z","iobWithZeroTemp":{"iob":-0.198,"basaliob":-0.198,"bolussnooze":0,"activity":-0.0016,"lastBolusTime":0,"time":"2023-12-18T05:58:21.111Z"}},{"iob":0.045,"basaliob":0.045,"bolussnooze":0,"activity":9.0E-4,"lastBolusTime":0,"time":"2023-12-18T06:03:21.111Z","iobWithZeroTemp":{"iob":-0.21,"basaliob":-0.21,"bolussnooze":0,"activity":-0.0018,"lastBolusTime":0,"time":"2023-12-18T06:03:21.111Z"}},{"iob":0.04,"basaliob":0.04,"bolussnooze":0,"activity":8.0E-4,"lastBolusTime":0,"time":"2023-12-18T06:08:21.111Z","iobWithZeroTemp":{"iob":-0.223,"basaliob":-0.223,"bolussnooze":0,"activity":-0.0019,"lastBolusTime":0,"time":"2023-12-18T06:08:21.111Z"}},{"iob":0.036,"basaliob":0.036,"bolussnooze":0,"activity":8.0E-4,"lastBolusTime":0,"time":"2023-12-18T06:13:21.111Z","iobWithZeroTemp":{"iob":-0.234,"basaliob":-0.234,"bolussnooze":0,"activity":-0.002,"lastBolusTime":0,"time":"2023-12-18T06:13:21.111Z"}},{"iob":0.033,"basaliob":0.033,"bolussnooze":0,"activity":7.0E-4,"lastBolusTime":0,"time":"2023-12-18T06:18:21.111Z","iobWithZeroTemp":{"iob":-0.243,"basaliob":-0.243,"bolussnooze":0,"activity":-0.0022,"lastBolusTime":0,"time":"2023-12-18T06:18:21.111Z"}},{"iob":0.029,"basaliob":0.029,"bolussnooze":0,"activity":6.0E-4,"lastBolusTime":0,"time":"2023-12-18T06:23:21.111Z","iobWithZeroTemp":{"iob":-0.253,"basaliob":-0.253,"bolussnooze":0,"activity":-0.0024,"lastBolusTime":0,"time":"2023-12-18T06:23:21.111Z"}},{"iob":0.026,"basaliob":0.026,"bolussnooze":0,"activity":6.0E-4,"lastBolusTime":0,"time":"2023-12-18T06:28:21.111Z","iobWithZeroTemp":{"iob":-0.262,"basaliob":-0.262,"bolussnooze":0,"activity":-0.0025,"lastBolusTime":0,"time":"2023-12-18T06:28:21.111Z"}},{"iob":0.023,"basaliob":0.023,"bolussnooze":0,"activity":5.0E-4,"lastBolusTime":0,"time":"2023-12-18T06:33:21.111Z","iobWithZeroTemp":{"iob":-0.27,"basaliob":-0.27,"bolussnooze":0,"activity":-0.0026,"lastBolusTime":0,"time":"2023-12-18T06:33:21.111Z"}},{"iob":0.021,"basaliob":0.021,"bolussnooze":0,"activity":5.0E-4,"lastBolusTime":0,"time":"2023-12-18T06:38:21.111Z","iobWithZeroTemp":{"iob":-0.277,"basaliob":-0.277,"bolussnooze":0,"activity":-0.0027,"lastBolusTime":0,"time":"2023-12-18T06:38:21.111Z"}},{"iob":0.019,"basaliob":0.019,"bolussnooze":0,"activity":4.0E-4,"lastBolusTime":0,"time":"2023-12-18T06:43:21.111Z","iobWithZeroTemp":{"iob":-0.284,"basaliob":-0.284,"bolussnooze":0,"activity":-0.0029,"lastBolusTime":0,"time":"2023-12-18T06:43:21.111Z"}},{"iob":0.017,"basaliob":0.017,"bolussnooze":0,"activity":4.0E-4,"lastBolusTime":0,"time":"2023-12-18T06:48:21.111Z","iobWithZeroTemp":{"iob":-0.29,"basaliob":-0.29,"bolussnooze":0,"activity":-0.0029,"lastBolusTime":0,"time":"2023-12-18T06:48:21.111Z"}},{"iob":0.015,"basaliob":0.015,"bolussnooze":0,"activity":4.0E-4,"lastBolusTime":0,"time":"2023-12-18T06:53:21.111Z","iobWithZeroTemp":{"iob":-0.296,"basaliob":-0.296,"bolussnooze":0,"activity":-0.003,"lastBolusTime":0,"time":"2023-12-18T06:53:21.111Z"}},{"iob":0.013,"basaliob":0.013,"bolussnooze":0,"activity":3.0E-4,"lastBolusTime":0,"time":"2023-12-18T06:58:21.111Z","iobWithZeroTemp":{"iob":-0.302,"basaliob":-0.302,"bolussnooze":0,"activity":-0.0032,"lastBolusTime":0,"time":"2023-12-18T06:58:21.111Z"}},{"iob":0.011,"basaliob":0.011,"bolussnooze":0,"activity":3.0E-4,"lastBolusTime":0,"time":"2023-12-18T07:03:21.111Z","iobWithZeroTemp":{"iob":-0.299,"basaliob":-0.299,"bolussnooze":0,"activity":-0.0032,"lastBolusTime":0,"time":"2023-12-18T07:03:21.111Z"}},{"iob":0.01,"basaliob":0.01,"bolussnooze":0,"activity":3.0E-4,"lastBolusTime":0,"time":"2023-12-18T07:08:21.111Z","iobWithZeroTemp":{"iob":-0.295,"basaliob":-0.295,"bolussnooze":0,"activity":-0.0032,"lastBolusTime":0,"time":"2023-12-18T07:08:21.111Z"}},{"iob":0.009,"basaliob":0.009,"bolussnooze":0,"activity":2.0E-4,"lastBolusTime":0,"time":"2023-12-18T07:13:21.111Z","iobWithZeroTemp":{"iob":-0.291,"basaliob":-0.291,"bolussnooze":0,"activity":-0.0033,"lastBolusTime":0,"time":"2023-12-18T07:13:21.111Z"}},{"iob":0.008,"basaliob":0.008,"bolussnooze":0,"activity":2.0E-4,"lastBolusTime":0,"time":"2023-12-18T07:18:21.111Z","iobWithZeroTemp":{"iob":-0.287,"basaliob":-0.287,"bolussnooze":0,"activity":-0.0033,"lastBolusTime":0,"time":"2023-12-18T07:18:21.111Z"}},{"iob":0.007,"basaliob":0.007,"bolussnooze":0,"activity":2.0E-4,"lastBolusTime":0,"time":"2023-12-18T07:23:21.111Z","iobWithZeroTemp":{"iob":-0.282,"basaliob":-0.282,"bolussnooze":0,"activity":-0.0033,"lastBolusTime":0,"time":"2023-12-18T07:23:21.111Z"}},{"iob":0.006,"basaliob":0.006,"bolussnooze":0,"activity":2.0E-4,"lastBolusTime":0,"time":"2023-12-18T07:28:21.111Z","iobWithZeroTemp":{"iob":-0.278,"basaliob":-0.278,"bolussnooze":0,"activity":-0.0033,"lastBolusTime":0,"time":"2023-12-18T07:28:21.111Z"}},{"iob":0.005,"basaliob":0.005,"bolussnooze":0,"activity":1.0E-4,"lastBolusTime":0,"time":"2023-12-18T07:33:21.111Z","iobWithZeroTemp":{"iob":-0.274,"basaliob":-0.274,"bolussnooze":0,"activity":-0.0034,"lastBolusTime":0,"time":"2023-12-18T07:33:21.111Z"}},{"iob":0.005,"basaliob":0.005,"bolussnooze":0,"activity":1.0E-4,"lastBolusTime":0,"time":"2023-12-18T07:38:21.111Z","iobWithZeroTemp":{"iob":-0.27,"basaliob":-0.27,"bolussnooze":0,"activity":-0.0033,"lastBolusTime":0,"time":"2023-12-18T07:38:21.111Z"}},{"iob":0.004,"basaliob":0.004,"bolussnooze":0,"activity":1.0E-4,"lastBolusTime":0,"time":"2023-12-18T07:43:21.111Z","iobWithZeroTemp":{"iob":-0.266,"basaliob":-0.266,"bolussnooze":0,"activity":-0.0033,"lastBolusTime":0,"time":"2023-12-18T07:43:21.111Z"}},{"iob":0.003,"basaliob":0.003,"bolussnooze":0,"activity":1.0E-4,"lastBolusTime":0,"time":"2023-12-18T07:48:21.111Z","iobWithZeroTemp":{"iob":-0.263,"basaliob":-0.263,"bolussnooze":0,"activity":-0.0033,"lastBolusTime":0,"time":"2023-12-18T07:48:21.111Z"}},{"iob":0.003,"basaliob":0.003,"bolussnooze":0,"activity":1.0E-4,"lastBolusTime":0,"time":"2023-12-18T07:53:21.111Z","iobWithZeroTemp":{"iob":-0.259,"basaliob":-0.259,"bolussnooze":0,"activity":-0.0032,"lastBolusTime":0,"time":"2023-12-18T07:53:21.111Z"}},{"iob":0.002,"basaliob":0.002,"bolussnooze":0,"activity":1.0E-4,"lastBolusTime":0,"time":"2023-12-18T07:58:21.111Z","iobWithZeroTemp":{"iob":-0.256,"basaliob":-0.256,"bolussnooze":0,"activity":-0.0032,"lastBolusTime":0,"time":"2023-12-18T07:58:21.111Z"}},{"iob":0.002,"basaliob":0.002,"bolussnooze":0,"activity":1.0E-4,"lastBolusTime":0,"time":"2023-12-18T08:03:21.111Z","iobWithZeroTemp":{"iob":-0.252,"basaliob":-0.252,"bolussnooze":0,"activity":-0.0031,"lastBolusTime":0,"time":"2023-12-18T08:03:21.111Z"}},{"iob":0.002,"basaliob":0.002,"bolussnooze":0,"activity":1.0E-4,"lastBolusTime":0,"time":"2023-12-18T08:08:21.111Z","iobWithZeroTemp":{"iob":-0.248,"basaliob":-0.248,"bolussnooze":0,"activity":-0.0031,"lastBolusTime":0,"time":"2023-12-18T08:08:21.111Z"}}],"profile":{"max_iob":10,"type":"current","max_daily_basal":0.25,"max_basal":1.25,"min_bg":90,"max_bg":90,"target_bg":90,"carb_ratio":15.6,"sens":84,"max_daily_safety_multiplier":5,"current_basal_safety_multiplier":5,"lgsThreshold":95,"high_temptarget_raises_sensitivity":false,"low_temptarget_lowers_sensitivity":false,"sensitivity_raises_target":true,"resistance_lowers_target":true,"adv_target_adjustments":false,"exercise_mode":false,"half_basal_exercise_target":160,"maxCOB":120,"skip_neutral_temps":false,"remainingCarbsCap":90,"enableUAM":true,"A52_risk_enable":false,"SMBInterval":5,"enableSMB_with_COB":true,"enableSMB_with_temptarget":false,"allowSMB_with_high_temptarget":false,"enableSMB_always":false,"enableSMB_after_carbs":true,"maxSMBBasalMinutes":120,"maxUAMSMBBasalMinutes":120,"bolus_increment":0.05,"carbsReqThreshold":1,"current_basal":0.25,"temptargetSet":false,"autosens_max":1.2,"autosens_min":0.7,"variable_sens":92.6,"insulinDivisor":75,"TDD":20.01732148765861},"autosens_data":{"ratio":1},"meal_data":{"carbs":0,"mealCOB":0,"slopeFromMaxDeviation":-0.9994000000000001,"slopeFromMinDeviation":0,"lastBolusTime":1702853609765,"lastCarbTime":0},"microBolusAllowed":true,"currentTime":1702872802917,"flatBGsDetected":false,"tdd1D":22.354166475186748,"tdd7D":26.782783919711285,"tddLast24H":22.45833310460051,"tddLast4H":1.5500000000000005,"tddLast8to4H":2.3333333638807137},"output":{"temp":"absolute","bg":123,"tick":-2,"eventualBG":104,"targetBG":90,"insulinReq":0,"deliverAt":"2023-12-18T04:13:22.917Z","sensitivityRatio":1,"variable_sens":92.6,"predBGs":{"IOB":[123,121,119,117,115,114,112,110,109,107,106,105,104,103,102,101,100,99,98,97,97,96,96,95,95,94,94,94,93,93,93,92,92,92,92,92,91],"ZT":[123,121,120,118,117,115,114,113,112,111,110,110,110,109,109,109,109,110,110,111,111,112,113,114,115,115]},"reason":"COB: 0, Dev: 8, BGI: -2, ISF: 93, CR: 15.6, Target: 90, minPredBG 100, minGuardBG 91, IOBpredBG 91; minGuardBG 91<95","COB":0,"IOB":0.291,"duration":30,"rate":0,"timestamp":"2023-12-18T04:13:22.946Z"}}