{"algorithm":"OpenAPSSMBDynamicISFPlugin","input":{"glucoseStatus":{"glucose":139,"noise":0,"delta":1,"short_avgdelta":0.72,"long_avgdelta":0.48,"date":1702942973000},"currenttemp":{"temp":"absolute","duration":25,"rate":0.7,"minutesrunning":5},"iob_data":[{"iob":0.764,"basaliob":0.034,"bolussnooze":0.0021,"activity":0.01,"lastBolusTime":1702942716067,"time":"2023-12-18T23:43:23.509Z","iobWithZeroTemp":{"iob":0.764,"basaliob":0.034,"bolussnooze":0.0021,"activity":0.01,"lastBolusTime":1702942716067,"time":"2023-12-18T23:43:23.509Z"}},{"iob":0.714,"basaliob":0.034,"bolussnooze":0.0014,"activity":0.0098,"lastBolusTime":1702942716067,"time":"2023-12-18T23:48:23.509Z","iobWithZeroTemp":{"iob":0.701,"basaliob":0.021,"bolussnooze":0.0014,"activity":0.0098,"lastBolusTime":1702942716067,"time":"2023-12-18T23:48:23.509Z"}},{"iob":0.666,"basaliob":0.035,"bolussnooze":9.0E-4,"activity":0.0095,"lastBolusTime":1702942716067,"time":"2023-12-18T23:53:23.509Z","iobWithZeroTemp":{"iob":0.636,"basaliob":0.005,"bolussnooze":9.0E-4,"activity":0.0094,"lastBolusTime":1702942716067,"time":"2023-12-18T23:53:23.509Z"}},{"iob":0.619,"basaliob":0.034,"bolussnooze":6.0E-4,"activity":0.0092,"lastBolusTime":1702942716067,"time":"2023-12-18T23:58:23.509Z","iobWithZeroTemp":{"iob":0.573,"basaliob":-0.012,"bolussnooze":6.0E-4,"activity":0.0091,"lastBolusTime":1702942716067,"time":"2023-12-18T23:58:23.509Z"}},{"iob":0.575,"basaliob":0.034,"bolussnooze":3.0E-4,"activity":0.0087,"lastBolusTime":1702942716067,"time":"2023-12-19T00:03:23.509Z","iobWithZeroTemp":{"iob":0.517,"basaliob":-0.024,"bolussnooze":3.0E-4,"activity":0.0085,"lastBolusTime":1702942716067,"time":"2023-12-19T00:03:23.509Z"}},{"iob":0.532,"basaliob":0.033,"bolussnooze":1.0E-4,"activity":0.0083,"lastBolusTime":1702942716067,"time":"2023-12-19T00:08:23.509Z","iobWithZeroTemp":{"iob":0.463,"basaliob":-0.036,"bolussnooze":1.0E-4,"activity":0.008,"lastBolusTime":1702942716067,"time":"2023-12-19T00:08:23.509Z"}},{"iob":0.491,"basaliob":0.032,"bolussnooze":1.0E-4,"activity":0.0079,"lastBolusTime":1702942716067,"time":"2023-12-19T00:13:23.509Z","iobWithZeroTemp":{"iob":0.411,"basaliob":-0.048,"bolussnooze":1.0E-4,"activity":0.0075,"lastBolusTime":1702942716067,"time":"2023-12-19T00:13:23.509Z"}},{"iob":0.453,"basaliob":0.031,"bolussnooze":0,"activity":0.0075,"lastBolusTime":1702942716067,"time":"2023-12-19T00:18:23.509Z","iobWithZeroTemp":{"iob":0.363,"basaliob":-0.059,"bolussnooze":0,"activity":0.007,"lastBolusTime":1702942716067,"time":"2023-12-19T00:18:23.509Z"}},{"iob":0.416,"basaliob":0.029,"bolussnooze":0,"activity":0.0071,"lastBolusTime":1702942716067,"time":"2023-12-19T00:23:23.509Z","iobWithZeroTemp":{"iob":0.317,"basaliob":-0.07,"bolussnooze":0,"activity":0.0064,"lastBolusTime":1702942716067,"time":"2023-12-19T00:23:23.509Z"}},{"iob":0.382,"basaliob":0.028,"bolussnooze":0,"activity":0.0066,"lastBolusTime":1702942716067,"time":"2023-12-19T00:28:23.509Z","iobWithZeroTemp":{"iob":0.274,"basaliob":-0.08,"bolussnooze":0,"activity":0.0058,"lastBolusTime":1702942716067,"time":"2023-12-19T00:28:23.509Z"}},{"iob":0.35,"basaliob":0.026,"bolussnooze":0,"activity":0.0062,"lastBolusTime":1702942716067,"time":"2023-12-19T00:33:23.509Z","iobWithZeroTemp":{"iob":0.233,"basaliob":-0.091,"bolussnooze":0,"activity":0.0053,"lastBolusTime":1702942716067,"time":"2023-12-19T00:33:23.509Z"}},{"iob":0.321,"basaliob":0.025,"bolussnooze":0,"activity":0.0058,"lastBolusTime":1702942716067,"time":"2023-12-19T00:38:23.509Z","iobWithZeroTemp":{"iob":0.196,"basaliob":-0.1,"bolussnooze":0,"activity":0.0048,"lastBolusTime":1702942716067,"time":"2023-12-19T00:38:23.509Z"}},{"iob":0.292,"basaliob":0.023,"bolussnooze":0,"activity":0.0054,"lastBolusTime":1702942716067,"time":"2023-12-19T00:43:23.509Z","iobWithZeroTemp":{"iob":0.16,"basaliob":-0.109,"bolussnooze":0,"activity":0.0043,"lastBolusTime":1702942716067,"time":"2023-12-19T00:43:23.509Z"}},{"iob":0.267,"basaliob":0.022,"bolussnooze":0,"activity":0.005,"lastBolusTime":1702942716067,"time":"2023-12-19T00:48:23.509Z","iobWithZeroTemp":{"iob":0.128,"basaliob":-0.117,"bolussnooze":0,"activity":0.0038,"lastBolusTime":1702942716067,"time":"2023-12-19T00:48:23.509Z"}},{"iob":0.243,"basaliob":0.021,"bolussnooze":0,"activity":0.0046,"lastBolusTime":1702942716067,"time":"2023-12-19T00:53:23.509Z","iobWithZeroTemp":{"iob":0.098,"basaliob":-0.124,"bolussnooze":0,"activity":0.0033,"lastBolusTime":1702942716067,"time":"2023-12-19T00:53:23.509Z"}},{"iob":0.221,"basaliob":0.019,"bolussnooze":0,"activity":0.0043,"lastBolusTime":1702942716067,"time":"2023-12-19T00:58:23.509Z","iobWithZeroTemp":{"iob":0.07,"basaliob":-0.132,"bolussnooze":0,"activity":0.0029,"lastBolusTime":1702942716067,"time":"2023-12-19T00:58:23.509Z"}},{"iob":0.2,"basaliob":0.018,"bolussnooze":0,"activity":0.004,"lastBolusTime":1702942716067,"time":"2023-12-19T01:03:23.509Z","iobWithZeroTemp":{"iob":0.04,"basaliob":-0.142,"bolussnooze":0,"activity":0.0025,"lastBolusTime":1702942716067,"time":"2023-12-19T01:03:23.509Z"}},{"iob":0.182,"basaliob":0.017,"bolussnooze":0,"activity":0.0036,"lastBolusTime":1702942716067,"time":"2023-12-19T01:08:23.509Z","iobWithZeroTemp":{"iob":0.012,"basaliob":-0.153,"bolussnooze":0,"activity":0.002,"lastBolusTime":1702942716067,"time":"2023-12-19T01:08:23.509Z"}},{"iob":0.164,"basaliob":0.015,"bolussnooze":0,"activity":0.0033,"lastBolusTime":1702942716067,"time":"2023-12-19T01:13:23.509Z","iobWithZeroTemp":{"iob":-0.014,"basaliob":-0.163,"bolussnooze":0,"activity":0.0016,"lastBolusTime":1702942716067,"time":"2023-12-19T01:13:23.509Z"}},{"iob":0.148,"basaliob":0.014,"bolussnooze":0,"activity":0.003,"lastBolusTime":1702942716067,"time":"2023-12-19T01:18:23.509Z","iobWithZeroTemp":{"iob":-0.038,"basaliob":-0.172,"bolussnooze":0,"activity":0.0012,"lastBolusTime":1702942716067,"time":"2023-12-19T01:18:23.509Z"}},{"iob":0.134,"basaliob":0.013,"bolussnooze":0,"activity":0.0028,"lastBolusTime":1702942716067,"time":"2023-12-19T01:23:23.509Z","iobWithZeroTemp":{"iob":-0.06,"basaliob":-0.181,"bolussnooze":0,"activity":0.001,"lastBolusTime":1702942716067,"time":"2023-12-19T01:23:23.509Z"}},{"iob":0.12,"basaliob":0.012,"bolussnooze":0,"activity":0.0025,"lastBolusTime":1702942716067,"time":"2023-12-19T01:28:23.509Z","iobWithZeroTemp":{"iob":-0.081,"basaliob":-0.189,"bolussnooze":0,"activity":6.0E-4,"lastBolusTime":1702942716067,"time":"2023-12-19T01:28:23.509Z"}},{"iob":0.108,"basaliob":0.011,"bolussnooze":0,"activity":0.0023,"lastBolusTime":1702942716067,"time":"2023-12-19T01:33:23.509Z","iobWithZeroTemp":{"iob":-0.1,"basaliob":-0.197,"bolussnooze":0,"activity":3.0E-4,"lastBolusTime":1702942716067,"time":"2023-12-19T01:33:23.509Z"}},{"iob":0.097,"basaliob":0.01,"bolussnooze":0,"activity":0.0021,"lastBolusTime":1702942716067,"time":"2023-12-19T01:38:23.509Z","iobWithZeroTemp":{"iob":-0.117,"basaliob":-0.204,"bolussnooze":0,"activity":0,"lastBolusTime":1702942716067,"time":"2023-12-19T01:38:23.509Z"}},{"iob":0.087,"basaliob":0.009,"bolussnooze":0,"activity":0.002,"lastBolusTime":1702942716067,"time":"2023-12-19T01:43:23.509Z","iobWithZeroTemp":{"iob":-0.133,"basaliob":-0.211,"bolussnooze":0,"activity":-2.0E-4,"lastBolusTime":1702942716067,"time":"2023-12-19T01:43:23.509Z"}},{"iob":0.078,"basaliob":0.009,"bolussnooze":0,"activity":0.0018,"lastBolusTime":1702942716067,"time":"2023-12-19T01:48:23.509Z","iobWithZeroTemp":{"iob":-0.147,"basaliob":-0.216,"bolussnooze":0,"activity":-5.0E-4,"lastBolusTime":1702942716067,"time":"2023-12-19T01:48:23.509Z"}},{"iob":0.07,"basaliob":0.008,"bolussnooze":0,"activity":0.0015,"lastBolusTime":1702942716067,"time":"2023-12-19T01:53:23.509Z","iobWithZeroTemp":{"iob":-0.16,"basaliob":-0.222,"bolussnooze":0,"activity":-9.0E-4,"lastBolusTime":1702942716067,"time":"2023-12-19T01:53:23.509Z"}},{"iob":0.062,"basaliob":0.007,"bolussnooze":0,"activity":0.0014,"lastBolusTime":1702942716067,"time":"2023-12-19T01:58:23.509Z","iobWithZeroTemp":{"iob":-0.173,"basaliob":-0.228,"bolussnooze":0,"activity":-0.001,"lastBolusTime":1702942716067,"time":"2023-12-19T01:58:23.509Z"}},{"iob":0.055,"basaliob":0.006,"bolussnooze":0,"activity":0.0013,"lastBolusTime":1702942716067,"time":"2023-12-19T02:03:23.509Z","iobWithZeroTemp":{"iob":-0.184,"basaliob":-0.233,"bolussnooze":0,"activity":-0.0012,"lastBolusTime":1702942716067,"time":"2023-12-19T02:03:23.509Z"}},{"iob":0.049,"basaliob":0.006,"bolussnooze":0,"activity":0.0011,"lastBolusTime":1702942716067,"time":"2023-12-19T02:08:23.509Z","iobWithZeroTemp":{"iob":-0.194,"basaliob":-0.237,"bolussnooze":0,"activity":-0.0015,"lastBolusTime":1702942716067,"time":"2023-12-19T02:08:23.509Z"}},{"iob":0.043,"basaliob":0.005,"bolussnooze":0,"activity":0.001,"lastBolusTime":1702942716067,"time":"2023-12-19T02:13:23.509Z","iobWithZeroTemp":{"iob":-0.204,"basaliob":-0.242,"bolussnooze":0,"activity":-0.0016,"lastBolusTime":1702942716067,"time":"2023-12-19T02:13:23.509Z"}},{"iob":0.039,"basaliob":0.005,"bolussnooze":0,"activity":9.0E-4,"lastBolusTime":1702942716067,"time":"2023-12-19T02:18:23.509Z","iobWithZeroTemp":{"iob":-0.211,"basaliob":-0.245,"bolussnooze":0,"activity":-0.0018,"lastBolusTime":1702942716067,"time":"2023-12-19T02:18:23.509Z"}},{"iob":0.034,"basaliob":0.004,"bolussnooze":0,"activity":9.0E-4,"lastBolusTime":1702942716067,"time":"2023-12-19T02:23:23.509Z","iobWithZeroTemp":{"iob":-0.219,"basaliob":-0.249,"bolussnooze":0,"activity":-0.0019,"lastBolusTime":1702942716067,"time":"2023-12-19T02:23:23.509Z"}},{"iob":0.03,"basaliob":0.004,"bolussnooze":0,"activity":8.0E-4,"lastBolusTime":1702942716067,"time":"2023-12-19T02:28:23.509Z","iobWithZeroTemp":{"iob":-0.226,"basaliob":-0.252,"bolussnooze":0,"activity":-0.002,"lastBolusTime":1702942716067,"time":"2023-12-19T02:28:23.509Z"}},{"iob":0.027,"basaliob":0.004,"bolussnooze":0,"activity":7.0E-4,"lastBolusTime":1702942716067,"time":"2023-12-19T02:33:23.509Z","iobWithZeroTemp":{"iob":-0.231,"basaliob":-0.254,"bolussnooze":0,"activity":-0.0022,"lastBolusTime":1702942716067,"time":"2023-12-19T02:33:23.509Z"}},{"iob":0.023,"basaliob":0.003,"bolussnooze":0,"activity":6.0E-4,"lastBolusTime":1702942716067,"time":"2023-12-19T02:38:23.509Z","iobWithZeroTemp":{"iob":-0.238,"basaliob":-0.258,"bolussnooze":0,"activity":-0.0023,"lastBolusTime":1702942716067,"time":"2023-12-19T02:38:23.509Z"}},{"iob":0.021,"basaliob":0.003,"bolussnooze":0,"activity":6.0E-4,"lastBolusTime":1702942716067,"time":"2023-12-19T02:43:23.509Z","iobWithZeroTemp":{"iob":-0.242,"basaliob":-0.26,"bolussnooze":0,"activity":-0.0023,"lastBolusTime":1702942716067,"time":"2023-12-19T02:43:23.509Z"}},{"iob":0.018,"basaliob":0.003,"bolussnooze":0,"activity":5.0E-4,"lastBolusTime":1702942716067,"time":"2023-12-19T02:48:23.509Z","iobWithZeroTemp":{"iob":-0.247,"basaliob":-0.262,"bolussnooze":0,"activity":-0.0025,"lastBolusTime":1702942716067,"time":"2023-12-19T02:48:23.509Z"}},{"iob":0.015,"basaliob":0.002,"bolussnooze":0,"activity":5.0E-4,"lastBolusTime":1702942716067,"time":"2023-12-19T02:53:23.509Z","iobWithZeroTemp":{"iob":-0.251,"basaliob":-0.264,"bolussnooze":0,"activity":-0.0025,"lastBolusTime":1702942716067,"time":"2023-12-19T02:53:23.509Z"}},{"iob":0.014,"basaliob":0.002,"bolussnooze":0,"activity":3.0E-4,"lastBolusTime":1702942716067,"time":"2023-12-19T02:58:23.509Z","iobWithZeroTemp":{"iob":-0.254,"basaliob":-0.266,"bolussnooze":0,"activity":-0.0027,"lastBolusTime":1702942716067,"time":"2023-12-19T02:58:23.509Z"}},{"iob":0.012,"basaliob":0.002,"bolussnooze":0,"activity":3.0E-4,"lastBolusTime":1702942716067,"time":"2023-12-19T03:03:23.509Z","iobWithZeroTemp":{"iob":-0.253,"basaliob":-0.263,"bolussnooze":0,"activity":-0.0028,"lastBolusTime":1702942716067,"time":"2023-12-19T03:03:23.509Z"}},{"iob":0.011,"basaliob":0.002,"bolussnooze":0,"activity":3.0E-4,"lastBolusTime":1702942716067,"time":"2023-12-19T03:08:23.509Z","iobWithZeroTemp":{"iob":-0.251,"basaliob":-0.26,"bolussnooze":0,"activity":-0.0028,"lastBolusTime":1702942716067,"time":"2023-12-19T03:08:23.509Z"}},{"iob":0.008,"basaliob":0.001,"bolussnooze":0,"activity":2.0E-4,"lastBolusTime":1702942716067,"time":"2023-12-19T03:13:23.509Z","iobWithZeroTemp":{"iob":-0.251,"basaliob":-0.258,"bolussnooze":0,"activity":-0.0029,"lastBolusTime":1702942716067,"time":"2023-12-19T03:13:23.509Z"}},{"iob":0.007,"basaliob":0.001,"bolussnooze":0,"activity":2.0E-4,"lastBolusTime":1702942716067,"time":"2023-12-19T03:18:23.509Z","iobWithZeroTemp":{"iob":-0.25,"basaliob":-0.256,"bolussnooze":0,"activity":-0.0029,"lastBolusTime":1702942716067,"time":"2023-12-19T03:18:23.509Z"}},{"iob":0.006,"basaliob":0.001,"bolussnooze":0,"activity":2.0E-4,"lastBolusTime":1702942716067,"time":"2023-12-19T03:23:23.509Z","iobWithZeroTemp":{"iob":-0.248,"basaliob":-0.253,"bolussnooze":0,"activity":-0.0029,"lastBolusTime":1702942716067,"time":"2023-12-19T03:23:23.509Z"}},{"iob":0.006,"basaliob":0.001,"bolussnooze":0,"activity":2.0E-4,"lastBolusTime":1702942716067,"time":"2023-12-19T03:28:23.509Z","iobWithZeroTemp":{"iob":-0.245,"basaliob":-0.25,"bolussnooze":0,"activity":-0.0029,"lastBolusTime":1702942716067,"time":"2023-12-19T03:28:23.509Z"}},{"iob":0.005,"basaliob":0.001,"bolussnooze":0,"activity":1.0E-4,"lastBolusTime":1702942716067,"time":"2023-12-19T03:33:23.509Z","iobWithZeroTemp":{"iob":-0.243,"basaliob":-0.247,"bolussnooze":0,"activity":-0.0029,"lastBolusTime":1702942716067,"time":"2023-12-19T03:33:23.509Z"}},{"iob":0.004,"basaliob":0.001,"bolussnooze":0,"activity":1.0E-4,"lastBolusTime":1702942716067,"time":"2023-12-19T03:38:23.509Z","iobWithZeroTemp":{"iob":-0.242,"basaliob":-0.245,"bolussnooze":0,"activity":-0.0029,"lastBolusTime":1702942716067,"time":"2023-12-19T03:38:23.509Z"}}],"profile":{"max_iob":10,"type":"current","max_daily_basal":0.25,"max_basal":1,"min_bg":90,"max_bg":90,"target_bg":90,"carb_ratio":15.6,"sens":84,"max_daily_safety_multiplier":5,"current_basal_safety_multiplier":5,"lgsThreshold":95,"high_temptarget_raises_sensitivity":false,"low_temptarget_lowers_sensitivity":false,"sensitivity_raises_target":true,"resistance_lowers_target":true,"adv_target_adjustments":false,"exercise_mode":false,"half_basal_exercise_target":160,"maxCOB":120,"skip_neutral_temps":false,"remainingCarbsCap":90,"enableUAM":true,"A52_risk_enable":false,"SMBInterval":5,"enableSMB_with_COB":true,"enableSMB_with_temptarget":false,"allowSMB_with_high_temptarget":false,"enableSMB_always":false,"enableSMB_after_carbs":true,"maxSMBBasalMinutes":120,"maxUAMSMBBasalMinutes":120,"bolus_increment":0.05,"carbsReqThreshold":1,"current_basal":0.20000000298023224,"temptargetSet":false,"autosens_max":1.2,"autosens_min":0.7,"variable_sens":77.7,"insulinDivisor":75,"TDD":22.09166037714313},"autosens_data":{"ratio":1},"meal_data":{"carbs":39,"mealCOB":0,"slopeFromMaxDeviation":-0.1903636363636364,"slopeFromMinDeviation":0.5995714285714285,"lastBolusTime":1702942716067,"lastCarbTime":1702935386937},"microBolusAllowed":true,"currentTime":1702943004795,"flatBGsDetected":false,"tdd1D":20.141666612277426,"tdd7D":26.78606000595613,"tddLast24H":20.17083328117927,"tddLast4H":4.245833320667346,"tddLast8to4H":0.7625000178813934},"output":{"temp":"absolute","bg":139,"tick":"+1","eventualBG":129,"targetBG":90,"insulinReq":0.22,"deliverAt":"2023-12-18T23:43:24.795Z","sensitivityRatio":1,"variable_sens":77.7,"predBGs":{"IOB":[139,139,139,139,139,138,137,136,134,133,131,129,126,124,122,120,118,117,115,114,112,111,110,109,108,107,106,105,105,104,104,103,103,102,102,102,101,101,101,101,100],"ZT":[139,135,131,127,124,120,117,114,110,108,105,102,100,98,96,95,93,92,91,90,89,89,89,88,88,89,89,89,90,90],"UAM":[139,140,140,140,140,141,141,141,141,141,141,141,141,141,141,141,141,140,140,139,139,138,137,137,136,135,134,134,133,133,132,132,131,131,131,130,130,130,130,129]},"reason":"COB: 0, Dev: 28, BGI: -4, ISF: 78, CR: 15.6, Target: 90, minPredBG 109, minGuardBG 129, IOBpredBG 100, UAMpredBG 129; Eventual BG 129 >= 90,  insulinReq 0.22. Waiting 0m 12s to microbolus again. temp 0.70 >~ req 0.64U\/hr. ","COB":0,"IOB":0.764,"timestamp":"2023-12-18T23:43:24.816Z"}}