{"algorithm":"OpenAPSSMBDynamicISFPlugin","input":{"glucoseStatus":{"glucose":106,"noise":0,"delta":1,"short_avgdelta":0.89,"long_avgdelta":1.07,"date":1702931273000},"currenttemp":{"temp":"absolute","duration":95,"rate":0,"minutesrunning":25},"iob_data":[{"iob":1.575,"basaliob":-0.033,"bolussnooze":1.2409,"activity":0.0129,"lastBolusTime":1702929831205,"time":"2023-12-18T20:28:24.599Z","iobWithZeroTemp":{"iob":1.575,"basaliob":-0.033,"bolussnooze":1.2409,"activity":0.0129,"lastBolusTime":1702929831205,"time":"2023-12-18T20:28:24.599Z"}},{"iob":1.509,"basaliob":-0.03,"bolussnooze":1.0901,"activity":0.0139,"lastBolusTime":1702929831205,"time":"2023-12-18T20:33:24.599Z","iobWithZeroTemp":{"iob":1.499,"basaliob":-0.04,"bolussnooze":1.0901,"activity":0.0139,"lastBolusTime":1702929831205,"time":"2023-12-18T20:33:24.599Z"}},{"iob":1.437,"basaliob":-0.028,"bolussnooze":0.9473,"activity":0.0146,"lastBolusTime":1702929831205,"time":"2023-12-18T20:38:24.599Z","iobWithZeroTemp":{"iob":1.415,"basaliob":-0.05,"bolussnooze":0.9473,"activity":0.0146,"lastBolusTime":1702929831205,"time":"2023-12-18T20:38:24.599Z"}},{"iob":1.363,"basaliob":-0.026,"bolussnooze":0.8153,"activity":0.0149,"lastBolusTime":1702929831205,"time":"2023-12-18T20:43:24.599Z","iobWithZeroTemp":{"iob":1.328,"basaliob":-0.061,"bolussnooze":0.8153,"activity":0.0148,"lastBolusTime":1702929831205,"time":"2023-12-18T20:43:24.599Z"}},{"iob":1.287,"basaliob":-0.025,"bolussnooze":0.6959,"activity":0.015,"lastBolusTime":1702929831205,"time":"2023-12-18T20:48:24.599Z","iobWithZeroTemp":{"iob":1.241,"basaliob":-0.071,"bolussnooze":0.6959,"activity":0.0148,"lastBolusTime":1702929831205,"time":"2023-12-18T20:48:24.599Z"}},{"iob":1.212,"basaliob":-0.023,"bolussnooze":0.5893,"activity":0.015,"lastBolusTime":1702929831205,"time":"2023-12-18T20:53:24.599Z","iobWithZeroTemp":{"iob":1.154,"basaliob":-0.081,"bolussnooze":0.5893,"activity":0.0147,"lastBolusTime":1702929831205,"time":"2023-12-18T20:53:24.599Z"}},{"iob":1.138,"basaliob":-0.021,"bolussnooze":0.4956,"activity":0.0148,"lastBolusTime":1702929831205,"time":"2023-12-18T20:58:24.599Z","iobWithZeroTemp":{"iob":1.069,"basaliob":-0.09,"bolussnooze":0.4956,"activity":0.0144,"lastBolusTime":1702929831205,"time":"2023-12-18T20:58:24.599Z"}},{"iob":1.065,"basaliob":-0.019,"bolussnooze":0.4139,"activity":0.0144,"lastBolusTime":1702929831205,"time":"2023-12-18T21:03:24.599Z","iobWithZeroTemp":{"iob":0.986,"basaliob":-0.098,"bolussnooze":0.4139,"activity":0.0139,"lastBolusTime":1702929831205,"time":"2023-12-18T21:03:24.599Z"}},{"iob":0.994,"basaliob":-0.018,"bolussnooze":0.3435,"activity":0.014,"lastBolusTime":1702929831205,"time":"2023-12-18T21:08:24.599Z","iobWithZeroTemp":{"iob":0.905,"basaliob":-0.107,"bolussnooze":0.3435,"activity":0.0134,"lastBolusTime":1702929831205,"time":"2023-12-18T21:08:24.599Z"}},{"iob":0.926,"basaliob":-0.016,"bolussnooze":0.2833,"activity":0.0135,"lastBolusTime":1702929831205,"time":"2023-12-18T21:13:24.599Z","iobWithZeroTemp":{"iob":0.827,"basaliob":-0.115,"bolussnooze":0.2833,"activity":0.0128,"lastBolusTime":1702929831205,"time":"2023-12-18T21:13:24.599Z"}},{"iob":0.859,"basaliob":-0.015,"bolussnooze":0.2321,"activity":0.0129,"lastBolusTime":1702929831205,"time":"2023-12-18T21:18:24.599Z","iobWithZeroTemp":{"iob":0.752,"basaliob":-0.122,"bolussnooze":0.2321,"activity":0.0121,"lastBolusTime":1702929831205,"time":"2023-12-18T21:18:24.599Z"}},{"iob":0.796,"basaliob":-0.014,"bolussnooze":0.189,"activity":0.0123,"lastBolusTime":1702929831205,"time":"2023-12-18T21:23:24.599Z","iobWithZeroTemp":{"iob":0.68,"basaliob":-0.13,"bolussnooze":0.189,"activity":0.0114,"lastBolusTime":1702929831205,"time":"2023-12-18T21:23:24.599Z"}},{"iob":0.737,"basaliob":-0.012,"bolussnooze":0.1529,"activity":0.0117,"lastBolusTime":1702929831205,"time":"2023-12-18T21:28:24.599Z","iobWithZeroTemp":{"iob":0.613,"basaliob":-0.136,"bolussnooze":0.1529,"activity":0.0107,"lastBolusTime":1702929831205,"time":"2023-12-18T21:28:24.599Z"}},{"iob":0.68,"basaliob":-0.011,"bolussnooze":0.1229,"activity":0.0111,"lastBolusTime":1702929831205,"time":"2023-12-18T21:33:24.599Z","iobWithZeroTemp":{"iob":0.549,"basaliob":-0.142,"bolussnooze":0.1229,"activity":0.01,"lastBolusTime":1702929831205,"time":"2023-12-18T21:33:24.599Z"}},{"iob":0.626,"basaliob":-0.01,"bolussnooze":0.098,"activity":0.0104,"lastBolusTime":1702929831205,"time":"2023-12-18T21:38:24.599Z","iobWithZeroTemp":{"iob":0.488,"basaliob":-0.148,"bolussnooze":0.098,"activity":0.0092,"lastBolusTime":1702929831205,"time":"2023-12-18T21:38:24.599Z"}},{"iob":0.576,"basaliob":-0.009,"bolussnooze":0.0776,"activity":0.0098,"lastBolusTime":1702929831205,"time":"2023-12-18T21:43:24.599Z","iobWithZeroTemp":{"iob":0.432,"basaliob":-0.153,"bolussnooze":0.0776,"activity":0.0085,"lastBolusTime":1702929831205,"time":"2023-12-18T21:43:24.599Z"}},{"iob":0.528,"basaliob":-0.009,"bolussnooze":0.0609,"activity":0.0091,"lastBolusTime":1702929831205,"time":"2023-12-18T21:48:24.599Z","iobWithZeroTemp":{"iob":0.378,"basaliob":-0.159,"bolussnooze":0.0609,"activity":0.0077,"lastBolusTime":1702929831205,"time":"2023-12-18T21:48:24.599Z"}},{"iob":0.484,"basaliob":-0.008,"bolussnooze":0.0474,"activity":0.0085,"lastBolusTime":1702929831205,"time":"2023-12-18T21:53:24.599Z","iobWithZeroTemp":{"iob":0.328,"basaliob":-0.164,"bolussnooze":0.0474,"activity":0.007,"lastBolusTime":1702929831205,"time":"2023-12-18T21:53:24.599Z"}},{"iob":0.443,"basaliob":-0.007,"bolussnooze":0.0364,"activity":0.008,"lastBolusTime":1702929831205,"time":"2023-12-18T21:58:24.599Z","iobWithZeroTemp":{"iob":0.282,"basaliob":-0.168,"bolussnooze":0.0364,"activity":0.0065,"lastBolusTime":1702929831205,"time":"2023-12-18T21:58:24.599Z"}},{"iob":0.405,"basaliob":-0.006,"bolussnooze":0.0277,"activity":0.0074,"lastBolusTime":1702929831205,"time":"2023-12-18T22:03:24.599Z","iobWithZeroTemp":{"iob":0.236,"basaliob":-0.175,"bolussnooze":0.0277,"activity":0.0058,"lastBolusTime":1702929831205,"time":"2023-12-18T22:03:24.599Z"}},{"iob":0.368,"basaliob":-0.006,"bolussnooze":0.0208,"activity":0.0069,"lastBolusTime":1702929831205,"time":"2023-12-18T22:08:24.599Z","iobWithZeroTemp":{"iob":0.19,"basaliob":-0.184,"bolussnooze":0.0208,"activity":0.0052,"lastBolusTime":1702929831205,"time":"2023-12-18T22:08:24.599Z"}},{"iob":0.336,"basaliob":-0.005,"bolussnooze":0.0153,"activity":0.0064,"lastBolusTime":1702929831205,"time":"2023-12-18T22:13:24.599Z","iobWithZeroTemp":{"iob":0.15,"basaliob":-0.191,"bolussnooze":0.0153,"activity":0.0046,"lastBolusTime":1702929831205,"time":"2023-12-18T22:13:24.599Z"}},{"iob":0.305,"basaliob":-0.005,"bolussnooze":0.0111,"activity":0.0059,"lastBolusTime":1702929831205,"time":"2023-12-18T22:18:24.599Z","iobWithZeroTemp":{"iob":0.112,"basaliob":-0.198,"bolussnooze":0.0111,"activity":0.004,"lastBolusTime":1702929831205,"time":"2023-12-18T22:18:24.599Z"}},{"iob":0.277,"basaliob":-0.004,"bolussnooze":0.0078,"activity":0.0054,"lastBolusTime":1702929831205,"time":"2023-12-18T22:23:24.599Z","iobWithZeroTemp":{"iob":0.077,"basaliob":-0.204,"bolussnooze":0.0078,"activity":0.0034,"lastBolusTime":1702929831205,"time":"2023-12-18T22:23:24.599Z"}},{"iob":0.25,"basaliob":-0.004,"bolussnooze":0.0054,"activity":0.005,"lastBolusTime":1702929831205,"time":"2023-12-18T22:28:24.599Z","iobWithZeroTemp":{"iob":0.043,"basaliob":-0.211,"bolussnooze":0.0054,"activity":0.003,"lastBolusTime":1702929831205,"time":"2023-12-18T22:28:24.599Z"}},{"iob":0.227,"basaliob":-0.003,"bolussnooze":0.0035,"activity":0.0046,"lastBolusTime":1702929831205,"time":"2023-12-18T22:33:24.599Z","iobWithZeroTemp":{"iob":0.014,"basaliob":-0.216,"bolussnooze":0.0035,"activity":0.0025,"lastBolusTime":1702929831205,"time":"2023-12-18T22:33:24.599Z"}},{"iob":0.205,"basaliob":-0.003,"bolussnooze":0.0022,"activity":0.0042,"lastBolusTime":1702929831205,"time":"2023-12-18T22:38:24.599Z","iobWithZeroTemp":{"iob":-0.014,"basaliob":-0.222,"bolussnooze":0.0022,"activity":0.002,"lastBolusTime":1702929831205,"time":"2023-12-18T22:38:24.599Z"}},{"iob":0.184,"basaliob":-0.003,"bolussnooze":0.0013,"activity":0.0038,"lastBolusTime":1702929831205,"time":"2023-12-18T22:43:24.599Z","iobWithZeroTemp":{"iob":-0.04,"basaliob":-0.227,"bolussnooze":0.0013,"activity":0.0015,"lastBolusTime":1702929831205,"time":"2023-12-18T22:43:24.599Z"}},{"iob":0.166,"basaliob":-0.003,"bolussnooze":6.0E-4,"activity":0.0035,"lastBolusTime":1702929831205,"time":"2023-12-18T22:48:24.599Z","iobWithZeroTemp":{"iob":-0.063,"basaliob":-0.232,"bolussnooze":6.0E-4,"activity":0.0011,"lastBolusTime":1702929831205,"time":"2023-12-18T22:48:24.599Z"}},{"iob":0.149,"basaliob":-0.002,"bolussnooze":3.0E-4,"activity":0.0032,"lastBolusTime":1702929831205,"time":"2023-12-18T22:53:24.599Z","iobWithZeroTemp":{"iob":-0.085,"basaliob":-0.236,"bolussnooze":3.0E-4,"activity":8.0E-4,"lastBolusTime":1702929831205,"time":"2023-12-18T22:53:24.599Z"}},{"iob":0.134,"basaliob":-0.002,"bolussnooze":1.0E-4,"activity":0.003,"lastBolusTime":1702929831205,"time":"2023-12-18T22:58:24.599Z","iobWithZeroTemp":{"iob":-0.104,"basaliob":-0.24,"bolussnooze":1.0E-4,"activity":5.0E-4,"lastBolusTime":1702929831205,"time":"2023-12-18T22:58:24.599Z"}},{"iob":0.12,"basaliob":-0.002,"bolussnooze":0,"activity":0.0027,"lastBolusTime":1702929831205,"time":"2023-12-18T23:03:24.599Z","iobWithZeroTemp":{"iob":-0.122,"basaliob":-0.244,"bolussnooze":0,"activity":1.0E-4,"lastBolusTime":1702929831205,"time":"2023-12-18T23:03:24.599Z"}},{"iob":0.107,"basaliob":-0.002,"bolussnooze":0,"activity":0.0025,"lastBolusTime":1702929831205,"time":"2023-12-18T23:08:24.599Z","iobWithZeroTemp":{"iob":-0.139,"basaliob":-0.248,"bolussnooze":0,"activity":-1.0E-4,"lastBolusTime":1702929831205,"time":"2023-12-18T23:08:24.599Z"}},{"iob":0.095,"basaliob":-0.002,"bolussnooze":0,"activity":0.0022,"lastBolusTime":1702929831205,"time":"2023-12-18T23:13:24.599Z","iobWithZeroTemp":{"iob":-0.154,"basaliob":-0.251,"bolussnooze":0,"activity":-5.0E-4,"lastBolusTime":1702929831205,"time":"2023-12-18T23:13:24.599Z"}},{"iob":0.085,"basaliob":-0.001,"bolussnooze":0,"activity":0.002,"lastBolusTime":1702929831205,"time":"2023-12-18T23:18:24.599Z","iobWithZeroTemp":{"iob":-0.167,"basaliob":-0.253,"bolussnooze":0,"activity":-7.0E-4,"lastBolusTime":1702929831205,"time":"2023-12-18T23:18:24.599Z"}},{"iob":0.076,"basaliob":-0.001,"bolussnooze":0,"activity":0.0018,"lastBolusTime":1702929831205,"time":"2023-12-18T23:23:24.599Z","iobWithZeroTemp":{"iob":-0.179,"basaliob":-0.256,"bolussnooze":0,"activity":-0.001,"lastBolusTime":1702929831205,"time":"2023-12-18T23:23:24.599Z"}},{"iob":0.067,"basaliob":-0.001,"bolussnooze":0,"activity":0.0017,"lastBolusTime":1702929831205,"time":"2023-12-18T23:28:24.599Z","iobWithZeroTemp":{"iob":-0.19,"basaliob":-0.258,"bolussnooze":0,"activity":-0.0011,"lastBolusTime":1702929831205,"time":"2023-12-18T23:28:24.599Z"}},{"iob":0.059,"basaliob":-0.001,"bolussnooze":0,"activity":0.0015,"lastBolusTime":1702929831205,"time":"2023-12-18T23:33:24.599Z","iobWithZeroTemp":{"iob":-0.201,"basaliob":-0.261,"bolussnooze":0,"activity":-0.0014,"lastBolusTime":1702929831205,"time":"2023-12-18T23:33:24.599Z"}},{"iob":0.052,"basaliob":-0.001,"bolussnooze":0,"activity":0.0013,"lastBolusTime":1702929831205,"time":"2023-12-18T23:38:24.599Z","iobWithZeroTemp":{"iob":-0.21,"basaliob":-0.263,"bolussnooze":0,"activity":-0.0016,"lastBolusTime":1702929831205,"time":"2023-12-18T23:38:24.599Z"}},{"iob":0.046,"basaliob":-0.001,"bolussnooze":0,"activity":0.0012,"lastBolusTime":1702929831205,"time":"2023-12-18T23:43:24.599Z","iobWithZeroTemp":{"iob":-0.218,"basaliob":-0.265,"bolussnooze":0,"activity":-0.0018,"lastBolusTime":1702929831205,"time":"2023-12-18T23:43:24.599Z"}},{"iob":0.04,"basaliob":-0.001,"bolussnooze":0,"activity":0.0011,"lastBolusTime":1702929831205,"time":"2023-12-18T23:48:24.599Z","iobWithZeroTemp":{"iob":-0.226,"basaliob":-0.267,"bolussnooze":0,"activity":-0.0019,"lastBolusTime":1702929831205,"time":"2023-12-18T23:48:24.599Z"}},{"iob":0.035,"basaliob":-0.001,"bolussnooze":0,"activity":0.001,"lastBolusTime":1702929831205,"time":"2023-12-18T23:53:24.599Z","iobWithZeroTemp":{"iob":-0.232,"basaliob":-0.268,"bolussnooze":0,"activity":-0.002,"lastBolusTime":1702929831205,"time":"2023-12-18T23:53:24.599Z"}},{"iob":0.03,"basaliob":-0.001,"bolussnooze":0,"activity":9.0E-4,"lastBolusTime":1702929831205,"time":"2023-12-18T23:58:24.599Z","iobWithZeroTemp":{"iob":-0.239,"basaliob":-0.27,"bolussnooze":0,"activity":-0.0022,"lastBolusTime":1702929831205,"time":"2023-12-18T23:58:24.599Z"}},{"iob":0.027,"basaliob":0,"bolussnooze":0,"activity":8.0E-4,"lastBolusTime":1702929831205,"time":"2023-12-19T00:03:24.599Z","iobWithZeroTemp":{"iob":-0.239,"basaliob":-0.266,"bolussnooze":0,"activity":-0.0023,"lastBolusTime":1702929831205,"time":"2023-12-19T00:03:24.599Z"}},{"iob":0.024,"basaliob":0,"bolussnooze":0,"activity":7.0E-4,"lastBolusTime":1702929831205,"time":"2023-12-19T00:08:24.599Z","iobWithZeroTemp":{"iob":-0.239,"basaliob":-0.263,"bolussnooze":0,"activity":-0.0024,"lastBolusTime":1702929831205,"time":"2023-12-19T00:08:24.599Z"}},{"iob":0.021,"basaliob":0,"bolussnooze":0,"activity":6.0E-4,"lastBolusTime":1702929831205,"time":"2023-12-19T00:13:24.599Z","iobWithZeroTemp":{"iob":-0.239,"basaliob":-0.26,"bolussnooze":0,"activity":-0.0025,"lastBolusTime":1702929831205,"time":"2023-12-19T00:13:24.599Z"}},{"iob":0.018,"basaliob":0,"bolussnooze":0,"activity":5.0E-4,"lastBolusTime":1702929831205,"time":"2023-12-19T00:18:24.599Z","iobWithZeroTemp":{"iob":-0.239,"basaliob":-0.257,"bolussnooze":0,"activity":-0.0026,"lastBolusTime":1702929831205,"time":"2023-12-19T00:18:24.599Z"}},{"iob":0.015,"basaliob":0,"bolussnooze":0,"activity":5.0E-4,"lastBolusTime":1702929831205,"time":"2023-12-19T00:23:24.599Z","iobWithZeroTemp":{"iob":-0.239,"basaliob":-0.254,"bolussnooze":0,"activity":-0.0026,"lastBolusTime":1702929831205,"time":"2023-12-19T00:23:24.599Z"}}],"profile":{"max_iob":10,"type":"current","max_daily_basal":0.25,"max_basal":0.75,"min_bg":90,"max_bg":90,"target_bg":90,"carb_ratio":14.8,"sens":84,"max_daily_safety_multiplier":5,"current_basal_safety_multiplier":5,"lgsThreshold":95,"high_temptarget_raises_sensitivity":false,"low_temptarget_lowers_sensitivity":false,"sensitivity_raises_target":true,"resistance_lowers_target":true,"adv_target_adjustments":false,"exercise_mode":false,"half_basal_exercise_target":160,"maxCOB":120,"skip_neutral_temps":false,"remainingCarbsCap":90,"enableUAM":true,"A52_risk_enable":false,"SMBInterval":5,"enableSMB_with_COB":true,"enableSMB_with_temptarget":false,"allowSMB_with_high_temptarget":false,"enableSMB_always":false,"enableSMB_after_carbs":true,"maxSMBBasalMinutes":120,"maxUAMSMBBasalMinutes":120,"bolus_increment":0.05,"carbsReqThreshold":1,"current_basal":0.15000000596046448,"temptargetSet":false,"autosens_max":1.2,"autosens_min":0.7,"variable_sens":82.4,"insulinDivisor":75,"TDD":24.794071344562756},"autosens_data":{"ratio":1},"meal_data":{"carbs":25,"mealCOB":25,"slopeFromMaxDeviation":0,"slopeFromMinDeviation":0.9753999999999998,"lastBolusTime":1702929831205,"lastCarbTime":1702931222433},"microBolusAllowed":true,"currentTime":1702931305492,"flatBGsDetected":false,"tdd1D":22.354166475186748,"tdd7D":26.782783919711285,"tddLast24H":19.424999931454657,"tddLast4H":2.1874999523162844,"tddLast8to4H":8.887499900907278},"output":{"temp":"absolute","bg":106,"tick":"+1","eventualBG":111,"targetBG":90,"insulinReq":0.22,"deliverAt":"2023-12-18T20:28:25.492Z","sensitivityRatio":1,"variable_sens":82.4,"predBGs":{"IOB":[106,106,106,104,102,100,96,92,88,83,77,71,65,58,51,43,39],"ZT":[106,101,95,88,81,74,66,58,49,40,39,39,39,39,39,39,39,39,39,39,39,39,39,39,39,39,39,39,39,39,39,39,39,39,39,39,39,39,39,39,39,39,39,39,39,39,39,39],"COB":[106,107,107,107,107,106,106,105,105,105,104,104,104,105,105,106,106,107,108,110,111,112,113,113,114,115,116,116,117,117,117,118,117,117,117,116,115,115,114,114,113,113,112,112,112,111],"UAM":[106,107,106,106,104,103,101,98,96,93,89,86,83,79,75,71,66,62,57,52,47,41,39]},"reason":"COB: 25, Dev: 37, BGI: -5, ISF: 82, CR: 14.8, Target: 90, minPredBG 108, minGuardBG 104, IOBpredBG 39, COBpredBG 111, UAMpredBG 39; Eventual BG 111 >= 90,  insulinReq 0.22; setting 60m low temp of 0U\/h. Microbolusing 0.1U. ","COB":25,"IOB":1.575,"units":0.1,"rate":0,"duration":60,"timestamp":"2023-12-18T20:28:25.498Z"}}