{"algorithm":"OpenAPSSMBDynamicISFPlugin","input":{"glucoseStatus":{"glucose":128,"noise":0,"delta":-1,"short_avgdelta":-1.11,"long_avgdelta":-1.53,"date":1702865271000},"currenttemp":{"temp":"absolute","duration":20,"rate":0,"minutesrunning":10},"iob_data":[{"iob":0.292,"basaliob":0.28,"bolussnooze":0,"activity":0.005,"lastBolusTime":1702853609765,"time":"2023-12-18T02:08:20.766Z","iobWithZeroTemp":{"iob":0.292,"basaliob":0.28,"bolussnooze":0,"activity":0.005,"lastBolusTime":1702853609765,"time":"2023-12-18T02:08:20.766Z"}},{"iob":0.267,"basaliob":0.257,"bolussnooze":0,"activity":0.0047,"lastBolusTime":1702853609765,"time":"2023-12-18T02:13:20.766Z","iobWithZeroTemp":{"iob":0.254,"basaliob":0.244,"bolussnooze":0,"activity":0.0047,"lastBolusTime":1702853609765,"time":"2023-12-18T02:13:20.766Z"}},{"iob":0.245,"basaliob":0.236,"bolussnooze":0,"activity":0.0043,"lastBolusTime":1702853609765,"time":"2023-12-18T02:18:20.766Z","iobWithZeroTemp":{"iob":0.215,"basaliob":0.206,"bolussnooze":0,"activity":0.0042,"lastBolusTime":1702853609765,"time":"2023-12-18T02:18:20.766Z"}},{"iob":0.224,"basaliob":0.216,"bolussnooze":0,"activity":0.0041,"lastBolusTime":1702853609765,"time":"2023-12-18T02:23:20.766Z","iobWithZeroTemp":{"iob":0.178,"basaliob":0.17,"bolussnooze":0,"activity":0.004,"lastBolusTime":1702853609765,"time":"2023-12-18T02:23:20.766Z"}},{"iob":0.204,"basaliob":0.197,"bolussnooze":0,"activity":0.0038,"lastBolusTime":1702853609765,"time":"2023-12-18T02:28:20.766Z","iobWithZeroTemp":{"iob":0.142,"basaliob":0.135,"bolussnooze":0,"activity":0.0036,"lastBolusTime":1702853609765,"time":"2023-12-18T02:28:20.766Z"}},{"iob":0.186,"basaliob":0.18,"bolussnooze":0,"activity":0.0035,"lastBolusTime":1702853609765,"time":"2023-12-18T02:33:20.766Z","iobWithZeroTemp":{"iob":0.109,"basaliob":0.103,"bolussnooze":0,"activity":0.0032,"lastBolusTime":1702853609765,"time":"2023-12-18T02:33:20.766Z"}},{"iob":0.169,"basaliob":0.164,"bolussnooze":0,"activity":0.0032,"lastBolusTime":1702853609765,"time":"2023-12-18T02:38:20.766Z","iobWithZeroTemp":{"iob":0.077,"basaliob":0.072,"bolussnooze":0,"activity":0.0027,"lastBolusTime":1702853609765,"time":"2023-12-18T02:38:20.766Z"}},{"iob":0.154,"basaliob":0.149,"bolussnooze":0,"activity":0.003,"lastBolusTime":1702853609765,"time":"2023-12-18T02:43:20.766Z","iobWithZeroTemp":{"iob":0.048,"basaliob":0.043,"bolussnooze":0,"activity":0.0024,"lastBolusTime":1702853609765,"time":"2023-12-18T02:43:20.766Z"}},{"iob":0.139,"basaliob":0.135,"bolussnooze":0,"activity":0.0027,"lastBolusTime":1702853609765,"time":"2023-12-18T02:48:20.766Z","iobWithZeroTemp":{"iob":0.02,"basaliob":0.016,"bolussnooze":0,"activity":0.002,"lastBolusTime":1702853609765,"time":"2023-12-18T02:48:20.766Z"}},{"iob":0.126,"basaliob":0.123,"bolussnooze":0,"activity":0.0025,"lastBolusTime":1702853609765,"time":"2023-12-18T02:53:20.766Z","iobWithZeroTemp":{"iob":-0.005,"basaliob":-0.008,"bolussnooze":0,"activity":0.0016,"lastBolusTime":1702853609765,"time":"2023-12-18T02:53:20.766Z"}},{"iob":0.114,"basaliob":0.111,"bolussnooze":0,"activity":0.0023,"lastBolusTime":1702853609765,"time":"2023-12-18T02:58:20.766Z","iobWithZeroTemp":{"iob":-0.029,"basaliob":-0.032,"bolussnooze":0,"activity":0.0013,"lastBolusTime":1702853609765,"time":"2023-12-18T02:58:20.766Z"}},{"iob":0.103,"basaliob":0.101,"bolussnooze":0,"activity":0.0021,"lastBolusTime":1702853609765,"time":"2023-12-18T03:03:20.766Z","iobWithZeroTemp":{"iob":-0.047,"basaliob":-0.049,"bolussnooze":0,"activity":9.0E-4,"lastBolusTime":1702853609765,"time":"2023-12-18T03:03:20.766Z"}},{"iob":0.093,"basaliob":0.091,"bolussnooze":0,"activity":0.002,"lastBolusTime":1702853609765,"time":"2023-12-18T03:08:20.766Z","iobWithZeroTemp":{"iob":-0.064,"basaliob":-0.066,"bolussnooze":0,"activity":7.0E-4,"lastBolusTime":1702853609765,"time":"2023-12-18T03:08:20.766Z"}},{"iob":0.084,"basaliob":0.082,"bolussnooze":0,"activity":0.0018,"lastBolusTime":1702853609765,"time":"2023-12-18T03:13:20.766Z","iobWithZeroTemp":{"iob":-0.079,"basaliob":-0.081,"bolussnooze":0,"activity":4.0E-4,"lastBolusTime":1702853609765,"time":"2023-12-18T03:13:20.766Z"}},{"iob":0.075,"basaliob":0.074,"bolussnooze":0,"activity":0.0017,"lastBolusTime":1702853609765,"time":"2023-12-18T03:18:20.766Z","iobWithZeroTemp":{"iob":-0.093,"basaliob":-0.094,"bolussnooze":0,"activity":2.0E-4,"lastBolusTime":1702853609765,"time":"2023-12-18T03:18:20.766Z"}},{"iob":0.067,"basaliob":0.066,"bolussnooze":0,"activity":0.0014,"lastBolusTime":1702853609765,"time":"2023-12-18T03:23:20.766Z","iobWithZeroTemp":{"iob":-0.105,"basaliob":-0.106,"bolussnooze":0,"activity":-2.0E-4,"lastBolusTime":1702853609765,"time":"2023-12-18T03:23:20.766Z"}},{"iob":0.06,"basaliob":0.059,"bolussnooze":0,"activity":0.0013,"lastBolusTime":1702853609765,"time":"2023-12-18T03:28:20.766Z","iobWithZeroTemp":{"iob":-0.117,"basaliob":-0.118,"bolussnooze":0,"activity":-4.0E-4,"lastBolusTime":1702853609765,"time":"2023-12-18T03:28:20.766Z"}},{"iob":0.054,"basaliob":0.053,"bolussnooze":0,"activity":0.0012,"lastBolusTime":1702853609765,"time":"2023-12-18T03:33:20.766Z","iobWithZeroTemp":{"iob":-0.127,"basaliob":-0.128,"bolussnooze":0,"activity":-6.0E-4,"lastBolusTime":1702853609765,"time":"2023-12-18T03:33:20.766Z"}},{"iob":0.048,"basaliob":0.047,"bolussnooze":0,"activity":0.0011,"lastBolusTime":1702853609765,"time":"2023-12-18T03:38:20.766Z","iobWithZeroTemp":{"iob":-0.136,"basaliob":-0.137,"bolussnooze":0,"activity":-8.0E-4,"lastBolusTime":1702853609765,"time":"2023-12-18T03:38:20.766Z"}},{"iob":0.043,"basaliob":0.042,"bolussnooze":0,"activity":0.001,"lastBolusTime":1702853609765,"time":"2023-12-18T03:43:20.766Z","iobWithZeroTemp":{"iob":-0.144,"basaliob":-0.145,"bolussnooze":0,"activity":-9.0E-4,"lastBolusTime":1702853609765,"time":"2023-12-18T03:43:20.766Z"}},{"iob":0.038,"basaliob":0.038,"bolussnooze":0,"activity":9.0E-4,"lastBolusTime":1702853609765,"time":"2023-12-18T03:48:20.766Z","iobWithZeroTemp":{"iob":-0.152,"basaliob":-0.152,"bolussnooze":0,"activity":-0.0011,"lastBolusTime":1702853609765,"time":"2023-12-18T03:48:20.766Z"}},{"iob":0.033,"basaliob":0.033,"bolussnooze":0,"activity":8.0E-4,"lastBolusTime":1702853609765,"time":"2023-12-18T03:53:20.766Z","iobWithZeroTemp":{"iob":-0.159,"basaliob":-0.159,"bolussnooze":0,"activity":-0.0012,"lastBolusTime":1702853609765,"time":"2023-12-18T03:53:20.766Z"}},{"iob":0.03,"basaliob":0.03,"bolussnooze":0,"activity":7.0E-4,"lastBolusTime":1702853609765,"time":"2023-12-18T03:58:20.766Z","iobWithZeroTemp":{"iob":-0.165,"basaliob":-0.165,"bolussnooze":0,"activity":-0.0014,"lastBolusTime":1702853609765,"time":"2023-12-18T03:58:20.766Z"}},{"iob":0.026,"basaliob":0.026,"bolussnooze":0,"activity":6.0E-4,"lastBolusTime":1702853609765,"time":"2023-12-18T04:03:20.766Z","iobWithZeroTemp":{"iob":-0.179,"basaliob":-0.179,"bolussnooze":0,"activity":-0.0015,"lastBolusTime":1702853609765,"time":"2023-12-18T04:03:20.766Z"}},{"iob":0.023,"basaliob":0.023,"bolussnooze":0,"activity":6.0E-4,"lastBolusTime":1702853609765,"time":"2023-12-18T04:08:20.766Z","iobWithZeroTemp":{"iob":-0.192,"basaliob":-0.192,"bolussnooze":0,"activity":-0.0016,"lastBolusTime":1702853609765,"time":"2023-12-18T04:08:20.766Z"}},{"iob":0.02,"basaliob":0.02,"bolussnooze":0,"activity":5.0E-4,"lastBolusTime":1702853609765,"time":"2023-12-18T04:13:20.766Z","iobWithZeroTemp":{"iob":-0.204,"basaliob":-0.204,"bolussnooze":0,"activity":-0.0018,"lastBolusTime":1702853609765,"time":"2023-12-18T04:13:20.766Z"}},{"iob":0.018,"basaliob":0.018,"bolussnooze":0,"activity":5.0E-4,"lastBolusTime":1702853609765,"time":"2023-12-18T04:18:20.766Z","iobWithZeroTemp":{"iob":-0.215,"basaliob":-0.215,"bolussnooze":0,"activity":-0.0019,"lastBolusTime":1702853609765,"time":"2023-12-18T04:18:20.766Z"}},{"iob":0.016,"basaliob":0.016,"bolussnooze":0,"activity":4.0E-4,"lastBolusTime":1702853609765,"time":"2023-12-18T04:23:20.766Z","iobWithZeroTemp":{"iob":-0.226,"basaliob":-0.226,"bolussnooze":0,"activity":-0.0021,"lastBolusTime":1702853609765,"time":"2023-12-18T04:23:20.766Z"}},{"iob":0.014,"basaliob":0.014,"bolussnooze":0,"activity":4.0E-4,"lastBolusTime":1702853609765,"time":"2023-12-18T04:28:20.766Z","iobWithZeroTemp":{"iob":-0.237,"basaliob":-0.237,"bolussnooze":0,"activity":-0.0021,"lastBolusTime":1702853609765,"time":"2023-12-18T04:28:20.766Z"}},{"iob":0.012,"basaliob":0.012,"bolussnooze":0,"activity":3.0E-4,"lastBolusTime":1702853609765,"time":"2023-12-18T04:33:20.766Z","iobWithZeroTemp":{"iob":-0.246,"basaliob":-0.246,"bolussnooze":0,"activity":-0.0023,"lastBolusTime":1702853609765,"time":"2023-12-18T04:33:20.766Z"}},{"iob":0.01,"basaliob":0.01,"bolussnooze":0,"activity":3.0E-4,"lastBolusTime":1702853609765,"time":"2023-12-18T04:38:20.766Z","iobWithZeroTemp":{"iob":-0.256,"basaliob":-0.256,"bolussnooze":0,"activity":-0.0024,"lastBolusTime":1702853609765,"time":"2023-12-18T04:38:20.766Z"}},{"iob":0.009,"basaliob":0.009,"bolussnooze":0,"activity":3.0E-4,"lastBolusTime":1702853609765,"time":"2023-12-18T04:43:20.766Z","iobWithZeroTemp":{"iob":-0.264,"basaliob":-0.264,"bolussnooze":0,"activity":-0.0025,"lastBolusTime":1702853609765,"time":"2023-12-18T04:43:20.766Z"}},{"iob":0.008,"basaliob":0.008,"bolussnooze":0,"activity":2.0E-4,"lastBolusTime":1702853609765,"time":"2023-12-18T04:48:20.766Z","iobWithZeroTemp":{"iob":-0.271,"basaliob":-0.271,"bolussnooze":0,"activity":-0.0027,"lastBolusTime":1702853609765,"time":"2023-12-18T04:48:20.766Z"}},{"iob":0.007,"basaliob":0.007,"bolussnooze":0,"activity":2.0E-4,"lastBolusTime":1702853609765,"time":"2023-12-18T04:53:20.766Z","iobWithZeroTemp":{"iob":-0.278,"basaliob":-0.278,"bolussnooze":0,"activity":-0.0028,"lastBolusTime":1702853609765,"time":"2023-12-18T04:53:20.766Z"}},{"iob":0.006,"basaliob":0.006,"bolussnooze":0,"activity":2.0E-4,"lastBolusTime":0,"time":"2023-12-18T04:58:20.766Z","iobWithZeroTemp":{"iob":-0.285,"basaliob":-0.285,"bolussnooze":0,"activity":-0.0029,"lastBolusTime":0,"time":"2023-12-18T04:58:20.766Z"}},{"iob":0.005,"basaliob":0.005,"bolussnooze":0,"activity":2.0E-4,"lastBolusTime":0,"time":"2023-12-18T05:03:20.766Z","iobWithZeroTemp":{"iob":-0.287,"basaliob":-0.287,"bolussnooze":0,"activity":-0.0029,"lastBolusTime":0,"time":"2023-12-18T05:03:20.766Z"}},{"iob":0.004,"basaliob":0.004,"bolussnooze":0,"activity":1.0E-4,"lastBolusTime":0,"time":"2023-12-18T05:08:20.766Z","iobWithZeroTemp":{"iob":-0.289,"basaliob":-0.289,"bolussnooze":0,"activity":-0.0031,"lastBolusTime":0,"time":"2023-12-18T05:08:20.766Z"}},{"iob":0.003,"basaliob":0.003,"bolussnooze":0,"activity":1.0E-4,"lastBolusTime":0,"time":"2023-12-18T05:13:20.766Z","iobWithZeroTemp":{"iob":-0.29,"basaliob":-0.29,"bolussnooze":0,"activity":-0.0032,"lastBolusTime":0,"time":"2023-12-18T05:13:20.766Z"}},{"iob":0.003,"basaliob":0.003,"bolussnooze":0,"activity":1.0E-4,"lastBolusTime":0,"time":"2023-12-18T05:18:20.766Z","iobWithZeroTemp":{"iob":-0.291,"basaliob":-0.291,"bolussnooze":0,"activity":-0.0032,"lastBolusTime":0,"time":"2023-12-18T05:18:20.766Z"}},{"iob":0.002,"basaliob":0.002,"bolussnooze":0,"activity":1.0E-4,"lastBolusTime":0,"time":"2023-12-18T05:23:20.766Z","iobWithZeroTemp":{"iob":-0.292,"basaliob":-0.292,"bolussnooze":0,"activity":-0.0032,"lastBolusTime":0,"time":"2023-12-18T05:23:20.766Z"}},{"iob":0.002,"basaliob":0.002,"bolussnooze":0,"activity":1.0E-4,"lastBolusTime":0,"time":"2023-12-18T05:28:20.766Z","iobWithZeroTemp":{"iob":-0.292,"basaliob":-0.292,"bolussnooze":0,"activity":-0.0033,"lastBolusTime":0,"time":"2023-12-18T05:28:20.766Z"}},{"iob":0.002,"basaliob":0.002,"bolussnooze":0,"activity":1.0E-4,"lastBolusTime":0,"time":"2023-12-18T05:33:20.766Z","iobWithZeroTemp":{"iob":-0.291,"basaliob":-0.291,"bolussnooze":0,"activity":-0.0033,"lastBolusTime":0,"time":"2023-12-18T05:33:20.766Z"}},{"iob":0.001,"basaliob":0.001,"bolussnooze":0,"activity":1.0E-4,"lastBolusTime":0,"time":"2023-12-18T05:38:20.766Z","iobWithZeroTemp":{"iob":-0.292,"basaliob":-0.292,"bolussnooze":0,"activity":-0.0033,"lastBolusTime":0,"time":"2023-12-18T05:38:20.766Z"}},{"iob":0.001,"basaliob":0.001,"bolussnooze":0,"activity":0,"lastBolusTime":0,"time":"2023-12-18T05:43:20.766Z","iobWithZeroTemp":{"iob":-0.292,"basaliob":-0.292,"bolussnooze":0,"activity":-0.0034,"lastBolusTime":0,"time":"2023-12-18T05:43:20.766Z"}},{"iob":0.001,"basaliob":0.001,"bolussnooze":0,"activity":0,"lastBolusTime":0,"time":"2023-12-18T05:48:20.766Z","iobWithZeroTemp":{"iob":-0.291,"basaliob":-0.291,"bolussnooze":0,"activity":-0.0034,"lastBolusTime":0,"time":"2023-12-18T05:48:20.766Z"}},{"iob":0.001,"basaliob":0.001,"bolussnooze":0,"activity":0,"lastBolusTime":0,"time":"2023-12-18T05:53:20.766Z","iobWithZeroTemp":{"iob":-0.291,"basaliob":-0.291,"bolussnooze":0,"activity":-0.0034,"lastBolusTime":0,"time":"2023-12-18T05:53:20.766Z"}},{"iob":0,"basaliob":0,"bolussnooze":0,"activity":0,"lastBolusTime":0,"time":"2023-12-18T05:58:20.766Z","iobWithZeroTemp":{"iob":-0.291,"basaliob":-0.291,"bolussnooze":0,"activity":-0.0034,"lastBolusTime":0,"time":"2023-12-18T05:58:20.766Z"}},{"iob":0,"basaliob":0,"bolussnooze":0,"activity":0,"lastBolusTime":0,"time":"2023-12-18T06:03:20.766Z","iobWithZeroTemp":{"iob":-0.295,"basaliob":-0.295,"bolussnooze":0,"activity":-0.0035,"lastBolusTime":0,"time":"2023-12-18T06:03:20.766Z"}}],"profile":{"max_iob":10,"type":"current","max_daily_basal":0.25,"max_basal":1,"min_bg":90,"max_bg":90,"target_bg":90,"carb_ratio":15.6,"sens":84,"max_daily_safety_multiplier":5,"current_basal_safety_multiplier":5,"lgsThreshold":95,"high_temptarget_raises_sensitivity":false,"low_temptarget_lowers_sensitivity":false,"sensitivity_raises_target":true,"resistance_lowers_target":true,"adv_target_adjustments":false,"exercise_mode":false,"half_basal_exercise_target":160,"maxCOB":120,"skip_neutral_temps":false,"remainingCarbsCap":90,"enableUAM":true,"A52_risk_enable":false,"SMBInterval":5,"enableSMB_with_COB":true,"enableSMB_with_temptarget":false,"allowSMB_with_high_temptarget":false,"enableSMB_always":false,"enableSMB_after_carbs":true,"maxSMBBasalMinutes":120,"maxUAMSMBBasalMinutes":120,"bolus_increment":0.05,"carbsReqThreshold":1,"current_basal":0.20000000298023224,"temptargetSet":false,"autosens_max":1.2,"autosens_min":0.7,"variable_sens":85.6,"insulinDivisor":75,"TDD":21.128596492969383},"autosens_data":{"ratio":1},"meal_data":{"carbs":0,"mealCOB":0,"slopeFromMaxDeviation":-0.3789090909090908,"slopeFromMinDeviation":0.20750000000000002,"lastBolusTime":1702853609765,"lastCarbTime":0},"microBolusAllowed":true,"currentTime":1702865302666,"flatBGsDetected":false,"tdd1D":22.354166475186748,"tdd7D":26.782783919711285,"tddLast24H":21.929166437933844,"tddLast4H":2.000000004470348,"tddLast8to4H":3.154166695723931},"output":{"temp":"absolute","bg":128,"tick":-1,"eventualBG":109,"targetBG":90,"insulinReq":0.19,"deliverAt":"2023-12-18T02:08:22.666Z","sensitivityRatio":1,"variable_sens":85.6,"predBGs":{"IOB":[128,127,126,124,123,122,121,120,119,118,117,116,115,114,114,113,112,112,111,111,110,110,109,109,109,108,108,108,108,108,107,107,107,107,107,107,107,107,107,107,106],"ZT":[128,126,124,122,120,119,117,116,115,114,113,113,112,112,112,112,112,112,112,113,113,113,114,115,115],"UAM":[128,126,125,123,121,119,118,116,115,114,113,112,111,110,109,108,107,107,106,106,105,105,104,104,104,103,103,103,103,102,102,102,102,102,102,102,102,101]},"reason":"COB: 0, Dev: 6, BGI: -2, ISF: 86, CR: 15.6, Target: 90, minPredBG 107, minGuardBG 101, IOBpredBG 106, UAMpredBG 101; Eventual BG 109 >= 90, temp 0.00 < 0.58U\/hr. ","COB":0,"IOB":0.292,"duration":30,"rate":0.5800000029802322,"timestamp":"2023-12-18T02:08:22.697Z"}}