{"algorithm":"OpenAPSSMBDynamicISFPlugin","input":{"glucoseStatus":{"glucose":133,"noise":0,"delta":3,"short_avgdelta":3.39,"long_avgdelta":3.33,"date":1703000575000},"currenttemp":{"temp":"absolute","duration":20,"rate":0.05,"minutesrunning":10},"iob_data":[{"iob":0.661,"basaliob":-0.179,"bolussnooze":0.0018,"activity":0.0105,"lastBolusTime":1702999718566,"time":"2023-12-19T15:43:24.953Z","iobWithZeroTemp":{"iob":0.661,"basaliob":-0.179,"bolussnooze":0.0018,"activity":0.0105,"lastBolusTime":1702999718566,"time":"2023-12-19T15:43:24.953Z"}},{"iob":0.61,"basaliob":-0.166,"bolussnooze":8.0E-4,"activity":0.01,"lastBolusTime":1702999718566,"time":"2023-12-19T15:48:24.953Z","iobWithZeroTemp":{"iob":0.597,"basaliob":-0.179,"bolussnooze":8.0E-4,"activity":0.01,"lastBolusTime":1702999718566,"time":"2023-12-19T15:48:24.953Z"}},{"iob":0.561,"basaliob":-0.155,"bolussnooze":2.0E-4,"activity":0.0094,"lastBolusTime":1702999718566,"time":"2023-12-19T15:53:24.953Z","iobWithZeroTemp":{"iob":0.531,"basaliob":-0.185,"bolussnooze":2.0E-4,"activity":0.0093,"lastBolusTime":1702999718566,"time":"2023-12-19T15:53:24.953Z"}},{"iob":0.516,"basaliob":-0.143,"bolussnooze":0,"activity":0.0088,"lastBolusTime":1702999718566,"time":"2023-12-19T15:58:24.953Z","iobWithZeroTemp":{"iob":0.47,"basaliob":-0.189,"bolussnooze":0,"activity":0.0087,"lastBolusTime":1702999718566,"time":"2023-12-19T15:58:24.953Z"}},{"iob":0.473,"basaliob":-0.133,"bolussnooze":0,"activity":0.0083,"lastBolusTime":1702999718566,"time":"2023-12-19T16:03:24.953Z","iobWithZeroTemp":{"iob":0.411,"basaliob":-0.195,"bolussnooze":0,"activity":0.0081,"lastBolusTime":1702999718566,"time":"2023-12-19T16:03:24.953Z"}},{"iob":0.432,"basaliob":-0.123,"bolussnooze":0,"activity":0.0077,"lastBolusTime":1702999718566,"time":"2023-12-19T16:08:24.953Z","iobWithZeroTemp":{"iob":0.355,"basaliob":-0.2,"bolussnooze":0,"activity":0.0074,"lastBolusTime":1702999718566,"time":"2023-12-19T16:08:24.953Z"}},{"iob":0.395,"basaliob":-0.113,"bolussnooze":0,"activity":0.0072,"lastBolusTime":1702999718566,"time":"2023-12-19T16:13:24.953Z","iobWithZeroTemp":{"iob":0.303,"basaliob":-0.205,"bolussnooze":0,"activity":0.0067,"lastBolusTime":1702999718566,"time":"2023-12-19T16:13:24.953Z"}},{"iob":0.36,"basaliob":-0.104,"bolussnooze":0,"activity":0.0067,"lastBolusTime":1702999718566,"time":"2023-12-19T16:18:24.953Z","iobWithZeroTemp":{"iob":0.254,"basaliob":-0.21,"bolussnooze":0,"activity":0.0061,"lastBolusTime":1702999718566,"time":"2023-12-19T16:18:24.953Z"}},{"iob":0.328,"basaliob":-0.095,"bolussnooze":0,"activity":0.0063,"lastBolusTime":1702999718566,"time":"2023-12-19T16:23:24.953Z","iobWithZeroTemp":{"iob":0.209,"basaliob":-0.214,"bolussnooze":0,"activity":0.0056,"lastBolusTime":1702999718566,"time":"2023-12-19T16:23:24.953Z"}},{"iob":0.298,"basaliob":-0.087,"bolussnooze":0,"activity":0.0058,"lastBolusTime":1702999718566,"time":"2023-12-19T16:28:24.953Z","iobWithZeroTemp":{"iob":0.167,"basaliob":-0.218,"bolussnooze":0,"activity":0.0049,"lastBolusTime":1702999718566,"time":"2023-12-19T16:28:24.953Z"}},{"iob":0.27,"basaliob":-0.08,"bolussnooze":0,"activity":0.0054,"lastBolusTime":1702999718566,"time":"2023-12-19T16:33:24.953Z","iobWithZeroTemp":{"iob":0.127,"basaliob":-0.223,"bolussnooze":0,"activity":0.0044,"lastBolusTime":1702999718566,"time":"2023-12-19T16:33:24.953Z"}},{"iob":0.245,"basaliob":-0.073,"bolussnooze":0,"activity":0.0049,"lastBolusTime":1702999718566,"time":"2023-12-19T16:38:24.953Z","iobWithZeroTemp":{"iob":0.091,"basaliob":-0.227,"bolussnooze":0,"activity":0.0037,"lastBolusTime":1702999718566,"time":"2023-12-19T16:38:24.953Z"}},{"iob":0.221,"basaliob":-0.067,"bolussnooze":0,"activity":0.0045,"lastBolusTime":1702999718566,"time":"2023-12-19T16:43:24.953Z","iobWithZeroTemp":{"iob":0.056,"basaliob":-0.232,"bolussnooze":0,"activity":0.0032,"lastBolusTime":1702999718566,"time":"2023-12-19T16:43:24.953Z"}},{"iob":0.199,"basaliob":-0.061,"bolussnooze":0,"activity":0.0042,"lastBolusTime":1702999718566,"time":"2023-12-19T16:48:24.953Z","iobWithZeroTemp":{"iob":0.024,"basaliob":-0.236,"bolussnooze":0,"activity":0.0028,"lastBolusTime":1702999718566,"time":"2023-12-19T16:48:24.953Z"}},{"iob":0.18,"basaliob":-0.055,"bolussnooze":0,"activity":0.0037,"lastBolusTime":1702999718566,"time":"2023-12-19T16:53:24.953Z","iobWithZeroTemp":{"iob":-0.004,"basaliob":-0.239,"bolussnooze":0,"activity":0.0021,"lastBolusTime":1702999718566,"time":"2023-12-19T16:53:24.953Z"}},{"iob":0.162,"basaliob":-0.05,"bolussnooze":0,"activity":0.0034,"lastBolusTime":1702999718566,"time":"2023-12-19T16:58:24.953Z","iobWithZeroTemp":{"iob":-0.03,"basaliob":-0.242,"bolussnooze":0,"activity":0.0017,"lastBolusTime":1702999718566,"time":"2023-12-19T16:58:24.953Z"}},{"iob":0.146,"basaliob":-0.045,"bolussnooze":0,"activity":0.0032,"lastBolusTime":1702999718566,"time":"2023-12-19T17:03:24.953Z","iobWithZeroTemp":{"iob":-0.054,"basaliob":-0.245,"bolussnooze":0,"activity":0.0014,"lastBolusTime":1702999718566,"time":"2023-12-19T17:03:24.953Z"}},{"iob":0.13,"basaliob":-0.041,"bolussnooze":0,"activity":0.0029,"lastBolusTime":1702999718566,"time":"2023-12-19T17:08:24.953Z","iobWithZeroTemp":{"iob":-0.077,"basaliob":-0.248,"bolussnooze":0,"activity":0.001,"lastBolusTime":1702999718566,"time":"2023-12-19T17:08:24.953Z"}},{"iob":0.117,"basaliob":-0.037,"bolussnooze":0,"activity":0.0026,"lastBolusTime":1702999718566,"time":"2023-12-19T17:13:24.953Z","iobWithZeroTemp":{"iob":-0.097,"basaliob":-0.251,"bolussnooze":0,"activity":6.0E-4,"lastBolusTime":1702999718566,"time":"2023-12-19T17:13:24.953Z"}},{"iob":0.104,"basaliob":-0.033,"bolussnooze":0,"activity":0.0024,"lastBolusTime":1702999718566,"time":"2023-12-19T17:18:24.953Z","iobWithZeroTemp":{"iob":-0.116,"basaliob":-0.253,"bolussnooze":0,"activity":3.0E-4,"lastBolusTime":1702999718566,"time":"2023-12-19T17:18:24.953Z"}},{"iob":0.093,"basaliob":-0.03,"bolussnooze":0,"activity":0.0022,"lastBolusTime":1702999718566,"time":"2023-12-19T17:23:24.953Z","iobWithZeroTemp":{"iob":-0.133,"basaliob":-0.256,"bolussnooze":0,"activity":0,"lastBolusTime":1702999718566,"time":"2023-12-19T17:23:24.953Z"}},{"iob":0.083,"basaliob":-0.027,"bolussnooze":0,"activity":0.0019,"lastBolusTime":1702999718566,"time":"2023-12-19T17:28:24.953Z","iobWithZeroTemp":{"iob":-0.148,"basaliob":-0.258,"bolussnooze":0,"activity":-4.0E-4,"lastBolusTime":1702999718566,"time":"2023-12-19T17:28:24.953Z"}},{"iob":0.074,"basaliob":-0.024,"bolussnooze":0,"activity":0.0018,"lastBolusTime":1702999718566,"time":"2023-12-19T17:33:24.953Z","iobWithZeroTemp":{"iob":-0.162,"basaliob":-0.26,"bolussnooze":0,"activity":-6.0E-4,"lastBolusTime":1702999718566,"time":"2023-12-19T17:33:24.953Z"}},{"iob":0.065,"basaliob":-0.022,"bolussnooze":0,"activity":0.0016,"lastBolusTime":1702999718566,"time":"2023-12-19T17:38:24.953Z","iobWithZeroTemp":{"iob":-0.175,"basaliob":-0.262,"bolussnooze":0,"activity":-9.0E-4,"lastBolusTime":1702999718566,"time":"2023-12-19T17:38:24.953Z"}},{"iob":0.058,"basaliob":-0.019,"bolussnooze":0,"activity":0.0015,"lastBolusTime":1702999718566,"time":"2023-12-19T17:43:24.953Z","iobWithZeroTemp":{"iob":-0.186,"basaliob":-0.263,"bolussnooze":0,"activity":-0.0011,"lastBolusTime":1702999718566,"time":"2023-12-19T17:43:24.953Z"}},{"iob":0.051,"basaliob":-0.017,"bolussnooze":0,"activity":0.0013,"lastBolusTime":1702999718566,"time":"2023-12-19T17:48:24.953Z","iobWithZeroTemp":{"iob":-0.197,"basaliob":-0.265,"bolussnooze":0,"activity":-0.0013,"lastBolusTime":1702999718566,"time":"2023-12-19T17:48:24.953Z"}},{"iob":0.045,"basaliob":-0.015,"bolussnooze":0,"activity":0.0011,"lastBolusTime":1702999718566,"time":"2023-12-19T17:53:24.953Z","iobWithZeroTemp":{"iob":-0.206,"basaliob":-0.266,"bolussnooze":0,"activity":-0.0016,"lastBolusTime":1702999718566,"time":"2023-12-19T17:53:24.953Z"}},{"iob":0.039,"basaliob":-0.014,"bolussnooze":0,"activity":0.001,"lastBolusTime":1702999718566,"time":"2023-12-19T17:58:24.953Z","iobWithZeroTemp":{"iob":-0.215,"basaliob":-0.268,"bolussnooze":0,"activity":-0.0018,"lastBolusTime":1702999718566,"time":"2023-12-19T17:58:24.953Z"}},{"iob":0.035,"basaliob":-0.012,"bolussnooze":0,"activity":9.0E-4,"lastBolusTime":1702999718566,"time":"2023-12-19T18:03:24.953Z","iobWithZeroTemp":{"iob":-0.222,"basaliob":-0.269,"bolussnooze":0,"activity":-0.0019,"lastBolusTime":1702999718566,"time":"2023-12-19T18:03:24.953Z"}},{"iob":0.03,"basaliob":-0.011,"bolussnooze":0,"activity":8.0E-4,"lastBolusTime":1702999718566,"time":"2023-12-19T18:08:24.953Z","iobWithZeroTemp":{"iob":-0.23,"basaliob":-0.271,"bolussnooze":0,"activity":-0.0021,"lastBolusTime":1702999718566,"time":"2023-12-19T18:08:24.953Z"}},{"iob":0.027,"basaliob":-0.009,"bolussnooze":0,"activity":7.0E-4,"lastBolusTime":1702999718566,"time":"2023-12-19T18:13:24.953Z","iobWithZeroTemp":{"iob":-0.235,"basaliob":-0.271,"bolussnooze":0,"activity":-0.0022,"lastBolusTime":1702999718566,"time":"2023-12-19T18:13:24.953Z"}},{"iob":0.024,"basaliob":-0.008,"bolussnooze":0,"activity":6.0E-4,"lastBolusTime":1702999718566,"time":"2023-12-19T18:18:24.953Z","iobWithZeroTemp":{"iob":-0.24,"basaliob":-0.272,"bolussnooze":0,"activity":-0.0023,"lastBolusTime":1702999718566,"time":"2023-12-19T18:18:24.953Z"}},{"iob":0.021,"basaliob":-0.007,"bolussnooze":0,"activity":5.0E-4,"lastBolusTime":1702999718566,"time":"2023-12-19T18:23:24.953Z","iobWithZeroTemp":{"iob":-0.245,"basaliob":-0.273,"bolussnooze":0,"activity":-0.0025,"lastBolusTime":1702999718566,"time":"2023-12-19T18:23:24.953Z"}},{"iob":0.018,"basaliob":-0.006,"bolussnooze":0,"activity":5.0E-4,"lastBolusTime":1702999718566,"time":"2023-12-19T18:28:24.953Z","iobWithZeroTemp":{"iob":-0.25,"basaliob":-0.274,"bolussnooze":0,"activity":-0.0025,"lastBolusTime":1702999718566,"time":"2023-12-19T18:28:24.953Z"}},{"iob":0.015,"basaliob":-0.006,"bolussnooze":0,"activity":4.0E-4,"lastBolusTime":1702999718566,"time":"2023-12-19T18:33:24.953Z","iobWithZeroTemp":{"iob":-0.254,"basaliob":-0.275,"bolussnooze":0,"activity":-0.0027,"lastBolusTime":1702999718566,"time":"2023-12-19T18:33:24.953Z"}},{"iob":0.014,"basaliob":-0.005,"bolussnooze":0,"activity":4.0E-4,"lastBolusTime":1702999718566,"time":"2023-12-19T18:38:24.953Z","iobWithZeroTemp":{"iob":-0.256,"basaliob":-0.275,"bolussnooze":0,"activity":-0.0027,"lastBolusTime":1702999718566,"time":"2023-12-19T18:38:24.953Z"}},{"iob":0.012,"basaliob":-0.004,"bolussnooze":0,"activity":3.0E-4,"lastBolusTime":1702999718566,"time":"2023-12-19T18:43:24.953Z","iobWithZeroTemp":{"iob":-0.26,"basaliob":-0.276,"bolussnooze":0,"activity":-0.0028,"lastBolusTime":1702999718566,"time":"2023-12-19T18:43:24.953Z"}},{"iob":0.01,"basaliob":-0.004,"bolussnooze":0,"activity":3.0E-4,"lastBolusTime":1702999718566,"time":"2023-12-19T18:48:24.953Z","iobWithZeroTemp":{"iob":-0.263,"basaliob":-0.277,"bolussnooze":0,"activity":-0.0028,"lastBolusTime":1702999718566,"time":"2023-12-19T18:48:24.953Z"}},{"iob":0.009,"basaliob":-0.003,"bolussnooze":0,"activity":2.0E-4,"lastBolusTime":1702999718566,"time":"2023-12-19T18:53:24.953Z","iobWithZeroTemp":{"iob":-0.265,"basaliob":-0.277,"bolussnooze":0,"activity":-0.003,"lastBolusTime":1702999718566,"time":"2023-12-19T18:53:24.953Z"}},{"iob":0.008,"basaliob":-0.003,"bolussnooze":0,"activity":2.0E-4,"lastBolusTime":1702999718566,"time":"2023-12-19T18:58:24.953Z","iobWithZeroTemp":{"iob":-0.267,"basaliob":-0.278,"bolussnooze":0,"activity":-0.003,"lastBolusTime":1702999718566,"time":"2023-12-19T18:58:24.953Z"}},{"iob":0.007,"basaliob":-0.002,"bolussnooze":0,"activity":2.0E-4,"lastBolusTime":1702999718566,"time":"2023-12-19T19:03:24.953Z","iobWithZeroTemp":{"iob":-0.264,"basaliob":-0.273,"bolussnooze":0,"activity":-0.003,"lastBolusTime":1702999718566,"time":"2023-12-19T19:03:24.953Z"}},{"iob":0.006,"basaliob":-0.002,"bolussnooze":0,"activity":1.0E-4,"lastBolusTime":1702999718566,"time":"2023-12-19T19:08:24.953Z","iobWithZeroTemp":{"iob":-0.262,"basaliob":-0.27,"bolussnooze":0,"activity":-0.0031,"lastBolusTime":1702999718566,"time":"2023-12-19T19:08:24.953Z"}},{"iob":0.005,"basaliob":-0.002,"bolussnooze":0,"activity":1.0E-4,"lastBolusTime":1702999718566,"time":"2023-12-19T19:13:24.953Z","iobWithZeroTemp":{"iob":-0.259,"basaliob":-0.266,"bolussnooze":0,"activity":-0.0031,"lastBolusTime":1702999718566,"time":"2023-12-19T19:13:24.953Z"}},{"iob":0.005,"basaliob":-0.001,"bolussnooze":0,"activity":2.0E-4,"lastBolusTime":1702999718566,"time":"2023-12-19T19:18:24.953Z","iobWithZeroTemp":{"iob":-0.256,"basaliob":-0.262,"bolussnooze":0,"activity":-0.003,"lastBolusTime":1702999718566,"time":"2023-12-19T19:18:24.953Z"}},{"iob":0.004,"basaliob":-0.001,"bolussnooze":0,"activity":2.0E-4,"lastBolusTime":1702999718566,"time":"2023-12-19T19:23:24.953Z","iobWithZeroTemp":{"iob":-0.254,"basaliob":-0.259,"bolussnooze":0,"activity":-0.003,"lastBolusTime":1702999718566,"time":"2023-12-19T19:23:24.953Z"}},{"iob":0.004,"basaliob":-0.001,"bolussnooze":0,"activity":1.0E-4,"lastBolusTime":1702999718566,"time":"2023-12-19T19:28:24.953Z","iobWithZeroTemp":{"iob":-0.25,"basaliob":-0.255,"bolussnooze":0,"activity":-0.003,"lastBolusTime":1702999718566,"time":"2023-12-19T19:28:24.953Z"}},{"iob":0.003,"basaliob":-0.001,"bolussnooze":0,"activity":1.0E-4,"lastBolusTime":1702999718566,"time":"2023-12-19T19:33:24.953Z","iobWithZeroTemp":{"iob":-0.248,"basaliob":-0.252,"bolussnooze":0,"activity":-0.003,"lastBolusTime":1702999718566,"time":"2023-12-19T19:33:24.953Z"}},{"iob":0.002,"basaliob":-0.001,"bolussnooze":0,"activity":1.0E-4,"lastBolusTime":1702999718566,"time":"2023-12-19T19:38:24.953Z","iobWithZeroTemp":{"iob":-0.246,"basaliob":-0.249,"bolussnooze":0,"activity":-0.003,"lastBolusTime":1702999718566,"time":"2023-12-19T19:38:24.953Z"}}],"profile":{"max_iob":10,"type":"current","max_daily_basal":0.25,"max_basal":1,"min_bg":90,"max_bg":90,"target_bg":90,"carb_ratio":12.4,"sens":79,"max_daily_safety_multiplier":5,"current_basal_safety_multiplier":5,"lgsThreshold":95,"high_temptarget_raises_sensitivity":false,"low_temptarget_lowers_sensitivity":false,"sensitivity_raises_target":true,"resistance_lowers_target":true,"adv_target_adjustments":false,"exercise_mode":false,"half_basal_exercise_target":160,"maxCOB":120,"skip_neutral_temps":false,"remainingCarbsCap":90,"enableUAM":true,"A52_risk_enable":false,"SMBInterval":5,"enableSMB_with_COB":true,"enableSMB_with_temptarget":false,"allowSMB_with_high_temptarget":false,"enableSMB_always":false,"enableSMB_after_carbs":true,"maxSMBBasalMinutes":120,"maxUAMSMBBasalMinutes":120,"bolus_increment":0.05,"carbsReqThreshold":1,"current_basal":0.20000000298023224,"temptargetSet":false,"autosens_max":1.2,"autosens_min":0.7,"variable_sens":71.6,"insulinDivisor":75,"TDD":24.6351351477472},"autosens_data":{"ratio":1},"meal_data":{"carbs":61,"mealCOB":4.274394936708854,"slopeFromMaxDeviation":-0.2701818181818182,"slopeFromMinDeviation":0.09624999999999995,"lastBolusTime":1702999718566,"lastCarbTime":1702993121000},"microBolusAllowed":true,"currentTime":1703000606445,"flatBGsDetected":false,"tdd1D":20.141666612277426,"tdd7D":26.78606000595613,"tddLast24H":17.399999866634605,"tddLast4H":5.554166487852732,"tddLast8to4H":1.9916666860381764},"output":{"temp":"absolute","bg":133,"tick":"+3","eventualBG":170,"targetBG":90,"insulinReq":0.52,"deliverAt":"2023-12-19T15:43:26.445Z","sensitivityRatio":1,"variable_sens":71.6,"predBGs":{"IOB":[133,135,138,139,141,142,143,143,143,143,142,140,139,137,136,134,133,132,131,130,129,128,128,127,126,126,125,125,125,124,124,124,123,123,123,123,123,123,123,123,122],"ZT":[133,129,126,122,119,116,113,110,108,105,103,101,100,99,97,96,96,95,95,94,94,94,94,95,95,96,96,97,98,98],"COB":[133,135,136,137,137,136,135,132,130,128,125,124,122,120,119,117,116,115,114,113,112,111,111,110,109,109,108,108,108,107,107,107,107,106,106,106,106,106,106,106,106,106,106,105],"UAM":[133,136,138,141,144,147,149,152,154,156,159,161,163,164,166,168,169,170,171,172,173,173,174,174,174,173,173,172,172,172,172,171,171,171,171,171,171,171,171,170]},"reason":"COB: 4.3, Dev: 41, BGI: -4, ISF: 72, CR: 12.4, Target: 90, minPredBG 127, minGuardBG 134, IOBpredBG 122, COBpredBG 105, UAMpredBG 170; Eventual BG 170 >= 90,  insulinReq 0.52. Microbolusing 0.25U. adj. req. rate: 1.24 to maxSafeBasal: 1, temp 0.05 < 1U\/hr. ","COB":4.274394936708854,"IOB":0.661,"units":0.25,"duration":30,"rate":1,"timestamp":"2023-12-19T15:43:26.471Z"}}