{"algorithm":"OpenAPSSMBDynamicISFPlugin","input":{"glucoseStatus":{"glucose":100,"noise":0,"delta":1,"short_avgdelta":1,"long_avgdelta":0.96,"date":1702967274000},"currenttemp":{"temp":"absolute","duration":24,"rate":0,"minutesrunning":6},"iob_data":[{"iob":2.776,"basaliob":-0.073,"bolussnooze":2.75,"activity":5.0E-4,"lastBolusTime":1702967420815,"time":"2023-12-19T06:30:21.055Z","iobWithZeroTemp":{"iob":2.776,"basaliob":-0.073,"bolussnooze":2.75,"activity":5.0E-4,"lastBolusTime":1702967420815,"time":"2023-12-19T06:30:21.055Z"}},{"iob":2.758,"basaliob":-0.069,"bolussnooze":2.6891,"activity":0.0067,"lastBolusTime":1702967420815,"time":"2023-12-19T06:35:21.055Z","iobWithZeroTemp":{"iob":2.741,"basaliob":-0.086,"bolussnooze":2.6891,"activity":0.0067,"lastBolusTime":1702967420815,"time":"2023-12-19T06:35:21.055Z"}},{"iob":2.711,"basaliob":-0.065,"bolussnooze":2.5387,"activity":0.0117,"lastBolusTime":1702967420815,"time":"2023-12-19T06:40:21.055Z","iobWithZeroTemp":{"iob":2.674,"basaliob":-0.102,"bolussnooze":2.5387,"activity":0.0116,"lastBolusTime":1702967420815,"time":"2023-12-19T06:40:21.055Z"}},{"iob":2.642,"basaliob":-0.061,"bolussnooze":2.3366,"activity":0.0156,"lastBolusTime":1702967420815,"time":"2023-12-19T06:45:21.055Z","iobWithZeroTemp":{"iob":2.584,"basaliob":-0.119,"bolussnooze":2.3366,"activity":0.0154,"lastBolusTime":1702967420815,"time":"2023-12-19T06:45:21.055Z"}},{"iob":2.557,"basaliob":-0.057,"bolussnooze":2.1093,"activity":0.0185,"lastBolusTime":1702967420815,"time":"2023-12-19T06:50:21.055Z","iobWithZeroTemp":{"iob":2.48,"basaliob":-0.134,"bolussnooze":2.1093,"activity":0.0182,"lastBolusTime":1702967420815,"time":"2023-12-19T06:50:21.055Z"}},{"iob":2.458,"basaliob":-0.054,"bolussnooze":1.8749,"activity":0.0207,"lastBolusTime":1702967420815,"time":"2023-12-19T06:55:21.055Z","iobWithZeroTemp":{"iob":2.362,"basaliob":-0.15,"bolussnooze":1.8749,"activity":0.0203,"lastBolusTime":1702967420815,"time":"2023-12-19T06:55:21.055Z"}},{"iob":2.351,"basaliob":-0.05,"bolussnooze":1.6454,"activity":0.0222,"lastBolusTime":1702967420815,"time":"2023-12-19T07:00:21.055Z","iobWithZeroTemp":{"iob":2.237,"basaliob":-0.164,"bolussnooze":1.6454,"activity":0.0216,"lastBolusTime":1702967420815,"time":"2023-12-19T07:00:21.055Z"}},{"iob":2.238,"basaliob":-0.046,"bolussnooze":1.4285,"activity":0.0231,"lastBolusTime":1702967420815,"time":"2023-12-19T07:05:21.055Z","iobWithZeroTemp":{"iob":2.114,"basaliob":-0.17,"bolussnooze":1.4285,"activity":0.0223,"lastBolusTime":1702967420815,"time":"2023-12-19T07:05:21.055Z"}},{"iob":2.121,"basaliob":-0.043,"bolussnooze":1.2285,"activity":0.0235,"lastBolusTime":1702967420815,"time":"2023-12-19T07:10:21.055Z","iobWithZeroTemp":{"iob":1.989,"basaliob":-0.175,"bolussnooze":1.2285,"activity":0.0226,"lastBolusTime":1702967420815,"time":"2023-12-19T07:10:21.055Z"}},{"iob":2.003,"basaliob":-0.04,"bolussnooze":1.0477,"activity":0.0237,"lastBolusTime":1702967420815,"time":"2023-12-19T07:15:21.055Z","iobWithZeroTemp":{"iob":1.863,"basaliob":-0.18,"bolussnooze":1.0477,"activity":0.0227,"lastBolusTime":1702967420815,"time":"2023-12-19T07:15:21.055Z"}},{"iob":1.884,"basaliob":-0.037,"bolussnooze":0.8868,"activity":0.0236,"lastBolusTime":1702967420815,"time":"2023-12-19T07:20:21.055Z","iobWithZeroTemp":{"iob":1.737,"basaliob":-0.184,"bolussnooze":0.8868,"activity":0.0224,"lastBolusTime":1702967420815,"time":"2023-12-19T07:20:21.055Z"}},{"iob":1.767,"basaliob":-0.034,"bolussnooze":0.7452,"activity":0.0231,"lastBolusTime":1702967420815,"time":"2023-12-19T07:25:21.055Z","iobWithZeroTemp":{"iob":1.613,"basaliob":-0.188,"bolussnooze":0.7452,"activity":0.0218,"lastBolusTime":1702967420815,"time":"2023-12-19T07:25:21.055Z"}},{"iob":1.653,"basaliob":-0.031,"bolussnooze":0.6221,"activity":0.0226,"lastBolusTime":1702967420815,"time":"2023-12-19T07:30:21.055Z","iobWithZeroTemp":{"iob":1.493,"basaliob":-0.191,"bolussnooze":0.6221,"activity":0.0212,"lastBolusTime":1702967420815,"time":"2023-12-19T07:30:21.055Z"}},{"iob":1.542,"basaliob":-0.029,"bolussnooze":0.516,"activity":0.0219,"lastBolusTime":1702967420815,"time":"2023-12-19T07:35:21.055Z","iobWithZeroTemp":{"iob":1.377,"basaliob":-0.194,"bolussnooze":0.516,"activity":0.0204,"lastBolusTime":1702967420815,"time":"2023-12-19T07:35:21.055Z"}},{"iob":1.435,"basaliob":-0.026,"bolussnooze":0.4253,"activity":0.021,"lastBolusTime":1702967420815,"time":"2023-12-19T07:40:21.055Z","iobWithZeroTemp":{"iob":1.265,"basaliob":-0.196,"bolussnooze":0.4253,"activity":0.0194,"lastBolusTime":1702967420815,"time":"2023-12-19T07:40:21.055Z"}},{"iob":1.332,"basaliob":-0.024,"bolussnooze":0.3483,"activity":0.0202,"lastBolusTime":1702967420815,"time":"2023-12-19T07:45:21.055Z","iobWithZeroTemp":{"iob":1.158,"basaliob":-0.198,"bolussnooze":0.3483,"activity":0.0185,"lastBolusTime":1702967420815,"time":"2023-12-19T07:45:21.055Z"}},{"iob":1.233,"basaliob":-0.022,"bolussnooze":0.2835,"activity":0.0192,"lastBolusTime":1702967420815,"time":"2023-12-19T07:50:21.055Z","iobWithZeroTemp":{"iob":1.055,"basaliob":-0.2,"bolussnooze":0.2835,"activity":0.0174,"lastBolusTime":1702967420815,"time":"2023-12-19T07:50:21.055Z"}},{"iob":1.14,"basaliob":-0.02,"bolussnooze":0.2292,"activity":0.0182,"lastBolusTime":1702967420815,"time":"2023-12-19T07:55:21.055Z","iobWithZeroTemp":{"iob":0.958,"basaliob":-0.202,"bolussnooze":0.2292,"activity":0.0164,"lastBolusTime":1702967420815,"time":"2023-12-19T07:55:21.055Z"}},{"iob":1.052,"basaliob":-0.018,"bolussnooze":0.184,"activity":0.0172,"lastBolusTime":1702967420815,"time":"2023-12-19T08:00:21.055Z","iobWithZeroTemp":{"iob":0.867,"basaliob":-0.203,"bolussnooze":0.184,"activity":0.0153,"lastBolusTime":1702967420815,"time":"2023-12-19T08:00:21.055Z"}},{"iob":0.968,"basaliob":-0.017,"bolussnooze":0.1467,"activity":0.0162,"lastBolusTime":1702967420815,"time":"2023-12-19T08:05:21.055Z","iobWithZeroTemp":{"iob":0.78,"basaliob":-0.205,"bolussnooze":0.1467,"activity":0.0142,"lastBolusTime":1702967420815,"time":"2023-12-19T08:05:21.055Z"}},{"iob":0.89,"basaliob":-0.015,"bolussnooze":0.116,"activity":0.0152,"lastBolusTime":1702967420815,"time":"2023-12-19T08:10:21.055Z","iobWithZeroTemp":{"iob":0.7,"basaliob":-0.205,"bolussnooze":0.116,"activity":0.0132,"lastBolusTime":1702967420815,"time":"2023-12-19T08:10:21.055Z"}},{"iob":0.816,"basaliob":-0.014,"bolussnooze":0.091,"activity":0.0142,"lastBolusTime":1702967420815,"time":"2023-12-19T08:15:21.055Z","iobWithZeroTemp":{"iob":0.623,"basaliob":-0.207,"bolussnooze":0.091,"activity":0.0121,"lastBolusTime":1702967420815,"time":"2023-12-19T08:15:21.055Z"}},{"iob":0.748,"basaliob":-0.012,"bolussnooze":0.0707,"activity":0.0133,"lastBolusTime":1702967420815,"time":"2023-12-19T08:20:21.055Z","iobWithZeroTemp":{"iob":0.553,"basaliob":-0.207,"bolussnooze":0.0707,"activity":0.0112,"lastBolusTime":1702967420815,"time":"2023-12-19T08:20:21.055Z"}},{"iob":0.684,"basaliob":-0.011,"bolussnooze":0.0544,"activity":0.0124,"lastBolusTime":1702967420815,"time":"2023-12-19T08:25:21.055Z","iobWithZeroTemp":{"iob":0.487,"basaliob":-0.208,"bolussnooze":0.0544,"activity":0.0103,"lastBolusTime":1702967420815,"time":"2023-12-19T08:25:21.055Z"}},{"iob":0.624,"basaliob":-0.01,"bolussnooze":0.0413,"activity":0.0115,"lastBolusTime":1702967420815,"time":"2023-12-19T08:30:21.055Z","iobWithZeroTemp":{"iob":0.426,"basaliob":-0.208,"bolussnooze":0.0413,"activity":0.0093,"lastBolusTime":1702967420815,"time":"2023-12-19T08:30:21.055Z"}},{"iob":0.568,"basaliob":-0.009,"bolussnooze":0.0309,"activity":0.0106,"lastBolusTime":1702967420815,"time":"2023-12-19T08:35:21.055Z","iobWithZeroTemp":{"iob":0.368,"basaliob":-0.209,"bolussnooze":0.0309,"activity":0.0084,"lastBolusTime":1702967420815,"time":"2023-12-19T08:35:21.055Z"}},{"iob":0.517,"basaliob":-0.008,"bolussnooze":0.0228,"activity":0.0098,"lastBolusTime":1702967420815,"time":"2023-12-19T08:40:21.055Z","iobWithZeroTemp":{"iob":0.316,"basaliob":-0.209,"bolussnooze":0.0228,"activity":0.0076,"lastBolusTime":1702967420815,"time":"2023-12-19T08:40:21.055Z"}},{"iob":0.47,"basaliob":-0.007,"bolussnooze":0.0164,"activity":0.0091,"lastBolusTime":1702967420815,"time":"2023-12-19T08:45:21.055Z","iobWithZeroTemp":{"iob":0.268,"basaliob":-0.209,"bolussnooze":0.0164,"activity":0.0068,"lastBolusTime":1702967420815,"time":"2023-12-19T08:45:21.055Z"}},{"iob":0.426,"basaliob":-0.007,"bolussnooze":0.0116,"activity":0.0084,"lastBolusTime":1702967420815,"time":"2023-12-19T08:50:21.055Z","iobWithZeroTemp":{"iob":0.223,"basaliob":-0.21,"bolussnooze":0.0116,"activity":0.0061,"lastBolusTime":1702967420815,"time":"2023-12-19T08:50:21.055Z"}},{"iob":0.386,"basaliob":-0.006,"bolussnooze":0.0079,"activity":0.0077,"lastBolusTime":1702967420815,"time":"2023-12-19T08:55:21.055Z","iobWithZeroTemp":{"iob":0.182,"basaliob":-0.21,"bolussnooze":0.0079,"activity":0.0054,"lastBolusTime":1702967420815,"time":"2023-12-19T08:55:21.055Z"}},{"iob":0.349,"basaliob":-0.005,"bolussnooze":0.0052,"activity":0.0071,"lastBolusTime":1702967420815,"time":"2023-12-19T09:00:21.055Z","iobWithZeroTemp":{"iob":0.144,"basaliob":-0.21,"bolussnooze":0.0052,"activity":0.0048,"lastBolusTime":1702967420815,"time":"2023-12-19T09:00:21.055Z"}},{"iob":0.315,"basaliob":-0.005,"bolussnooze":0.0032,"activity":0.0065,"lastBolusTime":1702967420815,"time":"2023-12-19T09:05:21.055Z","iobWithZeroTemp":{"iob":0.105,"basaliob":-0.215,"bolussnooze":0.0032,"activity":0.0041,"lastBolusTime":1702967420815,"time":"2023-12-19T09:05:21.055Z"}},{"iob":0.284,"basaliob":-0.004,"bolussnooze":0.0018,"activity":0.0059,"lastBolusTime":1702967420815,"time":"2023-12-19T09:10:21.055Z","iobWithZeroTemp":{"iob":0.069,"basaliob":-0.219,"bolussnooze":0.0018,"activity":0.0035,"lastBolusTime":1702967420815,"time":"2023-12-19T09:10:21.055Z"}},{"iob":0.255,"basaliob":-0.004,"bolussnooze":9.0E-4,"activity":0.0054,"lastBolusTime":1702967420815,"time":"2023-12-19T09:15:21.055Z","iobWithZeroTemp":{"iob":0.036,"basaliob":-0.223,"bolussnooze":9.0E-4,"activity":0.003,"lastBolusTime":1702967420815,"time":"2023-12-19T09:15:21.055Z"}},{"iob":0.23,"basaliob":-0.003,"bolussnooze":4.0E-4,"activity":0.0049,"lastBolusTime":1702967420815,"time":"2023-12-19T09:20:21.055Z","iobWithZeroTemp":{"iob":0.006,"basaliob":-0.227,"bolussnooze":4.0E-4,"activity":0.0024,"lastBolusTime":1702967420815,"time":"2023-12-19T09:20:21.055Z"}},{"iob":0.206,"basaliob":-0.003,"bolussnooze":1.0E-4,"activity":0.0045,"lastBolusTime":1702967420815,"time":"2023-12-19T09:25:21.055Z","iobWithZeroTemp":{"iob":-0.022,"basaliob":-0.231,"bolussnooze":1.0E-4,"activity":0.002,"lastBolusTime":1702967420815,"time":"2023-12-19T09:25:21.055Z"}},{"iob":0.184,"basaliob":-0.003,"bolussnooze":0,"activity":0.0041,"lastBolusTime":1702967420815,"time":"2023-12-19T09:30:21.055Z","iobWithZeroTemp":{"iob":-0.048,"basaliob":-0.235,"bolussnooze":0,"activity":0.0015,"lastBolusTime":1702967420815,"time":"2023-12-19T09:30:21.055Z"}},{"iob":0.165,"basaliob":-0.002,"bolussnooze":0,"activity":0.0037,"lastBolusTime":1702967420815,"time":"2023-12-19T09:35:21.055Z","iobWithZeroTemp":{"iob":-0.071,"basaliob":-0.238,"bolussnooze":0,"activity":0.0011,"lastBolusTime":1702967420815,"time":"2023-12-19T09:35:21.055Z"}},{"iob":0.147,"basaliob":-0.002,"bolussnooze":0,"activity":0.0033,"lastBolusTime":1702967420815,"time":"2023-12-19T09:40:21.055Z","iobWithZeroTemp":{"iob":-0.092,"basaliob":-0.241,"bolussnooze":0,"activity":7.0E-4,"lastBolusTime":1702967420815,"time":"2023-12-19T09:40:21.055Z"}},{"iob":0.13,"basaliob":-0.002,"bolussnooze":0,"activity":0.0031,"lastBolusTime":1702967420815,"time":"2023-12-19T09:45:21.055Z","iobWithZeroTemp":{"iob":-0.113,"basaliob":-0.245,"bolussnooze":0,"activity":4.0E-4,"lastBolusTime":1702967420815,"time":"2023-12-19T09:45:21.055Z"}},{"iob":0.117,"basaliob":-0.001,"bolussnooze":0,"activity":0.0028,"lastBolusTime":1702967420815,"time":"2023-12-19T09:50:21.055Z","iobWithZeroTemp":{"iob":-0.129,"basaliob":-0.247,"bolussnooze":0,"activity":1.0E-4,"lastBolusTime":1702967420815,"time":"2023-12-19T09:50:21.055Z"}},{"iob":0.103,"basaliob":-0.001,"bolussnooze":0,"activity":0.0025,"lastBolusTime":1702967420815,"time":"2023-12-19T09:55:21.055Z","iobWithZeroTemp":{"iob":-0.146,"basaliob":-0.25,"bolussnooze":0,"activity":-3.0E-4,"lastBolusTime":1702967420815,"time":"2023-12-19T09:55:21.055Z"}},{"iob":0.091,"basaliob":-0.001,"bolussnooze":0,"activity":0.0023,"lastBolusTime":1702967420815,"time":"2023-12-19T10:00:21.055Z","iobWithZeroTemp":{"iob":-0.16,"basaliob":-0.252,"bolussnooze":0,"activity":-5.0E-4,"lastBolusTime":1702967420815,"time":"2023-12-19T10:00:21.055Z"}},{"iob":0.08,"basaliob":-0.001,"bolussnooze":0,"activity":0.0021,"lastBolusTime":1702967420815,"time":"2023-12-19T10:05:21.055Z","iobWithZeroTemp":{"iob":-0.17,"basaliob":-0.251,"bolussnooze":0,"activity":-7.0E-4,"lastBolusTime":1702967420815,"time":"2023-12-19T10:05:21.055Z"}},{"iob":0.071,"basaliob":-0.001,"bolussnooze":0,"activity":0.0018,"lastBolusTime":1702967420815,"time":"2023-12-19T10:10:21.055Z","iobWithZeroTemp":{"iob":-0.177,"basaliob":-0.249,"bolussnooze":0,"activity":-0.0011,"lastBolusTime":1702967420815,"time":"2023-12-19T10:10:21.055Z"}},{"iob":0.062,"basaliob":-0.001,"bolussnooze":0,"activity":0.0017,"lastBolusTime":1702967420815,"time":"2023-12-19T10:15:21.055Z","iobWithZeroTemp":{"iob":-0.184,"basaliob":-0.247,"bolussnooze":0,"activity":-0.0012,"lastBolusTime":1702967420815,"time":"2023-12-19T10:15:21.055Z"}},{"iob":0.054,"basaliob":-0.001,"bolussnooze":0,"activity":0.0015,"lastBolusTime":1702967420815,"time":"2023-12-19T10:20:21.055Z","iobWithZeroTemp":{"iob":-0.19,"basaliob":-0.245,"bolussnooze":0,"activity":-0.0014,"lastBolusTime":1702967420815,"time":"2023-12-19T10:20:21.055Z"}},{"iob":0.048,"basaliob":0,"bolussnooze":0,"activity":0.0013,"lastBolusTime":1702967420815,"time":"2023-12-19T10:25:21.055Z","iobWithZeroTemp":{"iob":-0.195,"basaliob":-0.243,"bolussnooze":0,"activity":-0.0016,"lastBolusTime":1702967420815,"time":"2023-12-19T10:25:21.055Z"}}],"profile":{"max_iob":10,"type":"current","max_daily_basal":0.25,"max_basal":1.25,"min_bg":90,"max_bg":90,"target_bg":90,"carb_ratio":12.6,"sens":84,"max_daily_safety_multiplier":5,"current_basal_safety_multiplier":5,"lgsThreshold":95,"high_temptarget_raises_sensitivity":false,"low_temptarget_lowers_sensitivity":false,"sensitivity_raises_target":true,"resistance_lowers_target":true,"adv_target_adjustments":false,"exercise_mode":false,"half_basal_exercise_target":160,"maxCOB":120,"skip_neutral_temps":false,"remainingCarbsCap":90,"enableUAM":true,"A52_risk_enable":false,"SMBInterval":5,"enableSMB_with_COB":true,"enableSMB_with_temptarget":false,"allowSMB_with_high_temptarget":false,"enableSMB_always":false,"enableSMB_after_carbs":true,"maxSMBBasalMinutes":120,"maxUAMSMBBasalMinutes":120,"bolus_increment":0.05,"carbsReqThreshold":1,"current_basal":0.25,"temptargetSet":false,"autosens_max":1.2,"autosens_min":0.7,"variable_sens":95.8,"insulinDivisor":75,"TDD":22.178285410925547},"autosens_data":{"ratio":1},"meal_data":{"carbs":0,"mealCOB":0,"slopeFromMaxDeviation":-0.14549999999999996,"slopeFromMinDeviation":0.2872727272727273,"lastBolusTime":1702967420815,"lastCarbTime":0},"microBolusAllowed":true,"currentTime":1702967422411,"flatBGsDetected":false,"tdd1D":20.141666612277426,"tdd7D":26.78606000595613,"tddLast24H":19.49583325063189,"tddLast4H":3.9833333415289722,"tddLast8to4H":1.5208333594103656},"output":{"temp":"absolute","bg":100,"tick":"+1","eventualBG":39,"targetBG":90,"insulinReq":0,"deliverAt":"2023-12-19T06:30:22.411Z","sensitivityRatio":1,"variable_sens":95.8,"predBGs":{"IOB":[100,101,99,94,87,78,67,53,39,39,39,39,39],"ZT":[100,100,97,91,83,73,61,46,39,39,39,39,39,39,39,39,39,39,39,39,39,39,39,39,39,39,39,39,39,39,39,39,39,39,39,39,39,39,39,39,39,39,39,39,39,39,39,39],"UAM":[100,101,99,94,86,77,65,51,39,39,39,39,39]},"reason":"COB: 0, Dev: 7, BGI: 0, ISF: 96, CR: 12.6, Target: 90, minPredBG -308, minGuardBG -381, IOBpredBG 39, UAMpredBG 39; 62 add'l carbs req w\/in 15m; minGuardBG -381<95","COB":0,"IOB":2.776,"carbsReq":62,"carbsReqWithin":15,"duration":120,"rate":0,"timestamp":"2023-12-19T06:30:22.434Z"}}