{"algorithm":"OpenAPSSMBDynamicISFPlugin","input":{"glucoseStatus":{"glucose":117,"noise":0,"delta":1,"short_avgdelta":0.11,"long_avgdelta":-1.09,"date":1702868270000},"currenttemp":{"temp":"absolute","duration":50,"rate":0,"minutesrunning":10},"iob_data":[{"iob":0.22,"basaliob":0.217,"bolussnooze":0,"activity":0.0035,"lastBolusTime":1702853609765,"time":"2023-12-18T02:58:19.765Z","iobWithZeroTemp":{"iob":0.22,"basaliob":0.217,"bolussnooze":0,"activity":0.0035,"lastBolusTime":1702853609765,"time":"2023-12-18T02:58:19.765Z"}},{"iob":0.202,"basaliob":0.2,"bolussnooze":0,"activity":0.0034,"lastBolusTime":1702853609765,"time":"2023-12-18T03:03:19.765Z","iobWithZeroTemp":{"iob":0.192,"basaliob":0.19,"bolussnooze":0,"activity":0.0034,"lastBolusTime":1702853609765,"time":"2023-12-18T03:03:19.765Z"}},{"iob":0.186,"basaliob":0.184,"bolussnooze":0,"activity":0.0032,"lastBolusTime":1702853609765,"time":"2023-12-18T03:08:19.765Z","iobWithZeroTemp":{"iob":0.164,"basaliob":0.162,"bolussnooze":0,"activity":0.0032,"lastBolusTime":1702853609765,"time":"2023-12-18T03:08:19.765Z"}},{"iob":0.171,"basaliob":0.169,"bolussnooze":0,"activity":0.003,"lastBolusTime":1702853609765,"time":"2023-12-18T03:13:19.765Z","iobWithZeroTemp":{"iob":0.136,"basaliob":0.134,"bolussnooze":0,"activity":0.0029,"lastBolusTime":1702853609765,"time":"2023-12-18T03:13:19.765Z"}},{"iob":0.156,"basaliob":0.155,"bolussnooze":0,"activity":0.0028,"lastBolusTime":1702853609765,"time":"2023-12-18T03:18:19.765Z","iobWithZeroTemp":{"iob":0.11,"basaliob":0.109,"bolussnooze":0,"activity":0.0026,"lastBolusTime":1702853609765,"time":"2023-12-18T03:18:19.765Z"}},{"iob":0.143,"basaliob":0.142,"bolussnooze":0,"activity":0.0025,"lastBolusTime":1702853609765,"time":"2023-12-18T03:23:19.765Z","iobWithZeroTemp":{"iob":0.085,"basaliob":0.084,"bolussnooze":0,"activity":0.0022,"lastBolusTime":1702853609765,"time":"2023-12-18T03:23:19.765Z"}},{"iob":0.131,"basaliob":0.13,"bolussnooze":0,"activity":0.0024,"lastBolusTime":1702853609765,"time":"2023-12-18T03:28:19.765Z","iobWithZeroTemp":{"iob":0.062,"basaliob":0.061,"bolussnooze":0,"activity":0.002,"lastBolusTime":1702853609765,"time":"2023-12-18T03:28:19.765Z"}},{"iob":0.119,"basaliob":0.118,"bolussnooze":0,"activity":0.0022,"lastBolusTime":1702853609765,"time":"2023-12-18T03:33:19.765Z","iobWithZeroTemp":{"iob":0.04,"basaliob":0.039,"bolussnooze":0,"activity":0.0017,"lastBolusTime":1702853609765,"time":"2023-12-18T03:33:19.765Z"}},{"iob":0.109,"basaliob":0.108,"bolussnooze":0,"activity":0.002,"lastBolusTime":1702853609765,"time":"2023-12-18T03:38:19.765Z","iobWithZeroTemp":{"iob":0.02,"basaliob":0.019,"bolussnooze":0,"activity":0.0014,"lastBolusTime":1702853609765,"time":"2023-12-18T03:38:19.765Z"}},{"iob":0.099,"basaliob":0.098,"bolussnooze":0,"activity":0.0019,"lastBolusTime":1702853609765,"time":"2023-12-18T03:43:19.765Z","iobWithZeroTemp":{"iob":0,"basaliob":-0.001,"bolussnooze":0,"activity":0.0012,"lastBolusTime":1702853609765,"time":"2023-12-18T03:43:19.765Z"}},{"iob":0.089,"basaliob":0.089,"bolussnooze":0,"activity":0.0017,"lastBolusTime":1702853609765,"time":"2023-12-18T03:48:19.765Z","iobWithZeroTemp":{"iob":-0.018,"basaliob":-0.018,"bolussnooze":0,"activity":9.0E-4,"lastBolusTime":1702853609765,"time":"2023-12-18T03:48:19.765Z"}},{"iob":0.081,"basaliob":0.081,"bolussnooze":0,"activity":0.0016,"lastBolusTime":1702853609765,"time":"2023-12-18T03:53:19.765Z","iobWithZeroTemp":{"iob":-0.035,"basaliob":-0.035,"bolussnooze":0,"activity":7.0E-4,"lastBolusTime":1702853609765,"time":"2023-12-18T03:53:19.765Z"}},{"iob":0.073,"basaliob":0.073,"bolussnooze":0,"activity":0.0015,"lastBolusTime":1702853609765,"time":"2023-12-18T03:58:19.765Z","iobWithZeroTemp":{"iob":-0.051,"basaliob":-0.051,"bolussnooze":0,"activity":5.0E-4,"lastBolusTime":1702853609765,"time":"2023-12-18T03:58:19.765Z"}},{"iob":0.066,"basaliob":0.066,"bolussnooze":0,"activity":0.0013,"lastBolusTime":1702853609765,"time":"2023-12-18T04:03:19.765Z","iobWithZeroTemp":{"iob":-0.073,"basaliob":-0.073,"bolussnooze":0,"activity":2.0E-4,"lastBolusTime":1702853609765,"time":"2023-12-18T04:03:19.765Z"}},{"iob":0.06,"basaliob":0.06,"bolussnooze":0,"activity":0.0012,"lastBolusTime":1702853609765,"time":"2023-12-18T04:08:19.765Z","iobWithZeroTemp":{"iob":-0.094,"basaliob":-0.094,"bolussnooze":0,"activity":0,"lastBolusTime":1702853609765,"time":"2023-12-18T04:08:19.765Z"}},{"iob":0.054,"basaliob":0.054,"bolussnooze":0,"activity":0.0011,"lastBolusTime":1702853609765,"time":"2023-12-18T04:13:19.765Z","iobWithZeroTemp":{"iob":-0.114,"basaliob":-0.114,"bolussnooze":0,"activity":-3.0E-4,"lastBolusTime":1702853609765,"time":"2023-12-18T04:13:19.765Z"}},{"iob":0.048,"basaliob":0.048,"bolussnooze":0,"activity":0.001,"lastBolusTime":1702853609765,"time":"2023-12-18T04:18:19.765Z","iobWithZeroTemp":{"iob":-0.134,"basaliob":-0.134,"bolussnooze":0,"activity":-5.0E-4,"lastBolusTime":1702853609765,"time":"2023-12-18T04:18:19.765Z"}},{"iob":0.043,"basaliob":0.043,"bolussnooze":0,"activity":9.0E-4,"lastBolusTime":1702853609765,"time":"2023-12-18T04:23:19.765Z","iobWithZeroTemp":{"iob":-0.152,"basaliob":-0.152,"bolussnooze":0,"activity":-7.0E-4,"lastBolusTime":1702853609765,"time":"2023-12-18T04:23:19.765Z"}},{"iob":0.039,"basaliob":0.039,"bolussnooze":0,"activity":9.0E-4,"lastBolusTime":1702853609765,"time":"2023-12-18T04:28:19.765Z","iobWithZeroTemp":{"iob":-0.168,"basaliob":-0.168,"bolussnooze":0,"activity":-9.0E-4,"lastBolusTime":1702853609765,"time":"2023-12-18T04:28:19.765Z"}},{"iob":0.035,"basaliob":0.035,"bolussnooze":0,"activity":8.0E-4,"lastBolusTime":1702853609765,"time":"2023-12-18T04:33:19.765Z","iobWithZeroTemp":{"iob":-0.184,"basaliob":-0.184,"bolussnooze":0,"activity":-0.0011,"lastBolusTime":1702853609765,"time":"2023-12-18T04:33:19.765Z"}},{"iob":0.031,"basaliob":0.031,"bolussnooze":0,"activity":7.0E-4,"lastBolusTime":1702853609765,"time":"2023-12-18T04:38:19.765Z","iobWithZeroTemp":{"iob":-0.199,"basaliob":-0.199,"bolussnooze":0,"activity":-0.0014,"lastBolusTime":1702853609765,"time":"2023-12-18T04:38:19.765Z"}},{"iob":0.028,"basaliob":0.028,"bolussnooze":0,"activity":6.0E-4,"lastBolusTime":1702853609765,"time":"2023-12-18T04:43:19.765Z","iobWithZeroTemp":{"iob":-0.212,"basaliob":-0.212,"bolussnooze":0,"activity":-0.0016,"lastBolusTime":1702853609765,"time":"2023-12-18T04:43:19.765Z"}},{"iob":0.025,"basaliob":0.025,"bolussnooze":0,"activity":6.0E-4,"lastBolusTime":1702853609765,"time":"2023-12-18T04:48:19.765Z","iobWithZeroTemp":{"iob":-0.224,"basaliob":-0.224,"bolussnooze":0,"activity":-0.0017,"lastBolusTime":1702853609765,"time":"2023-12-18T04:48:19.765Z"}},{"iob":0.022,"basaliob":0.022,"bolussnooze":0,"activity":5.0E-4,"lastBolusTime":1702853609765,"time":"2023-12-18T04:53:19.765Z","iobWithZeroTemp":{"iob":-0.236,"basaliob":-0.236,"bolussnooze":0,"activity":-0.002,"lastBolusTime":1702853609765,"time":"2023-12-18T04:53:19.765Z"}},{"iob":0.019,"basaliob":0.019,"bolussnooze":0,"activity":5.0E-4,"lastBolusTime":0,"time":"2023-12-18T04:58:19.765Z","iobWithZeroTemp":{"iob":-0.247,"basaliob":-0.247,"bolussnooze":0,"activity":-0.0021,"lastBolusTime":0,"time":"2023-12-18T04:58:19.765Z"}},{"iob":0.017,"basaliob":0.017,"bolussnooze":0,"activity":4.0E-4,"lastBolusTime":0,"time":"2023-12-18T05:03:19.765Z","iobWithZeroTemp":{"iob":-0.253,"basaliob":-0.253,"bolussnooze":0,"activity":-0.0023,"lastBolusTime":0,"time":"2023-12-18T05:03:19.765Z"}},{"iob":0.015,"basaliob":0.015,"bolussnooze":0,"activity":4.0E-4,"lastBolusTime":0,"time":"2023-12-18T05:08:19.765Z","iobWithZeroTemp":{"iob":-0.258,"basaliob":-0.258,"bolussnooze":0,"activity":-0.0024,"lastBolusTime":0,"time":"2023-12-18T05:08:19.765Z"}},{"iob":0.013,"basaliob":0.013,"bolussnooze":0,"activity":3.0E-4,"lastBolusTime":0,"time":"2023-12-18T05:13:19.765Z","iobWithZeroTemp":{"iob":-0.262,"basaliob":-0.262,"bolussnooze":0,"activity":-0.0026,"lastBolusTime":0,"time":"2023-12-18T05:13:19.765Z"}},{"iob":0.012,"basaliob":0.012,"bolussnooze":0,"activity":3.0E-4,"lastBolusTime":0,"time":"2023-12-18T05:18:19.765Z","iobWithZeroTemp":{"iob":-0.265,"basaliob":-0.265,"bolussnooze":0,"activity":-0.0027,"lastBolusTime":0,"time":"2023-12-18T05:18:19.765Z"}},{"iob":0.01,"basaliob":0.01,"bolussnooze":0,"activity":3.0E-4,"lastBolusTime":0,"time":"2023-12-18T05:23:19.765Z","iobWithZeroTemp":{"iob":-0.269,"basaliob":-0.269,"bolussnooze":0,"activity":-0.0027,"lastBolusTime":0,"time":"2023-12-18T05:23:19.765Z"}},{"iob":0.009,"basaliob":0.009,"bolussnooze":0,"activity":2.0E-4,"lastBolusTime":0,"time":"2023-12-18T05:28:19.765Z","iobWithZeroTemp":{"iob":-0.271,"basaliob":-0.271,"bolussnooze":0,"activity":-0.0029,"lastBolusTime":0,"time":"2023-12-18T05:28:19.765Z"}},{"iob":0.008,"basaliob":0.008,"bolussnooze":0,"activity":2.0E-4,"lastBolusTime":0,"time":"2023-12-18T05:33:19.765Z","iobWithZeroTemp":{"iob":-0.274,"basaliob":-0.274,"bolussnooze":0,"activity":-0.0029,"lastBolusTime":0,"time":"2023-12-18T05:33:19.765Z"}},{"iob":0.007,"basaliob":0.007,"bolussnooze":0,"activity":2.0E-4,"lastBolusTime":0,"time":"2023-12-18T05:38:19.765Z","iobWithZeroTemp":{"iob":-0.275,"basaliob":-0.275,"bolussnooze":0,"activity":-0.003,"lastBolusTime":0,"time":"2023-12-18T05:38:19.765Z"}},{"iob":0.006,"basaliob":0.006,"bolussnooze":0,"activity":2.0E-4,"lastBolusTime":0,"time":"2023-12-18T05:43:19.765Z","iobWithZeroTemp":{"iob":-0.277,"basaliob":-0.277,"bolussnooze":0,"activity":-0.003,"lastBolusTime":0,"time":"2023-12-18T05:43:19.765Z"}},{"iob":0.005,"basaliob":0.005,"bolussnooze":0,"activity":1.0E-4,"lastBolusTime":0,"time":"2023-12-18T05:48:19.765Z","iobWithZeroTemp":{"iob":-0.279,"basaliob":-0.279,"bolussnooze":0,"activity":-0.0031,"lastBolusTime":0,"time":"2023-12-18T05:48:19.765Z"}},{"iob":0.005,"basaliob":0.005,"bolussnooze":0,"activity":1.0E-4,"lastBolusTime":0,"time":"2023-12-18T05:53:19.765Z","iobWithZeroTemp":{"iob":-0.279,"basaliob":-0.279,"bolussnooze":0,"activity":-0.0032,"lastBolusTime":0,"time":"2023-12-18T05:53:19.765Z"}},{"iob":0.004,"basaliob":0.004,"bolussnooze":0,"activity":1.0E-4,"lastBolusTime":0,"time":"2023-12-18T05:58:19.765Z","iobWithZeroTemp":{"iob":-0.281,"basaliob":-0.281,"bolussnooze":0,"activity":-0.0032,"lastBolusTime":0,"time":"2023-12-18T05:58:19.765Z"}},{"iob":0.003,"basaliob":0.003,"bolussnooze":0,"activity":1.0E-4,"lastBolusTime":0,"time":"2023-12-18T06:03:19.765Z","iobWithZeroTemp":{"iob":-0.286,"basaliob":-0.286,"bolussnooze":0,"activity":-0.0032,"lastBolusTime":0,"time":"2023-12-18T06:03:19.765Z"}},{"iob":0.003,"basaliob":0.003,"bolussnooze":0,"activity":1.0E-4,"lastBolusTime":0,"time":"2023-12-18T06:08:19.765Z","iobWithZeroTemp":{"iob":-0.29,"basaliob":-0.29,"bolussnooze":0,"activity":-0.0032,"lastBolusTime":0,"time":"2023-12-18T06:08:19.765Z"}},{"iob":0.002,"basaliob":0.002,"bolussnooze":0,"activity":1.0E-4,"lastBolusTime":0,"time":"2023-12-18T06:13:19.765Z","iobWithZeroTemp":{"iob":-0.295,"basaliob":-0.295,"bolussnooze":0,"activity":-0.0033,"lastBolusTime":0,"time":"2023-12-18T06:13:19.765Z"}},{"iob":0.002,"basaliob":0.002,"bolussnooze":0,"activity":1.0E-4,"lastBolusTime":0,"time":"2023-12-18T06:18:19.765Z","iobWithZeroTemp":{"iob":-0.299,"basaliob":-0.299,"bolussnooze":0,"activity":-0.0033,"lastBolusTime":0,"time":"2023-12-18T06:18:19.765Z"}},{"iob":0.002,"basaliob":0.002,"bolussnooze":0,"activity":1.0E-4,"lastBolusTime":0,"time":"2023-12-18T06:23:19.765Z","iobWithZeroTemp":{"iob":-0.303,"basaliob":-0.303,"bolussnooze":0,"activity":-0.0033,"lastBolusTime":0,"time":"2023-12-18T06:23:19.765Z"}},{"iob":0.001,"basaliob":0.001,"bolussnooze":0,"activity":1.0E-4,"lastBolusTime":0,"time":"2023-12-18T06:28:19.765Z","iobWithZeroTemp":{"iob":-0.307,"basaliob":-0.307,"bolussnooze":0,"activity":-0.0034,"lastBolusTime":0,"time":"2023-12-18T06:28:19.765Z"}},{"iob":0.001,"basaliob":0.001,"bolussnooze":0,"activity":0,"lastBolusTime":0,"time":"2023-12-18T06:33:19.765Z","iobWithZeroTemp":{"iob":-0.311,"basaliob":-0.311,"bolussnooze":0,"activity":-0.0035,"lastBolusTime":0,"time":"2023-12-18T06:33:19.765Z"}},{"iob":0.001,"basaliob":0.001,"bolussnooze":0,"activity":0,"lastBolusTime":0,"time":"2023-12-18T06:38:19.765Z","iobWithZeroTemp":{"iob":-0.314,"basaliob":-0.314,"bolussnooze":0,"activity":-0.0036,"lastBolusTime":0,"time":"2023-12-18T06:38:19.765Z"}},{"iob":0.001,"basaliob":0.001,"bolussnooze":0,"activity":0,"lastBolusTime":0,"time":"2023-12-18T06:43:19.765Z","iobWithZeroTemp":{"iob":-0.317,"basaliob":-0.317,"bolussnooze":0,"activity":-0.0036,"lastBolusTime":0,"time":"2023-12-18T06:43:19.765Z"}},{"iob":0.001,"basaliob":0.001,"bolussnooze":0,"activity":0,"lastBolusTime":0,"time":"2023-12-18T06:48:19.765Z","iobWithZeroTemp":{"iob":-0.32,"basaliob":-0.32,"bolussnooze":0,"activity":-0.0036,"lastBolusTime":0,"time":"2023-12-18T06:48:19.765Z"}},{"iob":0.001,"basaliob":0.001,"bolussnooze":0,"activity":0,"lastBolusTime":0,"time":"2023-12-18T06:53:19.765Z","iobWithZeroTemp":{"iob":-0.322,"basaliob":-0.322,"bolussnooze":0,"activity":-0.0037,"lastBolusTime":0,"time":"2023-12-18T06:53:19.765Z"}}],"profile":{"max_iob":10,"type":"current","max_daily_basal":0.25,"max_basal":1,"min_bg":90,"max_bg":90,"target_bg":90,"carb_ratio":15.6,"sens":84,"max_daily_safety_multiplier":5,"current_basal_safety_multiplier":5,"lgsThreshold":95,"high_temptarget_raises_sensitivity":false,"low_temptarget_lowers_sensitivity":false,"sensitivity_raises_target":true,"resistance_lowers_target":true,"adv_target_adjustments":false,"exercise_mode":false,"half_basal_exercise_target":160,"maxCOB":120,"skip_neutral_temps":false,"remainingCarbsCap":90,"enableUAM":true,"A52_risk_enable":false,"SMBInterval":5,"enableSMB_with_COB":true,"enableSMB_with_temptarget":false,"allowSMB_with_high_temptarget":false,"enableSMB_always":false,"enableSMB_after_carbs":true,"maxSMBBasalMinutes":120,"maxUAMSMBBasalMinutes":120,"bolus_increment":0.05,"carbsReqThreshold":1,"current_basal":0.20000000298023224,"temptargetSet":false,"autosens_max":1.2,"autosens_min":0.7,"variable_sens":93.1,"insulinDivisor":75,"TDD":20.564296496509897},"autosens_data":{"ratio":1},"meal_data":{"carbs":0,"mealCOB":0,"slopeFromMaxDeviation":-0.019000000000000003,"slopeFromMinDeviation":1.291,"lastBolusTime":1702853609765,"lastCarbTime":0},"microBolusAllowed":true,"currentTime":1702868301415,"flatBGsDetected":false,"tdd1D":22.354166475186748,"tdd7D":26.782783919711285,"tddLast24H":22.22916643793384,"tddLast4H":1.775,"tddLast8to4H":2.7291667121152083},"output":{"temp":"absolute","bg":117,"tick":"+1","eventualBG":107,"targetBG":90,"insulinReq":0.15,"deliverAt":"2023-12-18T02:58:21.415Z","sensitivityRatio":1,"variable_sens":93.1,"predBGs":{"IOB":[117,117,117,117,116,116,116,115,115,114,114,113,112,111,111,110,110,109,109,108,108,108,107,107,107,107,106,106,106,106,106,106,105],"ZT":[117,115,114,112,111,110,109,108,107,106,105,105,105,104,104,104,104,105,105,105,106,107,108,108],"UAM":[117,117,116,115,113,112,111,110,109,108,107,106,105,104,104,103,103,102,102,101,101,100,100,100,99,99,99,99,99,98,98,98,98,98,98,98,98,98,98,98,98,98,97]},"reason":"COB: 0, Dev: 10, BGI: -2, ISF: 93, CR: 15.6, Target: 90, minPredBG 104, minGuardBG 97, IOBpredBG 105, UAMpredBG 97; Eventual BG 107 >= 90, temp 0.00 < 0.5U\/hr. ","COB":0,"IOB":0.22,"duration":30,"rate":0.5000000029802323,"timestamp":"2023-12-18T02:58:21.443Z"}}