{"algorithm":"OpenAPSSMBDynamicISFPlugin","input":{"glucoseStatus":{"glucose":72,"noise":0,"delta":-5,"short_avgdelta":-5.5,"long_avgdelta":-4.85,"date":1702993076000},"currenttemp":{"temp":"absolute","duration":119,"rate":0,"minutesrunning":1},"iob_data":[{"iob":3.48,"basaliob":-0.095,"bolussnooze":2.0282,"activity":0.0394,"lastBolusTime":1702990774333,"time":"2023-12-19T13:38:55.723Z","iobWithZeroTemp":{"iob":3.48,"basaliob":-0.095,"bolussnooze":2.0282,"activity":0.0394,"lastBolusTime":1702990774333,"time":"2023-12-19T13:38:55.723Z"}},{"iob":3.283,"basaliob":-0.091,"bolussnooze":1.7315,"activity":0.0395,"lastBolusTime":1702990774333,"time":"2023-12-19T13:43:55.723Z","iobWithZeroTemp":{"iob":3.273,"basaliob":-0.101,"bolussnooze":1.7315,"activity":0.0395,"lastBolusTime":1702990774333,"time":"2023-12-19T13:43:55.723Z"}},{"iob":3.085,"basaliob":-0.088,"bolussnooze":1.4669,"activity":0.0391,"lastBolusTime":1702990774333,"time":"2023-12-19T13:48:55.723Z","iobWithZeroTemp":{"iob":3.063,"basaliob":-0.11,"bolussnooze":1.4669,"activity":0.0391,"lastBolusTime":1702990774333,"time":"2023-12-19T13:48:55.723Z"}},{"iob":2.892,"basaliob":-0.083,"bolussnooze":1.2339,"activity":0.0384,"lastBolusTime":1702990774333,"time":"2023-12-19T13:53:55.723Z","iobWithZeroTemp":{"iob":2.857,"basaliob":-0.118,"bolussnooze":1.2339,"activity":0.0383,"lastBolusTime":1702990774333,"time":"2023-12-19T13:53:55.723Z"}},{"iob":2.702,"basaliob":-0.079,"bolussnooze":1.0309,"activity":0.0373,"lastBolusTime":1702990774333,"time":"2023-12-19T13:58:55.723Z","iobWithZeroTemp":{"iob":2.656,"basaliob":-0.125,"bolussnooze":1.0309,"activity":0.0371,"lastBolusTime":1702990774333,"time":"2023-12-19T13:58:55.723Z"}},{"iob":2.519,"basaliob":-0.075,"bolussnooze":0.8557,"activity":0.036,"lastBolusTime":1702990774333,"time":"2023-12-19T14:03:55.723Z","iobWithZeroTemp":{"iob":2.457,"basaliob":-0.137,"bolussnooze":0.8557,"activity":0.0357,"lastBolusTime":1702990774333,"time":"2023-12-19T14:03:55.723Z"}},{"iob":2.342,"basaliob":-0.07,"bolussnooze":0.7059,"activity":0.0346,"lastBolusTime":1702990774333,"time":"2023-12-19T14:08:55.723Z","iobWithZeroTemp":{"iob":2.265,"basaliob":-0.147,"bolussnooze":0.7059,"activity":0.0342,"lastBolusTime":1702990774333,"time":"2023-12-19T14:08:55.723Z"}},{"iob":2.173,"basaliob":-0.066,"bolussnooze":0.5786,"activity":0.0331,"lastBolusTime":1702990774333,"time":"2023-12-19T14:13:55.723Z","iobWithZeroTemp":{"iob":2.082,"basaliob":-0.157,"bolussnooze":0.5786,"activity":0.0326,"lastBolusTime":1702990774333,"time":"2023-12-19T14:13:55.723Z"}},{"iob":2.011,"basaliob":-0.062,"bolussnooze":0.4713,"activity":0.0315,"lastBolusTime":1702990774333,"time":"2023-12-19T14:18:55.723Z","iobWithZeroTemp":{"iob":1.906,"basaliob":-0.167,"bolussnooze":0.4713,"activity":0.0309,"lastBolusTime":1702990774333,"time":"2023-12-19T14:18:55.723Z"}},{"iob":1.857,"basaliob":-0.058,"bolussnooze":0.3813,"activity":0.0299,"lastBolusTime":1702990774333,"time":"2023-12-19T14:23:55.723Z","iobWithZeroTemp":{"iob":1.739,"basaliob":-0.176,"bolussnooze":0.3813,"activity":0.0291,"lastBolusTime":1702990774333,"time":"2023-12-19T14:23:55.723Z"}},{"iob":1.712,"basaliob":-0.054,"bolussnooze":0.3065,"activity":0.0282,"lastBolusTime":1702990774333,"time":"2023-12-19T14:28:55.723Z","iobWithZeroTemp":{"iob":1.581,"basaliob":-0.185,"bolussnooze":0.3065,"activity":0.0273,"lastBolusTime":1702990774333,"time":"2023-12-19T14:28:55.723Z"}},{"iob":1.576,"basaliob":-0.05,"bolussnooze":0.2446,"activity":0.0266,"lastBolusTime":1702990774333,"time":"2023-12-19T14:33:55.723Z","iobWithZeroTemp":{"iob":1.434,"basaliob":-0.192,"bolussnooze":0.2446,"activity":0.0256,"lastBolusTime":1702990774333,"time":"2023-12-19T14:33:55.723Z"}},{"iob":1.448,"basaliob":-0.046,"bolussnooze":0.1936,"activity":0.0249,"lastBolusTime":1702990774333,"time":"2023-12-19T14:38:55.723Z","iobWithZeroTemp":{"iob":1.294,"basaliob":-0.2,"bolussnooze":0.1936,"activity":0.0237,"lastBolusTime":1702990774333,"time":"2023-12-19T14:38:55.723Z"}},{"iob":1.327,"basaliob":-0.043,"bolussnooze":0.152,"activity":0.0232,"lastBolusTime":1702990774333,"time":"2023-12-19T14:43:55.723Z","iobWithZeroTemp":{"iob":1.163,"basaliob":-0.207,"bolussnooze":0.152,"activity":0.0219,"lastBolusTime":1702990774333,"time":"2023-12-19T14:43:55.723Z"}},{"iob":1.215,"basaliob":-0.039,"bolussnooze":0.1183,"activity":0.0217,"lastBolusTime":1702990774333,"time":"2023-12-19T14:48:55.723Z","iobWithZeroTemp":{"iob":1.041,"basaliob":-0.213,"bolussnooze":0.1183,"activity":0.0203,"lastBolusTime":1702990774333,"time":"2023-12-19T14:48:55.723Z"}},{"iob":1.111,"basaliob":-0.036,"bolussnooze":0.0911,"activity":0.0202,"lastBolusTime":1702990774333,"time":"2023-12-19T14:53:55.723Z","iobWithZeroTemp":{"iob":0.928,"basaliob":-0.219,"bolussnooze":0.0911,"activity":0.0186,"lastBolusTime":1702990774333,"time":"2023-12-19T14:53:55.723Z"}},{"iob":1.013,"basaliob":-0.033,"bolussnooze":0.0693,"activity":0.0187,"lastBolusTime":1702990774333,"time":"2023-12-19T14:58:55.723Z","iobWithZeroTemp":{"iob":0.822,"basaliob":-0.224,"bolussnooze":0.0693,"activity":0.017,"lastBolusTime":1702990774333,"time":"2023-12-19T14:58:55.723Z"}},{"iob":0.922,"basaliob":-0.031,"bolussnooze":0.052,"activity":0.0174,"lastBolusTime":1702990774333,"time":"2023-12-19T15:03:55.723Z","iobWithZeroTemp":{"iob":0.723,"basaliob":-0.23,"bolussnooze":0.052,"activity":0.0156,"lastBolusTime":1702990774333,"time":"2023-12-19T15:03:55.723Z"}},{"iob":0.839,"basaliob":-0.028,"bolussnooze":0.0384,"activity":0.0161,"lastBolusTime":1702990774333,"time":"2023-12-19T15:08:55.723Z","iobWithZeroTemp":{"iob":0.632,"basaliob":-0.235,"bolussnooze":0.0384,"activity":0.0142,"lastBolusTime":1702990774333,"time":"2023-12-19T15:08:55.723Z"}},{"iob":0.762,"basaliob":-0.026,"bolussnooze":0.0278,"activity":0.0148,"lastBolusTime":1702990774333,"time":"2023-12-19T15:13:55.723Z","iobWithZeroTemp":{"iob":0.549,"basaliob":-0.239,"bolussnooze":0.0278,"activity":0.0128,"lastBolusTime":1702990774333,"time":"2023-12-19T15:13:55.723Z"}},{"iob":0.691,"basaliob":-0.023,"bolussnooze":0.0196,"activity":0.0137,"lastBolusTime":1702990774333,"time":"2023-12-19T15:18:55.723Z","iobWithZeroTemp":{"iob":0.471,"basaliob":-0.243,"bolussnooze":0.0196,"activity":0.0116,"lastBolusTime":1702990774333,"time":"2023-12-19T15:18:55.723Z"}},{"iob":0.626,"basaliob":-0.021,"bolussnooze":0.0135,"activity":0.0126,"lastBolusTime":1702990774333,"time":"2023-12-19T15:23:55.723Z","iobWithZeroTemp":{"iob":0.401,"basaliob":-0.246,"bolussnooze":0.0135,"activity":0.0104,"lastBolusTime":1702990774333,"time":"2023-12-19T15:23:55.723Z"}},{"iob":0.566,"basaliob":-0.019,"bolussnooze":0.0089,"activity":0.0115,"lastBolusTime":1702990774333,"time":"2023-12-19T15:28:55.723Z","iobWithZeroTemp":{"iob":0.335,"basaliob":-0.25,"bolussnooze":0.0089,"activity":0.0092,"lastBolusTime":1702990774333,"time":"2023-12-19T15:28:55.723Z"}},{"iob":0.51,"basaliob":-0.018,"bolussnooze":0.0056,"activity":0.0106,"lastBolusTime":1702990774333,"time":"2023-12-19T15:33:55.723Z","iobWithZeroTemp":{"iob":0.275,"basaliob":-0.253,"bolussnooze":0.0056,"activity":0.0082,"lastBolusTime":1702990774333,"time":"2023-12-19T15:33:55.723Z"}},{"iob":0.46,"basaliob":-0.016,"bolussnooze":0.0032,"activity":0.0097,"lastBolusTime":1702990774333,"time":"2023-12-19T15:38:55.723Z","iobWithZeroTemp":{"iob":0.22,"basaliob":-0.256,"bolussnooze":0.0032,"activity":0.0072,"lastBolusTime":1702990774333,"time":"2023-12-19T15:38:55.723Z"}},{"iob":0.413,"basaliob":-0.015,"bolussnooze":0.0017,"activity":0.0088,"lastBolusTime":1702990774333,"time":"2023-12-19T15:43:55.723Z","iobWithZeroTemp":{"iob":0.169,"basaliob":-0.259,"bolussnooze":0.0017,"activity":0.0062,"lastBolusTime":1702990774333,"time":"2023-12-19T15:43:55.723Z"}},{"iob":0.371,"basaliob":-0.013,"bolussnooze":7.0E-4,"activity":0.008,"lastBolusTime":1702990774333,"time":"2023-12-19T15:48:55.723Z","iobWithZeroTemp":{"iob":0.123,"basaliob":-0.261,"bolussnooze":7.0E-4,"activity":0.0054,"lastBolusTime":1702990774333,"time":"2023-12-19T15:48:55.723Z"}},{"iob":0.333,"basaliob":-0.012,"bolussnooze":2.0E-4,"activity":0.0074,"lastBolusTime":1702990774333,"time":"2023-12-19T15:53:55.723Z","iobWithZeroTemp":{"iob":0.082,"basaliob":-0.263,"bolussnooze":2.0E-4,"activity":0.0047,"lastBolusTime":1702990774333,"time":"2023-12-19T15:53:55.723Z"}},{"iob":0.297,"basaliob":-0.011,"bolussnooze":0,"activity":0.0067,"lastBolusTime":1702990774333,"time":"2023-12-19T15:58:55.723Z","iobWithZeroTemp":{"iob":0.043,"basaliob":-0.265,"bolussnooze":0,"activity":0.004,"lastBolusTime":1702990774333,"time":"2023-12-19T15:58:55.723Z"}},{"iob":0.266,"basaliob":-0.01,"bolussnooze":0,"activity":0.0061,"lastBolusTime":1702990774333,"time":"2023-12-19T16:03:55.723Z","iobWithZeroTemp":{"iob":0.009,"basaliob":-0.267,"bolussnooze":0,"activity":0.0033,"lastBolusTime":1702990774333,"time":"2023-12-19T16:03:55.723Z"}},{"iob":0.237,"basaliob":-0.009,"bolussnooze":0,"activity":0.0055,"lastBolusTime":1702990774333,"time":"2023-12-19T16:08:55.723Z","iobWithZeroTemp":{"iob":-0.022,"basaliob":-0.268,"bolussnooze":0,"activity":0.0026,"lastBolusTime":1702990774333,"time":"2023-12-19T16:08:55.723Z"}},{"iob":0.211,"basaliob":-0.008,"bolussnooze":0,"activity":0.0049,"lastBolusTime":1702990774333,"time":"2023-12-19T16:13:55.723Z","iobWithZeroTemp":{"iob":-0.051,"basaliob":-0.27,"bolussnooze":0,"activity":0.002,"lastBolusTime":1702990774333,"time":"2023-12-19T16:13:55.723Z"}},{"iob":0.187,"basaliob":-0.007,"bolussnooze":0,"activity":0.0044,"lastBolusTime":1702990774333,"time":"2023-12-19T16:18:55.723Z","iobWithZeroTemp":{"iob":-0.077,"basaliob":-0.271,"bolussnooze":0,"activity":0.0015,"lastBolusTime":1702990774333,"time":"2023-12-19T16:18:55.723Z"}},{"iob":0.166,"basaliob":-0.006,"bolussnooze":0,"activity":0.0041,"lastBolusTime":1702990774333,"time":"2023-12-19T16:23:55.723Z","iobWithZeroTemp":{"iob":-0.1,"basaliob":-0.272,"bolussnooze":0,"activity":0.0011,"lastBolusTime":1702990774333,"time":"2023-12-19T16:23:55.723Z"}},{"iob":0.146,"basaliob":-0.006,"bolussnooze":0,"activity":0.0037,"lastBolusTime":1702990774333,"time":"2023-12-19T16:28:55.723Z","iobWithZeroTemp":{"iob":-0.121,"basaliob":-0.273,"bolussnooze":0,"activity":7.0E-4,"lastBolusTime":1702990774333,"time":"2023-12-19T16:28:55.723Z"}},{"iob":0.129,"basaliob":-0.005,"bolussnooze":0,"activity":0.0033,"lastBolusTime":1702990774333,"time":"2023-12-19T16:33:55.723Z","iobWithZeroTemp":{"iob":-0.14,"basaliob":-0.274,"bolussnooze":0,"activity":3.0E-4,"lastBolusTime":1702990774333,"time":"2023-12-19T16:33:55.723Z"}},{"iob":0.113,"basaliob":-0.005,"bolussnooze":0,"activity":0.003,"lastBolusTime":1702990774333,"time":"2023-12-19T16:38:55.723Z","iobWithZeroTemp":{"iob":-0.157,"basaliob":-0.275,"bolussnooze":0,"activity":-1.0E-4,"lastBolusTime":1702990774333,"time":"2023-12-19T16:38:55.723Z"}},{"iob":0.1,"basaliob":-0.004,"bolussnooze":0,"activity":0.0026,"lastBolusTime":1702990774333,"time":"2023-12-19T16:43:55.723Z","iobWithZeroTemp":{"iob":-0.171,"basaliob":-0.275,"bolussnooze":0,"activity":-5.0E-4,"lastBolusTime":1702990774333,"time":"2023-12-19T16:43:55.723Z"}},{"iob":0.087,"basaliob":-0.004,"bolussnooze":0,"activity":0.0023,"lastBolusTime":1702990774333,"time":"2023-12-19T16:48:55.723Z","iobWithZeroTemp":{"iob":-0.186,"basaliob":-0.277,"bolussnooze":0,"activity":-8.0E-4,"lastBolusTime":1702990774333,"time":"2023-12-19T16:48:55.723Z"}},{"iob":0.076,"basaliob":-0.003,"bolussnooze":0,"activity":0.0021,"lastBolusTime":1702990774333,"time":"2023-12-19T16:53:55.723Z","iobWithZeroTemp":{"iob":-0.198,"basaliob":-0.277,"bolussnooze":0,"activity":-0.0011,"lastBolusTime":1702990774333,"time":"2023-12-19T16:53:55.723Z"}},{"iob":0.066,"basaliob":-0.003,"bolussnooze":0,"activity":0.0018,"lastBolusTime":1702990774333,"time":"2023-12-19T16:58:55.723Z","iobWithZeroTemp":{"iob":-0.208,"basaliob":-0.277,"bolussnooze":0,"activity":-0.0014,"lastBolusTime":1702990774333,"time":"2023-12-19T16:58:55.723Z"}},{"iob":0.058,"basaliob":-0.002,"bolussnooze":0,"activity":0.0016,"lastBolusTime":1702990774333,"time":"2023-12-19T17:03:55.723Z","iobWithZeroTemp":{"iob":-0.217,"basaliob":-0.277,"bolussnooze":0,"activity":-0.0016,"lastBolusTime":1702990774333,"time":"2023-12-19T17:03:55.723Z"}},{"iob":0.05,"basaliob":-0.002,"bolussnooze":0,"activity":0.0014,"lastBolusTime":1702990774333,"time":"2023-12-19T17:08:55.723Z","iobWithZeroTemp":{"iob":-0.226,"basaliob":-0.278,"bolussnooze":0,"activity":-0.0018,"lastBolusTime":1702990774333,"time":"2023-12-19T17:08:55.723Z"}},{"iob":0.042,"basaliob":-0.002,"bolussnooze":0,"activity":0.0013,"lastBolusTime":1702990774333,"time":"2023-12-19T17:13:55.723Z","iobWithZeroTemp":{"iob":-0.234,"basaliob":-0.278,"bolussnooze":0,"activity":-0.0019,"lastBolusTime":1702990774333,"time":"2023-12-19T17:13:55.723Z"}},{"iob":0.036,"basaliob":-0.002,"bolussnooze":0,"activity":0.0012,"lastBolusTime":1702990774333,"time":"2023-12-19T17:18:55.723Z","iobWithZeroTemp":{"iob":-0.241,"basaliob":-0.279,"bolussnooze":0,"activity":-0.002,"lastBolusTime":1702990774333,"time":"2023-12-19T17:18:55.723Z"}},{"iob":0.031,"basaliob":-0.001,"bolussnooze":0,"activity":0.0011,"lastBolusTime":1702990774333,"time":"2023-12-19T17:23:55.723Z","iobWithZeroTemp":{"iob":-0.247,"basaliob":-0.279,"bolussnooze":0,"activity":-0.0021,"lastBolusTime":1702990774333,"time":"2023-12-19T17:23:55.723Z"}},{"iob":0.026,"basaliob":-0.001,"bolussnooze":0,"activity":9.0E-4,"lastBolusTime":1702990774333,"time":"2023-12-19T17:28:55.723Z","iobWithZeroTemp":{"iob":-0.252,"basaliob":-0.279,"bolussnooze":0,"activity":-0.0024,"lastBolusTime":1702990774333,"time":"2023-12-19T17:28:55.723Z"}},{"iob":0.022,"basaliob":-0.001,"bolussnooze":0,"activity":8.0E-4,"lastBolusTime":1702990774333,"time":"2023-12-19T17:33:55.723Z","iobWithZeroTemp":{"iob":-0.256,"basaliob":-0.279,"bolussnooze":0,"activity":-0.0025,"lastBolusTime":1702990774333,"time":"2023-12-19T17:33:55.723Z"}}],"profile":{"max_iob":10,"type":"current","max_daily_basal":0.25,"max_basal":0.75,"min_bg":125,"max_bg":125,"target_bg":125,"carb_ratio":12.4,"sens":79,"max_daily_safety_multiplier":5,"current_basal_safety_multiplier":5,"lgsThreshold":95,"high_temptarget_raises_sensitivity":false,"low_temptarget_lowers_sensitivity":false,"sensitivity_raises_target":true,"resistance_lowers_target":true,"adv_target_adjustments":false,"exercise_mode":false,"half_basal_exercise_target":160,"maxCOB":120,"skip_neutral_temps":false,"remainingCarbsCap":90,"enableUAM":true,"A52_risk_enable":false,"SMBInterval":5,"enableSMB_with_COB":true,"enableSMB_with_temptarget":false,"allowSMB_with_high_temptarget":false,"enableSMB_always":false,"enableSMB_after_carbs":true,"maxSMBBasalMinutes":120,"maxUAMSMBBasalMinutes":120,"bolus_increment":0.05,"carbsReqThreshold":1,"current_basal":0.15000000596046448,"temptargetSet":true,"autosens_max":1.2,"autosens_min":0.7,"variable_sens":101.2,"insulinDivisor":75,"TDD":26.421260136093004},"autosens_data":{"ratio":1},"meal_data":{"carbs":65,"mealCOB":46.19787848101266,"slopeFromMaxDeviation":-0.13266666666666654,"slopeFromMinDeviation":1.0634000000000001,"lastBolusTime":1702990774333,"lastCarbTime":1702993121000},"microBolusAllowed":true,"currentTime":1702993136624,"flatBGsDetected":false,"tdd1D":20.141666612277426,"tdd7D":26.78606000595613,"tddLast24H":18.020833217849333,"tddLast4H":5.887499809265137,"tddLast8to4H":4.220833360900482},"output":{"temp":"absolute","bg":72,"tick":-5,"eventualBG":82,"targetBG":125,"insulinReq":0,"deliverAt":"2023-12-19T13:38:56.624Z","sensitivityRatio":1,"variable_sens":101.2,"predBGs":{"IOB":[72,65,56,43,39,39,39,39,39,39,39,39,39],"ZT":[72,52,39,39,39,39,39,39,39,39,39,39,39,39,39,39,39,39,39,39,39,39,39,39,39,39,39,39,39,39,39,39,39,39,39,39,39,39,39,39,39,39,39,39,39,39,39,39],"COB":[72,66,61,55,50,45,41,39,39,39,39,39,39,39,39,39,43,47,52,57,61,66,70,74,78,82,85,88,90,92,94,95,95,95,95,94,92,90,89,88,87,86,85,84,84,83,83,82],"UAM":[72,66,58,48,39,39,39,39,39,39,39,39,39]},"reason":"COB: 46.2, Dev: 87, BGI: -20, ISF: 101, CR: 12.4, Target: 125, minPredBG -5, minGuardBG -40, IOBpredBG 39, COBpredBG 82, UAMpredBG 39; 16 add'l carbs req w\/in 0m; minGuardBG -40<95 119m left and 0 ~ req 0U\/hr: no temp required","COB":46.19787848101266,"IOB":3.48,"carbsReq":16,"carbsReqWithin":0,"timestamp":"2023-12-19T13:38:56.638Z"}}