{"algorithm":"OpenAPSSMBDynamicISFPlugin","input":{"glucoseStatus":{"glucose":123,"noise":0,"delta":1,"short_avgdelta":1,"long_avgdelta":0.64,"date":1702981675000},"currenttemp":{"temp":"absolute","duration":25,"rate":0.75,"minutesrunning":5},"iob_data":[{"iob":0.721,"basaliob":-0.059,"bolussnooze":0.1481,"activity":0.0067,"lastBolusTime":1702981422705,"time":"2023-12-19T10:28:24.676Z","iobWithZeroTemp":{"iob":0.721,"basaliob":-0.059,"bolussnooze":0.1481,"activity":0.0067,"lastBolusTime":1702981422705,"time":"2023-12-19T10:28:24.676Z"}},{"iob":0.687,"basaliob":-0.052,"bolussnooze":0.126,"activity":0.007,"lastBolusTime":1702981422705,"time":"2023-12-19T10:33:24.676Z","iobWithZeroTemp":{"iob":0.677,"basaliob":-0.062,"bolussnooze":0.126,"activity":0.007,"lastBolusTime":1702981422705,"time":"2023-12-19T10:33:24.676Z"}},{"iob":0.651,"basaliob":-0.046,"bolussnooze":0.1063,"activity":0.0073,"lastBolusTime":1702981422705,"time":"2023-12-19T10:38:24.676Z","iobWithZeroTemp":{"iob":0.629,"basaliob":-0.068,"bolussnooze":0.1063,"activity":0.0073,"lastBolusTime":1702981422705,"time":"2023-12-19T10:38:24.676Z"}},{"iob":0.614,"basaliob":-0.041,"bolussnooze":0.0892,"activity":0.0073,"lastBolusTime":1702981422705,"time":"2023-12-19T10:43:24.676Z","iobWithZeroTemp":{"iob":0.579,"basaliob":-0.076,"bolussnooze":0.0892,"activity":0.0072,"lastBolusTime":1702981422705,"time":"2023-12-19T10:43:24.676Z"}},{"iob":0.578,"basaliob":-0.036,"bolussnooze":0.0743,"activity":0.0073,"lastBolusTime":1702981422705,"time":"2023-12-19T10:48:24.676Z","iobWithZeroTemp":{"iob":0.532,"basaliob":-0.082,"bolussnooze":0.0743,"activity":0.0071,"lastBolusTime":1702981422705,"time":"2023-12-19T10:48:24.676Z"}},{"iob":0.542,"basaliob":-0.032,"bolussnooze":0.0615,"activity":0.0071,"lastBolusTime":1702981422705,"time":"2023-12-19T10:53:24.676Z","iobWithZeroTemp":{"iob":0.484,"basaliob":-0.09,"bolussnooze":0.0615,"activity":0.0068,"lastBolusTime":1702981422705,"time":"2023-12-19T10:53:24.676Z"}},{"iob":0.507,"basaliob":-0.028,"bolussnooze":0.0505,"activity":0.007,"lastBolusTime":1702981422705,"time":"2023-12-19T10:58:24.676Z","iobWithZeroTemp":{"iob":0.438,"basaliob":-0.097,"bolussnooze":0.0505,"activity":0.0066,"lastBolusTime":1702981422705,"time":"2023-12-19T10:58:24.676Z"}},{"iob":0.473,"basaliob":-0.024,"bolussnooze":0.0413,"activity":0.0068,"lastBolusTime":1702981422705,"time":"2023-12-19T11:03:24.676Z","iobWithZeroTemp":{"iob":0.394,"basaliob":-0.103,"bolussnooze":0.0413,"activity":0.0063,"lastBolusTime":1702981422705,"time":"2023-12-19T11:03:24.676Z"}},{"iob":0.44,"basaliob":-0.021,"bolussnooze":0.0335,"activity":0.0065,"lastBolusTime":1702981422705,"time":"2023-12-19T11:08:24.676Z","iobWithZeroTemp":{"iob":0.351,"basaliob":-0.11,"bolussnooze":0.0335,"activity":0.0059,"lastBolusTime":1702981422705,"time":"2023-12-19T11:08:24.676Z"}},{"iob":0.407,"basaliob":-0.019,"bolussnooze":0.0271,"activity":0.0062,"lastBolusTime":1702981422705,"time":"2023-12-19T11:13:24.676Z","iobWithZeroTemp":{"iob":0.308,"basaliob":-0.118,"bolussnooze":0.0271,"activity":0.0055,"lastBolusTime":1702981422705,"time":"2023-12-19T11:13:24.676Z"}},{"iob":0.378,"basaliob":-0.016,"bolussnooze":0.0217,"activity":0.0059,"lastBolusTime":1702981422705,"time":"2023-12-19T11:18:24.676Z","iobWithZeroTemp":{"iob":0.271,"basaliob":-0.123,"bolussnooze":0.0217,"activity":0.0051,"lastBolusTime":1702981422705,"time":"2023-12-19T11:18:24.676Z"}},{"iob":0.349,"basaliob":-0.014,"bolussnooze":0.0172,"activity":0.0056,"lastBolusTime":1702981422705,"time":"2023-12-19T11:23:24.676Z","iobWithZeroTemp":{"iob":0.233,"basaliob":-0.13,"bolussnooze":0.0172,"activity":0.0047,"lastBolusTime":1702981422705,"time":"2023-12-19T11:23:24.676Z"}},{"iob":0.322,"basaliob":-0.012,"bolussnooze":0.0136,"activity":0.0052,"lastBolusTime":1702981422705,"time":"2023-12-19T11:28:24.676Z","iobWithZeroTemp":{"iob":0.198,"basaliob":-0.136,"bolussnooze":0.0136,"activity":0.0042,"lastBolusTime":1702981422705,"time":"2023-12-19T11:28:24.676Z"}},{"iob":0.295,"basaliob":-0.011,"bolussnooze":0.0106,"activity":0.005,"lastBolusTime":1702981422705,"time":"2023-12-19T11:33:24.676Z","iobWithZeroTemp":{"iob":0.164,"basaliob":-0.142,"bolussnooze":0.0106,"activity":0.0039,"lastBolusTime":1702981422705,"time":"2023-12-19T11:33:24.676Z"}},{"iob":0.272,"basaliob":-0.009,"bolussnooze":0.0082,"activity":0.0046,"lastBolusTime":1702981422705,"time":"2023-12-19T11:38:24.676Z","iobWithZeroTemp":{"iob":0.134,"basaliob":-0.147,"bolussnooze":0.0082,"activity":0.0034,"lastBolusTime":1702981422705,"time":"2023-12-19T11:38:24.676Z"}},{"iob":0.249,"basaliob":-0.008,"bolussnooze":0.0063,"activity":0.0044,"lastBolusTime":1702981422705,"time":"2023-12-19T11:43:24.676Z","iobWithZeroTemp":{"iob":0.105,"basaliob":-0.152,"bolussnooze":0.0063,"activity":0.0031,"lastBolusTime":1702981422705,"time":"2023-12-19T11:43:24.676Z"}},{"iob":0.228,"basaliob":-0.007,"bolussnooze":0.0048,"activity":0.0041,"lastBolusTime":1702981422705,"time":"2023-12-19T11:48:24.676Z","iobWithZeroTemp":{"iob":0.078,"basaliob":-0.157,"bolussnooze":0.0048,"activity":0.0027,"lastBolusTime":1702981422705,"time":"2023-12-19T11:48:24.676Z"}},{"iob":0.208,"basaliob":-0.006,"bolussnooze":0.0035,"activity":0.0038,"lastBolusTime":1702981422705,"time":"2023-12-19T11:53:24.676Z","iobWithZeroTemp":{"iob":0.052,"basaliob":-0.162,"bolussnooze":0.0035,"activity":0.0023,"lastBolusTime":1702981422705,"time":"2023-12-19T11:53:24.676Z"}},{"iob":0.19,"basaliob":-0.005,"bolussnooze":0.0026,"activity":0.0035,"lastBolusTime":1702981422705,"time":"2023-12-19T11:58:24.676Z","iobWithZeroTemp":{"iob":0.029,"basaliob":-0.166,"bolussnooze":0.0026,"activity":0.002,"lastBolusTime":1702981422705,"time":"2023-12-19T11:58:24.676Z"}},{"iob":0.173,"basaliob":-0.004,"bolussnooze":0.0019,"activity":0.0033,"lastBolusTime":1702981422705,"time":"2023-12-19T12:03:24.676Z","iobWithZeroTemp":{"iob":0.008,"basaliob":-0.169,"bolussnooze":0.0019,"activity":0.0017,"lastBolusTime":1702981422705,"time":"2023-12-19T12:03:24.676Z"}},{"iob":0.158,"basaliob":-0.003,"bolussnooze":0.0013,"activity":0.003,"lastBolusTime":1702981422705,"time":"2023-12-19T12:08:24.676Z","iobWithZeroTemp":{"iob":-0.011,"basaliob":-0.172,"bolussnooze":0.0013,"activity":0.0013,"lastBolusTime":1702981422705,"time":"2023-12-19T12:08:24.676Z"}},{"iob":0.143,"basaliob":-0.003,"bolussnooze":9.0E-4,"activity":0.0028,"lastBolusTime":1702981422705,"time":"2023-12-19T12:13:24.676Z","iobWithZeroTemp":{"iob":-0.03,"basaliob":-0.176,"bolussnooze":9.0E-4,"activity":0.0011,"lastBolusTime":1702981422705,"time":"2023-12-19T12:13:24.676Z"}},{"iob":0.13,"basaliob":-0.002,"bolussnooze":6.0E-4,"activity":0.0025,"lastBolusTime":1702981422705,"time":"2023-12-19T12:18:24.676Z","iobWithZeroTemp":{"iob":-0.047,"basaliob":-0.179,"bolussnooze":6.0E-4,"activity":7.0E-4,"lastBolusTime":1702981422705,"time":"2023-12-19T12:18:24.676Z"}},{"iob":0.118,"basaliob":-0.002,"bolussnooze":3.0E-4,"activity":0.0023,"lastBolusTime":1702981422705,"time":"2023-12-19T12:23:24.676Z","iobWithZeroTemp":{"iob":-0.062,"basaliob":-0.182,"bolussnooze":3.0E-4,"activity":4.0E-4,"lastBolusTime":1702981422705,"time":"2023-12-19T12:23:24.676Z"}},{"iob":0.107,"basaliob":-0.001,"bolussnooze":2.0E-4,"activity":0.0021,"lastBolusTime":1702981422705,"time":"2023-12-19T12:28:24.676Z","iobWithZeroTemp":{"iob":-0.076,"basaliob":-0.184,"bolussnooze":2.0E-4,"activity":2.0E-4,"lastBolusTime":1702981422705,"time":"2023-12-19T12:28:24.676Z"}},{"iob":0.096,"basaliob":-0.001,"bolussnooze":1.0E-4,"activity":0.002,"lastBolusTime":1702981422705,"time":"2023-12-19T12:33:24.676Z","iobWithZeroTemp":{"iob":-0.09,"basaliob":-0.187,"bolussnooze":1.0E-4,"activity":0,"lastBolusTime":1702981422705,"time":"2023-12-19T12:33:24.676Z"}},{"iob":0.087,"basaliob":-0.001,"bolussnooze":0,"activity":0.0018,"lastBolusTime":1702981422705,"time":"2023-12-19T12:38:24.676Z","iobWithZeroTemp":{"iob":-0.102,"basaliob":-0.19,"bolussnooze":0,"activity":-2.0E-4,"lastBolusTime":1702981422705,"time":"2023-12-19T12:38:24.676Z"}},{"iob":0.079,"basaliob":0,"bolussnooze":0,"activity":0.0017,"lastBolusTime":1702981422705,"time":"2023-12-19T12:43:24.676Z","iobWithZeroTemp":{"iob":-0.112,"basaliob":-0.191,"bolussnooze":0,"activity":-4.0E-4,"lastBolusTime":1702981422705,"time":"2023-12-19T12:43:24.676Z"}},{"iob":0.071,"basaliob":0,"bolussnooze":0,"activity":0.0015,"lastBolusTime":1702981422705,"time":"2023-12-19T12:48:24.676Z","iobWithZeroTemp":{"iob":-0.122,"basaliob":-0.193,"bolussnooze":0,"activity":-6.0E-4,"lastBolusTime":1702981422705,"time":"2023-12-19T12:48:24.676Z"}},{"iob":0.063,"basaliob":0,"bolussnooze":0,"activity":0.0014,"lastBolusTime":1702981422705,"time":"2023-12-19T12:53:24.676Z","iobWithZeroTemp":{"iob":-0.132,"basaliob":-0.195,"bolussnooze":0,"activity":-7.0E-4,"lastBolusTime":1702981422705,"time":"2023-12-19T12:53:24.676Z"}},{"iob":0.057,"basaliob":0,"bolussnooze":0,"activity":0.0013,"lastBolusTime":1702981422705,"time":"2023-12-19T12:58:24.676Z","iobWithZeroTemp":{"iob":-0.14,"basaliob":-0.197,"bolussnooze":0,"activity":-9.0E-4,"lastBolusTime":1702981422705,"time":"2023-12-19T12:58:24.676Z"}},{"iob":0.051,"basaliob":0,"bolussnooze":0,"activity":0.0012,"lastBolusTime":1702981422705,"time":"2023-12-19T13:03:24.676Z","iobWithZeroTemp":{"iob":-0.147,"basaliob":-0.198,"bolussnooze":0,"activity":-0.001,"lastBolusTime":1702981422705,"time":"2023-12-19T13:03:24.676Z"}},{"iob":0.045,"basaliob":0,"bolussnooze":0,"activity":0.001,"lastBolusTime":1702981422705,"time":"2023-12-19T13:08:24.676Z","iobWithZeroTemp":{"iob":-0.154,"basaliob":-0.199,"bolussnooze":0,"activity":-0.0012,"lastBolusTime":1702981422705,"time":"2023-12-19T13:08:24.676Z"}},{"iob":0.04,"basaliob":0,"bolussnooze":0,"activity":9.0E-4,"lastBolusTime":1702981422705,"time":"2023-12-19T13:13:24.676Z","iobWithZeroTemp":{"iob":-0.161,"basaliob":-0.201,"bolussnooze":0,"activity":-0.0014,"lastBolusTime":1702981422705,"time":"2023-12-19T13:13:24.676Z"}},{"iob":0.036,"basaliob":0,"bolussnooze":0,"activity":9.0E-4,"lastBolusTime":1702981422705,"time":"2023-12-19T13:18:24.676Z","iobWithZeroTemp":{"iob":-0.166,"basaliob":-0.202,"bolussnooze":0,"activity":-0.0014,"lastBolusTime":1702981422705,"time":"2023-12-19T13:18:24.676Z"}},{"iob":0.032,"basaliob":0,"bolussnooze":0,"activity":8.0E-4,"lastBolusTime":1702981422705,"time":"2023-12-19T13:23:24.676Z","iobWithZeroTemp":{"iob":-0.171,"basaliob":-0.203,"bolussnooze":0,"activity":-0.0015,"lastBolusTime":1702981422705,"time":"2023-12-19T13:23:24.676Z"}},{"iob":0.028,"basaliob":0,"bolussnooze":0,"activity":7.0E-4,"lastBolusTime":1702981422705,"time":"2023-12-19T13:28:24.676Z","iobWithZeroTemp":{"iob":-0.176,"basaliob":-0.204,"bolussnooze":0,"activity":-0.0016,"lastBolusTime":1702981422705,"time":"2023-12-19T13:28:24.676Z"}},{"iob":0.025,"basaliob":0,"bolussnooze":0,"activity":6.0E-4,"lastBolusTime":1702981422705,"time":"2023-12-19T13:33:24.676Z","iobWithZeroTemp":{"iob":-0.18,"basaliob":-0.205,"bolussnooze":0,"activity":-0.0017,"lastBolusTime":1702981422705,"time":"2023-12-19T13:33:24.676Z"}},{"iob":0.022,"basaliob":0,"bolussnooze":0,"activity":6.0E-4,"lastBolusTime":1702981422705,"time":"2023-12-19T13:38:24.676Z","iobWithZeroTemp":{"iob":-0.183,"basaliob":-0.205,"bolussnooze":0,"activity":-0.0018,"lastBolusTime":1702981422705,"time":"2023-12-19T13:38:24.676Z"}},{"iob":0.019,"basaliob":0,"bolussnooze":0,"activity":5.0E-4,"lastBolusTime":1702981422705,"time":"2023-12-19T13:43:24.676Z","iobWithZeroTemp":{"iob":-0.187,"basaliob":-0.206,"bolussnooze":0,"activity":-0.0019,"lastBolusTime":1702981422705,"time":"2023-12-19T13:43:24.676Z"}},{"iob":0.017,"basaliob":0,"bolussnooze":0,"activity":4.0E-4,"lastBolusTime":1702981422705,"time":"2023-12-19T13:48:24.676Z","iobWithZeroTemp":{"iob":-0.189,"basaliob":-0.206,"bolussnooze":0,"activity":-0.002,"lastBolusTime":1702981422705,"time":"2023-12-19T13:48:24.676Z"}},{"iob":0.015,"basaliob":0,"bolussnooze":0,"activity":4.0E-4,"lastBolusTime":1702981422705,"time":"2023-12-19T13:53:24.676Z","iobWithZeroTemp":{"iob":-0.192,"basaliob":-0.207,"bolussnooze":0,"activity":-0.002,"lastBolusTime":1702981422705,"time":"2023-12-19T13:53:24.676Z"}},{"iob":0.013,"basaliob":0,"bolussnooze":0,"activity":4.0E-4,"lastBolusTime":1702981422705,"time":"2023-12-19T13:58:24.676Z","iobWithZeroTemp":{"iob":-0.194,"basaliob":-0.207,"bolussnooze":0,"activity":-0.002,"lastBolusTime":1702981422705,"time":"2023-12-19T13:58:24.676Z"}},{"iob":0.011,"basaliob":0,"bolussnooze":0,"activity":3.0E-4,"lastBolusTime":1702981422705,"time":"2023-12-19T14:03:24.676Z","iobWithZeroTemp":{"iob":-0.201,"basaliob":-0.212,"bolussnooze":0,"activity":-0.0021,"lastBolusTime":1702981422705,"time":"2023-12-19T14:03:24.676Z"}},{"iob":0.01,"basaliob":0,"bolussnooze":0,"activity":3.0E-4,"lastBolusTime":1702981422705,"time":"2023-12-19T14:08:24.676Z","iobWithZeroTemp":{"iob":-0.206,"basaliob":-0.216,"bolussnooze":0,"activity":-0.0022,"lastBolusTime":1702981422705,"time":"2023-12-19T14:08:24.676Z"}},{"iob":0.008,"basaliob":0,"bolussnooze":0,"activity":2.0E-4,"lastBolusTime":1702981422705,"time":"2023-12-19T14:13:24.676Z","iobWithZeroTemp":{"iob":-0.213,"basaliob":-0.221,"bolussnooze":0,"activity":-0.0023,"lastBolusTime":1702981422705,"time":"2023-12-19T14:13:24.676Z"}},{"iob":0.007,"basaliob":0,"bolussnooze":0,"activity":2.0E-4,"lastBolusTime":1702981422705,"time":"2023-12-19T14:18:24.676Z","iobWithZeroTemp":{"iob":-0.218,"basaliob":-0.225,"bolussnooze":0,"activity":-0.0023,"lastBolusTime":1702981422705,"time":"2023-12-19T14:18:24.676Z"}},{"iob":0.006,"basaliob":0,"bolussnooze":0,"activity":2.0E-4,"lastBolusTime":1702981422705,"time":"2023-12-19T14:23:24.676Z","iobWithZeroTemp":{"iob":-0.223,"basaliob":-0.229,"bolussnooze":0,"activity":-0.0023,"lastBolusTime":1702981422705,"time":"2023-12-19T14:23:24.676Z"}}],"profile":{"max_iob":10,"type":"current","max_daily_basal":0.25,"max_basal":0.75,"min_bg":90,"max_bg":90,"target_bg":90,"carb_ratio":12.6,"sens":84,"max_daily_safety_multiplier":5,"current_basal_safety_multiplier":5,"lgsThreshold":95,"high_temptarget_raises_sensitivity":false,"low_temptarget_lowers_sensitivity":false,"sensitivity_raises_target":true,"resistance_lowers_target":true,"adv_target_adjustments":false,"exercise_mode":false,"half_basal_exercise_target":160,"maxCOB":120,"skip_neutral_temps":false,"remainingCarbsCap":90,"enableUAM":true,"A52_risk_enable":false,"SMBInterval":5,"enableSMB_with_COB":true,"enableSMB_with_temptarget":false,"allowSMB_with_high_temptarget":false,"enableSMB_always":false,"enableSMB_after_carbs":true,"maxSMBBasalMinutes":120,"maxUAMSMBBasalMinutes":120,"bolus_increment":0.05,"carbsReqThreshold":1,"current_basal":0.15000000596046448,"temptargetSet":false,"autosens_max":1.2,"autosens_min":0.7,"variable_sens":80.3,"insulinDivisor":75,"TDD":23.08166041889171},"autosens_data":{"ratio":1},"meal_data":{"carbs":38,"mealCOB":0,"slopeFromMaxDeviation":0,"slopeFromMinDeviation":0.463625,"lastBolusTime":1702981422705,"lastCarbTime":1702979777436},"microBolusAllowed":true,"currentTime":1702981705956,"flatBGsDetected":false,"tdd1D":20.141666612277426,"tdd7D":26.78606000595613,"tddLast24H":20.445833260317645,"tddLast4H":4.758333354940017,"tddLast8to4H":1.233333341528972},"output":{"temp":"absolute","bg":123,"tick":"+1","eventualBG":106,"targetBG":90,"insulinReq":0.01,"deliverAt":"2023-12-19T10:28:25.956Z","sensitivityRatio":1,"variable_sens":80.3,"predBGs":{"IOB":[123,124,124,124,123,123,122,120,119,117,115,113,111,108,106,104,102,100,99,97,95,94,93,91,90,89,88,87,86,86,85,84,84,83,83,82,82,81,81,81,80,80,80,80,80,80,79],"ZT":[123,120,117,114,111,108,105,102,100,97,94,92,90,88,86,84,82,81,80,78,78,77,76,76,76,75,75,76,76,76,77,77,78,78,79,80,81,81,82,83,84,85,86,87,88,90],"UAM":[123,124,124,125,125,125,125,125,125,124,124,124,123,123,122,122,121,121,120,120,119,118,117,116,116,115,114,113,112,112,111,111,110,110,109,109,108,108,108,108,107,107,107,107,107,107,107,106]},"reason":"COB: 0, Dev: 22, BGI: -3, ISF: 80, CR: 12.6, Target: 90, minPredBG 91, minGuardBG 106, IOBpredBG 79, UAMpredBG 106; Eventual BG 106 >= 90,  insulinReq 0.01. Waiting 0m 18s to microbolus again. 25m@0.75 > 2 * insulinReq. Setting temp basal of 0.17U\/hr. ","COB":0,"IOB":0.721,"duration":30,"rate":0.17000000596046447,"timestamp":"2023-12-19T10:28:25.981Z"}}