{"algorithm":"OpenAPSSMBDynamicISFPlugin","input":{"glucoseStatus":{"glucose":122,"noise":0,"delta":3,"short_avgdelta":3,"long_avgdelta":2.78,"date":1703006276000},"currenttemp":{"temp":"absolute","duration":0,"rate":0},"iob_data":[{"iob":0.53,"basaliob":-0.144,"bolussnooze":0.3063,"activity":0.0068,"lastBolusTime":1703005078379,"time":"2023-12-19T17:18:26.319Z","iobWithZeroTemp":{"iob":0.53,"basaliob":-0.144,"bolussnooze":0.3063,"activity":0.0068,"lastBolusTime":1703005078379,"time":"2023-12-19T17:18:26.319Z"}},{"iob":0.497,"basaliob":-0.134,"bolussnooze":0.2672,"activity":0.0066,"lastBolusTime":1703005078379,"time":"2023-12-19T17:23:26.319Z","iobWithZeroTemp":{"iob":0.484,"basaliob":-0.147,"bolussnooze":0.2672,"activity":0.0066,"lastBolusTime":1703005078379,"time":"2023-12-19T17:23:26.319Z"}},{"iob":0.465,"basaliob":-0.124,"bolussnooze":0.2307,"activity":0.0064,"lastBolusTime":1703005078379,"time":"2023-12-19T17:28:26.319Z","iobWithZeroTemp":{"iob":0.435,"basaliob":-0.154,"bolussnooze":0.2307,"activity":0.0063,"lastBolusTime":1703005078379,"time":"2023-12-19T17:28:26.319Z"}},{"iob":0.433,"basaliob":-0.115,"bolussnooze":0.1975,"activity":0.0062,"lastBolusTime":1703005078379,"time":"2023-12-19T17:33:26.319Z","iobWithZeroTemp":{"iob":0.387,"basaliob":-0.161,"bolussnooze":0.1975,"activity":0.0061,"lastBolusTime":1703005078379,"time":"2023-12-19T17:33:26.319Z"}},{"iob":0.403,"basaliob":-0.106,"bolussnooze":0.1676,"activity":0.006,"lastBolusTime":1703005078379,"time":"2023-12-19T17:38:26.319Z","iobWithZeroTemp":{"iob":0.341,"basaliob":-0.168,"bolussnooze":0.1676,"activity":0.0058,"lastBolusTime":1703005078379,"time":"2023-12-19T17:38:26.319Z"}},{"iob":0.373,"basaliob":-0.098,"bolussnooze":0.1413,"activity":0.0057,"lastBolusTime":1703005078379,"time":"2023-12-19T17:43:26.319Z","iobWithZeroTemp":{"iob":0.296,"basaliob":-0.175,"bolussnooze":0.1413,"activity":0.0054,"lastBolusTime":1703005078379,"time":"2023-12-19T17:43:26.319Z"}},{"iob":0.345,"basaliob":-0.09,"bolussnooze":0.1183,"activity":0.0054,"lastBolusTime":1703005078379,"time":"2023-12-19T17:48:26.319Z","iobWithZeroTemp":{"iob":0.253,"basaliob":-0.182,"bolussnooze":0.1183,"activity":0.0049,"lastBolusTime":1703005078379,"time":"2023-12-19T17:48:26.319Z"}},{"iob":0.319,"basaliob":-0.083,"bolussnooze":0.0983,"activity":0.0052,"lastBolusTime":1703005078379,"time":"2023-12-19T17:53:26.319Z","iobWithZeroTemp":{"iob":0.213,"basaliob":-0.189,"bolussnooze":0.0983,"activity":0.0046,"lastBolusTime":1703005078379,"time":"2023-12-19T17:53:26.319Z"}},{"iob":0.294,"basaliob":-0.076,"bolussnooze":0.0812,"activity":0.0049,"lastBolusTime":1703005078379,"time":"2023-12-19T17:58:26.319Z","iobWithZeroTemp":{"iob":0.175,"basaliob":-0.195,"bolussnooze":0.0812,"activity":0.0042,"lastBolusTime":1703005078379,"time":"2023-12-19T17:58:26.319Z"}},{"iob":0.271,"basaliob":-0.069,"bolussnooze":0.0667,"activity":0.0046,"lastBolusTime":1703005078379,"time":"2023-12-19T18:03:26.319Z","iobWithZeroTemp":{"iob":0.14,"basaliob":-0.2,"bolussnooze":0.0667,"activity":0.0037,"lastBolusTime":1703005078379,"time":"2023-12-19T18:03:26.319Z"}},{"iob":0.248,"basaliob":-0.064,"bolussnooze":0.0544,"activity":0.0042,"lastBolusTime":1703005078379,"time":"2023-12-19T18:08:26.319Z","iobWithZeroTemp":{"iob":0.105,"basaliob":-0.207,"bolussnooze":0.0544,"activity":0.0032,"lastBolusTime":1703005078379,"time":"2023-12-19T18:08:26.319Z"}},{"iob":0.228,"basaliob":-0.058,"bolussnooze":0.0441,"activity":0.004,"lastBolusTime":1703005078379,"time":"2023-12-19T18:13:26.319Z","iobWithZeroTemp":{"iob":0.074,"basaliob":-0.212,"bolussnooze":0.0441,"activity":0.0028,"lastBolusTime":1703005078379,"time":"2023-12-19T18:13:26.319Z"}},{"iob":0.208,"basaliob":-0.053,"bolussnooze":0.0355,"activity":0.0037,"lastBolusTime":1703005078379,"time":"2023-12-19T18:18:26.319Z","iobWithZeroTemp":{"iob":0.043,"basaliob":-0.218,"bolussnooze":0.0355,"activity":0.0024,"lastBolusTime":1703005078379,"time":"2023-12-19T18:18:26.319Z"}},{"iob":0.19,"basaliob":-0.048,"bolussnooze":0.0284,"activity":0.0035,"lastBolusTime":1703005078379,"time":"2023-12-19T18:23:26.319Z","iobWithZeroTemp":{"iob":0.015,"basaliob":-0.223,"bolussnooze":0.0284,"activity":0.0021,"lastBolusTime":1703005078379,"time":"2023-12-19T18:23:26.319Z"}},{"iob":0.173,"basaliob":-0.044,"bolussnooze":0.0225,"activity":0.0033,"lastBolusTime":1703005078379,"time":"2023-12-19T18:28:26.319Z","iobWithZeroTemp":{"iob":-0.011,"basaliob":-0.228,"bolussnooze":0.0225,"activity":0.0017,"lastBolusTime":1703005078379,"time":"2023-12-19T18:28:26.319Z"}},{"iob":0.158,"basaliob":-0.04,"bolussnooze":0.0177,"activity":0.0029,"lastBolusTime":1703005078379,"time":"2023-12-19T18:33:26.319Z","iobWithZeroTemp":{"iob":-0.034,"basaliob":-0.232,"bolussnooze":0.0177,"activity":0.0012,"lastBolusTime":1703005078379,"time":"2023-12-19T18:33:26.319Z"}},{"iob":0.144,"basaliob":-0.036,"bolussnooze":0.0138,"activity":0.0028,"lastBolusTime":1703005078379,"time":"2023-12-19T18:38:26.319Z","iobWithZeroTemp":{"iob":-0.056,"basaliob":-0.236,"bolussnooze":0.0138,"activity":0.001,"lastBolusTime":1703005078379,"time":"2023-12-19T18:38:26.319Z"}},{"iob":0.131,"basaliob":-0.032,"bolussnooze":0.0107,"activity":0.0025,"lastBolusTime":1703005078379,"time":"2023-12-19T18:43:26.319Z","iobWithZeroTemp":{"iob":-0.076,"basaliob":-0.239,"bolussnooze":0.0107,"activity":6.0E-4,"lastBolusTime":1703005078379,"time":"2023-12-19T18:43:26.319Z"}},{"iob":0.119,"basaliob":-0.029,"bolussnooze":0.0081,"activity":0.0023,"lastBolusTime":1703005078379,"time":"2023-12-19T18:48:26.319Z","iobWithZeroTemp":{"iob":-0.095,"basaliob":-0.243,"bolussnooze":0.0081,"activity":3.0E-4,"lastBolusTime":1703005078379,"time":"2023-12-19T18:48:26.319Z"}},{"iob":0.108,"basaliob":-0.026,"bolussnooze":0.0061,"activity":0.0021,"lastBolusTime":1703005078379,"time":"2023-12-19T18:53:26.319Z","iobWithZeroTemp":{"iob":-0.112,"basaliob":-0.246,"bolussnooze":0.0061,"activity":0,"lastBolusTime":1703005078379,"time":"2023-12-19T18:53:26.319Z"}},{"iob":0.097,"basaliob":-0.024,"bolussnooze":0.0046,"activity":0.0019,"lastBolusTime":1703005078379,"time":"2023-12-19T18:58:26.319Z","iobWithZeroTemp":{"iob":-0.129,"basaliob":-0.25,"bolussnooze":0.0046,"activity":-3.0E-4,"lastBolusTime":1703005078379,"time":"2023-12-19T18:58:26.319Z"}},{"iob":0.089,"basaliob":-0.021,"bolussnooze":0.0033,"activity":0.0017,"lastBolusTime":1703005078379,"time":"2023-12-19T19:03:26.319Z","iobWithZeroTemp":{"iob":-0.138,"basaliob":-0.248,"bolussnooze":0.0033,"activity":-6.0E-4,"lastBolusTime":1703005078379,"time":"2023-12-19T19:03:26.319Z"}},{"iob":0.08,"basaliob":-0.019,"bolussnooze":0.0024,"activity":0.0017,"lastBolusTime":1703005078379,"time":"2023-12-19T19:08:26.319Z","iobWithZeroTemp":{"iob":-0.148,"basaliob":-0.247,"bolussnooze":0.0024,"activity":-7.0E-4,"lastBolusTime":1703005078379,"time":"2023-12-19T19:08:26.319Z"}},{"iob":0.072,"basaliob":-0.017,"bolussnooze":0.0017,"activity":0.0015,"lastBolusTime":1703005078379,"time":"2023-12-19T19:13:26.319Z","iobWithZeroTemp":{"iob":-0.156,"basaliob":-0.245,"bolussnooze":0.0017,"activity":-0.001,"lastBolusTime":1703005078379,"time":"2023-12-19T19:13:26.319Z"}},{"iob":0.065,"basaliob":-0.015,"bolussnooze":0.0011,"activity":0.0014,"lastBolusTime":1703005078379,"time":"2023-12-19T19:18:26.319Z","iobWithZeroTemp":{"iob":-0.163,"basaliob":-0.243,"bolussnooze":0.0011,"activity":-0.0011,"lastBolusTime":1703005078379,"time":"2023-12-19T19:18:26.319Z"}},{"iob":0.058,"basaliob":-0.014,"bolussnooze":7.0E-4,"activity":0.0013,"lastBolusTime":1703005078379,"time":"2023-12-19T19:23:26.319Z","iobWithZeroTemp":{"iob":-0.17,"basaliob":-0.242,"bolussnooze":7.0E-4,"activity":-0.0012,"lastBolusTime":1703005078379,"time":"2023-12-19T19:23:26.319Z"}},{"iob":0.052,"basaliob":-0.012,"bolussnooze":5.0E-4,"activity":0.0011,"lastBolusTime":1703005078379,"time":"2023-12-19T19:28:26.319Z","iobWithZeroTemp":{"iob":-0.176,"basaliob":-0.24,"bolussnooze":5.0E-4,"activity":-0.0015,"lastBolusTime":1703005078379,"time":"2023-12-19T19:28:26.319Z"}},{"iob":0.047,"basaliob":-0.011,"bolussnooze":3.0E-4,"activity":0.001,"lastBolusTime":1703005078379,"time":"2023-12-19T19:33:26.319Z","iobWithZeroTemp":{"iob":-0.181,"basaliob":-0.239,"bolussnooze":3.0E-4,"activity":-0.0016,"lastBolusTime":1703005078379,"time":"2023-12-19T19:33:26.319Z"}},{"iob":0.041,"basaliob":-0.01,"bolussnooze":2.0E-4,"activity":0.001,"lastBolusTime":1703005078379,"time":"2023-12-19T19:38:26.319Z","iobWithZeroTemp":{"iob":-0.186,"basaliob":-0.237,"bolussnooze":2.0E-4,"activity":-0.0016,"lastBolusTime":1703005078379,"time":"2023-12-19T19:38:26.319Z"}},{"iob":0.038,"basaliob":-0.008,"bolussnooze":1.0E-4,"activity":9.0E-4,"lastBolusTime":1703005078379,"time":"2023-12-19T19:43:26.319Z","iobWithZeroTemp":{"iob":-0.188,"basaliob":-0.234,"bolussnooze":1.0E-4,"activity":-0.0017,"lastBolusTime":1703005078379,"time":"2023-12-19T19:43:26.319Z"}},{"iob":0.034,"basaliob":-0.007,"bolussnooze":0,"activity":8.0E-4,"lastBolusTime":1703005078379,"time":"2023-12-19T19:48:26.319Z","iobWithZeroTemp":{"iob":-0.192,"basaliob":-0.233,"bolussnooze":0,"activity":-0.0018,"lastBolusTime":1703005078379,"time":"2023-12-19T19:48:26.319Z"}},{"iob":0.029,"basaliob":-0.007,"bolussnooze":0,"activity":7.0E-4,"lastBolusTime":1703005078379,"time":"2023-12-19T19:53:26.319Z","iobWithZeroTemp":{"iob":-0.196,"basaliob":-0.232,"bolussnooze":0,"activity":-0.0019,"lastBolusTime":1703005078379,"time":"2023-12-19T19:53:26.319Z"}},{"iob":0.026,"basaliob":-0.006,"bolussnooze":0,"activity":7.0E-4,"lastBolusTime":1703005078379,"time":"2023-12-19T19:58:26.319Z","iobWithZeroTemp":{"iob":-0.198,"basaliob":-0.23,"bolussnooze":0,"activity":-0.002,"lastBolusTime":1703005078379,"time":"2023-12-19T19:58:26.319Z"}},{"iob":0.023,"basaliob":-0.005,"bolussnooze":0,"activity":6.0E-4,"lastBolusTime":1703005078379,"time":"2023-12-19T20:03:26.319Z","iobWithZeroTemp":{"iob":-0.201,"basaliob":-0.229,"bolussnooze":0,"activity":-0.0021,"lastBolusTime":1703005078379,"time":"2023-12-19T20:03:26.319Z"}},{"iob":0.021,"basaliob":-0.004,"bolussnooze":0,"activity":5.0E-4,"lastBolusTime":1703005078379,"time":"2023-12-19T20:08:26.319Z","iobWithZeroTemp":{"iob":-0.202,"basaliob":-0.227,"bolussnooze":0,"activity":-0.0022,"lastBolusTime":1703005078379,"time":"2023-12-19T20:08:26.319Z"}},{"iob":0.018,"basaliob":-0.004,"bolussnooze":0,"activity":5.0E-4,"lastBolusTime":1703005078379,"time":"2023-12-19T20:13:26.319Z","iobWithZeroTemp":{"iob":-0.204,"basaliob":-0.226,"bolussnooze":0,"activity":-0.0022,"lastBolusTime":1703005078379,"time":"2023-12-19T20:13:26.319Z"}},{"iob":0.016,"basaliob":-0.003,"bolussnooze":0,"activity":4.0E-4,"lastBolusTime":1703005078379,"time":"2023-12-19T20:18:26.319Z","iobWithZeroTemp":{"iob":-0.205,"basaliob":-0.224,"bolussnooze":0,"activity":-0.0022,"lastBolusTime":1703005078379,"time":"2023-12-19T20:18:26.319Z"}},{"iob":0.014,"basaliob":-0.003,"bolussnooze":0,"activity":4.0E-4,"lastBolusTime":1703005078379,"time":"2023-12-19T20:23:26.319Z","iobWithZeroTemp":{"iob":-0.207,"basaliob":-0.224,"bolussnooze":0,"activity":-0.0022,"lastBolusTime":1703005078379,"time":"2023-12-19T20:23:26.319Z"}},{"iob":0.012,"basaliob":-0.003,"bolussnooze":0,"activity":3.0E-4,"lastBolusTime":1703005078379,"time":"2023-12-19T20:28:26.319Z","iobWithZeroTemp":{"iob":-0.208,"basaliob":-0.223,"bolussnooze":0,"activity":-0.0023,"lastBolusTime":1703005078379,"time":"2023-12-19T20:28:26.319Z"}},{"iob":0.011,"basaliob":-0.002,"bolussnooze":0,"activity":3.0E-4,"lastBolusTime":1703005078379,"time":"2023-12-19T20:33:26.319Z","iobWithZeroTemp":{"iob":-0.208,"basaliob":-0.221,"bolussnooze":0,"activity":-0.0023,"lastBolusTime":1703005078379,"time":"2023-12-19T20:33:26.319Z"}},{"iob":0.009,"basaliob":-0.002,"bolussnooze":0,"activity":2.0E-4,"lastBolusTime":1703005078379,"time":"2023-12-19T20:38:26.319Z","iobWithZeroTemp":{"iob":-0.21,"basaliob":-0.221,"bolussnooze":0,"activity":-0.0024,"lastBolusTime":1703005078379,"time":"2023-12-19T20:38:26.319Z"}},{"iob":0.008,"basaliob":-0.002,"bolussnooze":0,"activity":2.0E-4,"lastBolusTime":1703005078379,"time":"2023-12-19T20:43:26.319Z","iobWithZeroTemp":{"iob":-0.21,"basaliob":-0.22,"bolussnooze":0,"activity":-0.0024,"lastBolusTime":1703005078379,"time":"2023-12-19T20:43:26.319Z"}},{"iob":0.007,"basaliob":-0.001,"bolussnooze":0,"activity":2.0E-4,"lastBolusTime":1703005078379,"time":"2023-12-19T20:48:26.319Z","iobWithZeroTemp":{"iob":-0.21,"basaliob":-0.218,"bolussnooze":0,"activity":-0.0024,"lastBolusTime":1703005078379,"time":"2023-12-19T20:48:26.319Z"}},{"iob":0.006,"basaliob":-0.001,"bolussnooze":0,"activity":2.0E-4,"lastBolusTime":1703005078379,"time":"2023-12-19T20:53:26.319Z","iobWithZeroTemp":{"iob":-0.211,"basaliob":-0.218,"bolussnooze":0,"activity":-0.0024,"lastBolusTime":1703005078379,"time":"2023-12-19T20:53:26.319Z"}},{"iob":0.005,"basaliob":-0.001,"bolussnooze":0,"activity":2.0E-4,"lastBolusTime":1703005078379,"time":"2023-12-19T20:58:26.319Z","iobWithZeroTemp":{"iob":-0.211,"basaliob":-0.217,"bolussnooze":0,"activity":-0.0024,"lastBolusTime":1703005078379,"time":"2023-12-19T20:58:26.319Z"}},{"iob":0.004,"basaliob":-0.001,"bolussnooze":0,"activity":2.0E-4,"lastBolusTime":1703005078379,"time":"2023-12-19T21:03:26.319Z","iobWithZeroTemp":{"iob":-0.212,"basaliob":-0.217,"bolussnooze":0,"activity":-0.0024,"lastBolusTime":1703005078379,"time":"2023-12-19T21:03:26.319Z"}},{"iob":0.003,"basaliob":-0.001,"bolussnooze":0,"activity":1.0E-4,"lastBolusTime":1703005078379,"time":"2023-12-19T21:08:26.319Z","iobWithZeroTemp":{"iob":-0.212,"basaliob":-0.216,"bolussnooze":0,"activity":-0.0025,"lastBolusTime":1703005078379,"time":"2023-12-19T21:08:26.319Z"}},{"iob":0.003,"basaliob":-0.001,"bolussnooze":0,"activity":1.0E-4,"lastBolusTime":1703005078379,"time":"2023-12-19T21:13:26.319Z","iobWithZeroTemp":{"iob":-0.212,"basaliob":-0.216,"bolussnooze":0,"activity":-0.0025,"lastBolusTime":1703005078379,"time":"2023-12-19T21:13:26.319Z"}}],"profile":{"max_iob":10,"type":"current","max_daily_basal":0.25,"max_basal":1,"min_bg":90,"max_bg":90,"target_bg":90,"carb_ratio":12.4,"sens":84,"max_daily_safety_multiplier":5,"current_basal_safety_multiplier":5,"lgsThreshold":95,"high_temptarget_raises_sensitivity":false,"low_temptarget_lowers_sensitivity":false,"sensitivity_raises_target":true,"resistance_lowers_target":true,"adv_target_adjustments":false,"exercise_mode":false,"half_basal_exercise_target":160,"maxCOB":120,"skip_neutral_temps":false,"remainingCarbsCap":90,"enableUAM":true,"A52_risk_enable":false,"SMBInterval":5,"enableSMB_with_COB":true,"enableSMB_with_temptarget":false,"allowSMB_with_high_temptarget":false,"enableSMB_always":false,"enableSMB_after_carbs":true,"maxSMBBasalMinutes":120,"maxUAMSMBBasalMinutes":120,"bolus_increment":0.05,"carbsReqThreshold":1,"current_basal":0.20000000298023224,"temptargetSet":false,"autosens_max":1.2,"autosens_min":0.7,"variable_sens":86.6,"insulinDivisor":75,"TDD":21.524885299546817},"autosens_data":{"ratio":1},"meal_data":{"carbs":12,"mealCOB":0.4944285714285711,"slopeFromMaxDeviation":-0,"slopeFromMinDeviation":0.6913000000000001,"lastBolusTime":1703005078379,"lastCarbTime":1703005061965},"microBolusAllowed":true,"currentTime":1703006308143,"flatBGsDetected":false,"tdd1D":20.141666612277426,"tdd7D":26.78606000595613,"tddLast24H":17.837499860674143,"tddLast4H":1.583333353449901,"tddLast8to4H":6.020833144088586},"output":{"temp":"absolute","bg":122,"tick":"+3","eventualBG":151,"targetBG":90,"insulinReq":0.31,"deliverAt":"2023-12-19T17:18:28.143Z","sensitivityRatio":1,"variable_sens":86.6,"predBGs":{"IOB":[122,124,127,128,130,131,131,131,131,131,130,128,127,125,124,122,121,120,119,118,117,116,115,114,114,113,113,112,112,111,111,110,110,110,109,109,109,109,109,108],"ZT":[122,119,116,113,111,108,105,103,101,99,97,95,94,93,92,91,90,89,89,89,89,89,89,90,90,91,92,92],"COB":[122,120,117,114,112,109,107,104,102,100,98,96,94,93,91,90,88,87,86,85,84,83,83,82,81,81,80,80,79,79,78,78,78,77,77,77,77,77,76],"UAM":[122,125,127,130,132,135,137,139,141,143,145,146,148,149,151,152,153,154,155,155,156,156,157,156,156,156,155,155,155,154,154,154,153,153,153,153,153,152,152,152,152,152,152,152,152,152,152,151]},"reason":"COB: 0.5, Dev: 36, BGI: -3, ISF: 87, CR: 12.4, Target: 90, minPredBG 117, minGuardBG 123, IOBpredBG 108, COBpredBG 76, UAMpredBG 151; Eventual BG 151 >= 90,  insulinReq 0.31. Microbolusing 0.15U. no temp, setting 0.82U\/hr. ","COB":0.4944285714285711,"IOB":0.53,"units":0.15,"duration":30,"rate":0.8200000029802322,"timestamp":"2023-12-19T17:18:28.228Z"}}