{"algorithm":"OpenAPSSMBDynamicISFPlugin","input":{"glucoseStatus":{"glucose":107,"noise":0,"delta":-2,"short_avgdelta":-2.39,"long_avgdelta":-1.32,"date":1702990075000},"currenttemp":{"temp":"absolute","duration":110,"rate":0,"minutesrunning":10},"iob_data":[{"iob":0.318,"basaliob":0.018,"bolussnooze":0,"activity":0.0038,"lastBolusTime":1702988915291,"time":"2023-12-19T12:48:23.064Z","iobWithZeroTemp":{"iob":0.318,"basaliob":0.018,"bolussnooze":0,"activity":0.0038,"lastBolusTime":1702988915291,"time":"2023-12-19T12:48:23.064Z"}},{"iob":0.298,"basaliob":0.018,"bolussnooze":0,"activity":0.0038,"lastBolusTime":1702988915291,"time":"2023-12-19T12:53:23.064Z","iobWithZeroTemp":{"iob":0.288,"basaliob":0.008,"bolussnooze":0,"activity":0.0038,"lastBolusTime":1702988915291,"time":"2023-12-19T12:53:23.064Z"}},{"iob":0.279,"basaliob":0.018,"bolussnooze":0,"activity":0.0037,"lastBolusTime":1702988915291,"time":"2023-12-19T12:58:23.064Z","iobWithZeroTemp":{"iob":0.257,"basaliob":-0.004,"bolussnooze":0,"activity":0.0037,"lastBolusTime":1702988915291,"time":"2023-12-19T12:58:23.064Z"}},{"iob":0.261,"basaliob":0.018,"bolussnooze":0,"activity":0.0037,"lastBolusTime":1702988915291,"time":"2023-12-19T13:03:23.064Z","iobWithZeroTemp":{"iob":0.226,"basaliob":-0.017,"bolussnooze":0,"activity":0.0036,"lastBolusTime":1702988915291,"time":"2023-12-19T13:03:23.064Z"}},{"iob":0.244,"basaliob":0.018,"bolussnooze":0,"activity":0.0035,"lastBolusTime":1702988915291,"time":"2023-12-19T13:08:23.064Z","iobWithZeroTemp":{"iob":0.198,"basaliob":-0.028,"bolussnooze":0,"activity":0.0033,"lastBolusTime":1702988915291,"time":"2023-12-19T13:08:23.064Z"}},{"iob":0.226,"basaliob":0.017,"bolussnooze":0,"activity":0.0034,"lastBolusTime":1702988915291,"time":"2023-12-19T13:13:23.064Z","iobWithZeroTemp":{"iob":0.168,"basaliob":-0.041,"bolussnooze":0,"activity":0.0031,"lastBolusTime":1702988915291,"time":"2023-12-19T13:13:23.064Z"}},{"iob":0.21,"basaliob":0.017,"bolussnooze":0,"activity":0.0032,"lastBolusTime":1702988915291,"time":"2023-12-19T13:18:23.064Z","iobWithZeroTemp":{"iob":0.141,"basaliob":-0.052,"bolussnooze":0,"activity":0.0028,"lastBolusTime":1702988915291,"time":"2023-12-19T13:18:23.064Z"}},{"iob":0.194,"basaliob":0.016,"bolussnooze":0,"activity":0.003,"lastBolusTime":1702988915291,"time":"2023-12-19T13:23:23.064Z","iobWithZeroTemp":{"iob":0.115,"basaliob":-0.063,"bolussnooze":0,"activity":0.0025,"lastBolusTime":1702988915291,"time":"2023-12-19T13:23:23.064Z"}},{"iob":0.179,"basaliob":0.015,"bolussnooze":0,"activity":0.0029,"lastBolusTime":1702988915291,"time":"2023-12-19T13:28:23.064Z","iobWithZeroTemp":{"iob":0.09,"basaliob":-0.074,"bolussnooze":0,"activity":0.0023,"lastBolusTime":1702988915291,"time":"2023-12-19T13:28:23.064Z"}},{"iob":0.166,"basaliob":0.015,"bolussnooze":0,"activity":0.0027,"lastBolusTime":1702988915291,"time":"2023-12-19T13:33:23.064Z","iobWithZeroTemp":{"iob":0.067,"basaliob":-0.084,"bolussnooze":0,"activity":0.002,"lastBolusTime":1702988915291,"time":"2023-12-19T13:33:23.064Z"}},{"iob":0.152,"basaliob":0.014,"bolussnooze":0,"activity":0.0026,"lastBolusTime":1702988915291,"time":"2023-12-19T13:38:23.064Z","iobWithZeroTemp":{"iob":0.045,"basaliob":-0.093,"bolussnooze":0,"activity":0.0018,"lastBolusTime":1702988915291,"time":"2023-12-19T13:38:23.064Z"}},{"iob":0.14,"basaliob":0.013,"bolussnooze":0,"activity":0.0025,"lastBolusTime":1702988915291,"time":"2023-12-19T13:43:23.064Z","iobWithZeroTemp":{"iob":0.024,"basaliob":-0.103,"bolussnooze":0,"activity":0.0016,"lastBolusTime":1702988915291,"time":"2023-12-19T13:43:23.064Z"}},{"iob":0.128,"basaliob":0.012,"bolussnooze":0,"activity":0.0023,"lastBolusTime":1702988915291,"time":"2023-12-19T13:48:23.064Z","iobWithZeroTemp":{"iob":0.004,"basaliob":-0.112,"bolussnooze":0,"activity":0.0013,"lastBolusTime":1702988915291,"time":"2023-12-19T13:48:23.064Z"}},{"iob":0.118,"basaliob":0.012,"bolussnooze":0,"activity":0.0021,"lastBolusTime":1702988915291,"time":"2023-12-19T13:53:23.064Z","iobWithZeroTemp":{"iob":-0.013,"basaliob":-0.119,"bolussnooze":0,"activity":0.001,"lastBolusTime":1702988915291,"time":"2023-12-19T13:53:23.064Z"}},{"iob":0.107,"basaliob":0.011,"bolussnooze":0,"activity":0.0019,"lastBolusTime":1702988915291,"time":"2023-12-19T13:58:23.064Z","iobWithZeroTemp":{"iob":-0.031,"basaliob":-0.127,"bolussnooze":0,"activity":7.0E-4,"lastBolusTime":1702988915291,"time":"2023-12-19T13:58:23.064Z"}},{"iob":0.098,"basaliob":0.01,"bolussnooze":0,"activity":0.0018,"lastBolusTime":1702988915291,"time":"2023-12-19T14:03:23.064Z","iobWithZeroTemp":{"iob":-0.05,"basaliob":-0.138,"bolussnooze":0,"activity":5.0E-4,"lastBolusTime":1702988915291,"time":"2023-12-19T14:03:23.064Z"}},{"iob":0.09,"basaliob":0.01,"bolussnooze":0,"activity":0.0016,"lastBolusTime":1702988915291,"time":"2023-12-19T14:08:23.064Z","iobWithZeroTemp":{"iob":-0.068,"basaliob":-0.148,"bolussnooze":0,"activity":2.0E-4,"lastBolusTime":1702988915291,"time":"2023-12-19T14:08:23.064Z"}},{"iob":0.081,"basaliob":0.009,"bolussnooze":0,"activity":0.0015,"lastBolusTime":1702988915291,"time":"2023-12-19T14:13:23.064Z","iobWithZeroTemp":{"iob":-0.087,"basaliob":-0.159,"bolussnooze":0,"activity":0,"lastBolusTime":1702988915291,"time":"2023-12-19T14:13:23.064Z"}},{"iob":0.073,"basaliob":0.008,"bolussnooze":0,"activity":0.0014,"lastBolusTime":1702988915291,"time":"2023-12-19T14:18:23.064Z","iobWithZeroTemp":{"iob":-0.104,"basaliob":-0.169,"bolussnooze":0,"activity":-2.0E-4,"lastBolusTime":1702988915291,"time":"2023-12-19T14:18:23.064Z"}},{"iob":0.067,"basaliob":0.008,"bolussnooze":0,"activity":0.0013,"lastBolusTime":1702988915291,"time":"2023-12-19T14:23:23.064Z","iobWithZeroTemp":{"iob":-0.118,"basaliob":-0.177,"bolussnooze":0,"activity":-4.0E-4,"lastBolusTime":1702988915291,"time":"2023-12-19T14:23:23.064Z"}},{"iob":0.06,"basaliob":0.007,"bolussnooze":0,"activity":0.0012,"lastBolusTime":1702988915291,"time":"2023-12-19T14:28:23.064Z","iobWithZeroTemp":{"iob":-0.133,"basaliob":-0.186,"bolussnooze":0,"activity":-6.0E-4,"lastBolusTime":1702988915291,"time":"2023-12-19T14:28:23.064Z"}},{"iob":0.054,"basaliob":0.006,"bolussnooze":0,"activity":0.0011,"lastBolusTime":1702988915291,"time":"2023-12-19T14:33:23.064Z","iobWithZeroTemp":{"iob":-0.146,"basaliob":-0.194,"bolussnooze":0,"activity":-8.0E-4,"lastBolusTime":1702988915291,"time":"2023-12-19T14:33:23.064Z"}},{"iob":0.049,"basaliob":0.006,"bolussnooze":0,"activity":0.001,"lastBolusTime":1702988915291,"time":"2023-12-19T14:38:23.064Z","iobWithZeroTemp":{"iob":-0.158,"basaliob":-0.201,"bolussnooze":0,"activity":-0.001,"lastBolusTime":1702988915291,"time":"2023-12-19T14:38:23.064Z"}},{"iob":0.044,"basaliob":0.005,"bolussnooze":0,"activity":9.0E-4,"lastBolusTime":1702988915291,"time":"2023-12-19T14:43:23.064Z","iobWithZeroTemp":{"iob":-0.17,"basaliob":-0.209,"bolussnooze":0,"activity":-0.0012,"lastBolusTime":1702988915291,"time":"2023-12-19T14:43:23.064Z"}},{"iob":0.04,"basaliob":0.005,"bolussnooze":0,"activity":9.0E-4,"lastBolusTime":1702988915291,"time":"2023-12-19T14:48:23.064Z","iobWithZeroTemp":{"iob":-0.179,"basaliob":-0.214,"bolussnooze":0,"activity":-0.0013,"lastBolusTime":1702988915291,"time":"2023-12-19T14:48:23.064Z"}},{"iob":0.036,"basaliob":0.005,"bolussnooze":0,"activity":8.0E-4,"lastBolusTime":1702988915291,"time":"2023-12-19T14:53:23.064Z","iobWithZeroTemp":{"iob":-0.189,"basaliob":-0.22,"bolussnooze":0,"activity":-0.0015,"lastBolusTime":1702988915291,"time":"2023-12-19T14:53:23.064Z"}},{"iob":0.032,"basaliob":0.004,"bolussnooze":0,"activity":7.0E-4,"lastBolusTime":1702988915291,"time":"2023-12-19T14:58:23.064Z","iobWithZeroTemp":{"iob":-0.198,"basaliob":-0.226,"bolussnooze":0,"activity":-0.0017,"lastBolusTime":1702988915291,"time":"2023-12-19T14:58:23.064Z"}},{"iob":0.029,"basaliob":0.004,"bolussnooze":0,"activity":7.0E-4,"lastBolusTime":1702988915291,"time":"2023-12-19T15:03:23.064Z","iobWithZeroTemp":{"iob":-0.206,"basaliob":-0.231,"bolussnooze":0,"activity":-0.0017,"lastBolusTime":1702988915291,"time":"2023-12-19T15:03:23.064Z"}},{"iob":0.025,"basaliob":0.003,"bolussnooze":0,"activity":6.0E-4,"lastBolusTime":1702988915291,"time":"2023-12-19T15:08:23.064Z","iobWithZeroTemp":{"iob":-0.214,"basaliob":-0.236,"bolussnooze":0,"activity":-0.0019,"lastBolusTime":1702988915291,"time":"2023-12-19T15:08:23.064Z"}},{"iob":0.023,"basaliob":0.003,"bolussnooze":0,"activity":6.0E-4,"lastBolusTime":1702988915291,"time":"2023-12-19T15:13:23.064Z","iobWithZeroTemp":{"iob":-0.22,"basaliob":-0.24,"bolussnooze":0,"activity":-0.002,"lastBolusTime":1702988915291,"time":"2023-12-19T15:13:23.064Z"}},{"iob":0.02,"basaliob":0.003,"bolussnooze":0,"activity":5.0E-4,"lastBolusTime":1702988915291,"time":"2023-12-19T15:18:23.064Z","iobWithZeroTemp":{"iob":-0.227,"basaliob":-0.244,"bolussnooze":0,"activity":-0.0021,"lastBolusTime":1702988915291,"time":"2023-12-19T15:18:23.064Z"}},{"iob":0.019,"basaliob":0.003,"bolussnooze":0,"activity":5.0E-4,"lastBolusTime":1702988915291,"time":"2023-12-19T15:23:23.064Z","iobWithZeroTemp":{"iob":-0.231,"basaliob":-0.247,"bolussnooze":0,"activity":-0.0022,"lastBolusTime":1702988915291,"time":"2023-12-19T15:23:23.064Z"}},{"iob":0.016,"basaliob":0.002,"bolussnooze":0,"activity":3.0E-4,"lastBolusTime":1702988915291,"time":"2023-12-19T15:28:23.064Z","iobWithZeroTemp":{"iob":-0.237,"basaliob":-0.251,"bolussnooze":0,"activity":-0.0025,"lastBolusTime":1702988915291,"time":"2023-12-19T15:28:23.064Z"}},{"iob":0.014,"basaliob":0.002,"bolussnooze":0,"activity":3.0E-4,"lastBolusTime":1702988915291,"time":"2023-12-19T15:33:23.064Z","iobWithZeroTemp":{"iob":-0.242,"basaliob":-0.254,"bolussnooze":0,"activity":-0.0025,"lastBolusTime":1702988915291,"time":"2023-12-19T15:33:23.064Z"}},{"iob":0.013,"basaliob":0.002,"bolussnooze":0,"activity":3.0E-4,"lastBolusTime":1702988915291,"time":"2023-12-19T15:38:23.064Z","iobWithZeroTemp":{"iob":-0.245,"basaliob":-0.256,"bolussnooze":0,"activity":-0.0026,"lastBolusTime":1702988915291,"time":"2023-12-19T15:38:23.064Z"}},{"iob":0.011,"basaliob":0.002,"bolussnooze":0,"activity":2.0E-4,"lastBolusTime":1702988915291,"time":"2023-12-19T15:43:23.064Z","iobWithZeroTemp":{"iob":-0.25,"basaliob":-0.259,"bolussnooze":0,"activity":-0.0027,"lastBolusTime":1702988915291,"time":"2023-12-19T15:43:23.064Z"}},{"iob":0.01,"basaliob":0.002,"bolussnooze":0,"activity":2.0E-4,"lastBolusTime":1702988915291,"time":"2023-12-19T15:48:23.064Z","iobWithZeroTemp":{"iob":-0.253,"basaliob":-0.261,"bolussnooze":0,"activity":-0.0027,"lastBolusTime":1702988915291,"time":"2023-12-19T15:48:23.064Z"}},{"iob":0.008,"basaliob":0.001,"bolussnooze":0,"activity":2.0E-4,"lastBolusTime":1702988915291,"time":"2023-12-19T15:53:23.064Z","iobWithZeroTemp":{"iob":-0.257,"basaliob":-0.264,"bolussnooze":0,"activity":-0.0028,"lastBolusTime":1702988915291,"time":"2023-12-19T15:53:23.064Z"}},{"iob":0.007,"basaliob":0.001,"bolussnooze":0,"activity":2.0E-4,"lastBolusTime":1702988915291,"time":"2023-12-19T15:58:23.064Z","iobWithZeroTemp":{"iob":-0.259,"basaliob":-0.265,"bolussnooze":0,"activity":-0.0028,"lastBolusTime":1702988915291,"time":"2023-12-19T15:58:23.064Z"}},{"iob":0.007,"basaliob":0.001,"bolussnooze":0,"activity":2.0E-4,"lastBolusTime":1702988915291,"time":"2023-12-19T16:03:23.064Z","iobWithZeroTemp":{"iob":-0.261,"basaliob":-0.267,"bolussnooze":0,"activity":-0.0028,"lastBolusTime":1702988915291,"time":"2023-12-19T16:03:23.064Z"}},{"iob":0.006,"basaliob":0.001,"bolussnooze":0,"activity":1.0E-4,"lastBolusTime":1702988915291,"time":"2023-12-19T16:08:23.064Z","iobWithZeroTemp":{"iob":-0.263,"basaliob":-0.268,"bolussnooze":0,"activity":-0.003,"lastBolusTime":1702988915291,"time":"2023-12-19T16:08:23.064Z"}},{"iob":0.005,"basaliob":0.001,"bolussnooze":0,"activity":1.0E-4,"lastBolusTime":1702988915291,"time":"2023-12-19T16:13:23.064Z","iobWithZeroTemp":{"iob":-0.266,"basaliob":-0.27,"bolussnooze":0,"activity":-0.003,"lastBolusTime":1702988915291,"time":"2023-12-19T16:13:23.064Z"}},{"iob":0.005,"basaliob":0.001,"bolussnooze":0,"activity":1.0E-4,"lastBolusTime":1702988915291,"time":"2023-12-19T16:18:23.064Z","iobWithZeroTemp":{"iob":-0.267,"basaliob":-0.271,"bolussnooze":0,"activity":-0.003,"lastBolusTime":1702988915291,"time":"2023-12-19T16:18:23.064Z"}},{"iob":0.004,"basaliob":0.001,"bolussnooze":0,"activity":1.0E-4,"lastBolusTime":1702988915291,"time":"2023-12-19T16:23:23.064Z","iobWithZeroTemp":{"iob":-0.269,"basaliob":-0.272,"bolussnooze":0,"activity":-0.003,"lastBolusTime":1702988915291,"time":"2023-12-19T16:23:23.064Z"}},{"iob":0.004,"basaliob":0.001,"bolussnooze":0,"activity":1.0E-4,"lastBolusTime":1702988915291,"time":"2023-12-19T16:28:23.064Z","iobWithZeroTemp":{"iob":-0.27,"basaliob":-0.273,"bolussnooze":0,"activity":-0.0031,"lastBolusTime":1702988915291,"time":"2023-12-19T16:28:23.064Z"}},{"iob":0.002,"basaliob":0,"bolussnooze":0,"activity":1.0E-4,"lastBolusTime":1702988915291,"time":"2023-12-19T16:33:23.064Z","iobWithZeroTemp":{"iob":-0.273,"basaliob":-0.275,"bolussnooze":0,"activity":-0.0031,"lastBolusTime":1702988915291,"time":"2023-12-19T16:33:23.064Z"}},{"iob":0.002,"basaliob":0,"bolussnooze":0,"activity":1.0E-4,"lastBolusTime":1702988915291,"time":"2023-12-19T16:38:23.064Z","iobWithZeroTemp":{"iob":-0.273,"basaliob":-0.275,"bolussnooze":0,"activity":-0.0031,"lastBolusTime":1702988915291,"time":"2023-12-19T16:38:23.064Z"}},{"iob":0.002,"basaliob":0,"bolussnooze":0,"activity":1.0E-4,"lastBolusTime":1702988915291,"time":"2023-12-19T16:43:23.064Z","iobWithZeroTemp":{"iob":-0.274,"basaliob":-0.276,"bolussnooze":0,"activity":-0.0031,"lastBolusTime":1702988915291,"time":"2023-12-19T16:43:23.064Z"}}],"profile":{"max_iob":10,"type":"current","max_daily_basal":0.25,"max_basal":0.75,"min_bg":90,"max_bg":90,"target_bg":90,"carb_ratio":12.4,"sens":84,"max_daily_safety_multiplier":5,"current_basal_safety_multiplier":5,"lgsThreshold":95,"high_temptarget_raises_sensitivity":false,"low_temptarget_lowers_sensitivity":false,"sensitivity_raises_target":true,"resistance_lowers_target":true,"adv_target_adjustments":false,"exercise_mode":false,"half_basal_exercise_target":160,"maxCOB":120,"skip_neutral_temps":false,"remainingCarbsCap":90,"enableUAM":true,"A52_risk_enable":false,"SMBInterval":5,"enableSMB_with_COB":true,"enableSMB_with_temptarget":false,"allowSMB_with_high_temptarget":false,"enableSMB_always":false,"enableSMB_after_carbs":true,"maxSMBBasalMinutes":120,"maxUAMSMBBasalMinutes":120,"bolus_increment":0.05,"carbsReqThreshold":1,"current_basal":0.15000000596046448,"temptargetSet":false,"autosens_max":1.2,"autosens_min":0.7,"variable_sens":99.7,"insulinDivisor":75,"TDD":20.359160401631694},"autosens_data":{"ratio":1},"meal_data":{"carbs":4,"mealCOB":0,"slopeFromMaxDeviation":-0.84325,"slopeFromMinDeviation":0,"lastBolusTime":1702988915291,"lastCarbTime":1702979777436},"microBolusAllowed":true,"currentTime":1702990104145,"flatBGsDetected":false,"tdd1D":20.141666612277426,"tdd7D":26.78606000595613,"tddLast24H":20.441666598866384,"tddLast4H":1.5708333348234493,"tddLast8to4H":4.0875000260770324},"output":{"temp":"absolute","bg":107,"tick":-2,"eventualBG":78,"targetBG":90,"insulinReq":0,"deliverAt":"2023-12-19T12:48:24.145Z","sensitivityRatio":1,"variable_sens":99.7,"predBGs":{"IOB":[107,105,102,100,98,96,94,92,90,88,86,85,83,82,81,80,79,78,77,76,75,74,73,73,72,72,71,71,70,70,69,69,69,68,68,68,68,68,68,67],"ZT":[107,105,103,101,99,98,96,95,93,92,91,90,89,88,88,87,87,87,87,87,87,88,88,89,89,90]},"reason":"COB: 0, Dev: 3, BGI: -2, ISF: 100, CR: 12.4, Target: 90, minPredBG 77, minGuardBG 67, IOBpredBG 67; 2 add'l carbs req w\/in 30m; minGuardBG 67<95 110m left and 0 ~ req 0U\/hr: no temp required","COB":0,"IOB":0.318,"carbsReq":2,"carbsReqWithin":30,"timestamp":"2023-12-19T12:48:24.159Z"}}