{"algorithm":"OpenAPSSMBDynamicISFPlugin","input":{"glucoseStatus":{"glucose":148,"noise":0,"delta":-2,"short_avgdelta":-1.89,"long_avgdelta":-2.06,"date":1702976574000},"currenttemp":{"temp":"absolute","duration":105,"rate":0,"minutesrunning":15},"iob_data":[{"iob":0.741,"basaliob":-0.086,"bolussnooze":0.0039,"activity":0.013,"lastBolusTime":1702973619658,"time":"2023-12-19T09:03:26.908Z","iobWithZeroTemp":{"iob":0.741,"basaliob":-0.086,"bolussnooze":0.0039,"activity":0.013,"lastBolusTime":1702973619658,"time":"2023-12-19T09:03:26.908Z"}},{"iob":0.678,"basaliob":-0.082,"bolussnooze":0.0023,"activity":0.0121,"lastBolusTime":1702973619658,"time":"2023-12-19T09:08:26.908Z","iobWithZeroTemp":{"iob":0.665,"basaliob":-0.095,"bolussnooze":0.0023,"activity":0.0121,"lastBolusTime":1702973619658,"time":"2023-12-19T09:08:26.908Z"}},{"iob":0.62,"basaliob":-0.077,"bolussnooze":0.0012,"activity":0.0113,"lastBolusTime":1702973619658,"time":"2023-12-19T09:13:26.908Z","iobWithZeroTemp":{"iob":0.59,"basaliob":-0.107,"bolussnooze":0.0012,"activity":0.0112,"lastBolusTime":1702973619658,"time":"2023-12-19T09:13:26.908Z"}},{"iob":0.565,"basaliob":-0.073,"bolussnooze":5.0E-4,"activity":0.0105,"lastBolusTime":1702973619658,"time":"2023-12-19T09:18:26.908Z","iobWithZeroTemp":{"iob":0.519,"basaliob":-0.119,"bolussnooze":5.0E-4,"activity":0.0104,"lastBolusTime":1702973619658,"time":"2023-12-19T09:18:26.908Z"}},{"iob":0.514,"basaliob":-0.069,"bolussnooze":2.0E-4,"activity":0.0097,"lastBolusTime":1702973619658,"time":"2023-12-19T09:23:26.908Z","iobWithZeroTemp":{"iob":0.452,"basaliob":-0.131,"bolussnooze":2.0E-4,"activity":0.0095,"lastBolusTime":1702973619658,"time":"2023-12-19T09:23:26.908Z"}},{"iob":0.468,"basaliob":-0.064,"bolussnooze":0,"activity":0.0089,"lastBolusTime":1702973619658,"time":"2023-12-19T09:28:26.908Z","iobWithZeroTemp":{"iob":0.391,"basaliob":-0.141,"bolussnooze":0,"activity":0.0086,"lastBolusTime":1702973619658,"time":"2023-12-19T09:28:26.908Z"}},{"iob":0.425,"basaliob":-0.06,"bolussnooze":0,"activity":0.0083,"lastBolusTime":1702973619658,"time":"2023-12-19T09:33:26.908Z","iobWithZeroTemp":{"iob":0.333,"basaliob":-0.152,"bolussnooze":0,"activity":0.0078,"lastBolusTime":1702973619658,"time":"2023-12-19T09:33:26.908Z"}},{"iob":0.385,"basaliob":-0.056,"bolussnooze":0,"activity":0.0076,"lastBolusTime":1702973619658,"time":"2023-12-19T09:38:26.908Z","iobWithZeroTemp":{"iob":0.279,"basaliob":-0.162,"bolussnooze":0,"activity":0.007,"lastBolusTime":1702973619658,"time":"2023-12-19T09:38:26.908Z"}},{"iob":0.348,"basaliob":-0.052,"bolussnooze":0,"activity":0.007,"lastBolusTime":1702973619658,"time":"2023-12-19T09:43:26.908Z","iobWithZeroTemp":{"iob":0.229,"basaliob":-0.171,"bolussnooze":0,"activity":0.0063,"lastBolusTime":1702973619658,"time":"2023-12-19T09:43:26.908Z"}},{"iob":0.315,"basaliob":-0.048,"bolussnooze":0,"activity":0.0065,"lastBolusTime":1702973619658,"time":"2023-12-19T09:48:26.908Z","iobWithZeroTemp":{"iob":0.184,"basaliob":-0.179,"bolussnooze":0,"activity":0.0056,"lastBolusTime":1702973619658,"time":"2023-12-19T09:48:26.908Z"}},{"iob":0.284,"basaliob":-0.044,"bolussnooze":0,"activity":0.0059,"lastBolusTime":1702973619658,"time":"2023-12-19T09:53:26.908Z","iobWithZeroTemp":{"iob":0.141,"basaliob":-0.187,"bolussnooze":0,"activity":0.0049,"lastBolusTime":1702973619658,"time":"2023-12-19T09:53:26.908Z"}},{"iob":0.256,"basaliob":-0.041,"bolussnooze":0,"activity":0.0054,"lastBolusTime":1702973619658,"time":"2023-12-19T09:58:26.908Z","iobWithZeroTemp":{"iob":0.102,"basaliob":-0.195,"bolussnooze":0,"activity":0.0042,"lastBolusTime":1702973619658,"time":"2023-12-19T09:58:26.908Z"}},{"iob":0.229,"basaliob":-0.038,"bolussnooze":0,"activity":0.005,"lastBolusTime":1702973619658,"time":"2023-12-19T10:03:26.908Z","iobWithZeroTemp":{"iob":0.068,"basaliob":-0.199,"bolussnooze":0,"activity":0.0037,"lastBolusTime":1702973619658,"time":"2023-12-19T10:03:26.908Z"}},{"iob":0.206,"basaliob":-0.035,"bolussnooze":0,"activity":0.0045,"lastBolusTime":1702973619658,"time":"2023-12-19T10:08:26.908Z","iobWithZeroTemp":{"iob":0.039,"basaliob":-0.202,"bolussnooze":0,"activity":0.0031,"lastBolusTime":1702973619658,"time":"2023-12-19T10:08:26.908Z"}},{"iob":0.185,"basaliob":-0.032,"bolussnooze":0,"activity":0.004,"lastBolusTime":1702973619658,"time":"2023-12-19T10:13:26.908Z","iobWithZeroTemp":{"iob":0.013,"basaliob":-0.204,"bolussnooze":0,"activity":0.0025,"lastBolusTime":1702973619658,"time":"2023-12-19T10:13:26.908Z"}},{"iob":0.165,"basaliob":-0.029,"bolussnooze":0,"activity":0.0037,"lastBolusTime":1702973619658,"time":"2023-12-19T10:18:26.908Z","iobWithZeroTemp":{"iob":-0.011,"basaliob":-0.205,"bolussnooze":0,"activity":0.0021,"lastBolusTime":1702973619658,"time":"2023-12-19T10:18:26.908Z"}},{"iob":0.147,"basaliob":-0.027,"bolussnooze":0,"activity":0.0034,"lastBolusTime":1702973619658,"time":"2023-12-19T10:23:26.908Z","iobWithZeroTemp":{"iob":-0.033,"basaliob":-0.207,"bolussnooze":0,"activity":0.0017,"lastBolusTime":1702973619658,"time":"2023-12-19T10:23:26.908Z"}},{"iob":0.132,"basaliob":-0.024,"bolussnooze":0,"activity":0.0031,"lastBolusTime":1702973619658,"time":"2023-12-19T10:28:26.908Z","iobWithZeroTemp":{"iob":-0.052,"basaliob":-0.208,"bolussnooze":0,"activity":0.0013,"lastBolusTime":1702973619658,"time":"2023-12-19T10:28:26.908Z"}},{"iob":0.117,"basaliob":-0.022,"bolussnooze":0,"activity":0.0028,"lastBolusTime":1702973619658,"time":"2023-12-19T10:33:26.908Z","iobWithZeroTemp":{"iob":-0.07,"basaliob":-0.209,"bolussnooze":0,"activity":9.0E-4,"lastBolusTime":1702973619658,"time":"2023-12-19T10:33:26.908Z"}},{"iob":0.104,"basaliob":-0.02,"bolussnooze":0,"activity":0.0025,"lastBolusTime":1702973619658,"time":"2023-12-19T10:38:26.908Z","iobWithZeroTemp":{"iob":-0.086,"basaliob":-0.21,"bolussnooze":0,"activity":5.0E-4,"lastBolusTime":1702973619658,"time":"2023-12-19T10:38:26.908Z"}},{"iob":0.092,"basaliob":-0.018,"bolussnooze":0,"activity":0.0022,"lastBolusTime":1702973619658,"time":"2023-12-19T10:43:26.908Z","iobWithZeroTemp":{"iob":-0.101,"basaliob":-0.211,"bolussnooze":0,"activity":2.0E-4,"lastBolusTime":1702973619658,"time":"2023-12-19T10:43:26.908Z"}},{"iob":0.082,"basaliob":-0.016,"bolussnooze":0,"activity":0.0021,"lastBolusTime":1702973619658,"time":"2023-12-19T10:48:26.908Z","iobWithZeroTemp":{"iob":-0.113,"basaliob":-0.211,"bolussnooze":0,"activity":0,"lastBolusTime":1702973619658,"time":"2023-12-19T10:48:26.908Z"}},{"iob":0.072,"basaliob":-0.015,"bolussnooze":0,"activity":0.0018,"lastBolusTime":1702973619658,"time":"2023-12-19T10:53:26.908Z","iobWithZeroTemp":{"iob":-0.125,"basaliob":-0.212,"bolussnooze":0,"activity":-3.0E-4,"lastBolusTime":1702973619658,"time":"2023-12-19T10:53:26.908Z"}},{"iob":0.064,"basaliob":-0.013,"bolussnooze":0,"activity":0.0016,"lastBolusTime":1702973619658,"time":"2023-12-19T10:58:26.908Z","iobWithZeroTemp":{"iob":-0.135,"basaliob":-0.212,"bolussnooze":0,"activity":-6.0E-4,"lastBolusTime":1702973619658,"time":"2023-12-19T10:58:26.908Z"}},{"iob":0.056,"basaliob":-0.012,"bolussnooze":0,"activity":0.0015,"lastBolusTime":1702973619658,"time":"2023-12-19T11:03:26.908Z","iobWithZeroTemp":{"iob":-0.145,"basaliob":-0.213,"bolussnooze":0,"activity":-7.0E-4,"lastBolusTime":1702973619658,"time":"2023-12-19T11:03:26.908Z"}},{"iob":0.049,"basaliob":-0.011,"bolussnooze":0,"activity":0.0013,"lastBolusTime":1702973619658,"time":"2023-12-19T11:08:26.908Z","iobWithZeroTemp":{"iob":-0.153,"basaliob":-0.213,"bolussnooze":0,"activity":-9.0E-4,"lastBolusTime":1702973619658,"time":"2023-12-19T11:08:26.908Z"}},{"iob":0.042,"basaliob":-0.01,"bolussnooze":0,"activity":0.0012,"lastBolusTime":1702973619658,"time":"2023-12-19T11:13:26.908Z","iobWithZeroTemp":{"iob":-0.161,"basaliob":-0.213,"bolussnooze":0,"activity":-0.0011,"lastBolusTime":1702973619658,"time":"2023-12-19T11:13:26.908Z"}},{"iob":0.037,"basaliob":-0.009,"bolussnooze":0,"activity":0.001,"lastBolusTime":1702973619658,"time":"2023-12-19T11:18:26.908Z","iobWithZeroTemp":{"iob":-0.167,"basaliob":-0.213,"bolussnooze":0,"activity":-0.0013,"lastBolusTime":1702973619658,"time":"2023-12-19T11:18:26.908Z"}},{"iob":0.032,"basaliob":-0.008,"bolussnooze":0,"activity":9.0E-4,"lastBolusTime":1702973619658,"time":"2023-12-19T11:23:26.908Z","iobWithZeroTemp":{"iob":-0.173,"basaliob":-0.213,"bolussnooze":0,"activity":-0.0014,"lastBolusTime":1702973619658,"time":"2023-12-19T11:23:26.908Z"}},{"iob":0.028,"basaliob":-0.007,"bolussnooze":0,"activity":8.0E-4,"lastBolusTime":1702973619658,"time":"2023-12-19T11:28:26.908Z","iobWithZeroTemp":{"iob":-0.178,"basaliob":-0.213,"bolussnooze":0,"activity":-0.0015,"lastBolusTime":1702973619658,"time":"2023-12-19T11:28:26.908Z"}},{"iob":0.024,"basaliob":-0.006,"bolussnooze":0,"activity":8.0E-4,"lastBolusTime":1702973619658,"time":"2023-12-19T11:33:26.908Z","iobWithZeroTemp":{"iob":-0.183,"basaliob":-0.213,"bolussnooze":0,"activity":-0.0016,"lastBolusTime":1702973619658,"time":"2023-12-19T11:33:26.908Z"}},{"iob":0.02,"basaliob":-0.006,"bolussnooze":0,"activity":7.0E-4,"lastBolusTime":1702973619658,"time":"2023-12-19T11:38:26.908Z","iobWithZeroTemp":{"iob":-0.187,"basaliob":-0.213,"bolussnooze":0,"activity":-0.0017,"lastBolusTime":1702973619658,"time":"2023-12-19T11:38:26.908Z"}},{"iob":0.018,"basaliob":-0.005,"bolussnooze":0,"activity":6.0E-4,"lastBolusTime":1702973619658,"time":"2023-12-19T11:43:26.908Z","iobWithZeroTemp":{"iob":-0.19,"basaliob":-0.213,"bolussnooze":0,"activity":-0.0018,"lastBolusTime":1702973619658,"time":"2023-12-19T11:43:26.908Z"}},{"iob":0.014,"basaliob":-0.005,"bolussnooze":0,"activity":5.0E-4,"lastBolusTime":1702973619658,"time":"2023-12-19T11:48:26.908Z","iobWithZeroTemp":{"iob":-0.195,"basaliob":-0.214,"bolussnooze":0,"activity":-0.0019,"lastBolusTime":1702973619658,"time":"2023-12-19T11:48:26.908Z"}},{"iob":0.013,"basaliob":-0.004,"bolussnooze":0,"activity":4.0E-4,"lastBolusTime":1702973619658,"time":"2023-12-19T11:53:26.908Z","iobWithZeroTemp":{"iob":-0.196,"basaliob":-0.213,"bolussnooze":0,"activity":-0.002,"lastBolusTime":1702973619658,"time":"2023-12-19T11:53:26.908Z"}},{"iob":0.01,"basaliob":-0.004,"bolussnooze":0,"activity":4.0E-4,"lastBolusTime":1702973619658,"time":"2023-12-19T11:58:26.908Z","iobWithZeroTemp":{"iob":-0.199,"basaliob":-0.213,"bolussnooze":0,"activity":-0.002,"lastBolusTime":1702973619658,"time":"2023-12-19T11:58:26.908Z"}},{"iob":0.009,"basaliob":-0.003,"bolussnooze":0,"activity":3.0E-4,"lastBolusTime":1702973619658,"time":"2023-12-19T12:03:26.908Z","iobWithZeroTemp":{"iob":-0.201,"basaliob":-0.213,"bolussnooze":0,"activity":-0.0021,"lastBolusTime":1702973619658,"time":"2023-12-19T12:03:26.908Z"}},{"iob":0.007,"basaliob":-0.003,"bolussnooze":0,"activity":2.0E-4,"lastBolusTime":1702973619658,"time":"2023-12-19T12:08:26.908Z","iobWithZeroTemp":{"iob":-0.203,"basaliob":-0.213,"bolussnooze":0,"activity":-0.0023,"lastBolusTime":1702973619658,"time":"2023-12-19T12:08:26.908Z"}},{"iob":0.007,"basaliob":-0.002,"bolussnooze":0,"activity":2.0E-4,"lastBolusTime":1702973619658,"time":"2023-12-19T12:13:26.908Z","iobWithZeroTemp":{"iob":-0.203,"basaliob":-0.212,"bolussnooze":0,"activity":-0.0023,"lastBolusTime":1702973619658,"time":"2023-12-19T12:13:26.908Z"}},{"iob":0.005,"basaliob":-0.002,"bolussnooze":0,"activity":2.0E-4,"lastBolusTime":1702973619658,"time":"2023-12-19T12:18:26.908Z","iobWithZeroTemp":{"iob":-0.205,"basaliob":-0.212,"bolussnooze":0,"activity":-0.0023,"lastBolusTime":1702973619658,"time":"2023-12-19T12:18:26.908Z"}},{"iob":0.004,"basaliob":-0.002,"bolussnooze":0,"activity":2.0E-4,"lastBolusTime":1702973619658,"time":"2023-12-19T12:23:26.908Z","iobWithZeroTemp":{"iob":-0.206,"basaliob":-0.212,"bolussnooze":0,"activity":-0.0023,"lastBolusTime":1702973619658,"time":"2023-12-19T12:23:26.908Z"}},{"iob":0.003,"basaliob":-0.002,"bolussnooze":0,"activity":2.0E-4,"lastBolusTime":1702973619658,"time":"2023-12-19T12:28:26.908Z","iobWithZeroTemp":{"iob":-0.207,"basaliob":-0.212,"bolussnooze":0,"activity":-0.0023,"lastBolusTime":1702973619658,"time":"2023-12-19T12:28:26.908Z"}},{"iob":0.003,"basaliob":-0.001,"bolussnooze":0,"activity":2.0E-4,"lastBolusTime":1702973619658,"time":"2023-12-19T12:33:26.908Z","iobWithZeroTemp":{"iob":-0.208,"basaliob":-0.212,"bolussnooze":0,"activity":-0.0023,"lastBolusTime":1702973619658,"time":"2023-12-19T12:33:26.908Z"}},{"iob":0.003,"basaliob":-0.001,"bolussnooze":0,"activity":1.0E-4,"lastBolusTime":1702973619658,"time":"2023-12-19T12:38:26.908Z","iobWithZeroTemp":{"iob":-0.208,"basaliob":-0.212,"bolussnooze":0,"activity":-0.0024,"lastBolusTime":1702973619658,"time":"2023-12-19T12:38:26.908Z"}},{"iob":0.002,"basaliob":-0.001,"bolussnooze":0,"activity":1.0E-4,"lastBolusTime":1702973619658,"time":"2023-12-19T12:43:26.908Z","iobWithZeroTemp":{"iob":-0.209,"basaliob":-0.212,"bolussnooze":0,"activity":-0.0024,"lastBolusTime":1702973619658,"time":"2023-12-19T12:43:26.908Z"}},{"iob":0.002,"basaliob":-0.001,"bolussnooze":0,"activity":1.0E-4,"lastBolusTime":1702973619658,"time":"2023-12-19T12:48:26.908Z","iobWithZeroTemp":{"iob":-0.209,"basaliob":-0.212,"bolussnooze":0,"activity":-0.0024,"lastBolusTime":1702973619658,"time":"2023-12-19T12:48:26.908Z"}},{"iob":0.001,"basaliob":-0.001,"bolussnooze":0,"activity":1.0E-4,"lastBolusTime":1702973619658,"time":"2023-12-19T12:53:26.908Z","iobWithZeroTemp":{"iob":-0.21,"basaliob":-0.212,"bolussnooze":0,"activity":-0.0024,"lastBolusTime":1702973619658,"time":"2023-12-19T12:53:26.908Z"}},{"iob":0.001,"basaliob":-0.001,"bolussnooze":0,"activity":1.0E-4,"lastBolusTime":1702973619658,"time":"2023-12-19T12:58:26.908Z","iobWithZeroTemp":{"iob":-0.21,"basaliob":-0.212,"bolussnooze":0,"activity":-0.0024,"lastBolusTime":1702973619658,"time":"2023-12-19T12:58:26.908Z"}}],"profile":{"max_iob":10,"type":"current","max_daily_basal":0.25,"max_basal":1,"min_bg":90,"max_bg":90,"target_bg":90,"carb_ratio":12.6,"sens":84,"max_daily_safety_multiplier":5,"current_basal_safety_multiplier":5,"lgsThreshold":95,"high_temptarget_raises_sensitivity":false,"low_temptarget_lowers_sensitivity":false,"sensitivity_raises_target":true,"resistance_lowers_target":true,"adv_target_adjustments":false,"exercise_mode":false,"half_basal_exercise_target":160,"maxCOB":120,"skip_neutral_temps":false,"remainingCarbsCap":90,"enableUAM":true,"A52_risk_enable":false,"SMBInterval":5,"enableSMB_with_COB":true,"enableSMB_with_temptarget":false,"allowSMB_with_high_temptarget":false,"enableSMB_always":false,"enableSMB_after_carbs":true,"maxSMBBasalMinutes":120,"maxUAMSMBBasalMinutes":120,"bolus_increment":0.05,"carbsReqThreshold":1,"current_basal":0.20000000298023224,"temptargetSet":false,"autosens_max":1.2,"autosens_min":0.7,"variable_sens":75,"insulinDivisor":75,"TDD":22.038035424645045},"autosens_data":{"ratio":1},"meal_data":{"carbs":34,"mealCOB":0,"slopeFromMaxDeviation":-0.9067272727272728,"slopeFromMinDeviation":0.164,"lastBolusTime":1702973619658,"lastCarbTime":1702969059772},"microBolusAllowed":true,"currentTime":1702976608345,"flatBGsDetected":false,"tdd1D":20.141666612277426,"tdd7D":26.78606000595613,"tddLast24H":20.104166604826847,"tddLast4H":4.0875000260770324,"tddLast8to4H":1.0416666741172471},"output":{"temp":"absolute","bg":148,"tick":-2,"eventualBG":109,"targetBG":90,"insulinReq":0,"deliverAt":"2023-12-19T09:03:28.345Z","sensitivityRatio":1,"variable_sens":75,"predBGs":{"IOB":[148,146,144,141,139,137,135,133,131,129,127,125,122,120,118,117,115,114,112,111,110,109,108,107,106,106,105,104,104,104,103,103,102,102,102,102,102,101],"ZT":[148,143,139,134,130,126,123,119,116,114,111,109,107,105,104,103,102,101,100,100,100,99,99,100,100,100,101,101,102,102,103,104,105,106,106],"UAM":[148,145,142,137,133,129,126,122,119,116,113,111,108,106,104,102,100,99,97,96,94,93,92,91,91,90,89,89,88,88,87,87,86,86,86,86,85,85,85,85,85,85,85,84]},"reason":"COB: 0, Dev: 17, BGI: -5, ISF: 75, CR: 12.6, Target: 90, minPredBG 92, minGuardBG 84, IOBpredBG 101, UAMpredBG 84; minGuardBG 84<95 105m left and 0 ~ req 0U\/hr: no temp required","COB":0,"IOB":0.741,"timestamp":"2023-12-19T09:03:28.367Z"}}