{"algorithm":"OpenAPSSMBDynamicISFPlugin","input":{"glucoseStatus":{"glucose":143,"noise":0,"delta":-2,"short_avgdelta":-1.78,"long_avgdelta":1.61,"date":1702915372000},"currenttemp":{"temp":"absolute","duration":115,"rate":0,"minutesrunning":5},"iob_data":[{"iob":1.305,"basaliob":-0.244,"bolussnooze":0.0257,"activity":0.0226,"lastBolusTime":1702914221697,"time":"2023-12-18T16:03:21.784Z","iobWithZeroTemp":{"iob":1.305,"basaliob":-0.244,"bolussnooze":0.0257,"activity":0.0226,"lastBolusTime":1702914221697,"time":"2023-12-18T16:03:21.784Z"}},{"iob":1.196,"basaliob":-0.231,"bolussnooze":0.0181,"activity":0.0212,"lastBolusTime":1702914221697,"time":"2023-12-18T16:08:21.784Z","iobWithZeroTemp":{"iob":1.183,"basaliob":-0.244,"bolussnooze":0.0181,"activity":0.0212,"lastBolusTime":1702914221697,"time":"2023-12-18T16:08:21.784Z"}},{"iob":1.093,"basaliob":-0.219,"bolussnooze":0.0125,"activity":0.0197,"lastBolusTime":1702914221697,"time":"2023-12-18T16:13:21.784Z","iobWithZeroTemp":{"iob":1.063,"basaliob":-0.249,"bolussnooze":0.0125,"activity":0.0196,"lastBolusTime":1702914221697,"time":"2023-12-18T16:13:21.784Z"}},{"iob":0.999,"basaliob":-0.206,"bolussnooze":0.0085,"activity":0.0184,"lastBolusTime":1702914221697,"time":"2023-12-18T16:18:21.784Z","iobWithZeroTemp":{"iob":0.953,"basaliob":-0.252,"bolussnooze":0.0085,"activity":0.0183,"lastBolusTime":1702914221697,"time":"2023-12-18T16:18:21.784Z"}},{"iob":0.91,"basaliob":-0.193,"bolussnooze":0.0057,"activity":0.0171,"lastBolusTime":1702914221697,"time":"2023-12-18T16:23:21.784Z","iobWithZeroTemp":{"iob":0.848,"basaliob":-0.255,"bolussnooze":0.0057,"activity":0.0169,"lastBolusTime":1702914221697,"time":"2023-12-18T16:23:21.784Z"}},{"iob":0.828,"basaliob":-0.181,"bolussnooze":0.0038,"activity":0.0157,"lastBolusTime":1702914221697,"time":"2023-12-18T16:28:21.784Z","iobWithZeroTemp":{"iob":0.751,"basaliob":-0.258,"bolussnooze":0.0038,"activity":0.0154,"lastBolusTime":1702914221697,"time":"2023-12-18T16:28:21.784Z"}},{"iob":0.752,"basaliob":-0.169,"bolussnooze":0.0025,"activity":0.0146,"lastBolusTime":1702914221697,"time":"2023-12-18T16:33:21.784Z","iobWithZeroTemp":{"iob":0.66,"basaliob":-0.261,"bolussnooze":0.0025,"activity":0.0141,"lastBolusTime":1702914221697,"time":"2023-12-18T16:33:21.784Z"}},{"iob":0.682,"basaliob":-0.157,"bolussnooze":0.0016,"activity":0.0135,"lastBolusTime":1702914221697,"time":"2023-12-18T16:38:21.784Z","iobWithZeroTemp":{"iob":0.576,"basaliob":-0.263,"bolussnooze":0.0016,"activity":0.0129,"lastBolusTime":1702914221697,"time":"2023-12-18T16:38:21.784Z"}},{"iob":0.617,"basaliob":-0.146,"bolussnooze":0.001,"activity":0.0124,"lastBolusTime":1702914221697,"time":"2023-12-18T16:43:21.784Z","iobWithZeroTemp":{"iob":0.498,"basaliob":-0.265,"bolussnooze":0.001,"activity":0.0117,"lastBolusTime":1702914221697,"time":"2023-12-18T16:43:21.784Z"}},{"iob":0.558,"basaliob":-0.135,"bolussnooze":6.0E-4,"activity":0.0114,"lastBolusTime":1702914221697,"time":"2023-12-18T16:48:21.784Z","iobWithZeroTemp":{"iob":0.427,"basaliob":-0.266,"bolussnooze":6.0E-4,"activity":0.0105,"lastBolusTime":1702914221697,"time":"2023-12-18T16:48:21.784Z"}},{"iob":0.503,"basaliob":-0.125,"bolussnooze":3.0E-4,"activity":0.0104,"lastBolusTime":1702914221697,"time":"2023-12-18T16:53:21.784Z","iobWithZeroTemp":{"iob":0.36,"basaliob":-0.268,"bolussnooze":3.0E-4,"activity":0.0094,"lastBolusTime":1702914221697,"time":"2023-12-18T16:53:21.784Z"}},{"iob":0.454,"basaliob":-0.115,"bolussnooze":1.0E-4,"activity":0.0095,"lastBolusTime":1702914221697,"time":"2023-12-18T16:58:21.784Z","iobWithZeroTemp":{"iob":0.3,"basaliob":-0.269,"bolussnooze":1.0E-4,"activity":0.0083,"lastBolusTime":1702914221697,"time":"2023-12-18T16:58:21.784Z"}},{"iob":0.408,"basaliob":-0.106,"bolussnooze":0,"activity":0.0087,"lastBolusTime":1702914221697,"time":"2023-12-18T17:03:21.784Z","iobWithZeroTemp":{"iob":0.243,"basaliob":-0.271,"bolussnooze":0,"activity":0.0074,"lastBolusTime":1702914221697,"time":"2023-12-18T17:03:21.784Z"}},{"iob":0.366,"basaliob":-0.098,"bolussnooze":0,"activity":0.0079,"lastBolusTime":1702914221697,"time":"2023-12-18T17:08:21.784Z","iobWithZeroTemp":{"iob":0.191,"basaliob":-0.273,"bolussnooze":0,"activity":0.0065,"lastBolusTime":1702914221697,"time":"2023-12-18T17:08:21.784Z"}},{"iob":0.328,"basaliob":-0.089,"bolussnooze":0,"activity":0.0072,"lastBolusTime":1702914221697,"time":"2023-12-18T17:13:21.784Z","iobWithZeroTemp":{"iob":0.144,"basaliob":-0.273,"bolussnooze":0,"activity":0.0056,"lastBolusTime":1702914221697,"time":"2023-12-18T17:13:21.784Z"}},{"iob":0.293,"basaliob":-0.082,"bolussnooze":0,"activity":0.0066,"lastBolusTime":1702914221697,"time":"2023-12-18T17:18:21.784Z","iobWithZeroTemp":{"iob":0.101,"basaliob":-0.274,"bolussnooze":0,"activity":0.0049,"lastBolusTime":1702914221697,"time":"2023-12-18T17:18:21.784Z"}},{"iob":0.262,"basaliob":-0.075,"bolussnooze":0,"activity":0.0059,"lastBolusTime":1702914221697,"time":"2023-12-18T17:23:21.784Z","iobWithZeroTemp":{"iob":0.062,"basaliob":-0.275,"bolussnooze":0,"activity":0.0041,"lastBolusTime":1702914221697,"time":"2023-12-18T17:23:21.784Z"}},{"iob":0.234,"basaliob":-0.068,"bolussnooze":0,"activity":0.0054,"lastBolusTime":1702914221697,"time":"2023-12-18T17:28:21.784Z","iobWithZeroTemp":{"iob":0.027,"basaliob":-0.275,"bolussnooze":0,"activity":0.0035,"lastBolusTime":1702914221697,"time":"2023-12-18T17:28:21.784Z"}},{"iob":0.208,"basaliob":-0.062,"bolussnooze":0,"activity":0.0049,"lastBolusTime":1702914221697,"time":"2023-12-18T17:33:21.784Z","iobWithZeroTemp":{"iob":-0.006,"basaliob":-0.276,"bolussnooze":0,"activity":0.0029,"lastBolusTime":1702914221697,"time":"2023-12-18T17:33:21.784Z"}},{"iob":0.184,"basaliob":-0.057,"bolussnooze":0,"activity":0.0044,"lastBolusTime":1702914221697,"time":"2023-12-18T17:38:21.784Z","iobWithZeroTemp":{"iob":-0.036,"basaliob":-0.277,"bolussnooze":0,"activity":0.0023,"lastBolusTime":1702914221697,"time":"2023-12-18T17:38:21.784Z"}},{"iob":0.164,"basaliob":-0.051,"bolussnooze":0,"activity":0.004,"lastBolusTime":1702914221697,"time":"2023-12-18T17:43:21.784Z","iobWithZeroTemp":{"iob":-0.062,"basaliob":-0.277,"bolussnooze":0,"activity":0.0018,"lastBolusTime":1702914221697,"time":"2023-12-18T17:43:21.784Z"}},{"iob":0.144,"basaliob":-0.047,"bolussnooze":0,"activity":0.0036,"lastBolusTime":1702914221697,"time":"2023-12-18T17:48:21.784Z","iobWithZeroTemp":{"iob":-0.087,"basaliob":-0.278,"bolussnooze":0,"activity":0.0013,"lastBolusTime":1702914221697,"time":"2023-12-18T17:48:21.784Z"}},{"iob":0.127,"basaliob":-0.042,"bolussnooze":0,"activity":0.0033,"lastBolusTime":1702914221697,"time":"2023-12-18T17:53:21.784Z","iobWithZeroTemp":{"iob":-0.109,"basaliob":-0.278,"bolussnooze":0,"activity":9.0E-4,"lastBolusTime":1702914221697,"time":"2023-12-18T17:53:21.784Z"}},{"iob":0.112,"basaliob":-0.038,"bolussnooze":0,"activity":0.0029,"lastBolusTime":1702914221697,"time":"2023-12-18T17:58:21.784Z","iobWithZeroTemp":{"iob":-0.128,"basaliob":-0.278,"bolussnooze":0,"activity":4.0E-4,"lastBolusTime":1702914221697,"time":"2023-12-18T17:58:21.784Z"}},{"iob":0.099,"basaliob":-0.034,"bolussnooze":0,"activity":0.0026,"lastBolusTime":1702914221697,"time":"2023-12-18T18:03:21.784Z","iobWithZeroTemp":{"iob":-0.145,"basaliob":-0.278,"bolussnooze":0,"activity":0,"lastBolusTime":1702914221697,"time":"2023-12-18T18:03:21.784Z"}},{"iob":0.086,"basaliob":-0.031,"bolussnooze":0,"activity":0.0023,"lastBolusTime":1702914221697,"time":"2023-12-18T18:08:21.784Z","iobWithZeroTemp":{"iob":-0.162,"basaliob":-0.279,"bolussnooze":0,"activity":-3.0E-4,"lastBolusTime":1702914221697,"time":"2023-12-18T18:08:21.784Z"}},{"iob":0.075,"basaliob":-0.028,"bolussnooze":0,"activity":0.0021,"lastBolusTime":1702914221697,"time":"2023-12-18T18:13:21.784Z","iobWithZeroTemp":{"iob":-0.176,"basaliob":-0.279,"bolussnooze":0,"activity":-6.0E-4,"lastBolusTime":1702914221697,"time":"2023-12-18T18:13:21.784Z"}},{"iob":0.065,"basaliob":-0.025,"bolussnooze":0,"activity":0.0019,"lastBolusTime":1702914221697,"time":"2023-12-18T18:18:21.784Z","iobWithZeroTemp":{"iob":-0.19,"basaliob":-0.28,"bolussnooze":0,"activity":-9.0E-4,"lastBolusTime":1702914221697,"time":"2023-12-18T18:18:21.784Z"}},{"iob":0.057,"basaliob":-0.022,"bolussnooze":0,"activity":0.0016,"lastBolusTime":1702914221697,"time":"2023-12-18T18:23:21.784Z","iobWithZeroTemp":{"iob":-0.2,"basaliob":-0.279,"bolussnooze":0,"activity":-0.0012,"lastBolusTime":1702914221697,"time":"2023-12-18T18:23:21.784Z"}},{"iob":0.049,"basaliob":-0.02,"bolussnooze":0,"activity":0.0014,"lastBolusTime":1702914221697,"time":"2023-12-18T18:28:21.784Z","iobWithZeroTemp":{"iob":-0.211,"basaliob":-0.28,"bolussnooze":0,"activity":-0.0015,"lastBolusTime":1702914221697,"time":"2023-12-18T18:28:21.784Z"}},{"iob":0.042,"basaliob":-0.018,"bolussnooze":0,"activity":0.0013,"lastBolusTime":1702914221697,"time":"2023-12-18T18:33:21.784Z","iobWithZeroTemp":{"iob":-0.22,"basaliob":-0.28,"bolussnooze":0,"activity":-0.0016,"lastBolusTime":1702914221697,"time":"2023-12-18T18:33:21.784Z"}},{"iob":0.037,"basaliob":-0.016,"bolussnooze":0,"activity":0.0011,"lastBolusTime":1702914221697,"time":"2023-12-18T18:38:21.784Z","iobWithZeroTemp":{"iob":-0.227,"basaliob":-0.28,"bolussnooze":0,"activity":-0.0018,"lastBolusTime":1702914221697,"time":"2023-12-18T18:38:21.784Z"}},{"iob":0.032,"basaliob":-0.014,"bolussnooze":0,"activity":0.001,"lastBolusTime":1702914221697,"time":"2023-12-18T18:43:21.784Z","iobWithZeroTemp":{"iob":-0.234,"basaliob":-0.28,"bolussnooze":0,"activity":-0.002,"lastBolusTime":1702914221697,"time":"2023-12-18T18:43:21.784Z"}},{"iob":0.027,"basaliob":-0.012,"bolussnooze":0,"activity":8.0E-4,"lastBolusTime":1702914221697,"time":"2023-12-18T18:48:21.784Z","iobWithZeroTemp":{"iob":-0.241,"basaliob":-0.28,"bolussnooze":0,"activity":-0.0022,"lastBolusTime":1702914221697,"time":"2023-12-18T18:48:21.784Z"}},{"iob":0.023,"basaliob":-0.011,"bolussnooze":0,"activity":7.0E-4,"lastBolusTime":1702914221697,"time":"2023-12-18T18:53:21.784Z","iobWithZeroTemp":{"iob":-0.246,"basaliob":-0.28,"bolussnooze":0,"activity":-0.0024,"lastBolusTime":1702914221697,"time":"2023-12-18T18:53:21.784Z"}},{"iob":0.019,"basaliob":-0.01,"bolussnooze":0,"activity":7.0E-4,"lastBolusTime":1702914221697,"time":"2023-12-18T18:58:21.784Z","iobWithZeroTemp":{"iob":-0.251,"basaliob":-0.28,"bolussnooze":0,"activity":-0.0024,"lastBolusTime":1702914221697,"time":"2023-12-18T18:58:21.784Z"}},{"iob":0.016,"basaliob":-0.009,"bolussnooze":0,"activity":6.0E-4,"lastBolusTime":1702914221697,"time":"2023-12-18T19:03:21.784Z","iobWithZeroTemp":{"iob":-0.252,"basaliob":-0.277,"bolussnooze":0,"activity":-0.0025,"lastBolusTime":1702914221697,"time":"2023-12-18T19:03:21.784Z"}},{"iob":0.014,"basaliob":-0.008,"bolussnooze":0,"activity":5.0E-4,"lastBolusTime":1702914221697,"time":"2023-12-18T19:08:21.784Z","iobWithZeroTemp":{"iob":-0.25,"basaliob":-0.272,"bolussnooze":0,"activity":-0.0026,"lastBolusTime":1702914221697,"time":"2023-12-18T19:08:21.784Z"}},{"iob":0.012,"basaliob":-0.007,"bolussnooze":0,"activity":4.0E-4,"lastBolusTime":1702914221697,"time":"2023-12-18T19:13:21.784Z","iobWithZeroTemp":{"iob":-0.249,"basaliob":-0.268,"bolussnooze":0,"activity":-0.0027,"lastBolusTime":1702914221697,"time":"2023-12-18T19:13:21.784Z"}},{"iob":0.01,"basaliob":-0.006,"bolussnooze":0,"activity":3.0E-4,"lastBolusTime":1702914221697,"time":"2023-12-18T19:18:21.784Z","iobWithZeroTemp":{"iob":-0.248,"basaliob":-0.264,"bolussnooze":0,"activity":-0.0028,"lastBolusTime":1702914221697,"time":"2023-12-18T19:18:21.784Z"}},{"iob":0.009,"basaliob":-0.005,"bolussnooze":0,"activity":3.0E-4,"lastBolusTime":1702914221697,"time":"2023-12-18T19:23:21.784Z","iobWithZeroTemp":{"iob":-0.246,"basaliob":-0.26,"bolussnooze":0,"activity":-0.0028,"lastBolusTime":1702914221697,"time":"2023-12-18T19:23:21.784Z"}},{"iob":0.008,"basaliob":-0.004,"bolussnooze":0,"activity":3.0E-4,"lastBolusTime":1702914221697,"time":"2023-12-18T19:28:21.784Z","iobWithZeroTemp":{"iob":-0.244,"basaliob":-0.256,"bolussnooze":0,"activity":-0.0028,"lastBolusTime":1702914221697,"time":"2023-12-18T19:28:21.784Z"}},{"iob":0.006,"basaliob":-0.004,"bolussnooze":0,"activity":2.0E-4,"lastBolusTime":1702914221697,"time":"2023-12-18T19:33:21.784Z","iobWithZeroTemp":{"iob":-0.244,"basaliob":-0.254,"bolussnooze":0,"activity":-0.0029,"lastBolusTime":1702914221697,"time":"2023-12-18T19:33:21.784Z"}},{"iob":0.006,"basaliob":-0.003,"bolussnooze":0,"activity":2.0E-4,"lastBolusTime":1702914221697,"time":"2023-12-18T19:38:21.784Z","iobWithZeroTemp":{"iob":-0.241,"basaliob":-0.25,"bolussnooze":0,"activity":-0.0028,"lastBolusTime":1702914221697,"time":"2023-12-18T19:38:21.784Z"}},{"iob":0.004,"basaliob":-0.003,"bolussnooze":0,"activity":1.0E-4,"lastBolusTime":1702914221697,"time":"2023-12-18T19:43:21.784Z","iobWithZeroTemp":{"iob":-0.24,"basaliob":-0.247,"bolussnooze":0,"activity":-0.0029,"lastBolusTime":1702914221697,"time":"2023-12-18T19:43:21.784Z"}},{"iob":0.004,"basaliob":-0.002,"bolussnooze":0,"activity":1.0E-4,"lastBolusTime":1702914221697,"time":"2023-12-18T19:48:21.784Z","iobWithZeroTemp":{"iob":-0.238,"basaliob":-0.244,"bolussnooze":0,"activity":-0.0029,"lastBolusTime":1702914221697,"time":"2023-12-18T19:48:21.784Z"}},{"iob":0.003,"basaliob":-0.002,"bolussnooze":0,"activity":1.0E-4,"lastBolusTime":1702914221697,"time":"2023-12-18T19:53:21.784Z","iobWithZeroTemp":{"iob":-0.236,"basaliob":-0.241,"bolussnooze":0,"activity":-0.0029,"lastBolusTime":1702914221697,"time":"2023-12-18T19:53:21.784Z"}},{"iob":0.003,"basaliob":-0.002,"bolussnooze":0,"activity":1.0E-4,"lastBolusTime":1702914221697,"time":"2023-12-18T19:58:21.784Z","iobWithZeroTemp":{"iob":-0.234,"basaliob":-0.239,"bolussnooze":0,"activity":-0.0028,"lastBolusTime":1702914221697,"time":"2023-12-18T19:58:21.784Z"}}],"profile":{"max_iob":10,"type":"current","max_daily_basal":0.25,"max_basal":1,"min_bg":90,"max_bg":90,"target_bg":90,"carb_ratio":12.4,"sens":84,"max_daily_safety_multiplier":5,"current_basal_safety_multiplier":5,"lgsThreshold":95,"high_temptarget_raises_sensitivity":false,"low_temptarget_lowers_sensitivity":false,"sensitivity_raises_target":true,"resistance_lowers_target":true,"adv_target_adjustments":false,"exercise_mode":false,"half_basal_exercise_target":160,"maxCOB":120,"skip_neutral_temps":false,"remainingCarbsCap":90,"enableUAM":true,"A52_risk_enable":false,"SMBInterval":5,"enableSMB_with_COB":true,"enableSMB_with_temptarget":false,"allowSMB_with_high_temptarget":false,"enableSMB_always":false,"enableSMB_after_carbs":true,"maxSMBBasalMinutes":120,"maxUAMSMBBasalMinutes":120,"bolus_increment":0.05,"carbsReqThreshold":1,"current_basal":0.20000000298023224,"temptargetSet":false,"autosens_max":1.2,"autosens_min":0.7,"variable_sens":57.4,"insulinDivisor":75,"TDD":29.400046329220526},"autosens_data":{"ratio":1},"meal_data":{"carbs":86,"mealCOB":9.282291259795066,"slopeFromMaxDeviation":-1.1852727272727273,"slopeFromMinDeviation":0,"lastBolusTime":1702914221697,"lastCarbTime":1702908490573},"microBolusAllowed":true,"currentTime":1702915402504,"flatBGsDetected":false,"tdd1D":22.354166475186748,"tdd7D":26.782783919711285,"tddLast24H":23.39999998807907,"tddLast4H":8.899999894946813,"tddLast8to4H":0.9791666756073636},"output":{"temp":"absolute","bg":143,"tick":-2,"eventualBG":106,"targetBG":90,"insulinReq":0,"deliverAt":"2023-12-18T16:03:22.504Z","sensitivityRatio":1,"variable_sens":57.4,"predBGs":{"IOB":[143,141,138,136,133,131,128,126,123,120,117,114,111,108,106,103,101,99,97,95,93,92,90,89,88,87,86,85,84,84,83,83,82,82,81,81,81,81,80],"ZT":[143,137,130,124,119,113,108,103,99,94,90,87,83,80,78,75,73,71,70,68,67,66,66,65,65,65,65,66,66,67,67,68,69,70,71,72,73,74,75,76,78,79,80,81,83,84,85,86],"COB":[143,141,139,137,135,134,132,131,130,128,127,126,125,124,123,122,121,120,118,117,116,114,113,112,112,111,110,110,109,109,108,108,107,107,107,107,107,106],"UAM":[143,140,136,131,125,120,115,110,106,101,97,93,90,86,83,80,77,75,73,70,68,66,65,63,62,60,59,58,57,56,55,55,54,53,53,52,52,52,51,51,51,51,51,51,50]},"reason":"COB: 9.3, Dev: 27, BGI: -6, ISF: 57, CR: 12.4, Target: 90, minPredBG 65, minGuardBG 56, IOBpredBG 80, COBpredBG 106, UAMpredBG 50; minGuardBG 56<95 115m left and 0 ~ req 0U\/hr: no temp required","COB":9.282291259795066,"IOB":1.305,"timestamp":"2023-12-18T16:03:22.511Z"}}