{"algorithm":"OpenAPSSMBDynamicISFPlugin","input":{"glucoseStatus":{"glucose":113,"noise":0,"delta":-1,"short_avgdelta":-1.39,"long_avgdelta":-0.9,"date":1702876371000},"currenttemp":{"temp":"absolute","duration":20,"rate":0,"minutesrunning":10},"iob_data":[{"iob":0.188,"basaliob":0.188,"bolussnooze":0,"activity":0.0026,"lastBolusTime":0,"time":"2023-12-18T05:13:21.223Z","iobWithZeroTemp":{"iob":0.188,"basaliob":0.188,"bolussnooze":0,"activity":0.0026,"lastBolusTime":0,"time":"2023-12-18T05:13:21.223Z"}},{"iob":0.175,"basaliob":0.175,"bolussnooze":0,"activity":0.0025,"lastBolusTime":0,"time":"2023-12-18T05:18:21.223Z","iobWithZeroTemp":{"iob":0.162,"basaliob":0.162,"bolussnooze":0,"activity":0.0025,"lastBolusTime":0,"time":"2023-12-18T05:18:21.223Z"}},{"iob":0.162,"basaliob":0.162,"bolussnooze":0,"activity":0.0024,"lastBolusTime":0,"time":"2023-12-18T05:23:21.223Z","iobWithZeroTemp":{"iob":0.132,"basaliob":0.132,"bolussnooze":0,"activity":0.0023,"lastBolusTime":0,"time":"2023-12-18T05:23:21.223Z"}},{"iob":0.15,"basaliob":0.15,"bolussnooze":0,"activity":0.0023,"lastBolusTime":0,"time":"2023-12-18T05:28:21.223Z","iobWithZeroTemp":{"iob":0.104,"basaliob":0.104,"bolussnooze":0,"activity":0.0022,"lastBolusTime":0,"time":"2023-12-18T05:28:21.223Z"}},{"iob":0.139,"basaliob":0.139,"bolussnooze":0,"activity":0.0022,"lastBolusTime":0,"time":"2023-12-18T05:33:21.223Z","iobWithZeroTemp":{"iob":0.077,"basaliob":0.077,"bolussnooze":0,"activity":0.002,"lastBolusTime":0,"time":"2023-12-18T05:33:21.223Z"}},{"iob":0.128,"basaliob":0.128,"bolussnooze":0,"activity":0.0021,"lastBolusTime":0,"time":"2023-12-18T05:38:21.223Z","iobWithZeroTemp":{"iob":0.051,"basaliob":0.051,"bolussnooze":0,"activity":0.0018,"lastBolusTime":0,"time":"2023-12-18T05:38:21.223Z"}},{"iob":0.118,"basaliob":0.118,"bolussnooze":0,"activity":0.002,"lastBolusTime":0,"time":"2023-12-18T05:43:21.223Z","iobWithZeroTemp":{"iob":0.026,"basaliob":0.026,"bolussnooze":0,"activity":0.0015,"lastBolusTime":0,"time":"2023-12-18T05:43:21.223Z"}},{"iob":0.109,"basaliob":0.109,"bolussnooze":0,"activity":0.0018,"lastBolusTime":0,"time":"2023-12-18T05:48:21.223Z","iobWithZeroTemp":{"iob":0.003,"basaliob":0.003,"bolussnooze":0,"activity":0.0012,"lastBolusTime":0,"time":"2023-12-18T05:48:21.223Z"}},{"iob":0.1,"basaliob":0.1,"bolussnooze":0,"activity":0.0017,"lastBolusTime":0,"time":"2023-12-18T05:53:21.223Z","iobWithZeroTemp":{"iob":-0.019,"basaliob":-0.019,"bolussnooze":0,"activity":0.001,"lastBolusTime":0,"time":"2023-12-18T05:53:21.223Z"}},{"iob":0.091,"basaliob":0.091,"bolussnooze":0,"activity":0.0016,"lastBolusTime":0,"time":"2023-12-18T05:58:21.223Z","iobWithZeroTemp":{"iob":-0.04,"basaliob":-0.04,"bolussnooze":0,"activity":7.0E-4,"lastBolusTime":0,"time":"2023-12-18T05:58:21.223Z"}},{"iob":0.083,"basaliob":0.083,"bolussnooze":0,"activity":0.0015,"lastBolusTime":0,"time":"2023-12-18T06:03:21.223Z","iobWithZeroTemp":{"iob":-0.064,"basaliob":-0.064,"bolussnooze":0,"activity":5.0E-4,"lastBolusTime":0,"time":"2023-12-18T06:03:21.223Z"}},{"iob":0.076,"basaliob":0.076,"bolussnooze":0,"activity":0.0014,"lastBolusTime":0,"time":"2023-12-18T06:08:21.223Z","iobWithZeroTemp":{"iob":-0.087,"basaliob":-0.087,"bolussnooze":0,"activity":2.0E-4,"lastBolusTime":0,"time":"2023-12-18T06:08:21.223Z"}},{"iob":0.069,"basaliob":0.069,"bolussnooze":0,"activity":0.0013,"lastBolusTime":0,"time":"2023-12-18T06:13:21.223Z","iobWithZeroTemp":{"iob":-0.108,"basaliob":-0.108,"bolussnooze":0,"activity":-1.0E-4,"lastBolusTime":0,"time":"2023-12-18T06:13:21.223Z"}},{"iob":0.063,"basaliob":0.063,"bolussnooze":0,"activity":0.0012,"lastBolusTime":0,"time":"2023-12-18T06:18:21.223Z","iobWithZeroTemp":{"iob":-0.128,"basaliob":-0.128,"bolussnooze":0,"activity":-3.0E-4,"lastBolusTime":0,"time":"2023-12-18T06:18:21.223Z"}},{"iob":0.057,"basaliob":0.057,"bolussnooze":0,"activity":0.0011,"lastBolusTime":0,"time":"2023-12-18T06:23:21.223Z","iobWithZeroTemp":{"iob":-0.146,"basaliob":-0.146,"bolussnooze":0,"activity":-6.0E-4,"lastBolusTime":0,"time":"2023-12-18T06:23:21.223Z"}},{"iob":0.052,"basaliob":0.052,"bolussnooze":0,"activity":0.001,"lastBolusTime":0,"time":"2023-12-18T06:28:21.223Z","iobWithZeroTemp":{"iob":-0.164,"basaliob":-0.164,"bolussnooze":0,"activity":-8.0E-4,"lastBolusTime":0,"time":"2023-12-18T06:28:21.223Z"}},{"iob":0.047,"basaliob":0.047,"bolussnooze":0,"activity":9.0E-4,"lastBolusTime":0,"time":"2023-12-18T06:33:21.223Z","iobWithZeroTemp":{"iob":-0.18,"basaliob":-0.18,"bolussnooze":0,"activity":-0.0011,"lastBolusTime":0,"time":"2023-12-18T06:33:21.223Z"}},{"iob":0.043,"basaliob":0.043,"bolussnooze":0,"activity":9.0E-4,"lastBolusTime":0,"time":"2023-12-18T06:38:21.223Z","iobWithZeroTemp":{"iob":-0.194,"basaliob":-0.194,"bolussnooze":0,"activity":-0.0012,"lastBolusTime":0,"time":"2023-12-18T06:38:21.223Z"}},{"iob":0.038,"basaliob":0.038,"bolussnooze":0,"activity":8.0E-4,"lastBolusTime":0,"time":"2023-12-18T06:43:21.223Z","iobWithZeroTemp":{"iob":-0.209,"basaliob":-0.209,"bolussnooze":0,"activity":-0.0015,"lastBolusTime":0,"time":"2023-12-18T06:43:21.223Z"}},{"iob":0.035,"basaliob":0.035,"bolussnooze":0,"activity":7.0E-4,"lastBolusTime":0,"time":"2023-12-18T06:48:21.223Z","iobWithZeroTemp":{"iob":-0.221,"basaliob":-0.221,"bolussnooze":0,"activity":-0.0017,"lastBolusTime":0,"time":"2023-12-18T06:48:21.223Z"}},{"iob":0.031,"basaliob":0.031,"bolussnooze":0,"activity":7.0E-4,"lastBolusTime":0,"time":"2023-12-18T06:53:21.223Z","iobWithZeroTemp":{"iob":-0.234,"basaliob":-0.234,"bolussnooze":0,"activity":-0.0018,"lastBolusTime":0,"time":"2023-12-18T06:53:21.223Z"}},{"iob":0.028,"basaliob":0.028,"bolussnooze":0,"activity":6.0E-4,"lastBolusTime":0,"time":"2023-12-18T06:58:21.223Z","iobWithZeroTemp":{"iob":-0.245,"basaliob":-0.245,"bolussnooze":0,"activity":-0.0021,"lastBolusTime":0,"time":"2023-12-18T06:58:21.223Z"}},{"iob":0.025,"basaliob":0.025,"bolussnooze":0,"activity":5.0E-4,"lastBolusTime":0,"time":"2023-12-18T07:03:21.223Z","iobWithZeroTemp":{"iob":-0.247,"basaliob":-0.247,"bolussnooze":0,"activity":-0.0023,"lastBolusTime":0,"time":"2023-12-18T07:03:21.223Z"}},{"iob":0.023,"basaliob":0.023,"bolussnooze":0,"activity":5.0E-4,"lastBolusTime":0,"time":"2023-12-18T07:08:21.223Z","iobWithZeroTemp":{"iob":-0.247,"basaliob":-0.247,"bolussnooze":0,"activity":-0.0024,"lastBolusTime":0,"time":"2023-12-18T07:08:21.223Z"}},{"iob":0.02,"basaliob":0.02,"bolussnooze":0,"activity":5.0E-4,"lastBolusTime":0,"time":"2023-12-18T07:13:21.223Z","iobWithZeroTemp":{"iob":-0.248,"basaliob":-0.248,"bolussnooze":0,"activity":-0.0024,"lastBolusTime":0,"time":"2023-12-18T07:13:21.223Z"}},{"iob":0.018,"basaliob":0.018,"bolussnooze":0,"activity":4.0E-4,"lastBolusTime":0,"time":"2023-12-18T07:18:21.223Z","iobWithZeroTemp":{"iob":-0.248,"basaliob":-0.248,"bolussnooze":0,"activity":-0.0026,"lastBolusTime":0,"time":"2023-12-18T07:18:21.223Z"}},{"iob":0.016,"basaliob":0.016,"bolussnooze":0,"activity":4.0E-4,"lastBolusTime":0,"time":"2023-12-18T07:23:21.223Z","iobWithZeroTemp":{"iob":-0.248,"basaliob":-0.248,"bolussnooze":0,"activity":-0.0026,"lastBolusTime":0,"time":"2023-12-18T07:23:21.223Z"}},{"iob":0.014,"basaliob":0.014,"bolussnooze":0,"activity":3.0E-4,"lastBolusTime":0,"time":"2023-12-18T07:28:21.223Z","iobWithZeroTemp":{"iob":-0.247,"basaliob":-0.247,"bolussnooze":0,"activity":-0.0027,"lastBolusTime":0,"time":"2023-12-18T07:28:21.223Z"}},{"iob":0.013,"basaliob":0.013,"bolussnooze":0,"activity":3.0E-4,"lastBolusTime":0,"time":"2023-12-18T07:33:21.223Z","iobWithZeroTemp":{"iob":-0.246,"basaliob":-0.246,"bolussnooze":0,"activity":-0.0027,"lastBolusTime":0,"time":"2023-12-18T07:33:21.223Z"}},{"iob":0.011,"basaliob":0.011,"bolussnooze":0,"activity":3.0E-4,"lastBolusTime":0,"time":"2023-12-18T07:38:21.223Z","iobWithZeroTemp":{"iob":-0.245,"basaliob":-0.245,"bolussnooze":0,"activity":-0.0027,"lastBolusTime":0,"time":"2023-12-18T07:38:21.223Z"}},{"iob":0.01,"basaliob":0.01,"bolussnooze":0,"activity":2.0E-4,"lastBolusTime":0,"time":"2023-12-18T07:43:21.223Z","iobWithZeroTemp":{"iob":-0.243,"basaliob":-0.243,"bolussnooze":0,"activity":-0.0028,"lastBolusTime":0,"time":"2023-12-18T07:43:21.223Z"}},{"iob":0.009,"basaliob":0.009,"bolussnooze":0,"activity":2.0E-4,"lastBolusTime":0,"time":"2023-12-18T07:48:21.223Z","iobWithZeroTemp":{"iob":-0.242,"basaliob":-0.242,"bolussnooze":0,"activity":-0.0028,"lastBolusTime":0,"time":"2023-12-18T07:48:21.223Z"}},{"iob":0.008,"basaliob":0.008,"bolussnooze":0,"activity":2.0E-4,"lastBolusTime":0,"time":"2023-12-18T07:53:21.223Z","iobWithZeroTemp":{"iob":-0.24,"basaliob":-0.24,"bolussnooze":0,"activity":-0.0028,"lastBolusTime":0,"time":"2023-12-18T07:53:21.223Z"}},{"iob":0.007,"basaliob":0.007,"bolussnooze":0,"activity":2.0E-4,"lastBolusTime":0,"time":"2023-12-18T07:58:21.223Z","iobWithZeroTemp":{"iob":-0.239,"basaliob":-0.239,"bolussnooze":0,"activity":-0.0028,"lastBolusTime":0,"time":"2023-12-18T07:58:21.223Z"}},{"iob":0.006,"basaliob":0.006,"bolussnooze":0,"activity":2.0E-4,"lastBolusTime":0,"time":"2023-12-18T08:03:21.223Z","iobWithZeroTemp":{"iob":-0.237,"basaliob":-0.237,"bolussnooze":0,"activity":-0.0028,"lastBolusTime":0,"time":"2023-12-18T08:03:21.223Z"}},{"iob":0.005,"basaliob":0.005,"bolussnooze":0,"activity":1.0E-4,"lastBolusTime":0,"time":"2023-12-18T08:08:21.223Z","iobWithZeroTemp":{"iob":-0.236,"basaliob":-0.236,"bolussnooze":0,"activity":-0.0029,"lastBolusTime":0,"time":"2023-12-18T08:08:21.223Z"}},{"iob":0.005,"basaliob":0.005,"bolussnooze":0,"activity":1.0E-4,"lastBolusTime":0,"time":"2023-12-18T08:13:21.223Z","iobWithZeroTemp":{"iob":-0.234,"basaliob":-0.234,"bolussnooze":0,"activity":-0.0028,"lastBolusTime":0,"time":"2023-12-18T08:13:21.223Z"}},{"iob":0.004,"basaliob":0.004,"bolussnooze":0,"activity":1.0E-4,"lastBolusTime":0,"time":"2023-12-18T08:18:21.223Z","iobWithZeroTemp":{"iob":-0.233,"basaliob":-0.233,"bolussnooze":0,"activity":-0.0028,"lastBolusTime":0,"time":"2023-12-18T08:18:21.223Z"}},{"iob":0.003,"basaliob":0.003,"bolussnooze":0,"activity":1.0E-4,"lastBolusTime":0,"time":"2023-12-18T08:23:21.223Z","iobWithZeroTemp":{"iob":-0.232,"basaliob":-0.232,"bolussnooze":0,"activity":-0.0028,"lastBolusTime":0,"time":"2023-12-18T08:23:21.223Z"}},{"iob":0.003,"basaliob":0.003,"bolussnooze":0,"activity":1.0E-4,"lastBolusTime":0,"time":"2023-12-18T08:28:21.223Z","iobWithZeroTemp":{"iob":-0.23,"basaliob":-0.23,"bolussnooze":0,"activity":-0.0028,"lastBolusTime":0,"time":"2023-12-18T08:28:21.223Z"}},{"iob":0.003,"basaliob":0.003,"bolussnooze":0,"activity":1.0E-4,"lastBolusTime":0,"time":"2023-12-18T08:33:21.223Z","iobWithZeroTemp":{"iob":-0.228,"basaliob":-0.228,"bolussnooze":0,"activity":-0.0027,"lastBolusTime":0,"time":"2023-12-18T08:33:21.223Z"}},{"iob":0.002,"basaliob":0.002,"bolussnooze":0,"activity":1.0E-4,"lastBolusTime":0,"time":"2023-12-18T08:38:21.223Z","iobWithZeroTemp":{"iob":-0.227,"basaliob":-0.227,"bolussnooze":0,"activity":-0.0027,"lastBolusTime":0,"time":"2023-12-18T08:38:21.223Z"}},{"iob":0.002,"basaliob":0.002,"bolussnooze":0,"activity":1.0E-4,"lastBolusTime":0,"time":"2023-12-18T08:43:21.223Z","iobWithZeroTemp":{"iob":-0.226,"basaliob":-0.226,"bolussnooze":0,"activity":-0.0027,"lastBolusTime":0,"time":"2023-12-18T08:43:21.223Z"}},{"iob":0.002,"basaliob":0.002,"bolussnooze":0,"activity":1.0E-4,"lastBolusTime":0,"time":"2023-12-18T08:48:21.223Z","iobWithZeroTemp":{"iob":-0.224,"basaliob":-0.224,"bolussnooze":0,"activity":-0.0027,"lastBolusTime":0,"time":"2023-12-18T08:48:21.223Z"}},{"iob":0.001,"basaliob":0.001,"bolussnooze":0,"activity":0,"lastBolusTime":0,"time":"2023-12-18T08:53:21.223Z","iobWithZeroTemp":{"iob":-0.224,"basaliob":-0.224,"bolussnooze":0,"activity":-0.0028,"lastBolusTime":0,"time":"2023-12-18T08:53:21.223Z"}},{"iob":0.001,"basaliob":0.001,"bolussnooze":0,"activity":0,"lastBolusTime":0,"time":"2023-12-18T08:58:21.223Z","iobWithZeroTemp":{"iob":-0.223,"basaliob":-0.223,"bolussnooze":0,"activity":-0.0027,"lastBolusTime":0,"time":"2023-12-18T08:58:21.223Z"}},{"iob":0.001,"basaliob":0.001,"bolussnooze":0,"activity":0,"lastBolusTime":0,"time":"2023-12-18T09:03:21.223Z","iobWithZeroTemp":{"iob":-0.225,"basaliob":-0.225,"bolussnooze":0,"activity":-0.0027,"lastBolusTime":0,"time":"2023-12-18T09:03:21.223Z"}},{"iob":0.001,"basaliob":0.001,"bolussnooze":0,"activity":0,"lastBolusTime":0,"time":"2023-12-18T09:08:21.223Z","iobWithZeroTemp":{"iob":-0.228,"basaliob":-0.228,"bolussnooze":0,"activity":-0.0027,"lastBolusTime":0,"time":"2023-12-18T09:08:21.223Z"}}],"profile":{"max_iob":10,"type":"current","max_daily_basal":0.25,"max_basal":1,"min_bg":90,"max_bg":90,"target_bg":90,"carb_ratio":12.6,"sens":84,"max_daily_safety_multiplier":5,"current_basal_safety_multiplier":5,"lgsThreshold":95,"high_temptarget_raises_sensitivity":false,"low_temptarget_lowers_sensitivity":false,"sensitivity_raises_target":true,"resistance_lowers_target":true,"adv_target_adjustments":false,"exercise_mode":false,"half_basal_exercise_target":160,"maxCOB":120,"skip_neutral_temps":false,"remainingCarbsCap":90,"enableUAM":true,"A52_risk_enable":false,"SMBInterval":5,"enableSMB_with_COB":true,"enableSMB_with_temptarget":false,"allowSMB_with_high_temptarget":false,"enableSMB_always":false,"enableSMB_after_carbs":true,"maxSMBBasalMinutes":120,"maxUAMSMBBasalMinutes":120,"bolus_increment":0.05,"carbsReqThreshold":1,"current_basal":0.20000000298023224,"temptargetSet":false,"autosens_max":1.2,"autosens_min":0.7,"variable_sens":99.8,"insulinDivisor":75,"TDD":19.62792147305398},"autosens_data":{"ratio":1},"meal_data":{"carbs":0,"mealCOB":0,"slopeFromMaxDeviation":-0.594,"slopeFromMinDeviation":0.05914285714285715,"lastBolusTime":1702853609765,"lastCarbTime":0},"microBolusAllowed":true,"currentTime":1702876403082,"flatBGsDetected":false,"tdd1D":22.354166475186748,"tdd7D":26.782783919711285,"tddLast24H":22.312499771267177,"tddLast4H":1.4958333333333336,"tddLast8to4H":1.804166672627131},"output":{"temp":"absolute","bg":113,"tick":-1,"eventualBG":96,"targetBG":90,"insulinReq":0,"deliverAt":"2023-12-18T05:13:23.082Z","sensitivityRatio":1,"variable_sens":99.8,"predBGs":{"IOB":[113,112,110,109,108,107,105,104,103,102,102,101,100,99,99,98,97,97,96,96,96,95,95,95,94,94,94,94,93,93,93,93,93,93,93,93,92],"ZT":[113,112,110,109,108,107,106,105,105,104,104,104,104,104,104,104,104,105,106,106]},"reason":"COB: 0, Dev: 2, BGI: -1, ISF: 100, CR: 12.6, Target: 90, minPredBG 98, minGuardBG 92, IOBpredBG 92; minGuardBG 92<95","COB":0,"IOB":0.188,"duration":30,"rate":0,"timestamp":"2023-12-18T05:13:23.107Z"}}