{"algorithm":"OpenAPSSMBDynamicISFPlugin","input":{"glucoseStatus":{"glucose":103,"noise":0,"delta":1,"short_avgdelta":1.61,"long_avgdelta":1.98,"date":1702930073000},"currenttemp":{"temp":"absolute","duration":116,"rate":0,"minutesrunning":4},"iob_data":[{"iob":1.804,"basaliob":0.007,"bolussnooze":1.767,"activity":0.0033,"lastBolusTime":1702929831205,"time":"2023-12-18T20:08:22.638Z","iobWithZeroTemp":{"iob":1.804,"basaliob":0.007,"bolussnooze":1.767,"activity":0.0033,"lastBolusTime":1702929831205,"time":"2023-12-18T20:08:22.638Z"}},{"iob":1.779,"basaliob":0.01,"bolussnooze":1.6729,"activity":0.0067,"lastBolusTime":1702929831205,"time":"2023-12-18T20:13:22.638Z","iobWithZeroTemp":{"iob":1.769,"basaliob":0,"bolussnooze":1.6729,"activity":0.0067,"lastBolusTime":1702929831205,"time":"2023-12-18T20:13:22.638Z"}},{"iob":1.738,"basaliob":0.012,"bolussnooze":1.5431,"activity":0.0095,"lastBolusTime":1702929831205,"time":"2023-12-18T20:18:22.638Z","iobWithZeroTemp":{"iob":1.716,"basaliob":-0.01,"bolussnooze":1.5431,"activity":0.0095,"lastBolusTime":1702929831205,"time":"2023-12-18T20:18:22.638Z"}},{"iob":1.686,"basaliob":0.015,"bolussnooze":1.3953,"activity":0.0115,"lastBolusTime":1702929831205,"time":"2023-12-18T20:23:22.638Z","iobWithZeroTemp":{"iob":1.651,"basaliob":-0.02,"bolussnooze":1.3953,"activity":0.0114,"lastBolusTime":1702929831205,"time":"2023-12-18T20:23:22.638Z"}},{"iob":1.624,"basaliob":0.016,"bolussnooze":1.2419,"activity":0.0131,"lastBolusTime":1702929831205,"time":"2023-12-18T20:28:22.638Z","iobWithZeroTemp":{"iob":1.578,"basaliob":-0.03,"bolussnooze":1.2419,"activity":0.0129,"lastBolusTime":1702929831205,"time":"2023-12-18T20:28:22.638Z"}},{"iob":1.556,"basaliob":0.017,"bolussnooze":1.0911,"activity":0.0142,"lastBolusTime":1702929831205,"time":"2023-12-18T20:33:22.638Z","iobWithZeroTemp":{"iob":1.498,"basaliob":-0.041,"bolussnooze":1.0911,"activity":0.0139,"lastBolusTime":1702929831205,"time":"2023-12-18T20:33:22.638Z"}},{"iob":1.483,"basaliob":0.017,"bolussnooze":0.9482,"activity":0.0149,"lastBolusTime":1702929831205,"time":"2023-12-18T20:38:22.638Z","iobWithZeroTemp":{"iob":1.414,"basaliob":-0.052,"bolussnooze":0.9482,"activity":0.0145,"lastBolusTime":1702929831205,"time":"2023-12-18T20:38:22.638Z"}},{"iob":1.408,"basaliob":0.018,"bolussnooze":0.8162,"activity":0.0153,"lastBolusTime":1702929831205,"time":"2023-12-18T20:43:22.638Z","iobWithZeroTemp":{"iob":1.329,"basaliob":-0.061,"bolussnooze":0.8162,"activity":0.0148,"lastBolusTime":1702929831205,"time":"2023-12-18T20:43:22.638Z"}},{"iob":1.331,"basaliob":0.018,"bolussnooze":0.6966,"activity":0.0154,"lastBolusTime":1702929831205,"time":"2023-12-18T20:48:22.638Z","iobWithZeroTemp":{"iob":1.242,"basaliob":-0.071,"bolussnooze":0.6966,"activity":0.0148,"lastBolusTime":1702929831205,"time":"2023-12-18T20:48:22.638Z"}},{"iob":1.253,"basaliob":0.017,"bolussnooze":0.59,"activity":0.0155,"lastBolusTime":1702929831205,"time":"2023-12-18T20:53:22.638Z","iobWithZeroTemp":{"iob":1.154,"basaliob":-0.082,"bolussnooze":0.59,"activity":0.0148,"lastBolusTime":1702929831205,"time":"2023-12-18T20:53:22.638Z"}},{"iob":1.177,"basaliob":0.017,"bolussnooze":0.4961,"activity":0.0152,"lastBolusTime":1702929831205,"time":"2023-12-18T20:58:22.638Z","iobWithZeroTemp":{"iob":1.07,"basaliob":-0.09,"bolussnooze":0.4961,"activity":0.0144,"lastBolusTime":1702929831205,"time":"2023-12-18T20:58:22.638Z"}},{"iob":1.102,"basaliob":0.017,"bolussnooze":0.4144,"activity":0.0148,"lastBolusTime":1702929831205,"time":"2023-12-18T21:03:22.638Z","iobWithZeroTemp":{"iob":0.986,"basaliob":-0.099,"bolussnooze":0.4144,"activity":0.0139,"lastBolusTime":1702929831205,"time":"2023-12-18T21:03:22.638Z"}},{"iob":1.028,"basaliob":0.016,"bolussnooze":0.3439,"activity":0.0144,"lastBolusTime":1702929831205,"time":"2023-12-18T21:08:22.638Z","iobWithZeroTemp":{"iob":0.904,"basaliob":-0.108,"bolussnooze":0.3439,"activity":0.0134,"lastBolusTime":1702929831205,"time":"2023-12-18T21:08:22.638Z"}},{"iob":0.957,"basaliob":0.015,"bolussnooze":0.2837,"activity":0.0139,"lastBolusTime":1702929831205,"time":"2023-12-18T21:13:22.638Z","iobWithZeroTemp":{"iob":0.826,"basaliob":-0.116,"bolussnooze":0.2837,"activity":0.0128,"lastBolusTime":1702929831205,"time":"2023-12-18T21:13:22.638Z"}},{"iob":0.89,"basaliob":0.015,"bolussnooze":0.2325,"activity":0.0133,"lastBolusTime":1702929831205,"time":"2023-12-18T21:18:22.638Z","iobWithZeroTemp":{"iob":0.752,"basaliob":-0.123,"bolussnooze":0.2325,"activity":0.0121,"lastBolusTime":1702929831205,"time":"2023-12-18T21:18:22.638Z"}},{"iob":0.824,"basaliob":0.014,"bolussnooze":0.1893,"activity":0.0127,"lastBolusTime":1702929831205,"time":"2023-12-18T21:23:22.638Z","iobWithZeroTemp":{"iob":0.68,"basaliob":-0.13,"bolussnooze":0.1893,"activity":0.0114,"lastBolusTime":1702929831205,"time":"2023-12-18T21:23:22.638Z"}},{"iob":0.762,"basaliob":0.013,"bolussnooze":0.1531,"activity":0.012,"lastBolusTime":1702929831205,"time":"2023-12-18T21:28:22.638Z","iobWithZeroTemp":{"iob":0.612,"basaliob":-0.137,"bolussnooze":0.1531,"activity":0.0106,"lastBolusTime":1702929831205,"time":"2023-12-18T21:28:22.638Z"}},{"iob":0.704,"basaliob":0.013,"bolussnooze":0.1231,"activity":0.0114,"lastBolusTime":1702929831205,"time":"2023-12-18T21:33:22.638Z","iobWithZeroTemp":{"iob":0.548,"basaliob":-0.143,"bolussnooze":0.1231,"activity":0.0099,"lastBolusTime":1702929831205,"time":"2023-12-18T21:33:22.638Z"}},{"iob":0.649,"basaliob":0.012,"bolussnooze":0.0982,"activity":0.0107,"lastBolusTime":1702929831205,"time":"2023-12-18T21:38:22.638Z","iobWithZeroTemp":{"iob":0.488,"basaliob":-0.149,"bolussnooze":0.0982,"activity":0.0092,"lastBolusTime":1702929831205,"time":"2023-12-18T21:38:22.638Z"}},{"iob":0.596,"basaliob":0.011,"bolussnooze":0.0777,"activity":0.0101,"lastBolusTime":1702929831205,"time":"2023-12-18T21:43:22.638Z","iobWithZeroTemp":{"iob":0.431,"basaliob":-0.154,"bolussnooze":0.0777,"activity":0.0085,"lastBolusTime":1702929831205,"time":"2023-12-18T21:43:22.638Z"}},{"iob":0.547,"basaliob":0.01,"bolussnooze":0.061,"activity":0.0094,"lastBolusTime":1702929831205,"time":"2023-12-18T21:48:22.638Z","iobWithZeroTemp":{"iob":0.378,"basaliob":-0.159,"bolussnooze":0.061,"activity":0.0077,"lastBolusTime":1702929831205,"time":"2023-12-18T21:48:22.638Z"}},{"iob":0.502,"basaliob":0.01,"bolussnooze":0.0474,"activity":0.0088,"lastBolusTime":1702929831205,"time":"2023-12-18T21:53:22.638Z","iobWithZeroTemp":{"iob":0.329,"basaliob":-0.163,"bolussnooze":0.0474,"activity":0.0071,"lastBolusTime":1702929831205,"time":"2023-12-18T21:53:22.638Z"}},{"iob":0.459,"basaliob":0.009,"bolussnooze":0.0365,"activity":0.0082,"lastBolusTime":1702929831205,"time":"2023-12-18T21:58:22.638Z","iobWithZeroTemp":{"iob":0.282,"basaliob":-0.168,"bolussnooze":0.0365,"activity":0.0064,"lastBolusTime":1702929831205,"time":"2023-12-18T21:58:22.638Z"}},{"iob":0.419,"basaliob":0.008,"bolussnooze":0.0278,"activity":0.0076,"lastBolusTime":1702929831205,"time":"2023-12-18T22:03:22.638Z","iobWithZeroTemp":{"iob":0.235,"basaliob":-0.176,"bolussnooze":0.0278,"activity":0.0057,"lastBolusTime":1702929831205,"time":"2023-12-18T22:03:22.638Z"}},{"iob":0.383,"basaliob":0.008,"bolussnooze":0.0208,"activity":0.0071,"lastBolusTime":1702929831205,"time":"2023-12-18T22:08:22.638Z","iobWithZeroTemp":{"iob":0.191,"basaliob":-0.184,"bolussnooze":0.0208,"activity":0.0052,"lastBolusTime":1702929831205,"time":"2023-12-18T22:08:22.638Z"}},{"iob":0.348,"basaliob":0.007,"bolussnooze":0.0154,"activity":0.0066,"lastBolusTime":1702929831205,"time":"2023-12-18T22:13:22.638Z","iobWithZeroTemp":{"iob":0.15,"basaliob":-0.191,"bolussnooze":0.0154,"activity":0.0046,"lastBolusTime":1702929831205,"time":"2023-12-18T22:13:22.638Z"}},{"iob":0.317,"basaliob":0.007,"bolussnooze":0.0111,"activity":0.0061,"lastBolusTime":1702929831205,"time":"2023-12-18T22:18:22.638Z","iobWithZeroTemp":{"iob":0.112,"basaliob":-0.198,"bolussnooze":0.0111,"activity":0.004,"lastBolusTime":1702929831205,"time":"2023-12-18T22:18:22.638Z"}},{"iob":0.287,"basaliob":0.006,"bolussnooze":0.0079,"activity":0.0056,"lastBolusTime":1702929831205,"time":"2023-12-18T22:23:22.638Z","iobWithZeroTemp":{"iob":0.076,"basaliob":-0.205,"bolussnooze":0.0079,"activity":0.0034,"lastBolusTime":1702929831205,"time":"2023-12-18T22:23:22.638Z"}},{"iob":0.261,"basaliob":0.006,"bolussnooze":0.0054,"activity":0.0052,"lastBolusTime":1702929831205,"time":"2023-12-18T22:28:22.638Z","iobWithZeroTemp":{"iob":0.045,"basaliob":-0.21,"bolussnooze":0.0054,"activity":0.003,"lastBolusTime":1702929831205,"time":"2023-12-18T22:28:22.638Z"}},{"iob":0.235,"basaliob":0.005,"bolussnooze":0.0035,"activity":0.0048,"lastBolusTime":1702929831205,"time":"2023-12-18T22:33:22.638Z","iobWithZeroTemp":{"iob":0.013,"basaliob":-0.217,"bolussnooze":0.0035,"activity":0.0025,"lastBolusTime":1702929831205,"time":"2023-12-18T22:33:22.638Z"}},{"iob":0.213,"basaliob":0.005,"bolussnooze":0.0022,"activity":0.0044,"lastBolusTime":1702929831205,"time":"2023-12-18T22:38:22.638Z","iobWithZeroTemp":{"iob":-0.014,"basaliob":-0.222,"bolussnooze":0.0022,"activity":0.002,"lastBolusTime":1702929831205,"time":"2023-12-18T22:38:22.638Z"}},{"iob":0.191,"basaliob":0.004,"bolussnooze":0.0013,"activity":0.004,"lastBolusTime":1702929831205,"time":"2023-12-18T22:43:22.638Z","iobWithZeroTemp":{"iob":-0.04,"basaliob":-0.227,"bolussnooze":0.0013,"activity":0.0016,"lastBolusTime":1702929831205,"time":"2023-12-18T22:43:22.638Z"}},{"iob":0.173,"basaliob":0.004,"bolussnooze":7.0E-4,"activity":0.0037,"lastBolusTime":1702929831205,"time":"2023-12-18T22:48:22.638Z","iobWithZeroTemp":{"iob":-0.063,"basaliob":-0.232,"bolussnooze":7.0E-4,"activity":0.0012,"lastBolusTime":1702929831205,"time":"2023-12-18T22:48:22.638Z"}},{"iob":0.156,"basaliob":0.004,"bolussnooze":3.0E-4,"activity":0.0034,"lastBolusTime":1702929831205,"time":"2023-12-18T22:53:22.638Z","iobWithZeroTemp":{"iob":-0.084,"basaliob":-0.236,"bolussnooze":3.0E-4,"activity":8.0E-4,"lastBolusTime":1702929831205,"time":"2023-12-18T22:53:22.638Z"}},{"iob":0.139,"basaliob":0.003,"bolussnooze":1.0E-4,"activity":0.0031,"lastBolusTime":1702929831205,"time":"2023-12-18T22:58:22.638Z","iobWithZeroTemp":{"iob":-0.104,"basaliob":-0.24,"bolussnooze":1.0E-4,"activity":5.0E-4,"lastBolusTime":1702929831205,"time":"2023-12-18T22:58:22.638Z"}},{"iob":0.125,"basaliob":0.003,"bolussnooze":0,"activity":0.0028,"lastBolusTime":1702929831205,"time":"2023-12-18T23:03:22.638Z","iobWithZeroTemp":{"iob":-0.122,"basaliob":-0.244,"bolussnooze":0,"activity":1.0E-4,"lastBolusTime":1702929831205,"time":"2023-12-18T23:03:22.638Z"}},{"iob":0.112,"basaliob":0.003,"bolussnooze":0,"activity":0.0026,"lastBolusTime":1702929831205,"time":"2023-12-18T23:08:22.638Z","iobWithZeroTemp":{"iob":-0.138,"basaliob":-0.247,"bolussnooze":0,"activity":-1.0E-4,"lastBolusTime":1702929831205,"time":"2023-12-18T23:08:22.638Z"}},{"iob":0.099,"basaliob":0.002,"bolussnooze":0,"activity":0.0023,"lastBolusTime":1702929831205,"time":"2023-12-18T23:13:22.638Z","iobWithZeroTemp":{"iob":-0.154,"basaliob":-0.251,"bolussnooze":0,"activity":-5.0E-4,"lastBolusTime":1702929831205,"time":"2023-12-18T23:13:22.638Z"}},{"iob":0.088,"basaliob":0.002,"bolussnooze":0,"activity":0.002,"lastBolusTime":1702929831205,"time":"2023-12-18T23:18:22.638Z","iobWithZeroTemp":{"iob":-0.168,"basaliob":-0.254,"bolussnooze":0,"activity":-8.0E-4,"lastBolusTime":1702929831205,"time":"2023-12-18T23:18:22.638Z"}},{"iob":0.079,"basaliob":0.002,"bolussnooze":0,"activity":0.0018,"lastBolusTime":1702929831205,"time":"2023-12-18T23:23:22.638Z","iobWithZeroTemp":{"iob":-0.179,"basaliob":-0.256,"bolussnooze":0,"activity":-0.0011,"lastBolusTime":1702929831205,"time":"2023-12-18T23:23:22.638Z"}},{"iob":0.07,"basaliob":0.002,"bolussnooze":0,"activity":0.0017,"lastBolusTime":1702929831205,"time":"2023-12-18T23:28:22.638Z","iobWithZeroTemp":{"iob":-0.19,"basaliob":-0.258,"bolussnooze":0,"activity":-0.0012,"lastBolusTime":1702929831205,"time":"2023-12-18T23:28:22.638Z"}},{"iob":0.062,"basaliob":0.002,"bolussnooze":0,"activity":0.0015,"lastBolusTime":1702929831205,"time":"2023-12-18T23:33:22.638Z","iobWithZeroTemp":{"iob":-0.2,"basaliob":-0.26,"bolussnooze":0,"activity":-0.0014,"lastBolusTime":1702929831205,"time":"2023-12-18T23:33:22.638Z"}},{"iob":0.054,"basaliob":0.001,"bolussnooze":0,"activity":0.0013,"lastBolusTime":1702929831205,"time":"2023-12-18T23:38:22.638Z","iobWithZeroTemp":{"iob":-0.21,"basaliob":-0.263,"bolussnooze":0,"activity":-0.0017,"lastBolusTime":1702929831205,"time":"2023-12-18T23:38:22.638Z"}},{"iob":0.048,"basaliob":0.001,"bolussnooze":0,"activity":0.0012,"lastBolusTime":1702929831205,"time":"2023-12-18T23:43:22.638Z","iobWithZeroTemp":{"iob":-0.218,"basaliob":-0.265,"bolussnooze":0,"activity":-0.0018,"lastBolusTime":1702929831205,"time":"2023-12-18T23:43:22.638Z"}},{"iob":0.042,"basaliob":0.001,"bolussnooze":0,"activity":0.0011,"lastBolusTime":1702929831205,"time":"2023-12-18T23:48:22.638Z","iobWithZeroTemp":{"iob":-0.225,"basaliob":-0.266,"bolussnooze":0,"activity":-0.0019,"lastBolusTime":1702929831205,"time":"2023-12-18T23:48:22.638Z"}},{"iob":0.037,"basaliob":0.001,"bolussnooze":0,"activity":0.001,"lastBolusTime":1702929831205,"time":"2023-12-18T23:53:22.638Z","iobWithZeroTemp":{"iob":-0.232,"basaliob":-0.268,"bolussnooze":0,"activity":-0.0021,"lastBolusTime":1702929831205,"time":"2023-12-18T23:53:22.638Z"}},{"iob":0.032,"basaliob":0.001,"bolussnooze":0,"activity":9.0E-4,"lastBolusTime":1702929831205,"time":"2023-12-18T23:58:22.638Z","iobWithZeroTemp":{"iob":-0.238,"basaliob":-0.269,"bolussnooze":0,"activity":-0.0022,"lastBolusTime":1702929831205,"time":"2023-12-18T23:58:22.638Z"}},{"iob":0.028,"basaliob":0.001,"bolussnooze":0,"activity":8.0E-4,"lastBolusTime":1702929831205,"time":"2023-12-19T00:03:22.638Z","iobWithZeroTemp":{"iob":-0.239,"basaliob":-0.266,"bolussnooze":0,"activity":-0.0023,"lastBolusTime":1702929831205,"time":"2023-12-19T00:03:22.638Z"}}],"profile":{"max_iob":10,"type":"current","max_daily_basal":0.25,"max_basal":0.75,"min_bg":90,"max_bg":90,"target_bg":90,"carb_ratio":14.8,"sens":84,"max_daily_safety_multiplier":5,"current_basal_safety_multiplier":5,"lgsThreshold":95,"high_temptarget_raises_sensitivity":false,"low_temptarget_lowers_sensitivity":false,"sensitivity_raises_target":true,"resistance_lowers_target":true,"adv_target_adjustments":false,"exercise_mode":false,"half_basal_exercise_target":160,"maxCOB":120,"skip_neutral_temps":false,"remainingCarbsCap":90,"enableUAM":true,"A52_risk_enable":false,"SMBInterval":5,"enableSMB_with_COB":true,"enableSMB_with_temptarget":false,"allowSMB_with_high_temptarget":false,"enableSMB_always":false,"enableSMB_after_carbs":true,"maxSMBBasalMinutes":120,"maxUAMSMBBasalMinutes":120,"bolus_increment":0.05,"carbsReqThreshold":1,"current_basal":0.15000000596046448,"temptargetSet":false,"autosens_max":1.2,"autosens_min":0.7,"variable_sens":83,"insulinDivisor":75,"TDD":25.086946349283448},"autosens_data":{"ratio":1},"meal_data":{"carbs":0,"mealCOB":0,"slopeFromMaxDeviation":0,"slopeFromMinDeviation":1.2173333333333332,"lastBolusTime":1702929831205,"lastCarbTime":0},"microBolusAllowed":true,"currentTime":1702930103668,"flatBGsDetected":false,"tdd1D":22.354166475186748,"tdd7D":26.782783919711285,"tddLast24H":19.787499943375586,"tddLast4H":2.4041666249434153,"tddLast8to4H":8.874999894946814},"output":{"temp":"absolute","bg":103,"tick":"+1","eventualBG":39,"targetBG":90,"insulinReq":0,"deliverAt":"2023-12-18T20:08:23.668Z","sensitivityRatio":1,"variable_sens":83,"predBGs":{"IOB":[103,104,103,101,98,93,88,82,76,69,60,51,41,39],"ZT":[103,102,99,95,90,84,77,70,62,53,43,39,39,39,39,39,39,39,39,39,39,39,39,39,39,39,39,39,39,39,39,39,39,39,39,39,39,39,39,39,39,39,39,39,39,39,39,39],"UAM":[103,104,102,100,96,90,84,77,69,60,51,40,39]},"reason":"COB: 0, Dev: 14, BGI: -1, ISF: 83, CR: 14.8, Target: 90, minPredBG -103, minGuardBG -150, IOBpredBG 39, UAMpredBG 39; 43 add'l carbs req w\/in 25m; minGuardBG -150<95 116m left and 0 ~ req 0U\/hr: no temp required","COB":0,"IOB":1.804,"carbsReq":43,"carbsReqWithin":25,"timestamp":"2023-12-18T20:08:23.695Z"}}