{"algorithm":"OpenAPSSMBDynamicISFPlugin","input":{"glucoseStatus":{"glucose":95,"noise":0,"delta":-2,"short_avgdelta":-1.5,"long_avgdelta":-0.11,"date":1702958574000},"currenttemp":{"temp":"absolute","duration":25,"rate":0.25,"minutesrunning":5},"iob_data":[{"iob":0.02,"basaliob":0.014,"bolussnooze":0,"activity":1.0E-4,"lastBolusTime":1702944224267,"time":"2023-12-19T04:04:11.038Z","iobWithZeroTemp":{"iob":0.02,"basaliob":0.014,"bolussnooze":0,"activity":1.0E-4,"lastBolusTime":1702944224267,"time":"2023-12-19T04:04:11.038Z"}},{"iob":0.02,"basaliob":0.015,"bolussnooze":0,"activity":1.0E-4,"lastBolusTime":1702944224267,"time":"2023-12-19T04:09:11.038Z","iobWithZeroTemp":{"iob":0.003,"basaliob":-0.002,"bolussnooze":0,"activity":1.0E-4,"lastBolusTime":1702944224267,"time":"2023-12-19T04:09:11.038Z"}},{"iob":0.019,"basaliob":0.015,"bolussnooze":0,"activity":1.0E-4,"lastBolusTime":1702944224267,"time":"2023-12-19T04:14:11.038Z","iobWithZeroTemp":{"iob":-0.018,"basaliob":-0.022,"bolussnooze":0,"activity":0,"lastBolusTime":1702944224267,"time":"2023-12-19T04:14:11.038Z"}},{"iob":0.019,"basaliob":0.015,"bolussnooze":0,"activity":1.0E-4,"lastBolusTime":1702944224267,"time":"2023-12-19T04:19:11.038Z","iobWithZeroTemp":{"iob":-0.039,"basaliob":-0.043,"bolussnooze":0,"activity":-1.0E-4,"lastBolusTime":1702944224267,"time":"2023-12-19T04:19:11.038Z"}},{"iob":0.018,"basaliob":0.015,"bolussnooze":0,"activity":1.0E-4,"lastBolusTime":1702944224267,"time":"2023-12-19T04:24:11.038Z","iobWithZeroTemp":{"iob":-0.059,"basaliob":-0.062,"bolussnooze":0,"activity":-2.0E-4,"lastBolusTime":1702944224267,"time":"2023-12-19T04:24:11.038Z"}},{"iob":0.018,"basaliob":0.015,"bolussnooze":0,"activity":2.0E-4,"lastBolusTime":1702944224267,"time":"2023-12-19T04:29:11.038Z","iobWithZeroTemp":{"iob":-0.078,"basaliob":-0.081,"bolussnooze":0,"activity":-2.0E-4,"lastBolusTime":1702944224267,"time":"2023-12-19T04:29:11.038Z"}},{"iob":0.016,"basaliob":0.014,"bolussnooze":0,"activity":2.0E-4,"lastBolusTime":1702944224267,"time":"2023-12-19T04:34:11.038Z","iobWithZeroTemp":{"iob":-0.098,"basaliob":-0.1,"bolussnooze":0,"activity":-4.0E-4,"lastBolusTime":1702944224267,"time":"2023-12-19T04:34:11.038Z"}},{"iob":0.016,"basaliob":0.014,"bolussnooze":0,"activity":2.0E-4,"lastBolusTime":1702944224267,"time":"2023-12-19T04:39:11.038Z","iobWithZeroTemp":{"iob":-0.116,"basaliob":-0.118,"bolussnooze":0,"activity":-6.0E-4,"lastBolusTime":1702944224267,"time":"2023-12-19T04:39:11.038Z"}},{"iob":0.014,"basaliob":0.013,"bolussnooze":0,"activity":2.0E-4,"lastBolusTime":1702944224267,"time":"2023-12-19T04:44:11.038Z","iobWithZeroTemp":{"iob":-0.135,"basaliob":-0.136,"bolussnooze":0,"activity":-7.0E-4,"lastBolusTime":1702944224267,"time":"2023-12-19T04:44:11.038Z"}},{"iob":0.014,"basaliob":0.013,"bolussnooze":0,"activity":1.0E-4,"lastBolusTime":1702944224267,"time":"2023-12-19T04:49:11.038Z","iobWithZeroTemp":{"iob":-0.15,"basaliob":-0.151,"bolussnooze":0,"activity":-0.001,"lastBolusTime":1702944224267,"time":"2023-12-19T04:49:11.038Z"}},{"iob":0.013,"basaliob":0.012,"bolussnooze":0,"activity":1.0E-4,"lastBolusTime":1702944224267,"time":"2023-12-19T04:54:11.038Z","iobWithZeroTemp":{"iob":-0.166,"basaliob":-0.167,"bolussnooze":0,"activity":-0.0012,"lastBolusTime":1702944224267,"time":"2023-12-19T04:54:11.038Z"}},{"iob":0.012,"basaliob":0.011,"bolussnooze":0,"activity":1.0E-4,"lastBolusTime":1702944224267,"time":"2023-12-19T04:59:11.038Z","iobWithZeroTemp":{"iob":-0.181,"basaliob":-0.182,"bolussnooze":0,"activity":-0.0014,"lastBolusTime":1702944224267,"time":"2023-12-19T04:59:11.038Z"}},{"iob":0.012,"basaliob":0.011,"bolussnooze":0,"activity":1.0E-4,"lastBolusTime":1702944224267,"time":"2023-12-19T05:04:11.038Z","iobWithZeroTemp":{"iob":-0.19,"basaliob":-0.191,"bolussnooze":0,"activity":-0.0015,"lastBolusTime":1702944224267,"time":"2023-12-19T05:04:11.038Z"}},{"iob":0.01,"basaliob":0.01,"bolussnooze":0,"activity":1.0E-4,"lastBolusTime":1702944224267,"time":"2023-12-19T05:09:11.038Z","iobWithZeroTemp":{"iob":-0.2,"basaliob":-0.2,"bolussnooze":0,"activity":-0.0017,"lastBolusTime":1702944224267,"time":"2023-12-19T05:09:11.038Z"}},{"iob":0.01,"basaliob":0.01,"bolussnooze":0,"activity":1.0E-4,"lastBolusTime":1702944224267,"time":"2023-12-19T05:14:11.038Z","iobWithZeroTemp":{"iob":-0.208,"basaliob":-0.208,"bolussnooze":0,"activity":-0.0018,"lastBolusTime":1702944224267,"time":"2023-12-19T05:14:11.038Z"}},{"iob":0.009,"basaliob":0.009,"bolussnooze":0,"activity":1.0E-4,"lastBolusTime":1702944224267,"time":"2023-12-19T05:19:11.038Z","iobWithZeroTemp":{"iob":-0.215,"basaliob":-0.215,"bolussnooze":0,"activity":-0.002,"lastBolusTime":1702944224267,"time":"2023-12-19T05:19:11.038Z"}},{"iob":0.008,"basaliob":0.008,"bolussnooze":0,"activity":1.0E-4,"lastBolusTime":1702944224267,"time":"2023-12-19T05:24:11.038Z","iobWithZeroTemp":{"iob":-0.222,"basaliob":-0.222,"bolussnooze":0,"activity":-0.0021,"lastBolusTime":1702944224267,"time":"2023-12-19T05:24:11.038Z"}},{"iob":0.008,"basaliob":0.008,"bolussnooze":0,"activity":1.0E-4,"lastBolusTime":1702944224267,"time":"2023-12-19T05:29:11.038Z","iobWithZeroTemp":{"iob":-0.228,"basaliob":-0.228,"bolussnooze":0,"activity":-0.0022,"lastBolusTime":1702944224267,"time":"2023-12-19T05:29:11.038Z"}},{"iob":0.007,"basaliob":0.007,"bolussnooze":0,"activity":1.0E-4,"lastBolusTime":1702944224267,"time":"2023-12-19T05:34:11.038Z","iobWithZeroTemp":{"iob":-0.234,"basaliob":-0.234,"bolussnooze":0,"activity":-0.0023,"lastBolusTime":1702944224267,"time":"2023-12-19T05:34:11.038Z"}},{"iob":0.007,"basaliob":0.007,"bolussnooze":0,"activity":1.0E-4,"lastBolusTime":1702944224267,"time":"2023-12-19T05:39:11.038Z","iobWithZeroTemp":{"iob":-0.238,"basaliob":-0.238,"bolussnooze":0,"activity":-0.0024,"lastBolusTime":1702944224267,"time":"2023-12-19T05:39:11.038Z"}},{"iob":0.006,"basaliob":0.006,"bolussnooze":0,"activity":1.0E-4,"lastBolusTime":1702944224267,"time":"2023-12-19T05:44:11.038Z","iobWithZeroTemp":{"iob":-0.243,"basaliob":-0.243,"bolussnooze":0,"activity":-0.0025,"lastBolusTime":1702944224267,"time":"2023-12-19T05:44:11.038Z"}},{"iob":0.006,"basaliob":0.006,"bolussnooze":0,"activity":1.0E-4,"lastBolusTime":1702944224267,"time":"2023-12-19T05:49:11.038Z","iobWithZeroTemp":{"iob":-0.247,"basaliob":-0.247,"bolussnooze":0,"activity":-0.0026,"lastBolusTime":1702944224267,"time":"2023-12-19T05:49:11.038Z"}},{"iob":0.005,"basaliob":0.005,"bolussnooze":0,"activity":1.0E-4,"lastBolusTime":1702944224267,"time":"2023-12-19T05:54:11.038Z","iobWithZeroTemp":{"iob":-0.251,"basaliob":-0.251,"bolussnooze":0,"activity":-0.0026,"lastBolusTime":1702944224267,"time":"2023-12-19T05:54:11.038Z"}},{"iob":0.005,"basaliob":0.005,"bolussnooze":0,"activity":1.0E-4,"lastBolusTime":1702944224267,"time":"2023-12-19T05:59:11.038Z","iobWithZeroTemp":{"iob":-0.254,"basaliob":-0.254,"bolussnooze":0,"activity":-0.0027,"lastBolusTime":1702944224267,"time":"2023-12-19T05:59:11.038Z"}},{"iob":0.005,"basaliob":0.005,"bolussnooze":0,"activity":1.0E-4,"lastBolusTime":0,"time":"2023-12-19T06:04:11.038Z","iobWithZeroTemp":{"iob":-0.261,"basaliob":-0.261,"bolussnooze":0,"activity":-0.0027,"lastBolusTime":0,"time":"2023-12-19T06:04:11.038Z"}},{"iob":0.004,"basaliob":0.004,"bolussnooze":0,"activity":1.0E-4,"lastBolusTime":0,"time":"2023-12-19T06:09:11.038Z","iobWithZeroTemp":{"iob":-0.268,"basaliob":-0.268,"bolussnooze":0,"activity":-0.0028,"lastBolusTime":0,"time":"2023-12-19T06:09:11.038Z"}},{"iob":0.004,"basaliob":0.004,"bolussnooze":0,"activity":1.0E-4,"lastBolusTime":0,"time":"2023-12-19T06:14:11.038Z","iobWithZeroTemp":{"iob":-0.274,"basaliob":-0.274,"bolussnooze":0,"activity":-0.0029,"lastBolusTime":0,"time":"2023-12-19T06:14:11.038Z"}},{"iob":0.004,"basaliob":0.004,"bolussnooze":0,"activity":1.0E-4,"lastBolusTime":0,"time":"2023-12-19T06:19:11.038Z","iobWithZeroTemp":{"iob":-0.28,"basaliob":-0.28,"bolussnooze":0,"activity":-0.003,"lastBolusTime":0,"time":"2023-12-19T06:19:11.038Z"}},{"iob":0.003,"basaliob":0.003,"bolussnooze":0,"activity":1.0E-4,"lastBolusTime":0,"time":"2023-12-19T06:24:11.038Z","iobWithZeroTemp":{"iob":-0.286,"basaliob":-0.286,"bolussnooze":0,"activity":-0.003,"lastBolusTime":0,"time":"2023-12-19T06:24:11.038Z"}},{"iob":0.003,"basaliob":0.003,"bolussnooze":0,"activity":1.0E-4,"lastBolusTime":0,"time":"2023-12-19T06:29:11.038Z","iobWithZeroTemp":{"iob":-0.292,"basaliob":-0.292,"bolussnooze":0,"activity":-0.0031,"lastBolusTime":0,"time":"2023-12-19T06:29:11.038Z"}},{"iob":0.003,"basaliob":0.003,"bolussnooze":0,"activity":1.0E-4,"lastBolusTime":0,"time":"2023-12-19T06:34:11.038Z","iobWithZeroTemp":{"iob":-0.296,"basaliob":-0.296,"bolussnooze":0,"activity":-0.0031,"lastBolusTime":0,"time":"2023-12-19T06:34:11.038Z"}},{"iob":0.003,"basaliob":0.003,"bolussnooze":0,"activity":1.0E-4,"lastBolusTime":0,"time":"2023-12-19T06:39:11.038Z","iobWithZeroTemp":{"iob":-0.301,"basaliob":-0.301,"bolussnooze":0,"activity":-0.0032,"lastBolusTime":0,"time":"2023-12-19T06:39:11.038Z"}},{"iob":0.003,"basaliob":0.003,"bolussnooze":0,"activity":1.0E-4,"lastBolusTime":0,"time":"2023-12-19T06:44:11.038Z","iobWithZeroTemp":{"iob":-0.305,"basaliob":-0.305,"bolussnooze":0,"activity":-0.0033,"lastBolusTime":0,"time":"2023-12-19T06:44:11.038Z"}},{"iob":0.002,"basaliob":0.002,"bolussnooze":0,"activity":1.0E-4,"lastBolusTime":0,"time":"2023-12-19T06:49:11.038Z","iobWithZeroTemp":{"iob":-0.31,"basaliob":-0.31,"bolussnooze":0,"activity":-0.0033,"lastBolusTime":0,"time":"2023-12-19T06:49:11.038Z"}},{"iob":0.002,"basaliob":0.002,"bolussnooze":0,"activity":0,"lastBolusTime":0,"time":"2023-12-19T06:54:11.038Z","iobWithZeroTemp":{"iob":-0.313,"basaliob":-0.313,"bolussnooze":0,"activity":-0.0035,"lastBolusTime":0,"time":"2023-12-19T06:54:11.038Z"}},{"iob":0.002,"basaliob":0.002,"bolussnooze":0,"activity":0,"lastBolusTime":0,"time":"2023-12-19T06:59:11.038Z","iobWithZeroTemp":{"iob":-0.316,"basaliob":-0.316,"bolussnooze":0,"activity":-0.0035,"lastBolusTime":0,"time":"2023-12-19T06:59:11.038Z"}},{"iob":0.002,"basaliob":0.002,"bolussnooze":0,"activity":0,"lastBolusTime":0,"time":"2023-12-19T07:04:11.038Z","iobWithZeroTemp":{"iob":-0.311,"basaliob":-0.311,"bolussnooze":0,"activity":-0.0036,"lastBolusTime":0,"time":"2023-12-19T07:04:11.038Z"}},{"iob":0.001,"basaliob":0.001,"bolussnooze":0,"activity":0,"lastBolusTime":0,"time":"2023-12-19T07:09:11.038Z","iobWithZeroTemp":{"iob":-0.307,"basaliob":-0.307,"bolussnooze":0,"activity":-0.0036,"lastBolusTime":0,"time":"2023-12-19T07:09:11.038Z"}},{"iob":0.001,"basaliob":0.001,"bolussnooze":0,"activity":0,"lastBolusTime":0,"time":"2023-12-19T07:14:11.038Z","iobWithZeroTemp":{"iob":-0.301,"basaliob":-0.301,"bolussnooze":0,"activity":-0.0036,"lastBolusTime":0,"time":"2023-12-19T07:14:11.038Z"}},{"iob":0.001,"basaliob":0.001,"bolussnooze":0,"activity":0,"lastBolusTime":0,"time":"2023-12-19T07:19:11.038Z","iobWithZeroTemp":{"iob":-0.296,"basaliob":-0.296,"bolussnooze":0,"activity":-0.0036,"lastBolusTime":0,"time":"2023-12-19T07:19:11.038Z"}},{"iob":0.001,"basaliob":0.001,"bolussnooze":0,"activity":0,"lastBolusTime":0,"time":"2023-12-19T07:24:11.038Z","iobWithZeroTemp":{"iob":-0.29,"basaliob":-0.29,"bolussnooze":0,"activity":-0.0036,"lastBolusTime":0,"time":"2023-12-19T07:24:11.038Z"}},{"iob":0.001,"basaliob":0.001,"bolussnooze":0,"activity":0,"lastBolusTime":0,"time":"2023-12-19T07:29:11.038Z","iobWithZeroTemp":{"iob":-0.285,"basaliob":-0.285,"bolussnooze":0,"activity":-0.0035,"lastBolusTime":0,"time":"2023-12-19T07:29:11.038Z"}},{"iob":0.001,"basaliob":0.001,"bolussnooze":0,"activity":0,"lastBolusTime":0,"time":"2023-12-19T07:34:11.038Z","iobWithZeroTemp":{"iob":-0.28,"basaliob":-0.28,"bolussnooze":0,"activity":-0.0035,"lastBolusTime":0,"time":"2023-12-19T07:34:11.038Z"}},{"iob":0.001,"basaliob":0.001,"bolussnooze":0,"activity":0,"lastBolusTime":0,"time":"2023-12-19T07:39:11.038Z","iobWithZeroTemp":{"iob":-0.275,"basaliob":-0.275,"bolussnooze":0,"activity":-0.0035,"lastBolusTime":0,"time":"2023-12-19T07:39:11.038Z"}},{"iob":0,"basaliob":0,"bolussnooze":0,"activity":0,"lastBolusTime":0,"time":"2023-12-19T07:44:11.038Z","iobWithZeroTemp":{"iob":-0.271,"basaliob":-0.271,"bolussnooze":0,"activity":-0.0034,"lastBolusTime":0,"time":"2023-12-19T07:44:11.038Z"}},{"iob":0,"basaliob":0,"bolussnooze":0,"activity":0,"lastBolusTime":0,"time":"2023-12-19T07:49:11.038Z","iobWithZeroTemp":{"iob":-0.267,"basaliob":-0.267,"bolussnooze":0,"activity":-0.0034,"lastBolusTime":0,"time":"2023-12-19T07:49:11.038Z"}},{"iob":0,"basaliob":0,"bolussnooze":0,"activity":0,"lastBolusTime":0,"time":"2023-12-19T07:54:11.038Z","iobWithZeroTemp":{"iob":-0.263,"basaliob":-0.263,"bolussnooze":0,"activity":-0.0033,"lastBolusTime":0,"time":"2023-12-19T07:54:11.038Z"}},{"iob":0,"basaliob":0,"bolussnooze":0,"activity":0,"lastBolusTime":0,"time":"2023-12-19T07:59:11.038Z","iobWithZeroTemp":{"iob":-0.258,"basaliob":-0.258,"bolussnooze":0,"activity":-0.0033,"lastBolusTime":0,"time":"2023-12-19T07:59:11.038Z"}}],"profile":{"max_iob":10,"type":"current","max_daily_basal":0.25,"max_basal":1.25,"min_bg":90,"max_bg":90,"target_bg":90,"carb_ratio":15.6,"sens":84,"max_daily_safety_multiplier":5,"current_basal_safety_multiplier":5,"lgsThreshold":95,"high_temptarget_raises_sensitivity":false,"low_temptarget_lowers_sensitivity":false,"sensitivity_raises_target":true,"resistance_lowers_target":true,"adv_target_adjustments":false,"exercise_mode":false,"half_basal_exercise_target":160,"maxCOB":120,"skip_neutral_temps":false,"remainingCarbsCap":90,"enableUAM":true,"A52_risk_enable":false,"SMBInterval":5,"enableSMB_with_COB":true,"enableSMB_with_temptarget":false,"allowSMB_with_high_temptarget":false,"enableSMB_always":false,"enableSMB_after_carbs":true,"maxSMBBasalMinutes":120,"maxUAMSMBBasalMinutes":120,"bolus_increment":0.05,"carbsReqThreshold":1,"current_basal":0.25,"temptargetSet":false,"autosens_max":1.2,"autosens_min":0.7,"variable_sens":121.4,"insulinDivisor":75,"TDD":18.12258541018794},"autosens_data":{"ratio":1},"meal_data":{"carbs":5,"mealCOB":0,"slopeFromMaxDeviation":-0.6526666666666667,"slopeFromMinDeviation":0.6751,"lastBolusTime":1702944224267,"lastCarbTime":1702952702000},"microBolusAllowed":true,"currentTime":1702958652535,"flatBGsDetected":false,"tdd1D":20.141666612277426,"tdd7D":26.78606000595613,"tddLast24H":19.199999956786634,"tddLast4H":0.4624999999999999,"tddLast8to4H":2.9083333772917586},"output":{"temp":"absolute","bg":95,"tick":-2,"eventualBG":93,"targetBG":90,"insulinReq":0,"deliverAt":"2023-12-19T04:04:12.535Z","sensitivityRatio":1,"variable_sens":121.4,"predBGs":{"IOB":[95,93,92,90,89,88,86,86,85,84,84,84,84,83,83,83,83,83,83,83,83,83,83,83,83,83,83,82],"ZT":[95,95,95,95,95,95,95,95,96,96,97,98,98]},"reason":"COB: 0, Dev: 0, BGI: 0, ISF: 121, CR: 15.6, Target: 90, minPredBG 89, minGuardBG 82, IOBpredBG 82; minGuardBG 82<95","COB":0,"IOB":0.02,"duration":30,"rate":0,"timestamp":"2023-12-19T04:04:12.563Z"}}