{"algorithm":"OpenAPSSMBDynamicISFPlugin","input":{"glucoseStatus":{"glucose":115,"noise":0,"delta":-3,"short_avgdelta":-2,"long_avgdelta":-0.74,"date":1702875770000},"currenttemp":{"temp":"absolute","duration":20,"rate":0.75,"minutesrunning":10},"iob_data":[{"iob":0.248,"basaliob":0.248,"bolussnooze":0,"activity":0.0027,"lastBolusTime":0,"time":"2023-12-18T05:03:19.627Z","iobWithZeroTemp":{"iob":0.248,"basaliob":0.248,"bolussnooze":0,"activity":0.0027,"lastBolusTime":0,"time":"2023-12-18T05:03:19.627Z"}},{"iob":0.234,"basaliob":0.234,"bolussnooze":0,"activity":0.0027,"lastBolusTime":0,"time":"2023-12-18T05:08:19.627Z","iobWithZeroTemp":{"iob":0.221,"basaliob":0.221,"bolussnooze":0,"activity":0.0027,"lastBolusTime":0,"time":"2023-12-18T05:08:19.627Z"}},{"iob":0.221,"basaliob":0.221,"bolussnooze":0,"activity":0.0027,"lastBolusTime":0,"time":"2023-12-18T05:13:19.627Z","iobWithZeroTemp":{"iob":0.191,"basaliob":0.191,"bolussnooze":0,"activity":0.0026,"lastBolusTime":0,"time":"2023-12-18T05:13:19.627Z"}},{"iob":0.207,"basaliob":0.207,"bolussnooze":0,"activity":0.0027,"lastBolusTime":0,"time":"2023-12-18T05:18:19.627Z","iobWithZeroTemp":{"iob":0.161,"basaliob":0.161,"bolussnooze":0,"activity":0.0026,"lastBolusTime":0,"time":"2023-12-18T05:18:19.627Z"}},{"iob":0.194,"basaliob":0.194,"bolussnooze":0,"activity":0.0026,"lastBolusTime":0,"time":"2023-12-18T05:23:19.627Z","iobWithZeroTemp":{"iob":0.132,"basaliob":0.132,"bolussnooze":0,"activity":0.0024,"lastBolusTime":0,"time":"2023-12-18T05:23:19.627Z"}},{"iob":0.181,"basaliob":0.181,"bolussnooze":0,"activity":0.0025,"lastBolusTime":0,"time":"2023-12-18T05:28:19.627Z","iobWithZeroTemp":{"iob":0.104,"basaliob":0.104,"bolussnooze":0,"activity":0.0022,"lastBolusTime":0,"time":"2023-12-18T05:28:19.627Z"}},{"iob":0.169,"basaliob":0.169,"bolussnooze":0,"activity":0.0025,"lastBolusTime":0,"time":"2023-12-18T05:33:19.627Z","iobWithZeroTemp":{"iob":0.077,"basaliob":0.077,"bolussnooze":0,"activity":0.002,"lastBolusTime":0,"time":"2023-12-18T05:33:19.627Z"}},{"iob":0.157,"basaliob":0.157,"bolussnooze":0,"activity":0.0024,"lastBolusTime":0,"time":"2023-12-18T05:38:19.627Z","iobWithZeroTemp":{"iob":0.051,"basaliob":0.051,"bolussnooze":0,"activity":0.0018,"lastBolusTime":0,"time":"2023-12-18T05:38:19.627Z"}},{"iob":0.145,"basaliob":0.145,"bolussnooze":0,"activity":0.0022,"lastBolusTime":0,"time":"2023-12-18T05:43:19.627Z","iobWithZeroTemp":{"iob":0.026,"basaliob":0.026,"bolussnooze":0,"activity":0.0015,"lastBolusTime":0,"time":"2023-12-18T05:43:19.627Z"}},{"iob":0.134,"basaliob":0.134,"bolussnooze":0,"activity":0.0021,"lastBolusTime":0,"time":"2023-12-18T05:48:19.627Z","iobWithZeroTemp":{"iob":0.003,"basaliob":0.003,"bolussnooze":0,"activity":0.0012,"lastBolusTime":0,"time":"2023-12-18T05:48:19.627Z"}},{"iob":0.124,"basaliob":0.124,"bolussnooze":0,"activity":0.002,"lastBolusTime":0,"time":"2023-12-18T05:53:19.627Z","iobWithZeroTemp":{"iob":-0.019,"basaliob":-0.019,"bolussnooze":0,"activity":0.001,"lastBolusTime":0,"time":"2023-12-18T05:53:19.627Z"}},{"iob":0.114,"basaliob":0.114,"bolussnooze":0,"activity":0.0019,"lastBolusTime":0,"time":"2023-12-18T05:58:19.627Z","iobWithZeroTemp":{"iob":-0.04,"basaliob":-0.04,"bolussnooze":0,"activity":7.0E-4,"lastBolusTime":0,"time":"2023-12-18T05:58:19.627Z"}},{"iob":0.105,"basaliob":0.105,"bolussnooze":0,"activity":0.0018,"lastBolusTime":0,"time":"2023-12-18T06:03:19.627Z","iobWithZeroTemp":{"iob":-0.064,"basaliob":-0.064,"bolussnooze":0,"activity":5.0E-4,"lastBolusTime":0,"time":"2023-12-18T06:03:19.627Z"}},{"iob":0.096,"basaliob":0.096,"bolussnooze":0,"activity":0.0017,"lastBolusTime":0,"time":"2023-12-18T06:08:19.627Z","iobWithZeroTemp":{"iob":-0.087,"basaliob":-0.087,"bolussnooze":0,"activity":2.0E-4,"lastBolusTime":0,"time":"2023-12-18T06:08:19.627Z"}},{"iob":0.088,"basaliob":0.088,"bolussnooze":0,"activity":0.0016,"lastBolusTime":0,"time":"2023-12-18T06:13:19.627Z","iobWithZeroTemp":{"iob":-0.108,"basaliob":-0.108,"bolussnooze":0,"activity":0,"lastBolusTime":0,"time":"2023-12-18T06:13:19.627Z"}},{"iob":0.081,"basaliob":0.081,"bolussnooze":0,"activity":0.0015,"lastBolusTime":0,"time":"2023-12-18T06:18:19.627Z","iobWithZeroTemp":{"iob":-0.127,"basaliob":-0.127,"bolussnooze":0,"activity":-3.0E-4,"lastBolusTime":0,"time":"2023-12-18T06:18:19.627Z"}},{"iob":0.073,"basaliob":0.073,"bolussnooze":0,"activity":0.0014,"lastBolusTime":0,"time":"2023-12-18T06:23:19.627Z","iobWithZeroTemp":{"iob":-0.147,"basaliob":-0.147,"bolussnooze":0,"activity":-5.0E-4,"lastBolusTime":0,"time":"2023-12-18T06:23:19.627Z"}},{"iob":0.067,"basaliob":0.067,"bolussnooze":0,"activity":0.0013,"lastBolusTime":0,"time":"2023-12-18T06:28:19.627Z","iobWithZeroTemp":{"iob":-0.164,"basaliob":-0.164,"bolussnooze":0,"activity":-8.0E-4,"lastBolusTime":0,"time":"2023-12-18T06:28:19.627Z"}},{"iob":0.061,"basaliob":0.061,"bolussnooze":0,"activity":0.0012,"lastBolusTime":0,"time":"2023-12-18T06:33:19.627Z","iobWithZeroTemp":{"iob":-0.18,"basaliob":-0.18,"bolussnooze":0,"activity":-0.001,"lastBolusTime":0,"time":"2023-12-18T06:33:19.627Z"}},{"iob":0.055,"basaliob":0.055,"bolussnooze":0,"activity":0.0011,"lastBolusTime":0,"time":"2023-12-18T06:38:19.627Z","iobWithZeroTemp":{"iob":-0.195,"basaliob":-0.195,"bolussnooze":0,"activity":-0.0012,"lastBolusTime":0,"time":"2023-12-18T06:38:19.627Z"}},{"iob":0.05,"basaliob":0.05,"bolussnooze":0,"activity":0.001,"lastBolusTime":0,"time":"2023-12-18T06:43:19.627Z","iobWithZeroTemp":{"iob":-0.209,"basaliob":-0.209,"bolussnooze":0,"activity":-0.0015,"lastBolusTime":0,"time":"2023-12-18T06:43:19.627Z"}},{"iob":0.045,"basaliob":0.045,"bolussnooze":0,"activity":9.0E-4,"lastBolusTime":0,"time":"2023-12-18T06:48:19.627Z","iobWithZeroTemp":{"iob":-0.222,"basaliob":-0.222,"bolussnooze":0,"activity":-0.0017,"lastBolusTime":0,"time":"2023-12-18T06:48:19.627Z"}},{"iob":0.041,"basaliob":0.041,"bolussnooze":0,"activity":8.0E-4,"lastBolusTime":0,"time":"2023-12-18T06:53:19.627Z","iobWithZeroTemp":{"iob":-0.234,"basaliob":-0.234,"bolussnooze":0,"activity":-0.0019,"lastBolusTime":0,"time":"2023-12-18T06:53:19.627Z"}},{"iob":0.037,"basaliob":0.037,"bolussnooze":0,"activity":8.0E-4,"lastBolusTime":0,"time":"2023-12-18T06:58:19.627Z","iobWithZeroTemp":{"iob":-0.245,"basaliob":-0.245,"bolussnooze":0,"activity":-0.002,"lastBolusTime":0,"time":"2023-12-18T06:58:19.627Z"}},{"iob":0.033,"basaliob":0.033,"bolussnooze":0,"activity":7.0E-4,"lastBolusTime":0,"time":"2023-12-18T07:03:19.627Z","iobWithZeroTemp":{"iob":-0.247,"basaliob":-0.247,"bolussnooze":0,"activity":-0.0022,"lastBolusTime":0,"time":"2023-12-18T07:03:19.627Z"}},{"iob":0.03,"basaliob":0.03,"bolussnooze":0,"activity":6.0E-4,"lastBolusTime":0,"time":"2023-12-18T07:08:19.627Z","iobWithZeroTemp":{"iob":-0.248,"basaliob":-0.248,"bolussnooze":0,"activity":-0.0024,"lastBolusTime":0,"time":"2023-12-18T07:08:19.627Z"}},{"iob":0.027,"basaliob":0.027,"bolussnooze":0,"activity":6.0E-4,"lastBolusTime":0,"time":"2023-12-18T07:13:19.627Z","iobWithZeroTemp":{"iob":-0.248,"basaliob":-0.248,"bolussnooze":0,"activity":-0.0024,"lastBolusTime":0,"time":"2023-12-18T07:13:19.627Z"}},{"iob":0.024,"basaliob":0.024,"bolussnooze":0,"activity":5.0E-4,"lastBolusTime":0,"time":"2023-12-18T07:18:19.627Z","iobWithZeroTemp":{"iob":-0.248,"basaliob":-0.248,"bolussnooze":0,"activity":-0.0026,"lastBolusTime":0,"time":"2023-12-18T07:18:19.627Z"}},{"iob":0.022,"basaliob":0.022,"bolussnooze":0,"activity":5.0E-4,"lastBolusTime":0,"time":"2023-12-18T07:23:19.627Z","iobWithZeroTemp":{"iob":-0.248,"basaliob":-0.248,"bolussnooze":0,"activity":-0.0026,"lastBolusTime":0,"time":"2023-12-18T07:23:19.627Z"}},{"iob":0.019,"basaliob":0.019,"bolussnooze":0,"activity":4.0E-4,"lastBolusTime":0,"time":"2023-12-18T07:28:19.627Z","iobWithZeroTemp":{"iob":-0.247,"basaliob":-0.247,"bolussnooze":0,"activity":-0.0027,"lastBolusTime":0,"time":"2023-12-18T07:28:19.627Z"}},{"iob":0.017,"basaliob":0.017,"bolussnooze":0,"activity":4.0E-4,"lastBolusTime":0,"time":"2023-12-18T07:33:19.627Z","iobWithZeroTemp":{"iob":-0.246,"basaliob":-0.246,"bolussnooze":0,"activity":-0.0027,"lastBolusTime":0,"time":"2023-12-18T07:33:19.627Z"}},{"iob":0.016,"basaliob":0.016,"bolussnooze":0,"activity":4.0E-4,"lastBolusTime":0,"time":"2023-12-18T07:38:19.627Z","iobWithZeroTemp":{"iob":-0.244,"basaliob":-0.244,"bolussnooze":0,"activity":-0.0027,"lastBolusTime":0,"time":"2023-12-18T07:38:19.627Z"}},{"iob":0.014,"basaliob":0.014,"bolussnooze":0,"activity":3.0E-4,"lastBolusTime":0,"time":"2023-12-18T07:43:19.627Z","iobWithZeroTemp":{"iob":-0.243,"basaliob":-0.243,"bolussnooze":0,"activity":-0.0028,"lastBolusTime":0,"time":"2023-12-18T07:43:19.627Z"}},{"iob":0.012,"basaliob":0.012,"bolussnooze":0,"activity":3.0E-4,"lastBolusTime":0,"time":"2023-12-18T07:48:19.627Z","iobWithZeroTemp":{"iob":-0.242,"basaliob":-0.242,"bolussnooze":0,"activity":-0.0028,"lastBolusTime":0,"time":"2023-12-18T07:48:19.627Z"}},{"iob":0.011,"basaliob":0.011,"bolussnooze":0,"activity":3.0E-4,"lastBolusTime":0,"time":"2023-12-18T07:53:19.627Z","iobWithZeroTemp":{"iob":-0.24,"basaliob":-0.24,"bolussnooze":0,"activity":-0.0028,"lastBolusTime":0,"time":"2023-12-18T07:53:19.627Z"}},{"iob":0.01,"basaliob":0.01,"bolussnooze":0,"activity":2.0E-4,"lastBolusTime":0,"time":"2023-12-18T07:58:19.627Z","iobWithZeroTemp":{"iob":-0.239,"basaliob":-0.239,"bolussnooze":0,"activity":-0.0029,"lastBolusTime":0,"time":"2023-12-18T07:58:19.627Z"}},{"iob":0.008,"basaliob":0.008,"bolussnooze":0,"activity":2.0E-4,"lastBolusTime":0,"time":"2023-12-18T08:03:19.627Z","iobWithZeroTemp":{"iob":-0.238,"basaliob":-0.238,"bolussnooze":0,"activity":-0.0028,"lastBolusTime":0,"time":"2023-12-18T08:03:19.627Z"}},{"iob":0.007,"basaliob":0.007,"bolussnooze":0,"activity":2.0E-4,"lastBolusTime":0,"time":"2023-12-18T08:08:19.627Z","iobWithZeroTemp":{"iob":-0.236,"basaliob":-0.236,"bolussnooze":0,"activity":-0.0028,"lastBolusTime":0,"time":"2023-12-18T08:08:19.627Z"}},{"iob":0.007,"basaliob":0.007,"bolussnooze":0,"activity":2.0E-4,"lastBolusTime":0,"time":"2023-12-18T08:13:19.627Z","iobWithZeroTemp":{"iob":-0.234,"basaliob":-0.234,"bolussnooze":0,"activity":-0.0028,"lastBolusTime":0,"time":"2023-12-18T08:13:19.627Z"}},{"iob":0.006,"basaliob":0.006,"bolussnooze":0,"activity":2.0E-4,"lastBolusTime":0,"time":"2023-12-18T08:18:19.627Z","iobWithZeroTemp":{"iob":-0.232,"basaliob":-0.232,"bolussnooze":0,"activity":-0.0028,"lastBolusTime":0,"time":"2023-12-18T08:18:19.627Z"}},{"iob":0.005,"basaliob":0.005,"bolussnooze":0,"activity":1.0E-4,"lastBolusTime":0,"time":"2023-12-18T08:23:19.627Z","iobWithZeroTemp":{"iob":-0.231,"basaliob":-0.231,"bolussnooze":0,"activity":-0.0028,"lastBolusTime":0,"time":"2023-12-18T08:23:19.627Z"}},{"iob":0.004,"basaliob":0.004,"bolussnooze":0,"activity":1.0E-4,"lastBolusTime":0,"time":"2023-12-18T08:28:19.627Z","iobWithZeroTemp":{"iob":-0.23,"basaliob":-0.23,"bolussnooze":0,"activity":-0.0028,"lastBolusTime":0,"time":"2023-12-18T08:28:19.627Z"}},{"iob":0.004,"basaliob":0.004,"bolussnooze":0,"activity":1.0E-4,"lastBolusTime":0,"time":"2023-12-18T08:33:19.627Z","iobWithZeroTemp":{"iob":-0.228,"basaliob":-0.228,"bolussnooze":0,"activity":-0.0028,"lastBolusTime":0,"time":"2023-12-18T08:33:19.627Z"}},{"iob":0.003,"basaliob":0.003,"bolussnooze":0,"activity":1.0E-4,"lastBolusTime":0,"time":"2023-12-18T08:38:19.627Z","iobWithZeroTemp":{"iob":-0.227,"basaliob":-0.227,"bolussnooze":0,"activity":-0.0028,"lastBolusTime":0,"time":"2023-12-18T08:38:19.627Z"}},{"iob":0.003,"basaliob":0.003,"bolussnooze":0,"activity":1.0E-4,"lastBolusTime":0,"time":"2023-12-18T08:43:19.627Z","iobWithZeroTemp":{"iob":-0.226,"basaliob":-0.226,"bolussnooze":0,"activity":-0.0027,"lastBolusTime":0,"time":"2023-12-18T08:43:19.627Z"}},{"iob":0.002,"basaliob":0.002,"bolussnooze":0,"activity":1.0E-4,"lastBolusTime":0,"time":"2023-12-18T08:48:19.627Z","iobWithZeroTemp":{"iob":-0.225,"basaliob":-0.225,"bolussnooze":0,"activity":-0.0027,"lastBolusTime":0,"time":"2023-12-18T08:48:19.627Z"}},{"iob":0.002,"basaliob":0.002,"bolussnooze":0,"activity":1.0E-4,"lastBolusTime":0,"time":"2023-12-18T08:53:19.627Z","iobWithZeroTemp":{"iob":-0.224,"basaliob":-0.224,"bolussnooze":0,"activity":-0.0027,"lastBolusTime":0,"time":"2023-12-18T08:53:19.627Z"}},{"iob":0.002,"basaliob":0.002,"bolussnooze":0,"activity":1.0E-4,"lastBolusTime":0,"time":"2023-12-18T08:58:19.627Z","iobWithZeroTemp":{"iob":-0.222,"basaliob":-0.222,"bolussnooze":0,"activity":-0.0027,"lastBolusTime":0,"time":"2023-12-18T08:58:19.627Z"}}],"profile":{"max_iob":10,"type":"current","max_daily_basal":0.25,"max_basal":1,"min_bg":90,"max_bg":90,"target_bg":90,"carb_ratio":12.6,"sens":84,"max_daily_safety_multiplier":5,"current_basal_safety_multiplier":5,"lgsThreshold":95,"high_temptarget_raises_sensitivity":false,"low_temptarget_lowers_sensitivity":false,"sensitivity_raises_target":true,"resistance_lowers_target":true,"adv_target_adjustments":false,"exercise_mode":false,"half_basal_exercise_target":160,"maxCOB":120,"skip_neutral_temps":false,"remainingCarbsCap":90,"enableUAM":true,"A52_risk_enable":false,"SMBInterval":5,"enableSMB_with_COB":true,"enableSMB_with_temptarget":false,"allowSMB_with_high_temptarget":false,"enableSMB_always":false,"enableSMB_after_carbs":true,"maxSMBBasalMinutes":120,"maxUAMSMBBasalMinutes":120,"bolus_increment":0.05,"carbsReqThreshold":1,"current_basal":0.20000000298023224,"temptargetSet":false,"autosens_max":1.2,"autosens_min":0.7,"variable_sens":98.5,"insulinDivisor":75,"TDD":19.65679647305398},"autosens_data":{"ratio":1},"meal_data":{"carbs":0,"mealCOB":0,"slopeFromMaxDeviation":-0.8334999999999999,"slopeFromMinDeviation":0.22459999999999997,"lastBolusTime":1702853609765,"lastCarbTime":0},"microBolusAllowed":true,"currentTime":1702875801340,"flatBGsDetected":false,"tdd1D":22.354166475186748,"tdd7D":26.782783919711285,"tddLast24H":22.249999771267177,"tddLast4H":1.5791666666666668,"tddLast8to4H":1.6583333392937978},"output":{"temp":"absolute","bg":115,"tick":-3,"eventualBG":95,"targetBG":90,"insulinReq":0,"deliverAt":"2023-12-18T05:03:21.340Z","sensitivityRatio":1,"variable_sens":98.5,"predBGs":{"IOB":[115,112,109,107,104,102,100,98,96,94,93,91,90,89,88,87,86,86,85,84,83,83,82,82,81,81,80,80,80,79,79,79,79,78,78,78,78,78,78,77],"ZT":[115,114,112,111,110,109,107,106,105,105,104,103,103,103,103,103,103,103,104,104,105,106,106]},"reason":"COB: 0, Dev: 4, BGI: -1, ISF: 99, CR: 12.6, Target: 90, minPredBG 90, minGuardBG 77, IOBpredBG 77; minGuardBG 77<95","COB":0,"IOB":0.248,"duration":30,"rate":0,"timestamp":"2023-12-18T05:03:21.370Z"}}