{"algorithm":"OpenAPSSMBDynamicISFPlugin","input":{"glucoseStatus":{"glucose":117,"noise":0,"delta":3,"short_avgdelta":2.39,"long_avgdelta":0.46,"date":1702870370000},"currenttemp":{"temp":"absolute","duration":20,"rate":0.4,"minutesrunning":10},"iob_data":[{"iob":0.175,"basaliob":0.174,"bolussnooze":0,"activity":0.0025,"lastBolusTime":1702853609765,"time":"2023-12-18T03:33:21.304Z","iobWithZeroTemp":{"iob":0.175,"basaliob":0.174,"bolussnooze":0,"activity":0.0025,"lastBolusTime":1702853609765,"time":"2023-12-18T03:33:21.304Z"}},{"iob":0.163,"basaliob":0.162,"bolussnooze":0,"activity":0.0024,"lastBolusTime":1702853609765,"time":"2023-12-18T03:38:21.304Z","iobWithZeroTemp":{"iob":0.153,"basaliob":0.152,"bolussnooze":0,"activity":0.0024,"lastBolusTime":1702853609765,"time":"2023-12-18T03:38:21.304Z"}},{"iob":0.151,"basaliob":0.15,"bolussnooze":0,"activity":0.0023,"lastBolusTime":1702853609765,"time":"2023-12-18T03:43:21.304Z","iobWithZeroTemp":{"iob":0.129,"basaliob":0.128,"bolussnooze":0,"activity":0.0023,"lastBolusTime":1702853609765,"time":"2023-12-18T03:43:21.304Z"}},{"iob":0.139,"basaliob":0.139,"bolussnooze":0,"activity":0.0022,"lastBolusTime":1702853609765,"time":"2023-12-18T03:48:21.304Z","iobWithZeroTemp":{"iob":0.104,"basaliob":0.104,"bolussnooze":0,"activity":0.0021,"lastBolusTime":1702853609765,"time":"2023-12-18T03:48:21.304Z"}},{"iob":0.128,"basaliob":0.128,"bolussnooze":0,"activity":0.0021,"lastBolusTime":1702853609765,"time":"2023-12-18T03:53:21.304Z","iobWithZeroTemp":{"iob":0.082,"basaliob":0.082,"bolussnooze":0,"activity":0.0019,"lastBolusTime":1702853609765,"time":"2023-12-18T03:53:21.304Z"}},{"iob":0.118,"basaliob":0.118,"bolussnooze":0,"activity":0.002,"lastBolusTime":1702853609765,"time":"2023-12-18T03:58:21.304Z","iobWithZeroTemp":{"iob":0.06,"basaliob":0.06,"bolussnooze":0,"activity":0.0017,"lastBolusTime":1702853609765,"time":"2023-12-18T03:58:21.304Z"}},{"iob":0.108,"basaliob":0.108,"bolussnooze":0,"activity":0.0018,"lastBolusTime":1702853609765,"time":"2023-12-18T04:03:21.304Z","iobWithZeroTemp":{"iob":0.031,"basaliob":0.031,"bolussnooze":0,"activity":0.0014,"lastBolusTime":1702853609765,"time":"2023-12-18T04:03:21.304Z"}},{"iob":0.099,"basaliob":0.099,"bolussnooze":0,"activity":0.0017,"lastBolusTime":1702853609765,"time":"2023-12-18T04:08:21.304Z","iobWithZeroTemp":{"iob":0.004,"basaliob":0.004,"bolussnooze":0,"activity":0.0012,"lastBolusTime":1702853609765,"time":"2023-12-18T04:08:21.304Z"}},{"iob":0.091,"basaliob":0.091,"bolussnooze":0,"activity":0.0016,"lastBolusTime":1702853609765,"time":"2023-12-18T04:13:21.304Z","iobWithZeroTemp":{"iob":-0.022,"basaliob":-0.022,"bolussnooze":0,"activity":0.001,"lastBolusTime":1702853609765,"time":"2023-12-18T04:13:21.304Z"}},{"iob":0.083,"basaliob":0.083,"bolussnooze":0,"activity":0.0015,"lastBolusTime":1702853609765,"time":"2023-12-18T04:18:21.304Z","iobWithZeroTemp":{"iob":-0.047,"basaliob":-0.047,"bolussnooze":0,"activity":7.0E-4,"lastBolusTime":1702853609765,"time":"2023-12-18T04:18:21.304Z"}},{"iob":0.076,"basaliob":0.076,"bolussnooze":0,"activity":0.0014,"lastBolusTime":1702853609765,"time":"2023-12-18T04:23:21.304Z","iobWithZeroTemp":{"iob":-0.071,"basaliob":-0.071,"bolussnooze":0,"activity":4.0E-4,"lastBolusTime":1702853609765,"time":"2023-12-18T04:23:21.304Z"}},{"iob":0.069,"basaliob":0.069,"bolussnooze":0,"activity":0.0013,"lastBolusTime":1702853609765,"time":"2023-12-18T04:28:21.304Z","iobWithZeroTemp":{"iob":-0.093,"basaliob":-0.093,"bolussnooze":0,"activity":2.0E-4,"lastBolusTime":1702853609765,"time":"2023-12-18T04:28:21.304Z"}},{"iob":0.063,"basaliob":0.063,"bolussnooze":0,"activity":0.0012,"lastBolusTime":1702853609765,"time":"2023-12-18T04:33:21.304Z","iobWithZeroTemp":{"iob":-0.114,"basaliob":-0.114,"bolussnooze":0,"activity":-1.0E-4,"lastBolusTime":1702853609765,"time":"2023-12-18T04:33:21.304Z"}},{"iob":0.057,"basaliob":0.057,"bolussnooze":0,"activity":0.0011,"lastBolusTime":1702853609765,"time":"2023-12-18T04:38:21.304Z","iobWithZeroTemp":{"iob":-0.134,"basaliob":-0.134,"bolussnooze":0,"activity":-4.0E-4,"lastBolusTime":1702853609765,"time":"2023-12-18T04:38:21.304Z"}},{"iob":0.052,"basaliob":0.052,"bolussnooze":0,"activity":0.001,"lastBolusTime":1702853609765,"time":"2023-12-18T04:43:21.304Z","iobWithZeroTemp":{"iob":-0.152,"basaliob":-0.152,"bolussnooze":0,"activity":-6.0E-4,"lastBolusTime":1702853609765,"time":"2023-12-18T04:43:21.304Z"}},{"iob":0.047,"basaliob":0.047,"bolussnooze":0,"activity":9.0E-4,"lastBolusTime":1702853609765,"time":"2023-12-18T04:48:21.304Z","iobWithZeroTemp":{"iob":-0.169,"basaliob":-0.169,"bolussnooze":0,"activity":-9.0E-4,"lastBolusTime":1702853609765,"time":"2023-12-18T04:48:21.304Z"}},{"iob":0.042,"basaliob":0.042,"bolussnooze":0,"activity":9.0E-4,"lastBolusTime":1702853609765,"time":"2023-12-18T04:53:21.304Z","iobWithZeroTemp":{"iob":-0.186,"basaliob":-0.186,"bolussnooze":0,"activity":-0.0011,"lastBolusTime":1702853609765,"time":"2023-12-18T04:53:21.304Z"}},{"iob":0.038,"basaliob":0.038,"bolussnooze":0,"activity":8.0E-4,"lastBolusTime":0,"time":"2023-12-18T04:58:21.304Z","iobWithZeroTemp":{"iob":-0.2,"basaliob":-0.2,"bolussnooze":0,"activity":-0.0013,"lastBolusTime":0,"time":"2023-12-18T04:58:21.304Z"}},{"iob":0.034,"basaliob":0.034,"bolussnooze":0,"activity":7.0E-4,"lastBolusTime":0,"time":"2023-12-18T05:03:21.304Z","iobWithZeroTemp":{"iob":-0.21,"basaliob":-0.21,"bolussnooze":0,"activity":-0.0016,"lastBolusTime":0,"time":"2023-12-18T05:03:21.304Z"}},{"iob":0.031,"basaliob":0.031,"bolussnooze":0,"activity":7.0E-4,"lastBolusTime":0,"time":"2023-12-18T05:08:21.304Z","iobWithZeroTemp":{"iob":-0.218,"basaliob":-0.218,"bolussnooze":0,"activity":-0.0017,"lastBolusTime":0,"time":"2023-12-18T05:08:21.304Z"}},{"iob":0.028,"basaliob":0.028,"bolussnooze":0,"activity":6.0E-4,"lastBolusTime":0,"time":"2023-12-18T05:13:21.304Z","iobWithZeroTemp":{"iob":-0.226,"basaliob":-0.226,"bolussnooze":0,"activity":-0.0019,"lastBolusTime":0,"time":"2023-12-18T05:13:21.304Z"}},{"iob":0.025,"basaliob":0.025,"bolussnooze":0,"activity":5.0E-4,"lastBolusTime":0,"time":"2023-12-18T05:18:21.304Z","iobWithZeroTemp":{"iob":-0.233,"basaliob":-0.233,"bolussnooze":0,"activity":-0.0021,"lastBolusTime":0,"time":"2023-12-18T05:18:21.304Z"}},{"iob":0.022,"basaliob":0.022,"bolussnooze":0,"activity":5.0E-4,"lastBolusTime":0,"time":"2023-12-18T05:23:21.304Z","iobWithZeroTemp":{"iob":-0.239,"basaliob":-0.239,"bolussnooze":0,"activity":-0.0022,"lastBolusTime":0,"time":"2023-12-18T05:23:21.304Z"}},{"iob":0.02,"basaliob":0.02,"bolussnooze":0,"activity":5.0E-4,"lastBolusTime":0,"time":"2023-12-18T05:28:21.304Z","iobWithZeroTemp":{"iob":-0.244,"basaliob":-0.244,"bolussnooze":0,"activity":-0.0023,"lastBolusTime":0,"time":"2023-12-18T05:28:21.304Z"}},{"iob":0.018,"basaliob":0.018,"bolussnooze":0,"activity":4.0E-4,"lastBolusTime":0,"time":"2023-12-18T05:33:21.304Z","iobWithZeroTemp":{"iob":-0.249,"basaliob":-0.249,"bolussnooze":0,"activity":-0.0024,"lastBolusTime":0,"time":"2023-12-18T05:33:21.304Z"}},{"iob":0.016,"basaliob":0.016,"bolussnooze":0,"activity":4.0E-4,"lastBolusTime":0,"time":"2023-12-18T05:38:21.304Z","iobWithZeroTemp":{"iob":-0.253,"basaliob":-0.253,"bolussnooze":0,"activity":-0.0025,"lastBolusTime":0,"time":"2023-12-18T05:38:21.304Z"}},{"iob":0.014,"basaliob":0.014,"bolussnooze":0,"activity":3.0E-4,"lastBolusTime":0,"time":"2023-12-18T05:43:21.304Z","iobWithZeroTemp":{"iob":-0.257,"basaliob":-0.257,"bolussnooze":0,"activity":-0.0027,"lastBolusTime":0,"time":"2023-12-18T05:43:21.304Z"}},{"iob":0.013,"basaliob":0.013,"bolussnooze":0,"activity":3.0E-4,"lastBolusTime":0,"time":"2023-12-18T05:48:21.304Z","iobWithZeroTemp":{"iob":-0.26,"basaliob":-0.26,"bolussnooze":0,"activity":-0.0027,"lastBolusTime":0,"time":"2023-12-18T05:48:21.304Z"}},{"iob":0.011,"basaliob":0.011,"bolussnooze":0,"activity":3.0E-4,"lastBolusTime":0,"time":"2023-12-18T05:53:21.304Z","iobWithZeroTemp":{"iob":-0.263,"basaliob":-0.263,"bolussnooze":0,"activity":-0.0028,"lastBolusTime":0,"time":"2023-12-18T05:53:21.304Z"}},{"iob":0.01,"basaliob":0.01,"bolussnooze":0,"activity":2.0E-4,"lastBolusTime":0,"time":"2023-12-18T05:58:21.304Z","iobWithZeroTemp":{"iob":-0.266,"basaliob":-0.266,"bolussnooze":0,"activity":-0.0029,"lastBolusTime":0,"time":"2023-12-18T05:58:21.304Z"}},{"iob":0.009,"basaliob":0.009,"bolussnooze":0,"activity":2.0E-4,"lastBolusTime":0,"time":"2023-12-18T06:03:21.304Z","iobWithZeroTemp":{"iob":-0.272,"basaliob":-0.272,"bolussnooze":0,"activity":-0.0029,"lastBolusTime":0,"time":"2023-12-18T06:03:21.304Z"}},{"iob":0.008,"basaliob":0.008,"bolussnooze":0,"activity":2.0E-4,"lastBolusTime":0,"time":"2023-12-18T06:08:21.304Z","iobWithZeroTemp":{"iob":-0.278,"basaliob":-0.278,"bolussnooze":0,"activity":-0.003,"lastBolusTime":0,"time":"2023-12-18T06:08:21.304Z"}},{"iob":0.007,"basaliob":0.007,"bolussnooze":0,"activity":2.0E-4,"lastBolusTime":0,"time":"2023-12-18T06:13:21.304Z","iobWithZeroTemp":{"iob":-0.284,"basaliob":-0.284,"bolussnooze":0,"activity":-0.003,"lastBolusTime":0,"time":"2023-12-18T06:13:21.304Z"}},{"iob":0.006,"basaliob":0.006,"bolussnooze":0,"activity":2.0E-4,"lastBolusTime":0,"time":"2023-12-18T06:18:21.304Z","iobWithZeroTemp":{"iob":-0.289,"basaliob":-0.289,"bolussnooze":0,"activity":-0.0031,"lastBolusTime":0,"time":"2023-12-18T06:18:21.304Z"}},{"iob":0.005,"basaliob":0.005,"bolussnooze":0,"activity":1.0E-4,"lastBolusTime":0,"time":"2023-12-18T06:23:21.304Z","iobWithZeroTemp":{"iob":-0.295,"basaliob":-0.295,"bolussnooze":0,"activity":-0.0032,"lastBolusTime":0,"time":"2023-12-18T06:23:21.304Z"}},{"iob":0.005,"basaliob":0.005,"bolussnooze":0,"activity":1.0E-4,"lastBolusTime":0,"time":"2023-12-18T06:28:21.304Z","iobWithZeroTemp":{"iob":-0.299,"basaliob":-0.299,"bolussnooze":0,"activity":-0.0033,"lastBolusTime":0,"time":"2023-12-18T06:28:21.304Z"}},{"iob":0.004,"basaliob":0.004,"bolussnooze":0,"activity":1.0E-4,"lastBolusTime":0,"time":"2023-12-18T06:33:21.304Z","iobWithZeroTemp":{"iob":-0.304,"basaliob":-0.304,"bolussnooze":0,"activity":-0.0033,"lastBolusTime":0,"time":"2023-12-18T06:33:21.304Z"}},{"iob":0.003,"basaliob":0.003,"bolussnooze":0,"activity":1.0E-4,"lastBolusTime":0,"time":"2023-12-18T06:38:21.304Z","iobWithZeroTemp":{"iob":-0.308,"basaliob":-0.308,"bolussnooze":0,"activity":-0.0034,"lastBolusTime":0,"time":"2023-12-18T06:38:21.304Z"}},{"iob":0.003,"basaliob":0.003,"bolussnooze":0,"activity":1.0E-4,"lastBolusTime":0,"time":"2023-12-18T06:43:21.304Z","iobWithZeroTemp":{"iob":-0.311,"basaliob":-0.311,"bolussnooze":0,"activity":-0.0034,"lastBolusTime":0,"time":"2023-12-18T06:43:21.304Z"}},{"iob":0.003,"basaliob":0.003,"bolussnooze":0,"activity":1.0E-4,"lastBolusTime":0,"time":"2023-12-18T06:48:21.304Z","iobWithZeroTemp":{"iob":-0.315,"basaliob":-0.315,"bolussnooze":0,"activity":-0.0035,"lastBolusTime":0,"time":"2023-12-18T06:48:21.304Z"}},{"iob":0.002,"basaliob":0.002,"bolussnooze":0,"activity":1.0E-4,"lastBolusTime":0,"time":"2023-12-18T06:53:21.304Z","iobWithZeroTemp":{"iob":-0.319,"basaliob":-0.319,"bolussnooze":0,"activity":-0.0035,"lastBolusTime":0,"time":"2023-12-18T06:53:21.304Z"}},{"iob":0.002,"basaliob":0.002,"bolussnooze":0,"activity":1.0E-4,"lastBolusTime":0,"time":"2023-12-18T06:58:21.304Z","iobWithZeroTemp":{"iob":-0.321,"basaliob":-0.321,"bolussnooze":0,"activity":-0.0035,"lastBolusTime":0,"time":"2023-12-18T06:58:21.304Z"}},{"iob":0.002,"basaliob":0.002,"bolussnooze":0,"activity":0,"lastBolusTime":0,"time":"2023-12-18T07:03:21.304Z","iobWithZeroTemp":{"iob":-0.315,"basaliob":-0.315,"bolussnooze":0,"activity":-0.0037,"lastBolusTime":0,"time":"2023-12-18T07:03:21.304Z"}},{"iob":0.001,"basaliob":0.001,"bolussnooze":0,"activity":0,"lastBolusTime":0,"time":"2023-12-18T07:08:21.304Z","iobWithZeroTemp":{"iob":-0.311,"basaliob":-0.311,"bolussnooze":0,"activity":-0.0037,"lastBolusTime":0,"time":"2023-12-18T07:08:21.304Z"}},{"iob":0.001,"basaliob":0.001,"bolussnooze":0,"activity":0,"lastBolusTime":0,"time":"2023-12-18T07:13:21.304Z","iobWithZeroTemp":{"iob":-0.305,"basaliob":-0.305,"bolussnooze":0,"activity":-0.0037,"lastBolusTime":0,"time":"2023-12-18T07:13:21.304Z"}},{"iob":0.001,"basaliob":0.001,"bolussnooze":0,"activity":0,"lastBolusTime":0,"time":"2023-12-18T07:18:21.304Z","iobWithZeroTemp":{"iob":-0.299,"basaliob":-0.299,"bolussnooze":0,"activity":-0.0037,"lastBolusTime":0,"time":"2023-12-18T07:18:21.304Z"}},{"iob":0.001,"basaliob":0.001,"bolussnooze":0,"activity":0,"lastBolusTime":0,"time":"2023-12-18T07:23:21.304Z","iobWithZeroTemp":{"iob":-0.293,"basaliob":-0.293,"bolussnooze":0,"activity":-0.0036,"lastBolusTime":0,"time":"2023-12-18T07:23:21.304Z"}},{"iob":0.001,"basaliob":0.001,"bolussnooze":0,"activity":0,"lastBolusTime":0,"time":"2023-12-18T07:28:21.304Z","iobWithZeroTemp":{"iob":-0.287,"basaliob":-0.287,"bolussnooze":0,"activity":-0.0036,"lastBolusTime":0,"time":"2023-12-18T07:28:21.304Z"}}],"profile":{"max_iob":10,"type":"current","max_daily_basal":0.25,"max_basal":0.75,"min_bg":90,"max_bg":90,"target_bg":90,"carb_ratio":15.6,"sens":84,"max_daily_safety_multiplier":5,"current_basal_safety_multiplier":5,"lgsThreshold":95,"high_temptarget_raises_sensitivity":false,"low_temptarget_lowers_sensitivity":false,"sensitivity_raises_target":true,"resistance_lowers_target":true,"adv_target_adjustments":false,"exercise_mode":false,"half_basal_exercise_target":160,"maxCOB":120,"skip_neutral_temps":false,"remainingCarbsCap":90,"enableUAM":true,"A52_risk_enable":false,"SMBInterval":5,"enableSMB_with_COB":true,"enableSMB_with_temptarget":false,"allowSMB_with_high_temptarget":false,"enableSMB_always":false,"enableSMB_after_carbs":true,"maxSMBBasalMinutes":120,"maxUAMSMBBasalMinutes":120,"bolus_increment":0.05,"carbsReqThreshold":1,"current_basal":0.15000000596046448,"temptargetSet":false,"autosens_max":1.2,"autosens_min":0.7,"variable_sens":93.7,"insulinDivisor":75,"TDD":20.438896496509898},"autosens_data":{"ratio":1},"meal_data":{"carbs":0,"mealCOB":0,"slopeFromMaxDeviation":0,"slopeFromMinDeviation":0.39537500000000003,"lastBolusTime":1702853609765,"lastCarbTime":0},"microBolusAllowed":true,"currentTime":1702870403133,"flatBGsDetected":false,"tdd1D":22.354166475186748,"tdd7D":26.782783919711285,"tddLast24H":22.28749977126718,"tddLast4H":1.716666666666667,"tddLast8to4H":2.6541667121152086},"output":{"temp":"absolute","bg":117,"tick":"+3","eventualBG":148,"targetBG":90,"insulinReq":0.48,"deliverAt":"2023-12-18T03:33:23.133Z","sensitivityRatio":1,"variable_sens":93.7,"predBGs":{"IOB":[117,119,121,123,124,125,126,127,127,127,127,127,126,126,125,125,125,124,124,124,123,123,123,122,122,122,122,122,122,121],"ZT":[117,116,115,114,113,112,111,110,110,109,109,109,108,109,109,109,109,110,111,111],"UAM":[117,119,122,124,126,128,130,132,133,135,137,138,140,141,142,143,145,146,146,147,148,148,149,149,149,150,149,149,149,149,149,149,149,149,149,149,149,149,149,149,148]},"reason":"COB: 0, Dev: 21, BGI: -1, ISF: 94, CR: 15.6, Target: 90, minPredBG 135, minGuardBG 119, IOBpredBG 121, UAMpredBG 148; Eventual BG 148 >= 90, adj. req. rate: 1.11 to maxSafeBasal: 0.75, temp 0.40 < 0.75U\/hr. ","COB":0,"IOB":0.175,"duration":30,"rate":0.75,"timestamp":"2023-12-18T03:33:23.161Z"}}