{"algorithm":"OpenAPSSMBDynamicISFPlugin","input":{"glucoseStatus":{"glucose":136,"noise":0,"delta":5,"short_avgdelta":5.11,"long_avgdelta":5.73,"date":1702885371000},"currenttemp":{"temp":"absolute","duration":105,"rate":0,"minutesrunning":15},"iob_data":[{"iob":1.22,"basaliob":-0.13,"bolussnooze":0.3114,"activity":0.0184,"lastBolusTime":1702885105479,"time":"2023-12-18T07:43:19.287Z","iobWithZeroTemp":{"iob":1.22,"basaliob":-0.13,"bolussnooze":0.3114,"activity":0.0184,"lastBolusTime":1702885105479,"time":"2023-12-18T07:43:19.287Z"}},{"iob":1.129,"basaliob":-0.124,"bolussnooze":0.2527,"activity":0.0175,"lastBolusTime":1702885105479,"time":"2023-12-18T07:48:19.287Z","iobWithZeroTemp":{"iob":1.119,"basaliob":-0.134,"bolussnooze":0.2527,"activity":0.0175,"lastBolusTime":1702885105479,"time":"2023-12-18T07:48:19.287Z"}},{"iob":1.044,"basaliob":-0.117,"bolussnooze":0.2037,"activity":0.0166,"lastBolusTime":1702885105479,"time":"2023-12-18T07:53:19.287Z","iobWithZeroTemp":{"iob":1.022,"basaliob":-0.139,"bolussnooze":0.2037,"activity":0.0166,"lastBolusTime":1702885105479,"time":"2023-12-18T07:53:19.287Z"}},{"iob":0.963,"basaliob":-0.11,"bolussnooze":0.163,"activity":0.0157,"lastBolusTime":1702885105479,"time":"2023-12-18T07:58:19.287Z","iobWithZeroTemp":{"iob":0.928,"basaliob":-0.145,"bolussnooze":0.163,"activity":0.0156,"lastBolusTime":1702885105479,"time":"2023-12-18T07:58:19.287Z"}},{"iob":0.887,"basaliob":-0.103,"bolussnooze":0.1295,"activity":0.0149,"lastBolusTime":1702885105479,"time":"2023-12-18T08:03:19.287Z","iobWithZeroTemp":{"iob":0.841,"basaliob":-0.149,"bolussnooze":0.1295,"activity":0.0147,"lastBolusTime":1702885105479,"time":"2023-12-18T08:03:19.287Z"}},{"iob":0.815,"basaliob":-0.097,"bolussnooze":0.102,"activity":0.0139,"lastBolusTime":1702885105479,"time":"2023-12-18T08:08:19.287Z","iobWithZeroTemp":{"iob":0.757,"basaliob":-0.155,"bolussnooze":0.102,"activity":0.0136,"lastBolusTime":1702885105479,"time":"2023-12-18T08:08:19.287Z"}},{"iob":0.748,"basaliob":-0.09,"bolussnooze":0.0797,"activity":0.013,"lastBolusTime":1702885105479,"time":"2023-12-18T08:13:19.287Z","iobWithZeroTemp":{"iob":0.679,"basaliob":-0.159,"bolussnooze":0.0797,"activity":0.0126,"lastBolusTime":1702885105479,"time":"2023-12-18T08:13:19.287Z"}},{"iob":0.685,"basaliob":-0.084,"bolussnooze":0.0616,"activity":0.0122,"lastBolusTime":1702885105479,"time":"2023-12-18T08:18:19.287Z","iobWithZeroTemp":{"iob":0.606,"basaliob":-0.163,"bolussnooze":0.0616,"activity":0.0117,"lastBolusTime":1702885105479,"time":"2023-12-18T08:18:19.287Z"}},{"iob":0.626,"basaliob":-0.078,"bolussnooze":0.0471,"activity":0.0113,"lastBolusTime":1702885105479,"time":"2023-12-18T08:23:19.287Z","iobWithZeroTemp":{"iob":0.537,"basaliob":-0.167,"bolussnooze":0.0471,"activity":0.0107,"lastBolusTime":1702885105479,"time":"2023-12-18T08:23:19.287Z"}},{"iob":0.572,"basaliob":-0.072,"bolussnooze":0.0356,"activity":0.0105,"lastBolusTime":1702885105479,"time":"2023-12-18T08:28:19.287Z","iobWithZeroTemp":{"iob":0.473,"basaliob":-0.171,"bolussnooze":0.0356,"activity":0.0098,"lastBolusTime":1702885105479,"time":"2023-12-18T08:28:19.287Z"}},{"iob":0.521,"basaliob":-0.067,"bolussnooze":0.0264,"activity":0.0097,"lastBolusTime":1702885105479,"time":"2023-12-18T08:33:19.287Z","iobWithZeroTemp":{"iob":0.414,"basaliob":-0.174,"bolussnooze":0.0264,"activity":0.0089,"lastBolusTime":1702885105479,"time":"2023-12-18T08:33:19.287Z"}},{"iob":0.474,"basaliob":-0.062,"bolussnooze":0.0193,"activity":0.009,"lastBolusTime":1702885105479,"time":"2023-12-18T08:38:19.287Z","iobWithZeroTemp":{"iob":0.358,"basaliob":-0.178,"bolussnooze":0.0193,"activity":0.0081,"lastBolusTime":1702885105479,"time":"2023-12-18T08:38:19.287Z"}},{"iob":0.43,"basaliob":-0.057,"bolussnooze":0.0138,"activity":0.0084,"lastBolusTime":1702885105479,"time":"2023-12-18T08:43:19.287Z","iobWithZeroTemp":{"iob":0.306,"basaliob":-0.181,"bolussnooze":0.0138,"activity":0.0074,"lastBolusTime":1702885105479,"time":"2023-12-18T08:43:19.287Z"}},{"iob":0.391,"basaliob":-0.052,"bolussnooze":0.0096,"activity":0.0077,"lastBolusTime":1702885105479,"time":"2023-12-18T08:48:19.287Z","iobWithZeroTemp":{"iob":0.26,"basaliob":-0.183,"bolussnooze":0.0096,"activity":0.0066,"lastBolusTime":1702885105479,"time":"2023-12-18T08:48:19.287Z"}},{"iob":0.354,"basaliob":-0.048,"bolussnooze":0.0064,"activity":0.0071,"lastBolusTime":1702885105479,"time":"2023-12-18T08:53:19.287Z","iobWithZeroTemp":{"iob":0.216,"basaliob":-0.186,"bolussnooze":0.0064,"activity":0.0059,"lastBolusTime":1702885105479,"time":"2023-12-18T08:53:19.287Z"}},{"iob":0.32,"basaliob":-0.044,"bolussnooze":0.0041,"activity":0.0065,"lastBolusTime":1702885105479,"time":"2023-12-18T08:58:19.287Z","iobWithZeroTemp":{"iob":0.176,"basaliob":-0.188,"bolussnooze":0.0041,"activity":0.0052,"lastBolusTime":1702885105479,"time":"2023-12-18T08:58:19.287Z"}},{"iob":0.289,"basaliob":-0.04,"bolussnooze":0.0025,"activity":0.006,"lastBolusTime":1702885105479,"time":"2023-12-18T09:03:19.287Z","iobWithZeroTemp":{"iob":0.135,"basaliob":-0.194,"bolussnooze":0.0025,"activity":0.0046,"lastBolusTime":1702885105479,"time":"2023-12-18T09:03:19.287Z"}},{"iob":0.26,"basaliob":-0.037,"bolussnooze":0.0013,"activity":0.0054,"lastBolusTime":1702885105479,"time":"2023-12-18T09:08:19.287Z","iobWithZeroTemp":{"iob":0.096,"basaliob":-0.201,"bolussnooze":0.0013,"activity":0.0039,"lastBolusTime":1702885105479,"time":"2023-12-18T09:08:19.287Z"}},{"iob":0.234,"basaliob":-0.033,"bolussnooze":6.0E-4,"activity":0.005,"lastBolusTime":1702885105479,"time":"2023-12-18T09:13:19.287Z","iobWithZeroTemp":{"iob":0.061,"basaliob":-0.206,"bolussnooze":6.0E-4,"activity":0.0034,"lastBolusTime":1702885105479,"time":"2023-12-18T09:13:19.287Z"}},{"iob":0.211,"basaliob":-0.03,"bolussnooze":2.0E-4,"activity":0.0045,"lastBolusTime":1702885105479,"time":"2023-12-18T09:18:19.287Z","iobWithZeroTemp":{"iob":0.03,"basaliob":-0.211,"bolussnooze":2.0E-4,"activity":0.0028,"lastBolusTime":1702885105479,"time":"2023-12-18T09:18:19.287Z"}},{"iob":0.189,"basaliob":-0.027,"bolussnooze":0,"activity":0.0042,"lastBolusTime":1702885105479,"time":"2023-12-18T09:23:19.287Z","iobWithZeroTemp":{"iob":0,"basaliob":-0.216,"bolussnooze":0,"activity":0.0024,"lastBolusTime":1702885105479,"time":"2023-12-18T09:23:19.287Z"}},{"iob":0.169,"basaliob":-0.025,"bolussnooze":0,"activity":0.0038,"lastBolusTime":1702885105479,"time":"2023-12-18T09:28:19.287Z","iobWithZeroTemp":{"iob":-0.028,"basaliob":-0.222,"bolussnooze":0,"activity":0.0019,"lastBolusTime":1702885105479,"time":"2023-12-18T09:28:19.287Z"}},{"iob":0.15,"basaliob":-0.023,"bolussnooze":0,"activity":0.0034,"lastBolusTime":1702885105479,"time":"2023-12-18T09:33:19.287Z","iobWithZeroTemp":{"iob":-0.054,"basaliob":-0.227,"bolussnooze":0,"activity":0.0014,"lastBolusTime":1702885105479,"time":"2023-12-18T09:33:19.287Z"}},{"iob":0.135,"basaliob":-0.02,"bolussnooze":0,"activity":0.0031,"lastBolusTime":1702885105479,"time":"2023-12-18T09:38:19.287Z","iobWithZeroTemp":{"iob":-0.075,"basaliob":-0.23,"bolussnooze":0,"activity":0.001,"lastBolusTime":1702885105479,"time":"2023-12-18T09:38:19.287Z"}},{"iob":0.12,"basaliob":-0.018,"bolussnooze":0,"activity":0.0028,"lastBolusTime":1702885105479,"time":"2023-12-18T09:43:19.287Z","iobWithZeroTemp":{"iob":-0.097,"basaliob":-0.235,"bolussnooze":0,"activity":6.0E-4,"lastBolusTime":1702885105479,"time":"2023-12-18T09:43:19.287Z"}},{"iob":0.106,"basaliob":-0.017,"bolussnooze":0,"activity":0.0025,"lastBolusTime":1702885105479,"time":"2023-12-18T09:48:19.287Z","iobWithZeroTemp":{"iob":-0.116,"basaliob":-0.239,"bolussnooze":0,"activity":3.0E-4,"lastBolusTime":1702885105479,"time":"2023-12-18T09:48:19.287Z"}},{"iob":0.094,"basaliob":-0.015,"bolussnooze":0,"activity":0.0023,"lastBolusTime":1702885105479,"time":"2023-12-18T09:53:19.287Z","iobWithZeroTemp":{"iob":-0.134,"basaliob":-0.243,"bolussnooze":0,"activity":0,"lastBolusTime":1702885105479,"time":"2023-12-18T09:53:19.287Z"}},{"iob":0.084,"basaliob":-0.013,"bolussnooze":0,"activity":0.0021,"lastBolusTime":1702885105479,"time":"2023-12-18T09:58:19.287Z","iobWithZeroTemp":{"iob":-0.148,"basaliob":-0.245,"bolussnooze":0,"activity":-3.0E-4,"lastBolusTime":1702885105479,"time":"2023-12-18T09:58:19.287Z"}},{"iob":0.074,"basaliob":-0.012,"bolussnooze":0,"activity":0.0018,"lastBolusTime":1702885105479,"time":"2023-12-18T10:03:19.287Z","iobWithZeroTemp":{"iob":-0.159,"basaliob":-0.245,"bolussnooze":0,"activity":-7.0E-4,"lastBolusTime":1702885105479,"time":"2023-12-18T10:03:19.287Z"}},{"iob":0.065,"basaliob":-0.011,"bolussnooze":0,"activity":0.0017,"lastBolusTime":1702885105479,"time":"2023-12-18T10:08:19.287Z","iobWithZeroTemp":{"iob":-0.168,"basaliob":-0.244,"bolussnooze":0,"activity":-8.0E-4,"lastBolusTime":1702885105479,"time":"2023-12-18T10:08:19.287Z"}},{"iob":0.056,"basaliob":-0.01,"bolussnooze":0,"activity":0.0015,"lastBolusTime":1702885105479,"time":"2023-12-18T10:13:19.287Z","iobWithZeroTemp":{"iob":-0.177,"basaliob":-0.243,"bolussnooze":0,"activity":-0.0011,"lastBolusTime":1702885105479,"time":"2023-12-18T10:13:19.287Z"}},{"iob":0.05,"basaliob":-0.008,"bolussnooze":0,"activity":0.0013,"lastBolusTime":1702885105479,"time":"2023-12-18T10:18:19.287Z","iobWithZeroTemp":{"iob":-0.182,"basaliob":-0.24,"bolussnooze":0,"activity":-0.0013,"lastBolusTime":1702885105479,"time":"2023-12-18T10:18:19.287Z"}},{"iob":0.043,"basaliob":-0.008,"bolussnooze":0,"activity":0.0012,"lastBolusTime":1702885105479,"time":"2023-12-18T10:23:19.287Z","iobWithZeroTemp":{"iob":-0.189,"basaliob":-0.24,"bolussnooze":0,"activity":-0.0014,"lastBolusTime":1702885105479,"time":"2023-12-18T10:23:19.287Z"}},{"iob":0.038,"basaliob":-0.007,"bolussnooze":0,"activity":0.001,"lastBolusTime":1702885105479,"time":"2023-12-18T10:28:19.287Z","iobWithZeroTemp":{"iob":-0.193,"basaliob":-0.238,"bolussnooze":0,"activity":-0.0017,"lastBolusTime":1702885105479,"time":"2023-12-18T10:28:19.287Z"}},{"iob":0.033,"basaliob":-0.006,"bolussnooze":0,"activity":0.001,"lastBolusTime":1702885105479,"time":"2023-12-18T10:33:19.287Z","iobWithZeroTemp":{"iob":-0.197,"basaliob":-0.236,"bolussnooze":0,"activity":-0.0017,"lastBolusTime":1702885105479,"time":"2023-12-18T10:33:19.287Z"}},{"iob":0.029,"basaliob":-0.005,"bolussnooze":0,"activity":9.0E-4,"lastBolusTime":1702885105479,"time":"2023-12-18T10:38:19.287Z","iobWithZeroTemp":{"iob":-0.2,"basaliob":-0.234,"bolussnooze":0,"activity":-0.0018,"lastBolusTime":1702885105479,"time":"2023-12-18T10:38:19.287Z"}},{"iob":0.024,"basaliob":-0.005,"bolussnooze":0,"activity":8.0E-4,"lastBolusTime":1702885105479,"time":"2023-12-18T10:43:19.287Z","iobWithZeroTemp":{"iob":-0.204,"basaliob":-0.233,"bolussnooze":0,"activity":-0.0019,"lastBolusTime":1702885105479,"time":"2023-12-18T10:43:19.287Z"}},{"iob":0.021,"basaliob":-0.004,"bolussnooze":0,"activity":7.0E-4,"lastBolusTime":1702885105479,"time":"2023-12-18T10:48:19.287Z","iobWithZeroTemp":{"iob":-0.206,"basaliob":-0.231,"bolussnooze":0,"activity":-0.002,"lastBolusTime":1702885105479,"time":"2023-12-18T10:48:19.287Z"}},{"iob":0.017,"basaliob":-0.004,"bolussnooze":0,"activity":6.0E-4,"lastBolusTime":1702885105479,"time":"2023-12-18T10:53:19.287Z","iobWithZeroTemp":{"iob":-0.209,"basaliob":-0.23,"bolussnooze":0,"activity":-0.0021,"lastBolusTime":1702885105479,"time":"2023-12-18T10:53:19.287Z"}},{"iob":0.015,"basaliob":-0.003,"bolussnooze":0,"activity":5.0E-4,"lastBolusTime":1702885105479,"time":"2023-12-18T10:58:19.287Z","iobWithZeroTemp":{"iob":-0.211,"basaliob":-0.229,"bolussnooze":0,"activity":-0.0022,"lastBolusTime":1702885105479,"time":"2023-12-18T10:58:19.287Z"}},{"iob":0.012,"basaliob":-0.003,"bolussnooze":0,"activity":4.0E-4,"lastBolusTime":1702885105479,"time":"2023-12-18T11:03:19.287Z","iobWithZeroTemp":{"iob":-0.213,"basaliob":-0.228,"bolussnooze":0,"activity":-0.0023,"lastBolusTime":1702885105479,"time":"2023-12-18T11:03:19.287Z"}},{"iob":0.011,"basaliob":-0.002,"bolussnooze":0,"activity":4.0E-4,"lastBolusTime":1702885105479,"time":"2023-12-18T11:08:19.287Z","iobWithZeroTemp":{"iob":-0.213,"basaliob":-0.226,"bolussnooze":0,"activity":-0.0023,"lastBolusTime":1702885105479,"time":"2023-12-18T11:08:19.287Z"}},{"iob":0.009,"basaliob":-0.002,"bolussnooze":0,"activity":3.0E-4,"lastBolusTime":1702885105479,"time":"2023-12-18T11:13:19.287Z","iobWithZeroTemp":{"iob":-0.214,"basaliob":-0.225,"bolussnooze":0,"activity":-0.0024,"lastBolusTime":1702885105479,"time":"2023-12-18T11:13:19.287Z"}},{"iob":0.007,"basaliob":-0.002,"bolussnooze":0,"activity":2.0E-4,"lastBolusTime":1702885105479,"time":"2023-12-18T11:18:19.287Z","iobWithZeroTemp":{"iob":-0.215,"basaliob":-0.224,"bolussnooze":0,"activity":-0.0025,"lastBolusTime":1702885105479,"time":"2023-12-18T11:18:19.287Z"}},{"iob":0.006,"basaliob":-0.001,"bolussnooze":0,"activity":3.0E-4,"lastBolusTime":1702885105479,"time":"2023-12-18T11:23:19.287Z","iobWithZeroTemp":{"iob":-0.215,"basaliob":-0.222,"bolussnooze":0,"activity":-0.0024,"lastBolusTime":1702885105479,"time":"2023-12-18T11:23:19.287Z"}},{"iob":0.005,"basaliob":-0.001,"bolussnooze":0,"activity":3.0E-4,"lastBolusTime":1702885105479,"time":"2023-12-18T11:28:19.287Z","iobWithZeroTemp":{"iob":-0.215,"basaliob":-0.221,"bolussnooze":0,"activity":-0.0024,"lastBolusTime":1702885105479,"time":"2023-12-18T11:28:19.287Z"}},{"iob":0.004,"basaliob":-0.001,"bolussnooze":0,"activity":2.0E-4,"lastBolusTime":1702885105479,"time":"2023-12-18T11:33:19.287Z","iobWithZeroTemp":{"iob":-0.216,"basaliob":-0.221,"bolussnooze":0,"activity":-0.0024,"lastBolusTime":1702885105479,"time":"2023-12-18T11:33:19.287Z"}},{"iob":0.003,"basaliob":-0.001,"bolussnooze":0,"activity":2.0E-4,"lastBolusTime":1702885105479,"time":"2023-12-18T11:38:19.287Z","iobWithZeroTemp":{"iob":-0.216,"basaliob":-0.22,"bolussnooze":0,"activity":-0.0024,"lastBolusTime":1702885105479,"time":"2023-12-18T11:38:19.287Z"}}],"profile":{"max_iob":10,"type":"current","max_daily_basal":0.25,"max_basal":0.75,"min_bg":90,"max_bg":90,"target_bg":90,"carb_ratio":12.6,"sens":84,"max_daily_safety_multiplier":5,"current_basal_safety_multiplier":5,"lgsThreshold":95,"high_temptarget_raises_sensitivity":false,"low_temptarget_lowers_sensitivity":false,"sensitivity_raises_target":true,"resistance_lowers_target":true,"adv_target_adjustments":false,"exercise_mode":false,"half_basal_exercise_target":160,"maxCOB":120,"skip_neutral_temps":false,"remainingCarbsCap":90,"enableUAM":true,"A52_risk_enable":false,"SMBInterval":5,"enableSMB_with_COB":true,"enableSMB_with_temptarget":false,"allowSMB_with_high_temptarget":false,"enableSMB_always":false,"enableSMB_after_carbs":true,"maxSMBBasalMinutes":120,"maxUAMSMBBasalMinutes":120,"bolus_increment":0.05,"carbsReqThreshold":1,"current_basal":0.15000000596046448,"temptargetSet":false,"autosens_max":1.2,"autosens_min":0.7,"variable_sens":76.9,"insulinDivisor":75,"TDD":22.626796537668397},"autosens_data":{"ratio":1},"meal_data":{"carbs":33,"mealCOB":11.076300000000007,"slopeFromMaxDeviation":-0.8772000000000002,"slopeFromMinDeviation":0.8672727272727272,"lastBolusTime":1702885105479,"lastCarbTime":1702882100580},"microBolusAllowed":true,"currentTime":1702885400538,"flatBGsDetected":false,"tdd1D":22.354166475186748,"tdd7D":26.782783919711285,"tddLast24H":24.495833153774342,"tddLast4H":3.6916667158404985,"tddLast8to4H":1.7291666666666672},"output":{"temp":"absolute","bg":136,"tick":"+5","eventualBG":120,"targetBG":90,"insulinReq":0.21,"deliverAt":"2023-12-18T07:43:20.538Z","sensitivityRatio":1,"variable_sens":76.9,"predBGs":{"IOB":[136,140,143,146,149,150,151,152,151,150,149,146,143,140,137,134,131,129,127,125,123,121,120,118,117,116,115,114,113,112,111,111,110,110,109,109,108,108,108,107,107,107,107,107,107,106],"ZT":[136,129,122,115,108,102,96,90,84,78,72,67,62,57,53,48,44,40,39,39,39,39,39,39,39,39,39,39,39,39,39,39,39,39,39,39,39,39,39,39,41,43,45,47,50,51,53,55],"COB":[136,140,143,146,147,148,149,148,147,145,142,139,135,132,129,126,124,121,119,117,116,114,113,111,110,109,108,107,106,106,105,104,104,103,103,103,102,102,102,102,101],"UAM":[136,140,144,147,150,152,154,155,156,156,156,155,153,151,148,146,143,141,139,137,135,134,132,131,130,129,128,127,126,125,124,124,123,123,122,122,122,121,121,121,120]},"reason":"COB: 11.1, Dev: 72, BGI: -7, ISF: 77, CR: 12.6, Target: 90, minPredBG 106, minGuardBG 113, IOBpredBG 106, COBpredBG 101, UAMpredBG 120; Eventual BG 120 >= 90,  insulinReq 0.21; setting 60m low temp of 0U\/h. Waiting 0m 6s to microbolus again. ","COB":11.076300000000007,"IOB":1.22,"rate":0,"duration":60,"timestamp":"2023-12-18T07:43:20.548Z"}}