{"algorithm":"OpenAPSSMBDynamicISFPlugin","input":{"glucoseStatus":{"glucose":136,"noise":0,"delta":-5,"short_avgdelta":-5,"long_avgdelta":-2.88,"date":1702940873000},"currenttemp":{"temp":"absolute","duration":100,"rate":0,"minutesrunning":20},"iob_data":[{"iob":0.993,"basaliob":0,"bolussnooze":0.017,"activity":0.0135,"lastBolusTime":1702939421562,"time":"2023-12-18T23:08:23.010Z","iobWithZeroTemp":{"iob":0.993,"basaliob":0,"bolussnooze":0.017,"activity":0.0135,"lastBolusTime":1702939421562,"time":"2023-12-18T23:08:23.010Z"}},{"iob":0.927,"basaliob":0,"bolussnooze":0.0132,"activity":0.0131,"lastBolusTime":1702939421562,"time":"2023-12-18T23:13:23.010Z","iobWithZeroTemp":{"iob":0.914,"basaliob":-0.013,"bolussnooze":0.0132,"activity":0.0131,"lastBolusTime":1702939421562,"time":"2023-12-18T23:13:23.010Z"}},{"iob":0.862,"basaliob":-0.001,"bolussnooze":0.0101,"activity":0.0127,"lastBolusTime":1702939421562,"time":"2023-12-18T23:18:23.010Z","iobWithZeroTemp":{"iob":0.832,"basaliob":-0.031,"bolussnooze":0.0101,"activity":0.0126,"lastBolusTime":1702939421562,"time":"2023-12-18T23:18:23.010Z"}},{"iob":0.8,"basaliob":-0.001,"bolussnooze":0.0076,"activity":0.0121,"lastBolusTime":1702939421562,"time":"2023-12-18T23:23:23.010Z","iobWithZeroTemp":{"iob":0.754,"basaliob":-0.047,"bolussnooze":0.0076,"activity":0.012,"lastBolusTime":1702939421562,"time":"2023-12-18T23:23:23.010Z"}},{"iob":0.741,"basaliob":-0.001,"bolussnooze":0.0057,"activity":0.0115,"lastBolusTime":1702939421562,"time":"2023-12-18T23:28:23.010Z","iobWithZeroTemp":{"iob":0.679,"basaliob":-0.063,"bolussnooze":0.0057,"activity":0.0113,"lastBolusTime":1702939421562,"time":"2023-12-18T23:28:23.010Z"}},{"iob":0.685,"basaliob":-0.001,"bolussnooze":0.0042,"activity":0.0109,"lastBolusTime":1702939421562,"time":"2023-12-18T23:33:23.010Z","iobWithZeroTemp":{"iob":0.608,"basaliob":-0.078,"bolussnooze":0.0042,"activity":0.0106,"lastBolusTime":1702939421562,"time":"2023-12-18T23:33:23.010Z"}},{"iob":0.632,"basaliob":-0.001,"bolussnooze":0.003,"activity":0.0103,"lastBolusTime":1702939421562,"time":"2023-12-18T23:38:23.010Z","iobWithZeroTemp":{"iob":0.54,"basaliob":-0.093,"bolussnooze":0.003,"activity":0.0098,"lastBolusTime":1702939421562,"time":"2023-12-18T23:38:23.010Z"}},{"iob":0.582,"basaliob":-0.001,"bolussnooze":0.0021,"activity":0.0097,"lastBolusTime":1702939421562,"time":"2023-12-18T23:43:23.010Z","iobWithZeroTemp":{"iob":0.476,"basaliob":-0.107,"bolussnooze":0.0021,"activity":0.0091,"lastBolusTime":1702939421562,"time":"2023-12-18T23:43:23.010Z"}},{"iob":0.535,"basaliob":-0.001,"bolussnooze":0.0014,"activity":0.0092,"lastBolusTime":1702939421562,"time":"2023-12-18T23:48:23.010Z","iobWithZeroTemp":{"iob":0.416,"basaliob":-0.12,"bolussnooze":0.0014,"activity":0.0085,"lastBolusTime":1702939421562,"time":"2023-12-18T23:48:23.010Z"}},{"iob":0.49,"basaliob":-0.001,"bolussnooze":9.0E-4,"activity":0.0086,"lastBolusTime":1702939421562,"time":"2023-12-18T23:53:23.010Z","iobWithZeroTemp":{"iob":0.359,"basaliob":-0.132,"bolussnooze":9.0E-4,"activity":0.0077,"lastBolusTime":1702939421562,"time":"2023-12-18T23:53:23.010Z"}},{"iob":0.449,"basaliob":-0.001,"bolussnooze":6.0E-4,"activity":0.008,"lastBolusTime":1702939421562,"time":"2023-12-18T23:58:23.010Z","iobWithZeroTemp":{"iob":0.306,"basaliob":-0.144,"bolussnooze":6.0E-4,"activity":0.007,"lastBolusTime":1702939421562,"time":"2023-12-18T23:58:23.010Z"}},{"iob":0.41,"basaliob":-0.001,"bolussnooze":3.0E-4,"activity":0.0075,"lastBolusTime":1702939421562,"time":"2023-12-19T00:03:23.010Z","iobWithZeroTemp":{"iob":0.26,"basaliob":-0.151,"bolussnooze":3.0E-4,"activity":0.0063,"lastBolusTime":1702939421562,"time":"2023-12-19T00:03:23.010Z"}},{"iob":0.374,"basaliob":-0.001,"bolussnooze":1.0E-4,"activity":0.0069,"lastBolusTime":1702939421562,"time":"2023-12-19T00:08:23.010Z","iobWithZeroTemp":{"iob":0.217,"basaliob":-0.158,"bolussnooze":1.0E-4,"activity":0.0056,"lastBolusTime":1702939421562,"time":"2023-12-19T00:08:23.010Z"}},{"iob":0.341,"basaliob":-0.001,"bolussnooze":1.0E-4,"activity":0.0064,"lastBolusTime":1702939421562,"time":"2023-12-19T00:13:23.010Z","iobWithZeroTemp":{"iob":0.178,"basaliob":-0.164,"bolussnooze":1.0E-4,"activity":0.005,"lastBolusTime":1702939421562,"time":"2023-12-19T00:13:23.010Z"}},{"iob":0.31,"basaliob":-0.001,"bolussnooze":0,"activity":0.0059,"lastBolusTime":1702939421562,"time":"2023-12-19T00:18:23.010Z","iobWithZeroTemp":{"iob":0.142,"basaliob":-0.169,"bolussnooze":0,"activity":0.0044,"lastBolusTime":1702939421562,"time":"2023-12-19T00:18:23.010Z"}},{"iob":0.281,"basaliob":-0.001,"bolussnooze":0,"activity":0.0055,"lastBolusTime":1702939421562,"time":"2023-12-19T00:23:23.010Z","iobWithZeroTemp":{"iob":0.109,"basaliob":-0.173,"bolussnooze":0,"activity":0.0039,"lastBolusTime":1702939421562,"time":"2023-12-19T00:23:23.010Z"}},{"iob":0.255,"basaliob":-0.001,"bolussnooze":0,"activity":0.0051,"lastBolusTime":1702939421562,"time":"2023-12-19T00:28:23.010Z","iobWithZeroTemp":{"iob":0.078,"basaliob":-0.178,"bolussnooze":0,"activity":0.0034,"lastBolusTime":1702939421562,"time":"2023-12-19T00:28:23.010Z"}},{"iob":0.231,"basaliob":-0.001,"bolussnooze":0,"activity":0.0047,"lastBolusTime":1702939421562,"time":"2023-12-19T00:33:23.010Z","iobWithZeroTemp":{"iob":0.05,"basaliob":-0.182,"bolussnooze":0,"activity":0.0029,"lastBolusTime":1702939421562,"time":"2023-12-19T00:33:23.010Z"}},{"iob":0.208,"basaliob":-0.001,"bolussnooze":0,"activity":0.0043,"lastBolusTime":1702939421562,"time":"2023-12-19T00:38:23.010Z","iobWithZeroTemp":{"iob":0.024,"basaliob":-0.185,"bolussnooze":0,"activity":0.0024,"lastBolusTime":1702939421562,"time":"2023-12-19T00:38:23.010Z"}},{"iob":0.188,"basaliob":-0.001,"bolussnooze":0,"activity":0.0039,"lastBolusTime":1702939421562,"time":"2023-12-19T00:43:23.010Z","iobWithZeroTemp":{"iob":0.001,"basaliob":-0.188,"bolussnooze":0,"activity":0.002,"lastBolusTime":1702939421562,"time":"2023-12-19T00:43:23.010Z"}},{"iob":0.169,"basaliob":-0.001,"bolussnooze":0,"activity":0.0036,"lastBolusTime":1702939421562,"time":"2023-12-19T00:48:23.010Z","iobWithZeroTemp":{"iob":-0.021,"basaliob":-0.191,"bolussnooze":0,"activity":0.0016,"lastBolusTime":1702939421562,"time":"2023-12-19T00:48:23.010Z"}},{"iob":0.152,"basaliob":-0.001,"bolussnooze":0,"activity":0.0033,"lastBolusTime":1702939421562,"time":"2023-12-19T00:53:23.010Z","iobWithZeroTemp":{"iob":-0.04,"basaliob":-0.193,"bolussnooze":0,"activity":0.0013,"lastBolusTime":1702939421562,"time":"2023-12-19T00:53:23.010Z"}},{"iob":0.137,"basaliob":-0.001,"bolussnooze":0,"activity":0.003,"lastBolusTime":1702939421562,"time":"2023-12-19T00:58:23.010Z","iobWithZeroTemp":{"iob":-0.058,"basaliob":-0.196,"bolussnooze":0,"activity":9.0E-4,"lastBolusTime":1702939421562,"time":"2023-12-19T00:58:23.010Z"}},{"iob":0.122,"basaliob":-0.001,"bolussnooze":0,"activity":0.0027,"lastBolusTime":1702939421562,"time":"2023-12-19T01:03:23.010Z","iobWithZeroTemp":{"iob":-0.079,"basaliob":-0.202,"bolussnooze":0,"activity":6.0E-4,"lastBolusTime":1702939421562,"time":"2023-12-19T01:03:23.010Z"}},{"iob":0.109,"basaliob":-0.001,"bolussnooze":0,"activity":0.0025,"lastBolusTime":1702939421562,"time":"2023-12-19T01:08:23.010Z","iobWithZeroTemp":{"iob":-0.098,"basaliob":-0.208,"bolussnooze":0,"activity":3.0E-4,"lastBolusTime":1702939421562,"time":"2023-12-19T01:08:23.010Z"}},{"iob":0.098,"basaliob":-0.001,"bolussnooze":0,"activity":0.0022,"lastBolusTime":1702939421562,"time":"2023-12-19T01:13:23.010Z","iobWithZeroTemp":{"iob":-0.114,"basaliob":-0.213,"bolussnooze":0,"activity":0,"lastBolusTime":1702939421562,"time":"2023-12-19T01:13:23.010Z"}},{"iob":0.087,"basaliob":-0.001,"bolussnooze":0,"activity":0.002,"lastBolusTime":1702939421562,"time":"2023-12-19T01:18:23.010Z","iobWithZeroTemp":{"iob":-0.13,"basaliob":-0.218,"bolussnooze":0,"activity":-3.0E-4,"lastBolusTime":1702939421562,"time":"2023-12-19T01:18:23.010Z"}},{"iob":0.078,"basaliob":0,"bolussnooze":0,"activity":0.0018,"lastBolusTime":1702939421562,"time":"2023-12-19T01:23:23.010Z","iobWithZeroTemp":{"iob":-0.144,"basaliob":-0.222,"bolussnooze":0,"activity":-6.0E-4,"lastBolusTime":1702939421562,"time":"2023-12-19T01:23:23.010Z"}},{"iob":0.07,"basaliob":0,"bolussnooze":0,"activity":0.0017,"lastBolusTime":1702939421562,"time":"2023-12-19T01:28:23.010Z","iobWithZeroTemp":{"iob":-0.157,"basaliob":-0.227,"bolussnooze":0,"activity":-7.0E-4,"lastBolusTime":1702939421562,"time":"2023-12-19T01:28:23.010Z"}},{"iob":0.062,"basaliob":0,"bolussnooze":0,"activity":0.0015,"lastBolusTime":1702939421562,"time":"2023-12-19T01:33:23.010Z","iobWithZeroTemp":{"iob":-0.169,"basaliob":-0.231,"bolussnooze":0,"activity":-0.001,"lastBolusTime":1702939421562,"time":"2023-12-19T01:33:23.010Z"}},{"iob":0.055,"basaliob":0,"bolussnooze":0,"activity":0.0013,"lastBolusTime":1702939421562,"time":"2023-12-19T01:38:23.010Z","iobWithZeroTemp":{"iob":-0.181,"basaliob":-0.236,"bolussnooze":0,"activity":-0.0012,"lastBolusTime":1702939421562,"time":"2023-12-19T01:38:23.010Z"}},{"iob":0.048,"basaliob":0,"bolussnooze":0,"activity":0.0012,"lastBolusTime":1702939421562,"time":"2023-12-19T01:43:23.010Z","iobWithZeroTemp":{"iob":-0.191,"basaliob":-0.239,"bolussnooze":0,"activity":-0.0014,"lastBolusTime":1702939421562,"time":"2023-12-19T01:43:23.010Z"}},{"iob":0.043,"basaliob":0,"bolussnooze":0,"activity":0.0011,"lastBolusTime":1702939421562,"time":"2023-12-19T01:48:23.010Z","iobWithZeroTemp":{"iob":-0.2,"basaliob":-0.243,"bolussnooze":0,"activity":-0.0015,"lastBolusTime":1702939421562,"time":"2023-12-19T01:48:23.010Z"}},{"iob":0.038,"basaliob":0,"bolussnooze":0,"activity":0.001,"lastBolusTime":1702939421562,"time":"2023-12-19T01:53:23.010Z","iobWithZeroTemp":{"iob":-0.208,"basaliob":-0.246,"bolussnooze":0,"activity":-0.0017,"lastBolusTime":1702939421562,"time":"2023-12-19T01:53:23.010Z"}},{"iob":0.033,"basaliob":0,"bolussnooze":0,"activity":9.0E-4,"lastBolusTime":1702939421562,"time":"2023-12-19T01:58:23.010Z","iobWithZeroTemp":{"iob":-0.216,"basaliob":-0.249,"bolussnooze":0,"activity":-0.0018,"lastBolusTime":1702939421562,"time":"2023-12-19T01:58:23.010Z"}},{"iob":0.029,"basaliob":0,"bolussnooze":0,"activity":8.0E-4,"lastBolusTime":1702939421562,"time":"2023-12-19T02:03:23.010Z","iobWithZeroTemp":{"iob":-0.223,"basaliob":-0.252,"bolussnooze":0,"activity":-0.002,"lastBolusTime":1702939421562,"time":"2023-12-19T02:03:23.010Z"}},{"iob":0.025,"basaliob":0,"bolussnooze":0,"activity":7.0E-4,"lastBolusTime":1702939421562,"time":"2023-12-19T02:08:23.010Z","iobWithZeroTemp":{"iob":-0.23,"basaliob":-0.255,"bolussnooze":0,"activity":-0.0021,"lastBolusTime":1702939421562,"time":"2023-12-19T02:08:23.010Z"}},{"iob":0.022,"basaliob":0,"bolussnooze":0,"activity":6.0E-4,"lastBolusTime":1702939421562,"time":"2023-12-19T02:13:23.010Z","iobWithZeroTemp":{"iob":-0.235,"basaliob":-0.257,"bolussnooze":0,"activity":-0.0023,"lastBolusTime":1702939421562,"time":"2023-12-19T02:13:23.010Z"}},{"iob":0.019,"basaliob":0,"bolussnooze":0,"activity":5.0E-4,"lastBolusTime":1702939421562,"time":"2023-12-19T02:18:23.010Z","iobWithZeroTemp":{"iob":-0.241,"basaliob":-0.26,"bolussnooze":0,"activity":-0.0024,"lastBolusTime":1702939421562,"time":"2023-12-19T02:18:23.010Z"}},{"iob":0.017,"basaliob":0,"bolussnooze":0,"activity":5.0E-4,"lastBolusTime":1702939421562,"time":"2023-12-19T02:23:23.010Z","iobWithZeroTemp":{"iob":-0.245,"basaliob":-0.262,"bolussnooze":0,"activity":-0.0024,"lastBolusTime":1702939421562,"time":"2023-12-19T02:23:23.010Z"}},{"iob":0.015,"basaliob":0,"bolussnooze":0,"activity":4.0E-4,"lastBolusTime":1702939421562,"time":"2023-12-19T02:28:23.010Z","iobWithZeroTemp":{"iob":-0.248,"basaliob":-0.263,"bolussnooze":0,"activity":-0.0026,"lastBolusTime":1702939421562,"time":"2023-12-19T02:28:23.010Z"}},{"iob":0.013,"basaliob":0,"bolussnooze":0,"activity":4.0E-4,"lastBolusTime":1702939421562,"time":"2023-12-19T02:33:23.010Z","iobWithZeroTemp":{"iob":-0.252,"basaliob":-0.265,"bolussnooze":0,"activity":-0.0026,"lastBolusTime":1702939421562,"time":"2023-12-19T02:33:23.010Z"}},{"iob":0.011,"basaliob":0,"bolussnooze":0,"activity":3.0E-4,"lastBolusTime":1702939421562,"time":"2023-12-19T02:38:23.010Z","iobWithZeroTemp":{"iob":-0.256,"basaliob":-0.267,"bolussnooze":0,"activity":-0.0027,"lastBolusTime":1702939421562,"time":"2023-12-19T02:38:23.010Z"}},{"iob":0.009,"basaliob":0,"bolussnooze":0,"activity":3.0E-4,"lastBolusTime":1702939421562,"time":"2023-12-19T02:43:23.010Z","iobWithZeroTemp":{"iob":-0.259,"basaliob":-0.268,"bolussnooze":0,"activity":-0.0028,"lastBolusTime":1702939421562,"time":"2023-12-19T02:43:23.010Z"}},{"iob":0.008,"basaliob":0,"bolussnooze":0,"activity":3.0E-4,"lastBolusTime":1702939421562,"time":"2023-12-19T02:48:23.010Z","iobWithZeroTemp":{"iob":-0.261,"basaliob":-0.269,"bolussnooze":0,"activity":-0.0028,"lastBolusTime":1702939421562,"time":"2023-12-19T02:48:23.010Z"}},{"iob":0.007,"basaliob":0,"bolussnooze":0,"activity":2.0E-4,"lastBolusTime":1702939421562,"time":"2023-12-19T02:53:23.010Z","iobWithZeroTemp":{"iob":-0.264,"basaliob":-0.271,"bolussnooze":0,"activity":-0.0029,"lastBolusTime":1702939421562,"time":"2023-12-19T02:53:23.010Z"}},{"iob":0.006,"basaliob":0,"bolussnooze":0,"activity":2.0E-4,"lastBolusTime":1702939421562,"time":"2023-12-19T02:58:23.010Z","iobWithZeroTemp":{"iob":-0.266,"basaliob":-0.272,"bolussnooze":0,"activity":-0.0029,"lastBolusTime":1702939421562,"time":"2023-12-19T02:58:23.010Z"}},{"iob":0.005,"basaliob":0,"bolussnooze":0,"activity":2.0E-4,"lastBolusTime":1702939421562,"time":"2023-12-19T03:03:23.010Z","iobWithZeroTemp":{"iob":-0.263,"basaliob":-0.268,"bolussnooze":0,"activity":-0.0029,"lastBolusTime":1702939421562,"time":"2023-12-19T03:03:23.010Z"}}],"profile":{"max_iob":10,"type":"current","max_daily_basal":0.25,"max_basal":1,"min_bg":90,"max_bg":90,"target_bg":90,"carb_ratio":15.6,"sens":84,"max_daily_safety_multiplier":5,"current_basal_safety_multiplier":5,"lgsThreshold":95,"high_temptarget_raises_sensitivity":false,"low_temptarget_lowers_sensitivity":false,"sensitivity_raises_target":true,"resistance_lowers_target":true,"adv_target_adjustments":false,"exercise_mode":false,"half_basal_exercise_target":160,"maxCOB":120,"skip_neutral_temps":false,"remainingCarbsCap":90,"enableUAM":true,"A52_risk_enable":false,"SMBInterval":5,"enableSMB_with_COB":true,"enableSMB_with_temptarget":false,"allowSMB_with_high_temptarget":false,"enableSMB_always":false,"enableSMB_after_carbs":true,"maxSMBBasalMinutes":120,"maxUAMSMBBasalMinutes":120,"bolus_increment":0.05,"carbsReqThreshold":1,"current_basal":0.20000000298023224,"temptargetSet":false,"autosens_max":1.2,"autosens_min":0.7,"variable_sens":79.1,"insulinDivisor":75,"TDD":22.00338538156877},"autosens_data":{"ratio":1},"meal_data":{"carbs":39,"mealCOB":0,"slopeFromMaxDeviation":-1.3048333333333333,"slopeFromMinDeviation":0,"lastBolusTime":1702939421562,"lastCarbTime":1702935386937},"microBolusAllowed":true,"currentTime":1702940904403,"flatBGsDetected":false,"tdd1D":20.141666612277426,"tdd7D":26.78606000595613,"tddLast24H":20.09166661227743,"tddLast4H":4.049999985098839,"tddLast8to4H":1.0708333638807137},"output":{"temp":"absolute","bg":136,"tick":-5,"eventualBG":59,"targetBG":90,"insulinReq":0,"deliverAt":"2023-12-18T23:08:24.403Z","sensitivityRatio":1,"variable_sens":79.1,"predBGs":{"IOB":[136,131,126,121,116,111,106,102,97,93,88,84,80,76,72,69,65,62,59,56,53,50,48,45,43,40,39],"ZT":[136,131,125,120,115,110,105,101,96,92,88,84,81,78,75,72,70,68,66,65,63,62,61,61,60,60,60,60,61,61,62,63,64,65,66,67,68,70,71,72,74,75,77,79,80,82,83,85],"UAM":[136,131,125,120,115,110,105,100,95,91,86,82,78,74,70,67,63,60,56,53,50,47,45,42,39]},"reason":"COB: 0, Dev: 2, BGI: -5, ISF: 79, CR: 15.6, Target: 90, minPredBG 50, minGuardBG 17, IOBpredBG 39, UAMpredBG 39; 5 add'l carbs req w\/in 45m; minGuardBG 17<95","COB":0,"IOB":0.993,"carbsReq":5,"carbsReqWithin":45,"duration":120,"rate":0,"timestamp":"2023-12-18T23:08:24.422Z"}}