{"algorithm":"OpenAPSSMBDynamicISFPlugin","input":{"glucoseStatus":{"glucose":152,"noise":0,"delta":4,"short_avgdelta":4.11,"long_avgdelta":3.52,"date":1703025477000},"currenttemp":{"temp":"absolute","duration":10,"rate":1,"minutesrunning":20},"iob_data":[{"iob":1.063,"basaliob":0.144,"bolussnooze":0.0227,"activity":0.0119,"lastBolusTime":1703024922820,"time":"2023-12-19T22:38:25.138Z","iobWithZeroTemp":{"iob":1.063,"basaliob":0.144,"bolussnooze":0.0227,"activity":0.0119,"lastBolusTime":1703024922820,"time":"2023-12-19T22:38:25.138Z"}},{"iob":1.003,"basaliob":0.145,"bolussnooze":0.0164,"activity":0.0119,"lastBolusTime":1703024922820,"time":"2023-12-19T22:43:25.138Z","iobWithZeroTemp":{"iob":0.99,"basaliob":0.132,"bolussnooze":0.0164,"activity":0.0119,"lastBolusTime":1703024922820,"time":"2023-12-19T22:43:25.138Z"}},{"iob":0.945,"basaliob":0.145,"bolussnooze":0.0116,"activity":0.0119,"lastBolusTime":1703024922820,"time":"2023-12-19T22:48:25.138Z","iobWithZeroTemp":{"iob":0.915,"basaliob":0.115,"bolussnooze":0.0116,"activity":0.0118,"lastBolusTime":1703024922820,"time":"2023-12-19T22:48:25.138Z"}},{"iob":0.885,"basaliob":0.142,"bolussnooze":0.008,"activity":0.0117,"lastBolusTime":1703024922820,"time":"2023-12-19T22:53:25.138Z","iobWithZeroTemp":{"iob":0.839,"basaliob":0.096,"bolussnooze":0.008,"activity":0.0116,"lastBolusTime":1703024922820,"time":"2023-12-19T22:53:25.138Z"}},{"iob":0.828,"basaliob":0.139,"bolussnooze":0.0052,"activity":0.0114,"lastBolusTime":1703024922820,"time":"2023-12-19T22:58:25.138Z","iobWithZeroTemp":{"iob":0.766,"basaliob":0.077,"bolussnooze":0.0052,"activity":0.0112,"lastBolusTime":1703024922820,"time":"2023-12-19T22:58:25.138Z"}},{"iob":0.772,"basaliob":0.135,"bolussnooze":0.0033,"activity":0.011,"lastBolusTime":1703024922820,"time":"2023-12-19T23:03:25.138Z","iobWithZeroTemp":{"iob":0.695,"basaliob":0.058,"bolussnooze":0.0033,"activity":0.0107,"lastBolusTime":1703024922820,"time":"2023-12-19T23:03:25.138Z"}},{"iob":0.718,"basaliob":0.13,"bolussnooze":0.0019,"activity":0.0107,"lastBolusTime":1703024922820,"time":"2023-12-19T23:08:25.138Z","iobWithZeroTemp":{"iob":0.626,"basaliob":0.038,"bolussnooze":0.0019,"activity":0.0102,"lastBolusTime":1703024922820,"time":"2023-12-19T23:08:25.138Z"}},{"iob":0.665,"basaliob":0.124,"bolussnooze":0.001,"activity":0.0101,"lastBolusTime":1703024922820,"time":"2023-12-19T23:13:25.138Z","iobWithZeroTemp":{"iob":0.559,"basaliob":0.018,"bolussnooze":0.001,"activity":0.0095,"lastBolusTime":1703024922820,"time":"2023-12-19T23:13:25.138Z"}},{"iob":0.616,"basaliob":0.118,"bolussnooze":4.0E-4,"activity":0.0097,"lastBolusTime":1703024922820,"time":"2023-12-19T23:18:25.138Z","iobWithZeroTemp":{"iob":0.497,"basaliob":-0.001,"bolussnooze":4.0E-4,"activity":0.009,"lastBolusTime":1703024922820,"time":"2023-12-19T23:18:25.138Z"}},{"iob":0.569,"basaliob":0.112,"bolussnooze":1.0E-4,"activity":0.0092,"lastBolusTime":1703024922820,"time":"2023-12-19T23:23:25.138Z","iobWithZeroTemp":{"iob":0.438,"basaliob":-0.019,"bolussnooze":1.0E-4,"activity":0.0083,"lastBolusTime":1703024922820,"time":"2023-12-19T23:23:25.138Z"}},{"iob":0.524,"basaliob":0.106,"bolussnooze":0,"activity":0.0086,"lastBolusTime":1703024922820,"time":"2023-12-19T23:28:25.138Z","iobWithZeroTemp":{"iob":0.381,"basaliob":-0.037,"bolussnooze":0,"activity":0.0076,"lastBolusTime":1703024922820,"time":"2023-12-19T23:28:25.138Z"}},{"iob":0.482,"basaliob":0.1,"bolussnooze":0,"activity":0.0081,"lastBolusTime":1703024922820,"time":"2023-12-19T23:33:25.138Z","iobWithZeroTemp":{"iob":0.328,"basaliob":-0.054,"bolussnooze":0,"activity":0.0069,"lastBolusTime":1703024922820,"time":"2023-12-19T23:33:25.138Z"}},{"iob":0.443,"basaliob":0.094,"bolussnooze":0,"activity":0.0076,"lastBolusTime":1703024922820,"time":"2023-12-19T23:38:25.138Z","iobWithZeroTemp":{"iob":0.278,"basaliob":-0.071,"bolussnooze":0,"activity":0.0063,"lastBolusTime":1703024922820,"time":"2023-12-19T23:38:25.138Z"}},{"iob":0.406,"basaliob":0.088,"bolussnooze":0,"activity":0.0072,"lastBolusTime":1703024922820,"time":"2023-12-19T23:43:25.138Z","iobWithZeroTemp":{"iob":0.231,"basaliob":-0.087,"bolussnooze":0,"activity":0.0058,"lastBolusTime":1703024922820,"time":"2023-12-19T23:43:25.138Z"}},{"iob":0.371,"basaliob":0.082,"bolussnooze":0,"activity":0.0066,"lastBolusTime":1703024922820,"time":"2023-12-19T23:48:25.138Z","iobWithZeroTemp":{"iob":0.187,"basaliob":-0.102,"bolussnooze":0,"activity":0.005,"lastBolusTime":1703024922820,"time":"2023-12-19T23:48:25.138Z"}},{"iob":0.338,"basaliob":0.076,"bolussnooze":0,"activity":0.0062,"lastBolusTime":1703024922820,"time":"2023-12-19T23:53:25.138Z","iobWithZeroTemp":{"iob":0.146,"basaliob":-0.116,"bolussnooze":0,"activity":0.0045,"lastBolusTime":1703024922820,"time":"2023-12-19T23:53:25.138Z"}},{"iob":0.309,"basaliob":0.071,"bolussnooze":0,"activity":0.0058,"lastBolusTime":1703024922820,"time":"2023-12-19T23:58:25.138Z","iobWithZeroTemp":{"iob":0.109,"basaliob":-0.129,"bolussnooze":0,"activity":0.004,"lastBolusTime":1703024922820,"time":"2023-12-19T23:58:25.138Z"}},{"iob":0.281,"basaliob":0.066,"bolussnooze":0,"activity":0.0053,"lastBolusTime":1703024922820,"time":"2023-12-20T00:03:25.138Z","iobWithZeroTemp":{"iob":0.078,"basaliob":-0.137,"bolussnooze":0,"activity":0.0034,"lastBolusTime":1703024922820,"time":"2023-12-20T00:03:25.138Z"}},{"iob":0.255,"basaliob":0.061,"bolussnooze":0,"activity":0.005,"lastBolusTime":1703024922820,"time":"2023-12-20T00:08:25.138Z","iobWithZeroTemp":{"iob":0.049,"basaliob":-0.145,"bolussnooze":0,"activity":0.003,"lastBolusTime":1703024922820,"time":"2023-12-20T00:08:25.138Z"}},{"iob":0.231,"basaliob":0.056,"bolussnooze":0,"activity":0.0045,"lastBolusTime":1703024922820,"time":"2023-12-20T00:13:25.138Z","iobWithZeroTemp":{"iob":0.023,"basaliob":-0.152,"bolussnooze":0,"activity":0.0024,"lastBolusTime":1703024922820,"time":"2023-12-20T00:13:25.138Z"}},{"iob":0.21,"basaliob":0.052,"bolussnooze":0,"activity":0.0042,"lastBolusTime":1703024922820,"time":"2023-12-20T00:18:25.138Z","iobWithZeroTemp":{"iob":0,"basaliob":-0.158,"bolussnooze":0,"activity":0.002,"lastBolusTime":1703024922820,"time":"2023-12-20T00:18:25.138Z"}},{"iob":0.19,"basaliob":0.048,"bolussnooze":0,"activity":0.0038,"lastBolusTime":1703024922820,"time":"2023-12-20T00:23:25.138Z","iobWithZeroTemp":{"iob":-0.021,"basaliob":-0.163,"bolussnooze":0,"activity":0.0016,"lastBolusTime":1703024922820,"time":"2023-12-20T00:23:25.138Z"}},{"iob":0.171,"basaliob":0.044,"bolussnooze":0,"activity":0.0036,"lastBolusTime":1703024922820,"time":"2023-12-20T00:28:25.138Z","iobWithZeroTemp":{"iob":-0.042,"basaliob":-0.169,"bolussnooze":0,"activity":0.0013,"lastBolusTime":1703024922820,"time":"2023-12-20T00:28:25.138Z"}},{"iob":0.154,"basaliob":0.04,"bolussnooze":0,"activity":0.0032,"lastBolusTime":1703024922820,"time":"2023-12-20T00:33:25.138Z","iobWithZeroTemp":{"iob":-0.06,"basaliob":-0.174,"bolussnooze":0,"activity":9.0E-4,"lastBolusTime":1703024922820,"time":"2023-12-20T00:33:25.138Z"}},{"iob":0.139,"basaliob":0.037,"bolussnooze":0,"activity":0.003,"lastBolusTime":1703024922820,"time":"2023-12-20T00:38:25.138Z","iobWithZeroTemp":{"iob":-0.075,"basaliob":-0.177,"bolussnooze":0,"activity":6.0E-4,"lastBolusTime":1703024922820,"time":"2023-12-20T00:38:25.138Z"}},{"iob":0.124,"basaliob":0.033,"bolussnooze":0,"activity":0.0027,"lastBolusTime":1703024922820,"time":"2023-12-20T00:43:25.138Z","iobWithZeroTemp":{"iob":-0.091,"basaliob":-0.182,"bolussnooze":0,"activity":3.0E-4,"lastBolusTime":1703024922820,"time":"2023-12-20T00:43:25.138Z"}},{"iob":0.112,"basaliob":0.031,"bolussnooze":0,"activity":0.0025,"lastBolusTime":1703024922820,"time":"2023-12-20T00:48:25.138Z","iobWithZeroTemp":{"iob":-0.103,"basaliob":-0.184,"bolussnooze":0,"activity":1.0E-4,"lastBolusTime":1703024922820,"time":"2023-12-20T00:48:25.138Z"}},{"iob":0.1,"basaliob":0.028,"bolussnooze":0,"activity":0.0022,"lastBolusTime":1703024922820,"time":"2023-12-20T00:53:25.138Z","iobWithZeroTemp":{"iob":-0.116,"basaliob":-0.188,"bolussnooze":0,"activity":-3.0E-4,"lastBolusTime":1703024922820,"time":"2023-12-20T00:53:25.138Z"}},{"iob":0.089,"basaliob":0.025,"bolussnooze":0,"activity":0.002,"lastBolusTime":1703024922820,"time":"2023-12-20T00:58:25.138Z","iobWithZeroTemp":{"iob":-0.127,"basaliob":-0.191,"bolussnooze":0,"activity":-5.0E-4,"lastBolusTime":1703024922820,"time":"2023-12-20T00:58:25.138Z"}},{"iob":0.08,"basaliob":0.023,"bolussnooze":0,"activity":0.0018,"lastBolusTime":1703024922820,"time":"2023-12-20T01:03:25.138Z","iobWithZeroTemp":{"iob":-0.14,"basaliob":-0.197,"bolussnooze":0,"activity":-7.0E-4,"lastBolusTime":1703024922820,"time":"2023-12-20T01:03:25.138Z"}},{"iob":0.071,"basaliob":0.021,"bolussnooze":0,"activity":0.0016,"lastBolusTime":1703024922820,"time":"2023-12-20T01:08:25.138Z","iobWithZeroTemp":{"iob":-0.153,"basaliob":-0.203,"bolussnooze":0,"activity":-9.0E-4,"lastBolusTime":1703024922820,"time":"2023-12-20T01:08:25.138Z"}},{"iob":0.063,"basaliob":0.019,"bolussnooze":0,"activity":0.0015,"lastBolusTime":1703024922820,"time":"2023-12-20T01:13:25.138Z","iobWithZeroTemp":{"iob":-0.165,"basaliob":-0.209,"bolussnooze":0,"activity":-0.0011,"lastBolusTime":1703024922820,"time":"2023-12-20T01:13:25.138Z"}},{"iob":0.056,"basaliob":0.017,"bolussnooze":0,"activity":0.0014,"lastBolusTime":1703024922820,"time":"2023-12-20T01:18:25.138Z","iobWithZeroTemp":{"iob":-0.176,"basaliob":-0.215,"bolussnooze":0,"activity":-0.0012,"lastBolusTime":1703024922820,"time":"2023-12-20T01:18:25.138Z"}},{"iob":0.049,"basaliob":0.015,"bolussnooze":0,"activity":0.0012,"lastBolusTime":1703024922820,"time":"2023-12-20T01:23:25.138Z","iobWithZeroTemp":{"iob":-0.186,"basaliob":-0.22,"bolussnooze":0,"activity":-0.0014,"lastBolusTime":1703024922820,"time":"2023-12-20T01:23:25.138Z"}},{"iob":0.044,"basaliob":0.014,"bolussnooze":0,"activity":0.0011,"lastBolusTime":1703024922820,"time":"2023-12-20T01:28:25.138Z","iobWithZeroTemp":{"iob":-0.195,"basaliob":-0.225,"bolussnooze":0,"activity":-0.0016,"lastBolusTime":1703024922820,"time":"2023-12-20T01:28:25.138Z"}},{"iob":0.038,"basaliob":0.012,"bolussnooze":0,"activity":0.001,"lastBolusTime":1703024922820,"time":"2023-12-20T01:33:25.138Z","iobWithZeroTemp":{"iob":-0.204,"basaliob":-0.23,"bolussnooze":0,"activity":-0.0017,"lastBolusTime":1703024922820,"time":"2023-12-20T01:33:25.138Z"}},{"iob":0.034,"basaliob":0.011,"bolussnooze":0,"activity":8.0E-4,"lastBolusTime":1703024922820,"time":"2023-12-20T01:38:25.138Z","iobWithZeroTemp":{"iob":-0.211,"basaliob":-0.234,"bolussnooze":0,"activity":-0.0019,"lastBolusTime":1703024922820,"time":"2023-12-20T01:38:25.138Z"}},{"iob":0.03,"basaliob":0.01,"bolussnooze":0,"activity":8.0E-4,"lastBolusTime":1703024922820,"time":"2023-12-20T01:43:25.138Z","iobWithZeroTemp":{"iob":-0.218,"basaliob":-0.238,"bolussnooze":0,"activity":-0.002,"lastBolusTime":1703024922820,"time":"2023-12-20T01:43:25.138Z"}},{"iob":0.026,"basaliob":0.009,"bolussnooze":0,"activity":7.0E-4,"lastBolusTime":1703024922820,"time":"2023-12-20T01:48:25.138Z","iobWithZeroTemp":{"iob":-0.225,"basaliob":-0.242,"bolussnooze":0,"activity":-0.0021,"lastBolusTime":1703024922820,"time":"2023-12-20T01:48:25.138Z"}},{"iob":0.023,"basaliob":0.008,"bolussnooze":0,"activity":6.0E-4,"lastBolusTime":1703024922820,"time":"2023-12-20T01:53:25.138Z","iobWithZeroTemp":{"iob":-0.23,"basaliob":-0.245,"bolussnooze":0,"activity":-0.0022,"lastBolusTime":1703024922820,"time":"2023-12-20T01:53:25.138Z"}},{"iob":0.02,"basaliob":0.007,"bolussnooze":0,"activity":6.0E-4,"lastBolusTime":1703024922820,"time":"2023-12-20T01:58:25.138Z","iobWithZeroTemp":{"iob":-0.236,"basaliob":-0.249,"bolussnooze":0,"activity":-0.0023,"lastBolusTime":1703024922820,"time":"2023-12-20T01:58:25.138Z"}},{"iob":0.017,"basaliob":0.006,"bolussnooze":0,"activity":4.0E-4,"lastBolusTime":1703024922820,"time":"2023-12-20T02:03:25.138Z","iobWithZeroTemp":{"iob":-0.241,"basaliob":-0.252,"bolussnooze":0,"activity":-0.0025,"lastBolusTime":1703024922820,"time":"2023-12-20T02:03:25.138Z"}},{"iob":0.016,"basaliob":0.006,"bolussnooze":0,"activity":4.0E-4,"lastBolusTime":1703024922820,"time":"2023-12-20T02:08:25.138Z","iobWithZeroTemp":{"iob":-0.244,"basaliob":-0.254,"bolussnooze":0,"activity":-0.0025,"lastBolusTime":1703024922820,"time":"2023-12-20T02:08:25.138Z"}},{"iob":0.013,"basaliob":0.005,"bolussnooze":0,"activity":3.0E-4,"lastBolusTime":1703024922820,"time":"2023-12-20T02:13:25.138Z","iobWithZeroTemp":{"iob":-0.249,"basaliob":-0.257,"bolussnooze":0,"activity":-0.0027,"lastBolusTime":1703024922820,"time":"2023-12-20T02:13:25.138Z"}},{"iob":0.011,"basaliob":0.004,"bolussnooze":0,"activity":3.0E-4,"lastBolusTime":1703024922820,"time":"2023-12-20T02:18:25.138Z","iobWithZeroTemp":{"iob":-0.252,"basaliob":-0.259,"bolussnooze":0,"activity":-0.0027,"lastBolusTime":1703024922820,"time":"2023-12-20T02:18:25.138Z"}},{"iob":0.01,"basaliob":0.004,"bolussnooze":0,"activity":3.0E-4,"lastBolusTime":1703024922820,"time":"2023-12-20T02:23:25.138Z","iobWithZeroTemp":{"iob":-0.255,"basaliob":-0.261,"bolussnooze":0,"activity":-0.0027,"lastBolusTime":1703024922820,"time":"2023-12-20T02:23:25.138Z"}},{"iob":0.008,"basaliob":0.003,"bolussnooze":0,"activity":3.0E-4,"lastBolusTime":1703024922820,"time":"2023-12-20T02:28:25.138Z","iobWithZeroTemp":{"iob":-0.259,"basaliob":-0.264,"bolussnooze":0,"activity":-0.0028,"lastBolusTime":1703024922820,"time":"2023-12-20T02:28:25.138Z"}},{"iob":0.008,"basaliob":0.003,"bolussnooze":0,"activity":2.0E-4,"lastBolusTime":1703024922820,"time":"2023-12-20T02:33:25.138Z","iobWithZeroTemp":{"iob":-0.26,"basaliob":-0.265,"bolussnooze":0,"activity":-0.0029,"lastBolusTime":1703024922820,"time":"2023-12-20T02:33:25.138Z"}}],"profile":{"max_iob":10,"type":"current","max_daily_basal":0.25,"max_basal":1,"min_bg":90,"max_bg":90,"target_bg":90,"carb_ratio":14.8,"sens":84,"max_daily_safety_multiplier":5,"current_basal_safety_multiplier":5,"lgsThreshold":95,"high_temptarget_raises_sensitivity":false,"low_temptarget_lowers_sensitivity":false,"sensitivity_raises_target":true,"resistance_lowers_target":true,"adv_target_adjustments":false,"exercise_mode":false,"half_basal_exercise_target":160,"maxCOB":120,"skip_neutral_temps":false,"remainingCarbsCap":90,"enableUAM":true,"A52_risk_enable":false,"SMBInterval":5,"enableSMB_with_COB":true,"enableSMB_with_temptarget":false,"allowSMB_with_high_temptarget":false,"enableSMB_always":false,"enableSMB_after_carbs":true,"maxSMBBasalMinutes":120,"maxUAMSMBBasalMinutes":120,"bolus_increment":0.05,"carbsReqThreshold":1,"current_basal":0.20000000298023224,"temptargetSet":false,"autosens_max":1.2,"autosens_min":0.7,"variable_sens":73.8,"insulinDivisor":75,"TDD":22.018235537646515},"autosens_data":{"ratio":1},"meal_data":{"carbs":38,"mealCOB":0,"slopeFromMaxDeviation":-0.1613636363636364,"slopeFromMinDeviation":0.6583333333333332,"lastBolusTime":1703024922820,"lastCarbTime":1703018782022},"microBolusAllowed":true,"currentTime":1703025505998,"flatBGsDetected":false,"tdd1D":20.141666612277426,"tdd7D":26.78606000595613,"tddLast24H":18.26249998137355,"tddLast4H":3.5625001028180123,"tddLast8to4H":2.233333351959785},"output":{"temp":"absolute","bg":152,"tick":"+4","eventualBG":227,"targetBG":90,"insulinReq":0.64,"deliverAt":"2023-12-19T22:38:25.998Z","sensitivityRatio":1,"variable_sens":73.8,"predBGs":{"IOB":[152,155,158,160,161,162,163,162,161,160,158,156,153,150,147,145,143,140,138,136,135,133,131,130,129,127,126,125,124,123,123,122,121,121,120,120,119,119,119,118,118,118,118,118,117],"ZT":[152,148,143,139,134,130,125,121,117,113,109,106,103,100,97,94,92,90,88,87,86,85,84,83,82,82,82,82,82,82,83,83,84,84,85,86,87,88,89,90],"UAM":[152,156,159,163,166,169,173,176,179,182,185,188,191,194,197,199,202,205,207,210,212,214,216,218,220,222,223,225,226,227,228,229,229,229,229,229,229,229,229,228,228,228,228,228,228,228,228,227]},"reason":"COB: 0, Dev: 50, BGI: -4, ISF: 74, CR: 14.8, Target: 90, minPredBG 137, minGuardBG 156, IOBpredBG 117, UAMpredBG 227; Eventual BG 227 >= 90,  insulinReq 0.64. Microbolusing 0.3U. adj. req. rate: 1.48 to maxSafeBasal: 1, temp 1.00 >~ req 1U\/hr. ","COB":0,"IOB":1.063,"units":0.3,"timestamp":"2023-12-19T22:38:26.013Z"}}