{"algorithm":"OpenAPSSMBDynamicISFPlugin","input":{"glucoseStatus":{"glucose":129,"noise":0,"delta":3,"short_avgdelta":3.5,"long_avgdelta":4.12,"date":1702902772000},"currenttemp":{"temp":"absolute","duration":15,"rate":0.75,"minutesrunning":15},"iob_data":[{"iob":0.289,"basaliob":0.265,"bolussnooze":0,"activity":0.0019,"lastBolusTime":1702893506960,"time":"2023-12-18T12:33:20.686Z","iobWithZeroTemp":{"iob":0.289,"basaliob":0.265,"bolussnooze":0,"activity":0.0019,"lastBolusTime":1702893506960,"time":"2023-12-18T12:33:20.686Z"}},{"iob":0.278,"basaliob":0.257,"bolussnooze":0,"activity":0.0022,"lastBolusTime":1702893506960,"time":"2023-12-18T12:38:20.686Z","iobWithZeroTemp":{"iob":0.268,"basaliob":0.247,"bolussnooze":0,"activity":0.0022,"lastBolusTime":1702893506960,"time":"2023-12-18T12:38:20.686Z"}},{"iob":0.267,"basaliob":0.248,"bolussnooze":0,"activity":0.0024,"lastBolusTime":1702893506960,"time":"2023-12-18T12:43:20.686Z","iobWithZeroTemp":{"iob":0.245,"basaliob":0.226,"bolussnooze":0,"activity":0.0024,"lastBolusTime":1702893506960,"time":"2023-12-18T12:43:20.686Z"}},{"iob":0.255,"basaliob":0.238,"bolussnooze":0,"activity":0.0025,"lastBolusTime":1702893506960,"time":"2023-12-18T12:48:20.686Z","iobWithZeroTemp":{"iob":0.22,"basaliob":0.203,"bolussnooze":0,"activity":0.0024,"lastBolusTime":1702893506960,"time":"2023-12-18T12:48:20.686Z"}},{"iob":0.242,"basaliob":0.227,"bolussnooze":0,"activity":0.0027,"lastBolusTime":1702893506960,"time":"2023-12-18T12:53:20.686Z","iobWithZeroTemp":{"iob":0.196,"basaliob":0.181,"bolussnooze":0,"activity":0.0025,"lastBolusTime":1702893506960,"time":"2023-12-18T12:53:20.686Z"}},{"iob":0.228,"basaliob":0.215,"bolussnooze":0,"activity":0.0026,"lastBolusTime":1702893506960,"time":"2023-12-18T12:58:20.686Z","iobWithZeroTemp":{"iob":0.17,"basaliob":0.157,"bolussnooze":0,"activity":0.0023,"lastBolusTime":1702893506960,"time":"2023-12-18T12:58:20.686Z"}},{"iob":0.215,"basaliob":0.203,"bolussnooze":0,"activity":0.0026,"lastBolusTime":1702893506960,"time":"2023-12-18T13:03:20.686Z","iobWithZeroTemp":{"iob":0.146,"basaliob":0.134,"bolussnooze":0,"activity":0.0022,"lastBolusTime":1702893506960,"time":"2023-12-18T13:03:20.686Z"}},{"iob":0.203,"basaliob":0.192,"bolussnooze":0,"activity":0.0026,"lastBolusTime":1702893506960,"time":"2023-12-18T13:08:20.686Z","iobWithZeroTemp":{"iob":0.124,"basaliob":0.113,"bolussnooze":0,"activity":0.0021,"lastBolusTime":1702893506960,"time":"2023-12-18T13:08:20.686Z"}},{"iob":0.189,"basaliob":0.18,"bolussnooze":0,"activity":0.0025,"lastBolusTime":1702893506960,"time":"2023-12-18T13:13:20.686Z","iobWithZeroTemp":{"iob":0.1,"basaliob":0.091,"bolussnooze":0,"activity":0.0019,"lastBolusTime":1702893506960,"time":"2023-12-18T13:13:20.686Z"}},{"iob":0.177,"basaliob":0.169,"bolussnooze":0,"activity":0.0025,"lastBolusTime":1702893506960,"time":"2023-12-18T13:18:20.686Z","iobWithZeroTemp":{"iob":0.078,"basaliob":0.07,"bolussnooze":0,"activity":0.0018,"lastBolusTime":1702893506960,"time":"2023-12-18T13:18:20.686Z"}},{"iob":0.164,"basaliob":0.157,"bolussnooze":0,"activity":0.0024,"lastBolusTime":1702893506960,"time":"2023-12-18T13:23:20.686Z","iobWithZeroTemp":{"iob":0.057,"basaliob":0.05,"bolussnooze":0,"activity":0.0016,"lastBolusTime":1702893506960,"time":"2023-12-18T13:23:20.686Z"}},{"iob":0.153,"basaliob":0.147,"bolussnooze":0,"activity":0.0023,"lastBolusTime":1702893506960,"time":"2023-12-18T13:28:20.686Z","iobWithZeroTemp":{"iob":0.037,"basaliob":0.031,"bolussnooze":0,"activity":0.0014,"lastBolusTime":1702893506960,"time":"2023-12-18T13:28:20.686Z"}},{"iob":0.142,"basaliob":0.136,"bolussnooze":0,"activity":0.0021,"lastBolusTime":1702893506960,"time":"2023-12-18T13:33:20.686Z","iobWithZeroTemp":{"iob":0.018,"basaliob":0.012,"bolussnooze":0,"activity":0.0011,"lastBolusTime":1702893506960,"time":"2023-12-18T13:33:20.686Z"}},{"iob":0.131,"basaliob":0.126,"bolussnooze":0,"activity":0.002,"lastBolusTime":1702893506960,"time":"2023-12-18T13:38:20.686Z","iobWithZeroTemp":{"iob":0,"basaliob":-0.005,"bolussnooze":0,"activity":9.0E-4,"lastBolusTime":1702893506960,"time":"2023-12-18T13:38:20.686Z"}},{"iob":0.121,"basaliob":0.117,"bolussnooze":0,"activity":0.0019,"lastBolusTime":1702893506960,"time":"2023-12-18T13:43:20.686Z","iobWithZeroTemp":{"iob":-0.017,"basaliob":-0.021,"bolussnooze":0,"activity":7.0E-4,"lastBolusTime":1702893506960,"time":"2023-12-18T13:43:20.686Z"}},{"iob":0.112,"basaliob":0.108,"bolussnooze":0,"activity":0.0018,"lastBolusTime":1702893506960,"time":"2023-12-18T13:48:20.686Z","iobWithZeroTemp":{"iob":-0.032,"basaliob":-0.036,"bolussnooze":0,"activity":5.0E-4,"lastBolusTime":1702893506960,"time":"2023-12-18T13:48:20.686Z"}},{"iob":0.102,"basaliob":0.099,"bolussnooze":0,"activity":0.0017,"lastBolusTime":1702893506960,"time":"2023-12-18T13:53:20.686Z","iobWithZeroTemp":{"iob":-0.048,"basaliob":-0.051,"bolussnooze":0,"activity":3.0E-4,"lastBolusTime":1702893506960,"time":"2023-12-18T13:53:20.686Z"}},{"iob":0.094,"basaliob":0.091,"bolussnooze":0,"activity":0.0016,"lastBolusTime":1702893506960,"time":"2023-12-18T13:58:20.686Z","iobWithZeroTemp":{"iob":-0.062,"basaliob":-0.065,"bolussnooze":0,"activity":1.0E-4,"lastBolusTime":1702893506960,"time":"2023-12-18T13:58:20.686Z"}},{"iob":0.086,"basaliob":0.084,"bolussnooze":0,"activity":0.0015,"lastBolusTime":1702893506960,"time":"2023-12-18T14:03:20.686Z","iobWithZeroTemp":{"iob":-0.079,"basaliob":-0.081,"bolussnooze":0,"activity":0,"lastBolusTime":1702893506960,"time":"2023-12-18T14:03:20.686Z"}},{"iob":0.079,"basaliob":0.077,"bolussnooze":0,"activity":0.0015,"lastBolusTime":1702893506960,"time":"2023-12-18T14:08:20.686Z","iobWithZeroTemp":{"iob":-0.094,"basaliob":-0.096,"bolussnooze":0,"activity":-1.0E-4,"lastBolusTime":1702893506960,"time":"2023-12-18T14:08:20.686Z"}},{"iob":0.072,"basaliob":0.07,"bolussnooze":0,"activity":0.0014,"lastBolusTime":1702893506960,"time":"2023-12-18T14:13:20.686Z","iobWithZeroTemp":{"iob":-0.11,"basaliob":-0.112,"bolussnooze":0,"activity":-3.0E-4,"lastBolusTime":1702893506960,"time":"2023-12-18T14:13:20.686Z"}},{"iob":0.065,"basaliob":0.064,"bolussnooze":0,"activity":0.0012,"lastBolusTime":1702893506960,"time":"2023-12-18T14:18:20.686Z","iobWithZeroTemp":{"iob":-0.124,"basaliob":-0.125,"bolussnooze":0,"activity":-6.0E-4,"lastBolusTime":1702893506960,"time":"2023-12-18T14:18:20.686Z"}},{"iob":0.06,"basaliob":0.059,"bolussnooze":0,"activity":0.0011,"lastBolusTime":1702893506960,"time":"2023-12-18T14:23:20.686Z","iobWithZeroTemp":{"iob":-0.137,"basaliob":-0.138,"bolussnooze":0,"activity":-8.0E-4,"lastBolusTime":1702893506960,"time":"2023-12-18T14:23:20.686Z"}},{"iob":0.054,"basaliob":0.053,"bolussnooze":0,"activity":0.001,"lastBolusTime":1702893506960,"time":"2023-12-18T14:28:20.686Z","iobWithZeroTemp":{"iob":-0.15,"basaliob":-0.151,"bolussnooze":0,"activity":-0.001,"lastBolusTime":1702893506960,"time":"2023-12-18T14:28:20.686Z"}},{"iob":0.05,"basaliob":0.049,"bolussnooze":0,"activity":9.0E-4,"lastBolusTime":1702893506960,"time":"2023-12-18T14:33:20.686Z","iobWithZeroTemp":{"iob":-0.16,"basaliob":-0.161,"bolussnooze":0,"activity":-0.0012,"lastBolusTime":1702893506960,"time":"2023-12-18T14:33:20.686Z"}},{"iob":0.045,"basaliob":0.044,"bolussnooze":0,"activity":9.0E-4,"lastBolusTime":1702893506960,"time":"2023-12-18T14:38:20.686Z","iobWithZeroTemp":{"iob":-0.171,"basaliob":-0.172,"bolussnooze":0,"activity":-0.0013,"lastBolusTime":1702893506960,"time":"2023-12-18T14:38:20.686Z"}},{"iob":0.041,"basaliob":0.04,"bolussnooze":0,"activity":8.0E-4,"lastBolusTime":1702893506960,"time":"2023-12-18T14:43:20.686Z","iobWithZeroTemp":{"iob":-0.181,"basaliob":-0.182,"bolussnooze":0,"activity":-0.0015,"lastBolusTime":1702893506960,"time":"2023-12-18T14:43:20.686Z"}},{"iob":0.036,"basaliob":0.036,"bolussnooze":0,"activity":7.0E-4,"lastBolusTime":1702893506960,"time":"2023-12-18T14:48:20.686Z","iobWithZeroTemp":{"iob":-0.191,"basaliob":-0.191,"bolussnooze":0,"activity":-0.0016,"lastBolusTime":1702893506960,"time":"2023-12-18T14:48:20.686Z"}},{"iob":0.033,"basaliob":0.033,"bolussnooze":0,"activity":7.0E-4,"lastBolusTime":1702893506960,"time":"2023-12-18T14:53:20.686Z","iobWithZeroTemp":{"iob":-0.199,"basaliob":-0.199,"bolussnooze":0,"activity":-0.0017,"lastBolusTime":1702893506960,"time":"2023-12-18T14:53:20.686Z"}},{"iob":0.029,"basaliob":0.029,"bolussnooze":0,"activity":6.0E-4,"lastBolusTime":1702893506960,"time":"2023-12-18T14:58:20.686Z","iobWithZeroTemp":{"iob":-0.207,"basaliob":-0.207,"bolussnooze":0,"activity":-0.0019,"lastBolusTime":1702893506960,"time":"2023-12-18T14:58:20.686Z"}},{"iob":0.026,"basaliob":0.026,"bolussnooze":0,"activity":6.0E-4,"lastBolusTime":1702893506960,"time":"2023-12-18T15:03:20.686Z","iobWithZeroTemp":{"iob":-0.214,"basaliob":-0.214,"bolussnooze":0,"activity":-0.0019,"lastBolusTime":1702893506960,"time":"2023-12-18T15:03:20.686Z"}},{"iob":0.024,"basaliob":0.024,"bolussnooze":0,"activity":5.0E-4,"lastBolusTime":1702893506960,"time":"2023-12-18T15:08:20.686Z","iobWithZeroTemp":{"iob":-0.22,"basaliob":-0.22,"bolussnooze":0,"activity":-0.0021,"lastBolusTime":1702893506960,"time":"2023-12-18T15:08:20.686Z"}},{"iob":0.021,"basaliob":0.021,"bolussnooze":0,"activity":5.0E-4,"lastBolusTime":1702893506960,"time":"2023-12-18T15:13:20.686Z","iobWithZeroTemp":{"iob":-0.227,"basaliob":-0.227,"bolussnooze":0,"activity":-0.0022,"lastBolusTime":1702893506960,"time":"2023-12-18T15:13:20.686Z"}},{"iob":0.019,"basaliob":0.019,"bolussnooze":0,"activity":4.0E-4,"lastBolusTime":1702893506960,"time":"2023-12-18T15:18:20.686Z","iobWithZeroTemp":{"iob":-0.232,"basaliob":-0.232,"bolussnooze":0,"activity":-0.0023,"lastBolusTime":1702893506960,"time":"2023-12-18T15:18:20.686Z"}},{"iob":0.017,"basaliob":0.017,"bolussnooze":0,"activity":4.0E-4,"lastBolusTime":1702893506960,"time":"2023-12-18T15:23:20.686Z","iobWithZeroTemp":{"iob":-0.237,"basaliob":-0.237,"bolussnooze":0,"activity":-0.0024,"lastBolusTime":1702893506960,"time":"2023-12-18T15:23:20.686Z"}},{"iob":0.015,"basaliob":0.015,"bolussnooze":0,"activity":3.0E-4,"lastBolusTime":1702893506960,"time":"2023-12-18T15:28:20.686Z","iobWithZeroTemp":{"iob":-0.242,"basaliob":-0.242,"bolussnooze":0,"activity":-0.0025,"lastBolusTime":1702893506960,"time":"2023-12-18T15:28:20.686Z"}},{"iob":0.014,"basaliob":0.014,"bolussnooze":0,"activity":3.0E-4,"lastBolusTime":1702893506960,"time":"2023-12-18T15:33:20.686Z","iobWithZeroTemp":{"iob":-0.245,"basaliob":-0.245,"bolussnooze":0,"activity":-0.0026,"lastBolusTime":1702893506960,"time":"2023-12-18T15:33:20.686Z"}},{"iob":0.012,"basaliob":0.012,"bolussnooze":0,"activity":3.0E-4,"lastBolusTime":1702893506960,"time":"2023-12-18T15:38:20.686Z","iobWithZeroTemp":{"iob":-0.249,"basaliob":-0.249,"bolussnooze":0,"activity":-0.0026,"lastBolusTime":1702893506960,"time":"2023-12-18T15:38:20.686Z"}},{"iob":0.011,"basaliob":0.011,"bolussnooze":0,"activity":3.0E-4,"lastBolusTime":1702893506960,"time":"2023-12-18T15:43:20.686Z","iobWithZeroTemp":{"iob":-0.252,"basaliob":-0.252,"bolussnooze":0,"activity":-0.0026,"lastBolusTime":1702893506960,"time":"2023-12-18T15:43:20.686Z"}},{"iob":0.009,"basaliob":0.009,"bolussnooze":0,"activity":2.0E-4,"lastBolusTime":1702893506960,"time":"2023-12-18T15:48:20.686Z","iobWithZeroTemp":{"iob":-0.256,"basaliob":-0.256,"bolussnooze":0,"activity":-0.0028,"lastBolusTime":1702893506960,"time":"2023-12-18T15:48:20.686Z"}},{"iob":0.008,"basaliob":0.008,"bolussnooze":0,"activity":2.0E-4,"lastBolusTime":1702893506960,"time":"2023-12-18T15:53:20.686Z","iobWithZeroTemp":{"iob":-0.259,"basaliob":-0.259,"bolussnooze":0,"activity":-0.0028,"lastBolusTime":1702893506960,"time":"2023-12-18T15:53:20.686Z"}},{"iob":0.007,"basaliob":0.007,"bolussnooze":0,"activity":2.0E-4,"lastBolusTime":1702893506960,"time":"2023-12-18T15:58:20.686Z","iobWithZeroTemp":{"iob":-0.261,"basaliob":-0.261,"bolussnooze":0,"activity":-0.0028,"lastBolusTime":1702893506960,"time":"2023-12-18T15:58:20.686Z"}},{"iob":0.006,"basaliob":0.006,"bolussnooze":0,"activity":2.0E-4,"lastBolusTime":0,"time":"2023-12-18T16:03:20.686Z","iobWithZeroTemp":{"iob":-0.264,"basaliob":-0.264,"bolussnooze":0,"activity":-0.0029,"lastBolusTime":0,"time":"2023-12-18T16:03:20.686Z"}},{"iob":0.006,"basaliob":0.006,"bolussnooze":0,"activity":2.0E-4,"lastBolusTime":0,"time":"2023-12-18T16:08:20.686Z","iobWithZeroTemp":{"iob":-0.265,"basaliob":-0.265,"bolussnooze":0,"activity":-0.0029,"lastBolusTime":0,"time":"2023-12-18T16:08:20.686Z"}},{"iob":0.005,"basaliob":0.005,"bolussnooze":0,"activity":1.0E-4,"lastBolusTime":0,"time":"2023-12-18T16:13:20.686Z","iobWithZeroTemp":{"iob":-0.267,"basaliob":-0.267,"bolussnooze":0,"activity":-0.003,"lastBolusTime":0,"time":"2023-12-18T16:13:20.686Z"}},{"iob":0.004,"basaliob":0.004,"bolussnooze":0,"activity":1.0E-4,"lastBolusTime":0,"time":"2023-12-18T16:18:20.686Z","iobWithZeroTemp":{"iob":-0.269,"basaliob":-0.269,"bolussnooze":0,"activity":-0.003,"lastBolusTime":0,"time":"2023-12-18T16:18:20.686Z"}},{"iob":0.004,"basaliob":0.004,"bolussnooze":0,"activity":1.0E-4,"lastBolusTime":0,"time":"2023-12-18T16:23:20.686Z","iobWithZeroTemp":{"iob":-0.27,"basaliob":-0.27,"bolussnooze":0,"activity":-0.0031,"lastBolusTime":0,"time":"2023-12-18T16:23:20.686Z"}},{"iob":0.003,"basaliob":0.003,"bolussnooze":0,"activity":1.0E-4,"lastBolusTime":0,"time":"2023-12-18T16:28:20.686Z","iobWithZeroTemp":{"iob":-0.272,"basaliob":-0.272,"bolussnooze":0,"activity":-0.0031,"lastBolusTime":0,"time":"2023-12-18T16:28:20.686Z"}}],"profile":{"max_iob":10,"type":"current","max_daily_basal":0.25,"max_basal":0.75,"min_bg":90,"max_bg":90,"target_bg":90,"carb_ratio":12.4,"sens":84,"max_daily_safety_multiplier":5,"current_basal_safety_multiplier":5,"lgsThreshold":95,"high_temptarget_raises_sensitivity":false,"low_temptarget_lowers_sensitivity":false,"sensitivity_raises_target":true,"resistance_lowers_target":true,"adv_target_adjustments":false,"exercise_mode":false,"half_basal_exercise_target":160,"maxCOB":120,"skip_neutral_temps":false,"remainingCarbsCap":90,"enableUAM":true,"A52_risk_enable":false,"SMBInterval":5,"enableSMB_with_COB":true,"enableSMB_with_temptarget":false,"allowSMB_with_high_temptarget":false,"enableSMB_always":false,"enableSMB_after_carbs":true,"maxSMBBasalMinutes":120,"maxUAMSMBBasalMinutes":120,"bolus_increment":0.05,"carbsReqThreshold":1,"current_basal":0.15000000596046448,"temptargetSet":false,"autosens_max":1.2,"autosens_min":0.7,"variable_sens":89.4,"insulinDivisor":75,"TDD":20.115496510819483},"autosens_data":{"ratio":1},"meal_data":{"carbs":0,"mealCOB":0,"slopeFromMaxDeviation":-0.8739999999999998,"slopeFromMinDeviation":0.4698181818181818,"lastBolusTime":1702893506960,"lastCarbTime":0},"microBolusAllowed":true,"currentTime":1702902801427,"flatBGsDetected":false,"tdd1D":22.354166475186748,"tdd7D":26.782783919711285,"tddLast24H":22.483333164205153,"tddLast4H":1.045833340783914,"tddLast8to4H":3.675000052154064},"output":{"temp":"absolute","bg":129,"tick":"+3","eventualBG":126,"targetBG":90,"insulinReq":0.3,"deliverAt":"2023-12-18T12:33:21.427Z","sensitivityRatio":1,"variable_sens":89.4,"predBGs":{"IOB":[129,132,134,136,137,139,139,140,140,140,140,139,138,137,136,135,135,134,133,132,132,131,131,130,130,129,129,129,128,128,128,127,127,127,127,127,126,126,126,126,126,126,126,126,126,125],"ZT":[129,128,127,126,125,124,123,122,121,120,119,118,118,117,117,116,116,116,116,116,116,116,116,117,117,118,118,119,120,121,122,123,123],"UAM":[129,131,132,133,132,131,130,128,127,126,125,124,123,122,121,120,119,118,118,117,116,116,115,114,114,114,113,113,112,112,112,111,111,111,111,111,110,110,110,110,110,110,110,110,109]},"reason":"COB: 0, Dev: 23, BGI: -1, ISF: 89, CR: 12.4, Target: 90, minPredBG 117, minGuardBG 109, IOBpredBG 125, UAMpredBG 109; Eventual BG 126 >= 90, adj. req. rate: 0.75 to maxSafeBasal: 0.75, temp 0.75 >~ req 0.75U\/hr. ","COB":0,"IOB":0.289,"timestamp":"2023-12-18T12:33:21.433Z"}}