{"algorithm":"OpenAPSSMBDynamicISFPlugin","input":{"glucoseStatus":{"glucose":125,"noise":0,"delta":1,"short_avgdelta":0.89,"long_avgdelta":0.28,"date":1702860470000},"currenttemp":{"temp":"absolute","duration":20,"rate":0,"minutesrunning":10},"iob_data":[{"iob":0.363,"basaliob":0.29,"bolussnooze":0,"activity":0.0057,"lastBolusTime":1702853609765,"time":"2023-12-18T00:48:21.014Z","iobWithZeroTemp":{"iob":0.363,"basaliob":0.29,"bolussnooze":0,"activity":0.0057,"lastBolusTime":1702853609765,"time":"2023-12-18T00:48:21.014Z"}},{"iob":0.335,"basaliob":0.269,"bolussnooze":0,"activity":0.0054,"lastBolusTime":1702853609765,"time":"2023-12-18T00:53:21.014Z","iobWithZeroTemp":{"iob":0.325,"basaliob":0.259,"bolussnooze":0,"activity":0.0054,"lastBolusTime":1702853609765,"time":"2023-12-18T00:53:21.014Z"}},{"iob":0.309,"basaliob":0.25,"bolussnooze":0,"activity":0.0051,"lastBolusTime":1702853609765,"time":"2023-12-18T00:58:21.014Z","iobWithZeroTemp":{"iob":0.287,"basaliob":0.228,"bolussnooze":0,"activity":0.0051,"lastBolusTime":1702853609765,"time":"2023-12-18T00:58:21.014Z"}},{"iob":0.284,"basaliob":0.231,"bolussnooze":0,"activity":0.0047,"lastBolusTime":1702853609765,"time":"2023-12-18T01:03:21.014Z","iobWithZeroTemp":{"iob":0.246,"basaliob":0.193,"bolussnooze":0,"activity":0.0046,"lastBolusTime":1702853609765,"time":"2023-12-18T01:03:21.014Z"}},{"iob":0.262,"basaliob":0.214,"bolussnooze":0,"activity":0.0044,"lastBolusTime":1702853609765,"time":"2023-12-18T01:08:21.014Z","iobWithZeroTemp":{"iob":0.208,"basaliob":0.16,"bolussnooze":0,"activity":0.0042,"lastBolusTime":1702853609765,"time":"2023-12-18T01:08:21.014Z"}},{"iob":0.24,"basaliob":0.197,"bolussnooze":0,"activity":0.0041,"lastBolusTime":1702853609765,"time":"2023-12-18T01:13:21.014Z","iobWithZeroTemp":{"iob":0.17,"basaliob":0.127,"bolussnooze":0,"activity":0.0038,"lastBolusTime":1702853609765,"time":"2023-12-18T01:13:21.014Z"}},{"iob":0.219,"basaliob":0.181,"bolussnooze":0,"activity":0.004,"lastBolusTime":1702853609765,"time":"2023-12-18T01:18:21.014Z","iobWithZeroTemp":{"iob":0.135,"basaliob":0.097,"bolussnooze":0,"activity":0.0036,"lastBolusTime":1702853609765,"time":"2023-12-18T01:18:21.014Z"}},{"iob":0.2,"basaliob":0.166,"bolussnooze":0,"activity":0.0037,"lastBolusTime":1702853609765,"time":"2023-12-18T01:23:21.014Z","iobWithZeroTemp":{"iob":0.101,"basaliob":0.067,"bolussnooze":0,"activity":0.0032,"lastBolusTime":1702853609765,"time":"2023-12-18T01:23:21.014Z"}},{"iob":0.184,"basaliob":0.153,"bolussnooze":0,"activity":0.0034,"lastBolusTime":1702853609765,"time":"2023-12-18T01:28:21.014Z","iobWithZeroTemp":{"iob":0.072,"basaliob":0.041,"bolussnooze":0,"activity":0.0027,"lastBolusTime":1702853609765,"time":"2023-12-18T01:28:21.014Z"}},{"iob":0.167,"basaliob":0.14,"bolussnooze":0,"activity":0.0031,"lastBolusTime":1702853609765,"time":"2023-12-18T01:33:21.014Z","iobWithZeroTemp":{"iob":0.042,"basaliob":0.015,"bolussnooze":0,"activity":0.0023,"lastBolusTime":1702853609765,"time":"2023-12-18T01:33:21.014Z"}},{"iob":0.152,"basaliob":0.128,"bolussnooze":0,"activity":0.0029,"lastBolusTime":1702853609765,"time":"2023-12-18T01:38:21.014Z","iobWithZeroTemp":{"iob":0.015,"basaliob":-0.009,"bolussnooze":0,"activity":0.0019,"lastBolusTime":1702853609765,"time":"2023-12-18T01:38:21.014Z"}},{"iob":0.138,"basaliob":0.116,"bolussnooze":0,"activity":0.0027,"lastBolusTime":1702853609765,"time":"2023-12-18T01:43:21.014Z","iobWithZeroTemp":{"iob":-0.011,"basaliob":-0.033,"bolussnooze":0,"activity":0.0016,"lastBolusTime":1702853609765,"time":"2023-12-18T01:43:21.014Z"}},{"iob":0.125,"basaliob":0.106,"bolussnooze":0,"activity":0.0025,"lastBolusTime":1702853609765,"time":"2023-12-18T01:48:21.014Z","iobWithZeroTemp":{"iob":-0.035,"basaliob":-0.054,"bolussnooze":0,"activity":0.0013,"lastBolusTime":1702853609765,"time":"2023-12-18T01:48:21.014Z"}},{"iob":0.114,"basaliob":0.097,"bolussnooze":0,"activity":0.0022,"lastBolusTime":1702853609765,"time":"2023-12-18T01:53:21.014Z","iobWithZeroTemp":{"iob":-0.056,"basaliob":-0.073,"bolussnooze":0,"activity":8.0E-4,"lastBolusTime":1702853609765,"time":"2023-12-18T01:53:21.014Z"}},{"iob":0.103,"basaliob":0.088,"bolussnooze":0,"activity":0.0021,"lastBolusTime":1702853609765,"time":"2023-12-18T01:58:21.014Z","iobWithZeroTemp":{"iob":-0.076,"basaliob":-0.091,"bolussnooze":0,"activity":6.0E-4,"lastBolusTime":1702853609765,"time":"2023-12-18T01:58:21.014Z"}},{"iob":0.092,"basaliob":0.079,"bolussnooze":0,"activity":0.0019,"lastBolusTime":1702853609765,"time":"2023-12-18T02:03:21.014Z","iobWithZeroTemp":{"iob":-0.096,"basaliob":-0.109,"bolussnooze":0,"activity":3.0E-4,"lastBolusTime":1702853609765,"time":"2023-12-18T02:03:21.014Z"}},{"iob":0.084,"basaliob":0.072,"bolussnooze":0,"activity":0.0017,"lastBolusTime":1702853609765,"time":"2023-12-18T02:08:21.014Z","iobWithZeroTemp":{"iob":-0.112,"basaliob":-0.124,"bolussnooze":0,"activity":-1.0E-4,"lastBolusTime":1702853609765,"time":"2023-12-18T02:08:21.014Z"}},{"iob":0.075,"basaliob":0.065,"bolussnooze":0,"activity":0.0016,"lastBolusTime":1702853609765,"time":"2023-12-18T02:13:21.014Z","iobWithZeroTemp":{"iob":-0.129,"basaliob":-0.139,"bolussnooze":0,"activity":-3.0E-4,"lastBolusTime":1702853609765,"time":"2023-12-18T02:13:21.014Z"}},{"iob":0.068,"basaliob":0.059,"bolussnooze":0,"activity":0.0014,"lastBolusTime":1702853609765,"time":"2023-12-18T02:18:21.014Z","iobWithZeroTemp":{"iob":-0.143,"basaliob":-0.152,"bolussnooze":0,"activity":-6.0E-4,"lastBolusTime":1702853609765,"time":"2023-12-18T02:18:21.014Z"}},{"iob":0.061,"basaliob":0.053,"bolussnooze":0,"activity":0.0013,"lastBolusTime":1702853609765,"time":"2023-12-18T02:23:21.014Z","iobWithZeroTemp":{"iob":-0.156,"basaliob":-0.164,"bolussnooze":0,"activity":-8.0E-4,"lastBolusTime":1702853609765,"time":"2023-12-18T02:23:21.014Z"}},{"iob":0.055,"basaliob":0.048,"bolussnooze":0,"activity":0.0012,"lastBolusTime":1702853609765,"time":"2023-12-18T02:28:21.014Z","iobWithZeroTemp":{"iob":-0.168,"basaliob":-0.175,"bolussnooze":0,"activity":-0.001,"lastBolusTime":1702853609765,"time":"2023-12-18T02:28:21.014Z"}},{"iob":0.049,"basaliob":0.043,"bolussnooze":0,"activity":0.0011,"lastBolusTime":1702853609765,"time":"2023-12-18T02:33:21.014Z","iobWithZeroTemp":{"iob":-0.18,"basaliob":-0.186,"bolussnooze":0,"activity":-0.0012,"lastBolusTime":1702853609765,"time":"2023-12-18T02:33:21.014Z"}},{"iob":0.043,"basaliob":0.038,"bolussnooze":0,"activity":9.0E-4,"lastBolusTime":1702853609765,"time":"2023-12-18T02:38:21.014Z","iobWithZeroTemp":{"iob":-0.191,"basaliob":-0.196,"bolussnooze":0,"activity":-0.0015,"lastBolusTime":1702853609765,"time":"2023-12-18T02:38:21.014Z"}},{"iob":0.039,"basaliob":0.034,"bolussnooze":0,"activity":9.0E-4,"lastBolusTime":1702853609765,"time":"2023-12-18T02:43:21.014Z","iobWithZeroTemp":{"iob":-0.199,"basaliob":-0.204,"bolussnooze":0,"activity":-0.0016,"lastBolusTime":1702853609765,"time":"2023-12-18T02:43:21.014Z"}},{"iob":0.035,"basaliob":0.031,"bolussnooze":0,"activity":8.0E-4,"lastBolusTime":1702853609765,"time":"2023-12-18T02:48:21.014Z","iobWithZeroTemp":{"iob":-0.207,"basaliob":-0.211,"bolussnooze":0,"activity":-0.0017,"lastBolusTime":1702853609765,"time":"2023-12-18T02:48:21.014Z"}},{"iob":0.03,"basaliob":0.027,"bolussnooze":0,"activity":7.0E-4,"lastBolusTime":1702853609765,"time":"2023-12-18T02:53:21.014Z","iobWithZeroTemp":{"iob":-0.216,"basaliob":-0.219,"bolussnooze":0,"activity":-0.0019,"lastBolusTime":1702853609765,"time":"2023-12-18T02:53:21.014Z"}},{"iob":0.027,"basaliob":0.024,"bolussnooze":0,"activity":7.0E-4,"lastBolusTime":1702853609765,"time":"2023-12-18T02:58:21.014Z","iobWithZeroTemp":{"iob":-0.223,"basaliob":-0.226,"bolussnooze":0,"activity":-0.002,"lastBolusTime":1702853609765,"time":"2023-12-18T02:58:21.014Z"}},{"iob":0.024,"basaliob":0.022,"bolussnooze":0,"activity":6.0E-4,"lastBolusTime":1702853609765,"time":"2023-12-18T03:03:21.014Z","iobWithZeroTemp":{"iob":-0.225,"basaliob":-0.227,"bolussnooze":0,"activity":-0.0021,"lastBolusTime":1702853609765,"time":"2023-12-18T03:03:21.014Z"}},{"iob":0.021,"basaliob":0.019,"bolussnooze":0,"activity":6.0E-4,"lastBolusTime":1702853609765,"time":"2023-12-18T03:08:21.014Z","iobWithZeroTemp":{"iob":-0.227,"basaliob":-0.229,"bolussnooze":0,"activity":-0.0022,"lastBolusTime":1702853609765,"time":"2023-12-18T03:08:21.014Z"}},{"iob":0.019,"basaliob":0.017,"bolussnooze":0,"activity":5.0E-4,"lastBolusTime":1702853609765,"time":"2023-12-18T03:13:21.014Z","iobWithZeroTemp":{"iob":-0.227,"basaliob":-0.229,"bolussnooze":0,"activity":-0.0023,"lastBolusTime":1702853609765,"time":"2023-12-18T03:13:21.014Z"}},{"iob":0.016,"basaliob":0.015,"bolussnooze":0,"activity":5.0E-4,"lastBolusTime":1702853609765,"time":"2023-12-18T03:18:21.014Z","iobWithZeroTemp":{"iob":-0.229,"basaliob":-0.23,"bolussnooze":0,"activity":-0.0023,"lastBolusTime":1702853609765,"time":"2023-12-18T03:18:21.014Z"}},{"iob":0.014,"basaliob":0.013,"bolussnooze":0,"activity":3.0E-4,"lastBolusTime":1702853609765,"time":"2023-12-18T03:23:21.014Z","iobWithZeroTemp":{"iob":-0.229,"basaliob":-0.23,"bolussnooze":0,"activity":-0.0025,"lastBolusTime":1702853609765,"time":"2023-12-18T03:23:21.014Z"}},{"iob":0.013,"basaliob":0.012,"bolussnooze":0,"activity":3.0E-4,"lastBolusTime":1702853609765,"time":"2023-12-18T03:28:21.014Z","iobWithZeroTemp":{"iob":-0.228,"basaliob":-0.229,"bolussnooze":0,"activity":-0.0025,"lastBolusTime":1702853609765,"time":"2023-12-18T03:28:21.014Z"}},{"iob":0.011,"basaliob":0.01,"bolussnooze":0,"activity":3.0E-4,"lastBolusTime":1702853609765,"time":"2023-12-18T03:33:21.014Z","iobWithZeroTemp":{"iob":-0.229,"basaliob":-0.23,"bolussnooze":0,"activity":-0.0025,"lastBolusTime":1702853609765,"time":"2023-12-18T03:33:21.014Z"}},{"iob":0.01,"basaliob":0.009,"bolussnooze":0,"activity":2.0E-4,"lastBolusTime":1702853609765,"time":"2023-12-18T03:38:21.014Z","iobWithZeroTemp":{"iob":-0.228,"basaliob":-0.229,"bolussnooze":0,"activity":-0.0026,"lastBolusTime":1702853609765,"time":"2023-12-18T03:38:21.014Z"}},{"iob":0.009,"basaliob":0.008,"bolussnooze":0,"activity":2.0E-4,"lastBolusTime":1702853609765,"time":"2023-12-18T03:43:21.014Z","iobWithZeroTemp":{"iob":-0.227,"basaliob":-0.228,"bolussnooze":0,"activity":-0.0026,"lastBolusTime":1702853609765,"time":"2023-12-18T03:43:21.014Z"}},{"iob":0.007,"basaliob":0.007,"bolussnooze":0,"activity":2.0E-4,"lastBolusTime":1702853609765,"time":"2023-12-18T03:48:21.014Z","iobWithZeroTemp":{"iob":-0.228,"basaliob":-0.228,"bolussnooze":0,"activity":-0.0026,"lastBolusTime":1702853609765,"time":"2023-12-18T03:48:21.014Z"}},{"iob":0.006,"basaliob":0.006,"bolussnooze":0,"activity":2.0E-4,"lastBolusTime":1702853609765,"time":"2023-12-18T03:53:21.014Z","iobWithZeroTemp":{"iob":-0.227,"basaliob":-0.227,"bolussnooze":0,"activity":-0.0026,"lastBolusTime":1702853609765,"time":"2023-12-18T03:53:21.014Z"}},{"iob":0.005,"basaliob":0.005,"bolussnooze":0,"activity":2.0E-4,"lastBolusTime":1702853609765,"time":"2023-12-18T03:58:21.014Z","iobWithZeroTemp":{"iob":-0.227,"basaliob":-0.227,"bolussnooze":0,"activity":-0.0026,"lastBolusTime":1702853609765,"time":"2023-12-18T03:58:21.014Z"}},{"iob":0.004,"basaliob":0.004,"bolussnooze":0,"activity":1.0E-4,"lastBolusTime":1702853609765,"time":"2023-12-18T04:03:21.014Z","iobWithZeroTemp":{"iob":-0.234,"basaliob":-0.234,"bolussnooze":0,"activity":-0.0027,"lastBolusTime":1702853609765,"time":"2023-12-18T04:03:21.014Z"}},{"iob":0.004,"basaliob":0.004,"bolussnooze":0,"activity":1.0E-4,"lastBolusTime":1702853609765,"time":"2023-12-18T04:08:21.014Z","iobWithZeroTemp":{"iob":-0.241,"basaliob":-0.241,"bolussnooze":0,"activity":-0.0027,"lastBolusTime":1702853609765,"time":"2023-12-18T04:08:21.014Z"}},{"iob":0.003,"basaliob":0.003,"bolussnooze":0,"activity":1.0E-4,"lastBolusTime":1702853609765,"time":"2023-12-18T04:13:21.014Z","iobWithZeroTemp":{"iob":-0.249,"basaliob":-0.249,"bolussnooze":0,"activity":-0.0027,"lastBolusTime":1702853609765,"time":"2023-12-18T04:13:21.014Z"}},{"iob":0.003,"basaliob":0.003,"bolussnooze":0,"activity":1.0E-4,"lastBolusTime":1702853609765,"time":"2023-12-18T04:18:21.014Z","iobWithZeroTemp":{"iob":-0.255,"basaliob":-0.255,"bolussnooze":0,"activity":-0.0028,"lastBolusTime":1702853609765,"time":"2023-12-18T04:18:21.014Z"}},{"iob":0.002,"basaliob":0.002,"bolussnooze":0,"activity":1.0E-4,"lastBolusTime":1702853609765,"time":"2023-12-18T04:23:21.014Z","iobWithZeroTemp":{"iob":-0.263,"basaliob":-0.263,"bolussnooze":0,"activity":-0.0028,"lastBolusTime":1702853609765,"time":"2023-12-18T04:23:21.014Z"}},{"iob":0.002,"basaliob":0.002,"bolussnooze":0,"activity":1.0E-4,"lastBolusTime":1702853609765,"time":"2023-12-18T04:28:21.014Z","iobWithZeroTemp":{"iob":-0.269,"basaliob":-0.269,"bolussnooze":0,"activity":-0.0029,"lastBolusTime":1702853609765,"time":"2023-12-18T04:28:21.014Z"}},{"iob":0.001,"basaliob":0.001,"bolussnooze":0,"activity":1.0E-4,"lastBolusTime":1702853609765,"time":"2023-12-18T04:33:21.014Z","iobWithZeroTemp":{"iob":-0.275,"basaliob":-0.275,"bolussnooze":0,"activity":-0.0029,"lastBolusTime":1702853609765,"time":"2023-12-18T04:33:21.014Z"}},{"iob":0.001,"basaliob":0.001,"bolussnooze":0,"activity":0,"lastBolusTime":1702853609765,"time":"2023-12-18T04:38:21.014Z","iobWithZeroTemp":{"iob":-0.281,"basaliob":-0.281,"bolussnooze":0,"activity":-0.0031,"lastBolusTime":1702853609765,"time":"2023-12-18T04:38:21.014Z"}},{"iob":0.001,"basaliob":0.001,"bolussnooze":0,"activity":0,"lastBolusTime":1702853609765,"time":"2023-12-18T04:43:21.014Z","iobWithZeroTemp":{"iob":-0.286,"basaliob":-0.286,"bolussnooze":0,"activity":-0.0031,"lastBolusTime":1702853609765,"time":"2023-12-18T04:43:21.014Z"}}],"profile":{"max_iob":10,"type":"current","max_daily_basal":0.25,"max_basal":0.75,"min_bg":90,"max_bg":90,"target_bg":90,"carb_ratio":15.6,"sens":84,"max_daily_safety_multiplier":5,"current_basal_safety_multiplier":5,"lgsThreshold":95,"high_temptarget_raises_sensitivity":false,"low_temptarget_lowers_sensitivity":false,"sensitivity_raises_target":true,"resistance_lowers_target":true,"adv_target_adjustments":false,"exercise_mode":false,"half_basal_exercise_target":160,"maxCOB":120,"skip_neutral_temps":false,"remainingCarbsCap":90,"enableUAM":true,"A52_risk_enable":false,"SMBInterval":5,"enableSMB_with_COB":true,"enableSMB_with_temptarget":false,"allowSMB_with_high_temptarget":false,"enableSMB_always":false,"enableSMB_after_carbs":true,"maxSMBBasalMinutes":120,"maxUAMSMBBasalMinutes":120,"bolus_increment":0.05,"carbsReqThreshold":1,"current_basal":0.15000000596046448,"temptargetSet":false,"autosens_max":1.2,"autosens_min":0.7,"variable_sens":85,"insulinDivisor":75,"TDD":21.595546518933165},"autosens_data":{"ratio":1},"meal_data":{"carbs":0,"mealCOB":0,"slopeFromMaxDeviation":-0.07866666666666669,"slopeFromMinDeviation":0.4996666666666666,"lastBolusTime":1702853609765,"lastCarbTime":0},"microBolusAllowed":true,"currentTime":1702860502786,"flatBGsDetected":false,"tdd1D":22.354166475186748,"tdd7D":26.782783919711285,"tddLast24H":21.28749977126718,"tddLast4H":1.5333333392937978,"tddLast8to4H":5.029166735957066},"output":{"temp":"absolute","bg":125,"tick":"+1","eventualBG":125,"targetBG":90,"insulinReq":0.33,"deliverAt":"2023-12-18T00:48:22.786Z","sensitivityRatio":1,"variable_sens":85,"predBGs":{"IOB":[125,126,126,126,127,127,127,126,126,125,124,123,122,121,120,119,119,118,117,116,116,115,115,114,114,114,113,113,113,113,112,112,112,112,112,112,111],"ZT":[125,123,120,118,116,114,112,111,109,108,107,106,105,105,104,104,104,104,104,104,105,105,106,107,107],"UAM":[125,126,126,127,128,128,129,129,130,130,131,131,131,131,131,131,131,131,130,130,129,129,128,128,128,127,127,127,126,126,126,126,126,126,125]},"reason":"COB: 0, Dev: 20, BGI: -2, ISF: 85, CR: 15.6, Target: 90, minPredBG 118, minGuardBG 125, IOBpredBG 111, UAMpredBG 125; Eventual BG 125 >= 90, adj. req. rate: 0.81 to maxSafeBasal: 0.75, temp 0.00 < 0.75U\/hr. ","COB":0,"IOB":0.363,"duration":30,"rate":0.75,"timestamp":"2023-12-18T00:48:22.818Z"}}