{"algorithm":"OpenAPSSMBDynamicISFPlugin","input":{"glucoseStatus":{"glucose":103,"noise":0,"delta":-1,"short_avgdelta":-0.39,"long_avgdelta":1.48,"date":1702930673000},"currenttemp":{"temp":"absolute","duration":106,"rate":0,"minutesrunning":14},"iob_data":[{"iob":1.714,"basaliob":-0.012,"bolussnooze":1.5429,"activity":0.0094,"lastBolusTime":1702929831205,"time":"2023-12-18T20:18:23.014Z","iobWithZeroTemp":{"iob":1.714,"basaliob":-0.012,"bolussnooze":1.5429,"activity":0.0094,"lastBolusTime":1702929831205,"time":"2023-12-18T20:18:23.014Z"}},{"iob":1.661,"basaliob":-0.01,"bolussnooze":1.3951,"activity":0.0114,"lastBolusTime":1702929831205,"time":"2023-12-18T20:23:23.014Z","iobWithZeroTemp":{"iob":1.651,"basaliob":-0.02,"bolussnooze":1.3951,"activity":0.0114,"lastBolusTime":1702929831205,"time":"2023-12-18T20:23:23.014Z"}},{"iob":1.6,"basaliob":-0.008,"bolussnooze":1.2417,"activity":0.0129,"lastBolusTime":1702929831205,"time":"2023-12-18T20:28:23.014Z","iobWithZeroTemp":{"iob":1.578,"basaliob":-0.03,"bolussnooze":1.2417,"activity":0.0129,"lastBolusTime":1702929831205,"time":"2023-12-18T20:28:23.014Z"}},{"iob":1.533,"basaliob":-0.006,"bolussnooze":1.0909,"activity":0.014,"lastBolusTime":1702929831205,"time":"2023-12-18T20:33:23.014Z","iobWithZeroTemp":{"iob":1.498,"basaliob":-0.041,"bolussnooze":1.0909,"activity":0.0139,"lastBolusTime":1702929831205,"time":"2023-12-18T20:33:23.014Z"}},{"iob":1.461,"basaliob":-0.005,"bolussnooze":0.948,"activity":0.0147,"lastBolusTime":1702929831205,"time":"2023-12-18T20:38:23.014Z","iobWithZeroTemp":{"iob":1.415,"basaliob":-0.051,"bolussnooze":0.948,"activity":0.0145,"lastBolusTime":1702929831205,"time":"2023-12-18T20:38:23.014Z"}},{"iob":1.386,"basaliob":-0.004,"bolussnooze":0.816,"activity":0.0151,"lastBolusTime":1702929831205,"time":"2023-12-18T20:43:23.014Z","iobWithZeroTemp":{"iob":1.328,"basaliob":-0.062,"bolussnooze":0.816,"activity":0.0148,"lastBolusTime":1702929831205,"time":"2023-12-18T20:43:23.014Z"}},{"iob":1.311,"basaliob":-0.002,"bolussnooze":0.6965,"activity":0.0152,"lastBolusTime":1702929831205,"time":"2023-12-18T20:48:23.014Z","iobWithZeroTemp":{"iob":1.242,"basaliob":-0.071,"bolussnooze":0.6965,"activity":0.0148,"lastBolusTime":1702929831205,"time":"2023-12-18T20:48:23.014Z"}},{"iob":1.234,"basaliob":-0.002,"bolussnooze":0.5899,"activity":0.0152,"lastBolusTime":1702929831205,"time":"2023-12-18T20:53:23.014Z","iobWithZeroTemp":{"iob":1.155,"basaliob":-0.081,"bolussnooze":0.5899,"activity":0.0147,"lastBolusTime":1702929831205,"time":"2023-12-18T20:53:23.014Z"}},{"iob":1.158,"basaliob":-0.001,"bolussnooze":0.496,"activity":0.015,"lastBolusTime":1702929831205,"time":"2023-12-18T20:58:23.014Z","iobWithZeroTemp":{"iob":1.069,"basaliob":-0.09,"bolussnooze":0.496,"activity":0.0144,"lastBolusTime":1702929831205,"time":"2023-12-18T20:58:23.014Z"}},{"iob":1.085,"basaliob":0,"bolussnooze":0.4143,"activity":0.0146,"lastBolusTime":1702929831205,"time":"2023-12-18T21:03:23.014Z","iobWithZeroTemp":{"iob":0.986,"basaliob":-0.099,"bolussnooze":0.4143,"activity":0.0139,"lastBolusTime":1702929831205,"time":"2023-12-18T21:03:23.014Z"}},{"iob":1.012,"basaliob":0,"bolussnooze":0.3439,"activity":0.0142,"lastBolusTime":1702929831205,"time":"2023-12-18T21:08:23.014Z","iobWithZeroTemp":{"iob":0.905,"basaliob":-0.107,"bolussnooze":0.3439,"activity":0.0134,"lastBolusTime":1702929831205,"time":"2023-12-18T21:08:23.014Z"}},{"iob":0.943,"basaliob":0.001,"bolussnooze":0.2836,"activity":0.0137,"lastBolusTime":1702929831205,"time":"2023-12-18T21:13:23.014Z","iobWithZeroTemp":{"iob":0.827,"basaliob":-0.115,"bolussnooze":0.2836,"activity":0.0128,"lastBolusTime":1702929831205,"time":"2023-12-18T21:13:23.014Z"}},{"iob":0.876,"basaliob":0.001,"bolussnooze":0.2324,"activity":0.0131,"lastBolusTime":1702929831205,"time":"2023-12-18T21:18:23.014Z","iobWithZeroTemp":{"iob":0.752,"basaliob":-0.123,"bolussnooze":0.2324,"activity":0.0121,"lastBolusTime":1702929831205,"time":"2023-12-18T21:18:23.014Z"}},{"iob":0.811,"basaliob":0.001,"bolussnooze":0.1892,"activity":0.0126,"lastBolusTime":1702929831205,"time":"2023-12-18T21:23:23.014Z","iobWithZeroTemp":{"iob":0.68,"basaliob":-0.13,"bolussnooze":0.1892,"activity":0.0115,"lastBolusTime":1702929831205,"time":"2023-12-18T21:23:23.014Z"}},{"iob":0.75,"basaliob":0.001,"bolussnooze":0.1531,"activity":0.0119,"lastBolusTime":1702929831205,"time":"2023-12-18T21:28:23.014Z","iobWithZeroTemp":{"iob":0.612,"basaliob":-0.137,"bolussnooze":0.1531,"activity":0.0107,"lastBolusTime":1702929831205,"time":"2023-12-18T21:28:23.014Z"}},{"iob":0.693,"basaliob":0.002,"bolussnooze":0.123,"activity":0.0113,"lastBolusTime":1702929831205,"time":"2023-12-18T21:33:23.014Z","iobWithZeroTemp":{"iob":0.549,"basaliob":-0.142,"bolussnooze":0.123,"activity":0.01,"lastBolusTime":1702929831205,"time":"2023-12-18T21:33:23.014Z"}},{"iob":0.639,"basaliob":0.002,"bolussnooze":0.0981,"activity":0.0106,"lastBolusTime":1702929831205,"time":"2023-12-18T21:38:23.014Z","iobWithZeroTemp":{"iob":0.489,"basaliob":-0.148,"bolussnooze":0.0981,"activity":0.0092,"lastBolusTime":1702929831205,"time":"2023-12-18T21:38:23.014Z"}},{"iob":0.587,"basaliob":0.002,"bolussnooze":0.0777,"activity":0.01,"lastBolusTime":1702929831205,"time":"2023-12-18T21:43:23.014Z","iobWithZeroTemp":{"iob":0.431,"basaliob":-0.154,"bolussnooze":0.0777,"activity":0.0085,"lastBolusTime":1702929831205,"time":"2023-12-18T21:43:23.014Z"}},{"iob":0.539,"basaliob":0.002,"bolussnooze":0.061,"activity":0.0093,"lastBolusTime":1702929831205,"time":"2023-12-18T21:48:23.014Z","iobWithZeroTemp":{"iob":0.378,"basaliob":-0.159,"bolussnooze":0.061,"activity":0.0078,"lastBolusTime":1702929831205,"time":"2023-12-18T21:48:23.014Z"}},{"iob":0.494,"basaliob":0.002,"bolussnooze":0.0474,"activity":0.0087,"lastBolusTime":1702929831205,"time":"2023-12-18T21:53:23.014Z","iobWithZeroTemp":{"iob":0.329,"basaliob":-0.163,"bolussnooze":0.0474,"activity":0.0071,"lastBolusTime":1702929831205,"time":"2023-12-18T21:53:23.014Z"}},{"iob":0.452,"basaliob":0.002,"bolussnooze":0.0365,"activity":0.0081,"lastBolusTime":1702929831205,"time":"2023-12-18T21:58:23.014Z","iobWithZeroTemp":{"iob":0.283,"basaliob":-0.167,"bolussnooze":0.0365,"activity":0.0064,"lastBolusTime":1702929831205,"time":"2023-12-18T21:58:23.014Z"}},{"iob":0.413,"basaliob":0.002,"bolussnooze":0.0277,"activity":0.0075,"lastBolusTime":1702929831205,"time":"2023-12-18T22:03:23.014Z","iobWithZeroTemp":{"iob":0.235,"basaliob":-0.176,"bolussnooze":0.0277,"activity":0.0057,"lastBolusTime":1702929831205,"time":"2023-12-18T22:03:23.014Z"}},{"iob":0.376,"basaliob":0.002,"bolussnooze":0.0208,"activity":0.007,"lastBolusTime":1702929831205,"time":"2023-12-18T22:08:23.014Z","iobWithZeroTemp":{"iob":0.191,"basaliob":-0.183,"bolussnooze":0.0208,"activity":0.0052,"lastBolusTime":1702929831205,"time":"2023-12-18T22:08:23.014Z"}},{"iob":0.343,"basaliob":0.002,"bolussnooze":0.0154,"activity":0.0065,"lastBolusTime":1702929831205,"time":"2023-12-18T22:13:23.014Z","iobWithZeroTemp":{"iob":0.15,"basaliob":-0.191,"bolussnooze":0.0154,"activity":0.0046,"lastBolusTime":1702929831205,"time":"2023-12-18T22:13:23.014Z"}},{"iob":0.312,"basaliob":0.002,"bolussnooze":0.0111,"activity":0.006,"lastBolusTime":1702929831205,"time":"2023-12-18T22:18:23.014Z","iobWithZeroTemp":{"iob":0.113,"basaliob":-0.197,"bolussnooze":0.0111,"activity":0.004,"lastBolusTime":1702929831205,"time":"2023-12-18T22:18:23.014Z"}},{"iob":0.283,"basaliob":0.002,"bolussnooze":0.0078,"activity":0.0055,"lastBolusTime":1702929831205,"time":"2023-12-18T22:23:23.014Z","iobWithZeroTemp":{"iob":0.077,"basaliob":-0.204,"bolussnooze":0.0078,"activity":0.0034,"lastBolusTime":1702929831205,"time":"2023-12-18T22:23:23.014Z"}},{"iob":0.256,"basaliob":0.001,"bolussnooze":0.0054,"activity":0.0051,"lastBolusTime":1702929831205,"time":"2023-12-18T22:28:23.014Z","iobWithZeroTemp":{"iob":0.044,"basaliob":-0.211,"bolussnooze":0.0054,"activity":0.003,"lastBolusTime":1702929831205,"time":"2023-12-18T22:28:23.014Z"}},{"iob":0.231,"basaliob":0.001,"bolussnooze":0.0035,"activity":0.0047,"lastBolusTime":1702929831205,"time":"2023-12-18T22:33:23.014Z","iobWithZeroTemp":{"iob":0.013,"basaliob":-0.217,"bolussnooze":0.0035,"activity":0.0025,"lastBolusTime":1702929831205,"time":"2023-12-18T22:33:23.014Z"}},{"iob":0.209,"basaliob":0.001,"bolussnooze":0.0022,"activity":0.0043,"lastBolusTime":1702929831205,"time":"2023-12-18T22:38:23.014Z","iobWithZeroTemp":{"iob":-0.014,"basaliob":-0.222,"bolussnooze":0.0022,"activity":0.002,"lastBolusTime":1702929831205,"time":"2023-12-18T22:38:23.014Z"}},{"iob":0.188,"basaliob":0.001,"bolussnooze":0.0013,"activity":0.0039,"lastBolusTime":1702929831205,"time":"2023-12-18T22:43:23.014Z","iobWithZeroTemp":{"iob":-0.04,"basaliob":-0.227,"bolussnooze":0.0013,"activity":0.0015,"lastBolusTime":1702929831205,"time":"2023-12-18T22:43:23.014Z"}},{"iob":0.17,"basaliob":0.001,"bolussnooze":7.0E-4,"activity":0.0036,"lastBolusTime":1702929831205,"time":"2023-12-18T22:48:23.014Z","iobWithZeroTemp":{"iob":-0.063,"basaliob":-0.232,"bolussnooze":7.0E-4,"activity":0.0012,"lastBolusTime":1702929831205,"time":"2023-12-18T22:48:23.014Z"}},{"iob":0.153,"basaliob":0.001,"bolussnooze":3.0E-4,"activity":0.0033,"lastBolusTime":1702929831205,"time":"2023-12-18T22:53:23.014Z","iobWithZeroTemp":{"iob":-0.084,"basaliob":-0.236,"bolussnooze":3.0E-4,"activity":8.0E-4,"lastBolusTime":1702929831205,"time":"2023-12-18T22:53:23.014Z"}},{"iob":0.137,"basaliob":0.001,"bolussnooze":1.0E-4,"activity":0.003,"lastBolusTime":1702929831205,"time":"2023-12-18T22:58:23.014Z","iobWithZeroTemp":{"iob":-0.104,"basaliob":-0.24,"bolussnooze":1.0E-4,"activity":4.0E-4,"lastBolusTime":1702929831205,"time":"2023-12-18T22:58:23.014Z"}},{"iob":0.123,"basaliob":0.001,"bolussnooze":0,"activity":0.0027,"lastBolusTime":1702929831205,"time":"2023-12-18T23:03:23.014Z","iobWithZeroTemp":{"iob":-0.122,"basaliob":-0.244,"bolussnooze":0,"activity":1.0E-4,"lastBolusTime":1702929831205,"time":"2023-12-18T23:03:23.014Z"}},{"iob":0.11,"basaliob":0.001,"bolussnooze":0,"activity":0.0025,"lastBolusTime":1702929831205,"time":"2023-12-18T23:08:23.014Z","iobWithZeroTemp":{"iob":-0.138,"basaliob":-0.247,"bolussnooze":0,"activity":-2.0E-4,"lastBolusTime":1702929831205,"time":"2023-12-18T23:08:23.014Z"}},{"iob":0.098,"basaliob":0.001,"bolussnooze":0,"activity":0.0022,"lastBolusTime":1702929831205,"time":"2023-12-18T23:13:23.014Z","iobWithZeroTemp":{"iob":-0.153,"basaliob":-0.25,"bolussnooze":0,"activity":-5.0E-4,"lastBolusTime":1702929831205,"time":"2023-12-18T23:13:23.014Z"}},{"iob":0.087,"basaliob":0.001,"bolussnooze":0,"activity":0.002,"lastBolusTime":1702929831205,"time":"2023-12-18T23:18:23.014Z","iobWithZeroTemp":{"iob":-0.167,"basaliob":-0.253,"bolussnooze":0,"activity":-8.0E-4,"lastBolusTime":1702929831205,"time":"2023-12-18T23:18:23.014Z"}},{"iob":0.078,"basaliob":0.001,"bolussnooze":0,"activity":0.0018,"lastBolusTime":1702929831205,"time":"2023-12-18T23:23:23.014Z","iobWithZeroTemp":{"iob":-0.179,"basaliob":-0.256,"bolussnooze":0,"activity":-0.001,"lastBolusTime":1702929831205,"time":"2023-12-18T23:23:23.014Z"}},{"iob":0.069,"basaliob":0.001,"bolussnooze":0,"activity":0.0017,"lastBolusTime":1702929831205,"time":"2023-12-18T23:28:23.014Z","iobWithZeroTemp":{"iob":-0.19,"basaliob":-0.258,"bolussnooze":0,"activity":-0.0012,"lastBolusTime":1702929831205,"time":"2023-12-18T23:28:23.014Z"}},{"iob":0.06,"basaliob":0,"bolussnooze":0,"activity":0.0015,"lastBolusTime":1702929831205,"time":"2023-12-18T23:33:23.014Z","iobWithZeroTemp":{"iob":-0.201,"basaliob":-0.261,"bolussnooze":0,"activity":-0.0014,"lastBolusTime":1702929831205,"time":"2023-12-18T23:33:23.014Z"}},{"iob":0.053,"basaliob":0,"bolussnooze":0,"activity":0.0013,"lastBolusTime":1702929831205,"time":"2023-12-18T23:38:23.014Z","iobWithZeroTemp":{"iob":-0.21,"basaliob":-0.263,"bolussnooze":0,"activity":-0.0017,"lastBolusTime":1702929831205,"time":"2023-12-18T23:38:23.014Z"}},{"iob":0.047,"basaliob":0,"bolussnooze":0,"activity":0.0012,"lastBolusTime":1702929831205,"time":"2023-12-18T23:43:23.014Z","iobWithZeroTemp":{"iob":-0.218,"basaliob":-0.265,"bolussnooze":0,"activity":-0.0018,"lastBolusTime":1702929831205,"time":"2023-12-18T23:43:23.014Z"}},{"iob":0.041,"basaliob":0,"bolussnooze":0,"activity":0.0011,"lastBolusTime":1702929831205,"time":"2023-12-18T23:48:23.014Z","iobWithZeroTemp":{"iob":-0.226,"basaliob":-0.267,"bolussnooze":0,"activity":-0.0019,"lastBolusTime":1702929831205,"time":"2023-12-18T23:48:23.014Z"}},{"iob":0.036,"basaliob":0,"bolussnooze":0,"activity":0.001,"lastBolusTime":1702929831205,"time":"2023-12-18T23:53:23.014Z","iobWithZeroTemp":{"iob":-0.232,"basaliob":-0.268,"bolussnooze":0,"activity":-0.0021,"lastBolusTime":1702929831205,"time":"2023-12-18T23:53:23.014Z"}},{"iob":0.031,"basaliob":0,"bolussnooze":0,"activity":9.0E-4,"lastBolusTime":1702929831205,"time":"2023-12-18T23:58:23.014Z","iobWithZeroTemp":{"iob":-0.238,"basaliob":-0.269,"bolussnooze":0,"activity":-0.0022,"lastBolusTime":1702929831205,"time":"2023-12-18T23:58:23.014Z"}},{"iob":0.027,"basaliob":0,"bolussnooze":0,"activity":8.0E-4,"lastBolusTime":1702929831205,"time":"2023-12-19T00:03:23.014Z","iobWithZeroTemp":{"iob":-0.239,"basaliob":-0.266,"bolussnooze":0,"activity":-0.0023,"lastBolusTime":1702929831205,"time":"2023-12-19T00:03:23.014Z"}},{"iob":0.024,"basaliob":0,"bolussnooze":0,"activity":7.0E-4,"lastBolusTime":1702929831205,"time":"2023-12-19T00:08:23.014Z","iobWithZeroTemp":{"iob":-0.239,"basaliob":-0.263,"bolussnooze":0,"activity":-0.0024,"lastBolusTime":1702929831205,"time":"2023-12-19T00:08:23.014Z"}},{"iob":0.021,"basaliob":0,"bolussnooze":0,"activity":6.0E-4,"lastBolusTime":1702929831205,"time":"2023-12-19T00:13:23.014Z","iobWithZeroTemp":{"iob":-0.239,"basaliob":-0.26,"bolussnooze":0,"activity":-0.0025,"lastBolusTime":1702929831205,"time":"2023-12-19T00:13:23.014Z"}}],"profile":{"max_iob":10,"type":"current","max_daily_basal":0.25,"max_basal":0.75,"min_bg":90,"max_bg":90,"target_bg":90,"carb_ratio":14.8,"sens":84,"max_daily_safety_multiplier":5,"current_basal_safety_multiplier":5,"lgsThreshold":95,"high_temptarget_raises_sensitivity":false,"low_temptarget_lowers_sensitivity":false,"sensitivity_raises_target":true,"resistance_lowers_target":true,"adv_target_adjustments":false,"exercise_mode":false,"half_basal_exercise_target":160,"maxCOB":120,"skip_neutral_temps":false,"remainingCarbsCap":90,"enableUAM":true,"A52_risk_enable":false,"SMBInterval":5,"enableSMB_with_COB":true,"enableSMB_with_temptarget":false,"allowSMB_with_high_temptarget":false,"enableSMB_always":false,"enableSMB_after_carbs":true,"maxSMBBasalMinutes":120,"maxUAMSMBBasalMinutes":120,"bolus_increment":0.05,"carbsReqThreshold":1,"current_basal":0.15000000596046448,"temptargetSet":false,"autosens_max":1.2,"autosens_min":0.7,"variable_sens":83.2,"insulinDivisor":75,"TDD":25.034971349283445},"autosens_data":{"ratio":1},"meal_data":{"carbs":0,"mealCOB":0,"slopeFromMaxDeviation":0,"slopeFromMinDeviation":0.9884999999999999,"lastBolusTime":1702929831205,"lastCarbTime":0},"microBolusAllowed":true,"currentTime":1702930704172,"flatBGsDetected":false,"tdd1D":22.354166475186748,"tdd7D":26.782783919711285,"tddLast24H":19.724999943375586,"tddLast4H":2.4041666249434153,"tddLast8to4H":8.787499894946814},"output":{"temp":"absolute","bg":103,"tick":-1,"eventualBG":39,"targetBG":90,"insulinReq":0,"deliverAt":"2023-12-18T20:18:24.172Z","sensitivityRatio":1,"variable_sens":83.2,"predBGs":{"IOB":[103,102,99,96,92,87,81,75,68,61,52,43,39],"ZT":[103,99,94,89,82,75,67,59,50,40,39,39,39,39,39,39,39,39,39,39,39,39,39,39,39,39,39,39,39,39,39,39,39,39,39,39,39,39,39,39,39,39,39,39,39,39,39,39],"UAM":[103,102,99,96,91,86,79,72,65,56,46,39,39]},"reason":"COB: 0, Dev: 17, BGI: -4, ISF: 83, CR: 14.8, Target: 90, minPredBG -95, minGuardBG -129, IOBpredBG 39, UAMpredBG 39; 39 add'l carbs req w\/in 20m; minGuardBG -129<95","COB":0,"IOB":1.714,"carbsReq":39,"carbsReqWithin":20,"duration":120,"rate":0,"timestamp":"2023-12-18T20:18:24.196Z"}}