{"algorithm":"OpenAPSSMBDynamicISFPlugin","input":{"glucoseStatus":{"glucose":126,"noise":0,"delta":1,"short_avgdelta":1.11,"long_avgdelta":1.44,"date":1702856870000},"currenttemp":{"temp":"absolute","duration":15,"rate":1,"minutesrunning":15},"iob_data":[{"iob":0.475,"basaliob":0.247,"bolussnooze":0,"activity":0.0052,"lastBolusTime":1702853609765,"time":"2023-12-17T23:48:20.100Z","iobWithZeroTemp":{"iob":0.475,"basaliob":0.247,"bolussnooze":0,"activity":0.0052,"lastBolusTime":1702853609765,"time":"2023-12-17T23:48:20.100Z"}},{"iob":0.448,"basaliob":0.239,"bolussnooze":0,"activity":0.0052,"lastBolusTime":1702853609765,"time":"2023-12-17T23:53:20.100Z","iobWithZeroTemp":{"iob":0.435,"basaliob":0.226,"bolussnooze":0,"activity":0.0052,"lastBolusTime":1702853609765,"time":"2023-12-17T23:53:20.100Z"}},{"iob":0.422,"basaliob":0.231,"bolussnooze":0,"activity":0.0052,"lastBolusTime":1702853609765,"time":"2023-12-17T23:58:20.100Z","iobWithZeroTemp":{"iob":0.392,"basaliob":0.201,"bolussnooze":0,"activity":0.0051,"lastBolusTime":1702853609765,"time":"2023-12-17T23:58:20.100Z"}},{"iob":0.396,"basaliob":0.221,"bolussnooze":0,"activity":0.0051,"lastBolusTime":1702853609765,"time":"2023-12-18T00:03:20.100Z","iobWithZeroTemp":{"iob":0.354,"basaliob":0.179,"bolussnooze":0,"activity":0.005,"lastBolusTime":1702853609765,"time":"2023-12-18T00:03:20.100Z"}},{"iob":0.371,"basaliob":0.211,"bolussnooze":0,"activity":0.005,"lastBolusTime":1702853609765,"time":"2023-12-18T00:08:20.100Z","iobWithZeroTemp":{"iob":0.317,"basaliob":0.157,"bolussnooze":0,"activity":0.0048,"lastBolusTime":1702853609765,"time":"2023-12-18T00:08:20.100Z"}},{"iob":0.347,"basaliob":0.201,"bolussnooze":0,"activity":0.0049,"lastBolusTime":1702853609765,"time":"2023-12-18T00:13:20.100Z","iobWithZeroTemp":{"iob":0.282,"basaliob":0.136,"bolussnooze":0,"activity":0.0046,"lastBolusTime":1702853609765,"time":"2023-12-18T00:13:20.100Z"}},{"iob":0.323,"basaliob":0.19,"bolussnooze":0,"activity":0.0047,"lastBolusTime":1702853609765,"time":"2023-12-18T00:18:20.100Z","iobWithZeroTemp":{"iob":0.247,"basaliob":0.114,"bolussnooze":0,"activity":0.0043,"lastBolusTime":1702853609765,"time":"2023-12-18T00:18:20.100Z"}},{"iob":0.3,"basaliob":0.179,"bolussnooze":0,"activity":0.0045,"lastBolusTime":1702853609765,"time":"2023-12-18T00:23:20.100Z","iobWithZeroTemp":{"iob":0.214,"basaliob":0.093,"bolussnooze":0,"activity":0.004,"lastBolusTime":1702853609765,"time":"2023-12-18T00:23:20.100Z"}},{"iob":0.278,"basaliob":0.168,"bolussnooze":0,"activity":0.0043,"lastBolusTime":1702853609765,"time":"2023-12-18T00:28:20.100Z","iobWithZeroTemp":{"iob":0.182,"basaliob":0.072,"bolussnooze":0,"activity":0.0037,"lastBolusTime":1702853609765,"time":"2023-12-18T00:28:20.100Z"}},{"iob":0.256,"basaliob":0.157,"bolussnooze":0,"activity":0.0041,"lastBolusTime":1702853609765,"time":"2023-12-18T00:33:20.100Z","iobWithZeroTemp":{"iob":0.151,"basaliob":0.052,"bolussnooze":0,"activity":0.0034,"lastBolusTime":1702853609765,"time":"2023-12-18T00:33:20.100Z"}},{"iob":0.237,"basaliob":0.147,"bolussnooze":0,"activity":0.0039,"lastBolusTime":1702853609765,"time":"2023-12-18T00:38:20.100Z","iobWithZeroTemp":{"iob":0.124,"basaliob":0.034,"bolussnooze":0,"activity":0.0031,"lastBolusTime":1702853609765,"time":"2023-12-18T00:38:20.100Z"}},{"iob":0.218,"basaliob":0.137,"bolussnooze":0,"activity":0.0037,"lastBolusTime":1702853609765,"time":"2023-12-18T00:43:20.100Z","iobWithZeroTemp":{"iob":0.097,"basaliob":0.016,"bolussnooze":0,"activity":0.0027,"lastBolusTime":1702853609765,"time":"2023-12-18T00:43:20.100Z"}},{"iob":0.2,"basaliob":0.127,"bolussnooze":0,"activity":0.0034,"lastBolusTime":1702853609765,"time":"2023-12-18T00:48:20.100Z","iobWithZeroTemp":{"iob":0.071,"basaliob":-0.002,"bolussnooze":0,"activity":0.0023,"lastBolusTime":1702853609765,"time":"2023-12-18T00:48:20.100Z"}},{"iob":0.184,"basaliob":0.118,"bolussnooze":0,"activity":0.0032,"lastBolusTime":1702853609765,"time":"2023-12-18T00:53:20.100Z","iobWithZeroTemp":{"iob":0.048,"basaliob":-0.018,"bolussnooze":0,"activity":0.002,"lastBolusTime":1702853609765,"time":"2023-12-18T00:53:20.100Z"}},{"iob":0.168,"basaliob":0.109,"bolussnooze":0,"activity":0.003,"lastBolusTime":1702853609765,"time":"2023-12-18T00:58:20.100Z","iobWithZeroTemp":{"iob":0.026,"basaliob":-0.033,"bolussnooze":0,"activity":0.0018,"lastBolusTime":1702853609765,"time":"2023-12-18T00:58:20.100Z"}},{"iob":0.154,"basaliob":0.101,"bolussnooze":0,"activity":0.0027,"lastBolusTime":1702853609765,"time":"2023-12-18T01:03:20.100Z","iobWithZeroTemp":{"iob":0.001,"basaliob":-0.052,"bolussnooze":0,"activity":0.0014,"lastBolusTime":1702853609765,"time":"2023-12-18T01:03:20.100Z"}},{"iob":0.141,"basaliob":0.093,"bolussnooze":0,"activity":0.0025,"lastBolusTime":1702853609765,"time":"2023-12-18T01:08:20.100Z","iobWithZeroTemp":{"iob":-0.021,"basaliob":-0.069,"bolussnooze":0,"activity":0.0011,"lastBolusTime":1702853609765,"time":"2023-12-18T01:08:20.100Z"}},{"iob":0.128,"basaliob":0.085,"bolussnooze":0,"activity":0.0023,"lastBolusTime":1702853609765,"time":"2023-12-18T01:13:20.100Z","iobWithZeroTemp":{"iob":-0.043,"basaliob":-0.086,"bolussnooze":0,"activity":8.0E-4,"lastBolusTime":1702853609765,"time":"2023-12-18T01:13:20.100Z"}},{"iob":0.116,"basaliob":0.078,"bolussnooze":0,"activity":0.0023,"lastBolusTime":1702853609765,"time":"2023-12-18T01:18:20.100Z","iobWithZeroTemp":{"iob":-0.064,"basaliob":-0.102,"bolussnooze":0,"activity":6.0E-4,"lastBolusTime":1702853609765,"time":"2023-12-18T01:18:20.100Z"}},{"iob":0.106,"basaliob":0.072,"bolussnooze":0,"activity":0.0021,"lastBolusTime":1702853609765,"time":"2023-12-18T01:23:20.100Z","iobWithZeroTemp":{"iob":-0.082,"basaliob":-0.116,"bolussnooze":0,"activity":3.0E-4,"lastBolusTime":1702853609765,"time":"2023-12-18T01:23:20.100Z"}},{"iob":0.097,"basaliob":0.066,"bolussnooze":0,"activity":0.0019,"lastBolusTime":1702853609765,"time":"2023-12-18T01:28:20.100Z","iobWithZeroTemp":{"iob":-0.099,"basaliob":-0.13,"bolussnooze":0,"activity":0,"lastBolusTime":1702853609765,"time":"2023-12-18T01:28:20.100Z"}},{"iob":0.087,"basaliob":0.06,"bolussnooze":0,"activity":0.0017,"lastBolusTime":1702853609765,"time":"2023-12-18T01:33:20.100Z","iobWithZeroTemp":{"iob":-0.116,"basaliob":-0.143,"bolussnooze":0,"activity":-3.0E-4,"lastBolusTime":1702853609765,"time":"2023-12-18T01:33:20.100Z"}},{"iob":0.079,"basaliob":0.055,"bolussnooze":0,"activity":0.0016,"lastBolusTime":1702853609765,"time":"2023-12-18T01:38:20.100Z","iobWithZeroTemp":{"iob":-0.131,"basaliob":-0.155,"bolussnooze":0,"activity":-4.0E-4,"lastBolusTime":1702853609765,"time":"2023-12-18T01:38:20.100Z"}},{"iob":0.072,"basaliob":0.05,"bolussnooze":0,"activity":0.0014,"lastBolusTime":1702853609765,"time":"2023-12-18T01:43:20.100Z","iobWithZeroTemp":{"iob":-0.144,"basaliob":-0.166,"bolussnooze":0,"activity":-7.0E-4,"lastBolusTime":1702853609765,"time":"2023-12-18T01:43:20.100Z"}},{"iob":0.064,"basaliob":0.045,"bolussnooze":0,"activity":0.0014,"lastBolusTime":1702853609765,"time":"2023-12-18T01:48:20.100Z","iobWithZeroTemp":{"iob":-0.158,"basaliob":-0.177,"bolussnooze":0,"activity":-8.0E-4,"lastBolusTime":1702853609765,"time":"2023-12-18T01:48:20.100Z"}},{"iob":0.058,"basaliob":0.041,"bolussnooze":0,"activity":0.0012,"lastBolusTime":1702853609765,"time":"2023-12-18T01:53:20.100Z","iobWithZeroTemp":{"iob":-0.169,"basaliob":-0.186,"bolussnooze":0,"activity":-0.0011,"lastBolusTime":1702853609765,"time":"2023-12-18T01:53:20.100Z"}},{"iob":0.052,"basaliob":0.037,"bolussnooze":0,"activity":0.0011,"lastBolusTime":1702853609765,"time":"2023-12-18T01:58:20.100Z","iobWithZeroTemp":{"iob":-0.18,"basaliob":-0.195,"bolussnooze":0,"activity":-0.0013,"lastBolusTime":1702853609765,"time":"2023-12-18T01:58:20.100Z"}},{"iob":0.047,"basaliob":0.034,"bolussnooze":0,"activity":0.001,"lastBolusTime":1702853609765,"time":"2023-12-18T02:03:20.100Z","iobWithZeroTemp":{"iob":-0.189,"basaliob":-0.202,"bolussnooze":0,"activity":-0.0015,"lastBolusTime":1702853609765,"time":"2023-12-18T02:03:20.100Z"}},{"iob":0.042,"basaliob":0.03,"bolussnooze":0,"activity":9.0E-4,"lastBolusTime":1702853609765,"time":"2023-12-18T02:08:20.100Z","iobWithZeroTemp":{"iob":-0.199,"basaliob":-0.211,"bolussnooze":0,"activity":-0.0016,"lastBolusTime":1702853609765,"time":"2023-12-18T02:08:20.100Z"}},{"iob":0.037,"basaliob":0.027,"bolussnooze":0,"activity":9.0E-4,"lastBolusTime":1702853609765,"time":"2023-12-18T02:13:20.100Z","iobWithZeroTemp":{"iob":-0.207,"basaliob":-0.217,"bolussnooze":0,"activity":-0.0017,"lastBolusTime":1702853609765,"time":"2023-12-18T02:13:20.100Z"}},{"iob":0.034,"basaliob":0.025,"bolussnooze":0,"activity":7.0E-4,"lastBolusTime":1702853609765,"time":"2023-12-18T02:18:20.100Z","iobWithZeroTemp":{"iob":-0.214,"basaliob":-0.223,"bolussnooze":0,"activity":-0.002,"lastBolusTime":1702853609765,"time":"2023-12-18T02:18:20.100Z"}},{"iob":0.03,"basaliob":0.022,"bolussnooze":0,"activity":7.0E-4,"lastBolusTime":1702853609765,"time":"2023-12-18T02:23:20.100Z","iobWithZeroTemp":{"iob":-0.221,"basaliob":-0.229,"bolussnooze":0,"activity":-0.002,"lastBolusTime":1702853609765,"time":"2023-12-18T02:23:20.100Z"}},{"iob":0.027,"basaliob":0.02,"bolussnooze":0,"activity":6.0E-4,"lastBolusTime":1702853609765,"time":"2023-12-18T02:28:20.100Z","iobWithZeroTemp":{"iob":-0.227,"basaliob":-0.234,"bolussnooze":0,"activity":-0.0022,"lastBolusTime":1702853609765,"time":"2023-12-18T02:28:20.100Z"}},{"iob":0.024,"basaliob":0.018,"bolussnooze":0,"activity":6.0E-4,"lastBolusTime":1702853609765,"time":"2023-12-18T02:33:20.100Z","iobWithZeroTemp":{"iob":-0.233,"basaliob":-0.239,"bolussnooze":0,"activity":-0.0022,"lastBolusTime":1702853609765,"time":"2023-12-18T02:33:20.100Z"}},{"iob":0.021,"basaliob":0.016,"bolussnooze":0,"activity":5.0E-4,"lastBolusTime":1702853609765,"time":"2023-12-18T02:38:20.100Z","iobWithZeroTemp":{"iob":-0.238,"basaliob":-0.243,"bolussnooze":0,"activity":-0.0024,"lastBolusTime":1702853609765,"time":"2023-12-18T02:38:20.100Z"}},{"iob":0.019,"basaliob":0.014,"bolussnooze":0,"activity":4.0E-4,"lastBolusTime":1702853609765,"time":"2023-12-18T02:43:20.100Z","iobWithZeroTemp":{"iob":-0.242,"basaliob":-0.247,"bolussnooze":0,"activity":-0.0025,"lastBolusTime":1702853609765,"time":"2023-12-18T02:43:20.100Z"}},{"iob":0.017,"basaliob":0.013,"bolussnooze":0,"activity":4.0E-4,"lastBolusTime":1702853609765,"time":"2023-12-18T02:48:20.100Z","iobWithZeroTemp":{"iob":-0.246,"basaliob":-0.25,"bolussnooze":0,"activity":-0.0025,"lastBolusTime":1702853609765,"time":"2023-12-18T02:48:20.100Z"}},{"iob":0.014,"basaliob":0.011,"bolussnooze":0,"activity":4.0E-4,"lastBolusTime":1702853609765,"time":"2023-12-18T02:53:20.100Z","iobWithZeroTemp":{"iob":-0.251,"basaliob":-0.254,"bolussnooze":0,"activity":-0.0026,"lastBolusTime":1702853609765,"time":"2023-12-18T02:53:20.100Z"}},{"iob":0.013,"basaliob":0.01,"bolussnooze":0,"activity":3.0E-4,"lastBolusTime":1702853609765,"time":"2023-12-18T02:58:20.100Z","iobWithZeroTemp":{"iob":-0.254,"basaliob":-0.257,"bolussnooze":0,"activity":-0.0027,"lastBolusTime":1702853609765,"time":"2023-12-18T02:58:20.100Z"}},{"iob":0.011,"basaliob":0.009,"bolussnooze":0,"activity":3.0E-4,"lastBolusTime":1702853609765,"time":"2023-12-18T03:03:20.100Z","iobWithZeroTemp":{"iob":-0.253,"basaliob":-0.255,"bolussnooze":0,"activity":-0.0027,"lastBolusTime":1702853609765,"time":"2023-12-18T03:03:20.100Z"}},{"iob":0.01,"basaliob":0.008,"bolussnooze":0,"activity":3.0E-4,"lastBolusTime":1702853609765,"time":"2023-12-18T03:08:20.100Z","iobWithZeroTemp":{"iob":-0.252,"basaliob":-0.254,"bolussnooze":0,"activity":-0.0028,"lastBolusTime":1702853609765,"time":"2023-12-18T03:08:20.100Z"}},{"iob":0.009,"basaliob":0.007,"bolussnooze":0,"activity":3.0E-4,"lastBolusTime":1702853609765,"time":"2023-12-18T03:13:20.100Z","iobWithZeroTemp":{"iob":-0.25,"basaliob":-0.252,"bolussnooze":0,"activity":-0.0028,"lastBolusTime":1702853609765,"time":"2023-12-18T03:13:20.100Z"}},{"iob":0.007,"basaliob":0.006,"bolussnooze":0,"activity":3.0E-4,"lastBolusTime":1702853609765,"time":"2023-12-18T03:18:20.100Z","iobWithZeroTemp":{"iob":-0.249,"basaliob":-0.25,"bolussnooze":0,"activity":-0.0028,"lastBolusTime":1702853609765,"time":"2023-12-18T03:18:20.100Z"}},{"iob":0.006,"basaliob":0.005,"bolussnooze":0,"activity":1.0E-4,"lastBolusTime":1702853609765,"time":"2023-12-18T03:23:20.100Z","iobWithZeroTemp":{"iob":-0.247,"basaliob":-0.248,"bolussnooze":0,"activity":-0.003,"lastBolusTime":1702853609765,"time":"2023-12-18T03:23:20.100Z"}},{"iob":0.006,"basaliob":0.005,"bolussnooze":0,"activity":1.0E-4,"lastBolusTime":1702853609765,"time":"2023-12-18T03:28:20.100Z","iobWithZeroTemp":{"iob":-0.244,"basaliob":-0.245,"bolussnooze":0,"activity":-0.0029,"lastBolusTime":1702853609765,"time":"2023-12-18T03:28:20.100Z"}},{"iob":0.005,"basaliob":0.004,"bolussnooze":0,"activity":1.0E-4,"lastBolusTime":1702853609765,"time":"2023-12-18T03:33:20.100Z","iobWithZeroTemp":{"iob":-0.243,"basaliob":-0.244,"bolussnooze":0,"activity":-0.0029,"lastBolusTime":1702853609765,"time":"2023-12-18T03:33:20.100Z"}},{"iob":0.005,"basaliob":0.004,"bolussnooze":0,"activity":1.0E-4,"lastBolusTime":1702853609765,"time":"2023-12-18T03:38:20.100Z","iobWithZeroTemp":{"iob":-0.24,"basaliob":-0.241,"bolussnooze":0,"activity":-0.0029,"lastBolusTime":1702853609765,"time":"2023-12-18T03:38:20.100Z"}},{"iob":0.004,"basaliob":0.003,"bolussnooze":0,"activity":1.0E-4,"lastBolusTime":1702853609765,"time":"2023-12-18T03:43:20.100Z","iobWithZeroTemp":{"iob":-0.239,"basaliob":-0.24,"bolussnooze":0,"activity":-0.0029,"lastBolusTime":1702853609765,"time":"2023-12-18T03:43:20.100Z"}}],"profile":{"max_iob":10,"type":"current","max_daily_basal":0.25,"max_basal":1,"min_bg":90,"max_bg":90,"target_bg":90,"carb_ratio":15.6,"sens":84,"max_daily_safety_multiplier":5,"current_basal_safety_multiplier":5,"lgsThreshold":95,"high_temptarget_raises_sensitivity":false,"low_temptarget_lowers_sensitivity":false,"sensitivity_raises_target":true,"resistance_lowers_target":true,"adv_target_adjustments":false,"exercise_mode":false,"half_basal_exercise_target":160,"maxCOB":120,"skip_neutral_temps":false,"remainingCarbsCap":90,"enableUAM":true,"A52_risk_enable":false,"SMBInterval":5,"enableSMB_with_COB":true,"enableSMB_with_temptarget":false,"allowSMB_with_high_temptarget":false,"enableSMB_always":false,"enableSMB_after_carbs":true,"maxSMBBasalMinutes":120,"maxUAMSMBBasalMinutes":120,"bolus_increment":0.05,"carbsReqThreshold":1,"current_basal":0.20000000298023224,"temptargetSet":false,"autosens_max":1.2,"autosens_min":0.7,"variable_sens":78.8,"insulinDivisor":75,"TDD":23.164696520703423},"autosens_data":{"ratio":1},"meal_data":{"carbs":0,"mealCOB":0,"slopeFromMaxDeviation":-0.09118181818181816,"slopeFromMinDeviation":0.3225,"lastBolusTime":1702853609765,"lastCarbTime":0},"microBolusAllowed":true,"currentTime":1702856901842,"flatBGsDetected":false,"tdd1D":22.354166475186748,"tdd7D":26.782783919711285,"tddLast24H":22.074999801814556,"tddLast4H":2.4208333728214106,"tddLast8to4H":5.5999999940395355},"output":{"temp":"absolute","bg":126,"tick":"+1","eventualBG":133,"targetBG":90,"insulinReq":0.36,"deliverAt":"2023-12-17T23:48:21.842Z","sensitivityRatio":1,"variable_sens":78.8,"predBGs":{"IOB":[126,127,127,128,128,128,127,127,126,125,124,123,121,120,118,117,116,115,114,113,112,111,111,110,109,109,108,108,107,107,107,106,106,106,105,105,105,105,105,105,104],"ZT":[126,124,122,120,118,116,114,112,110,109,107,106,105,104,103,102,101,101,101,100,100,100,100,100,101,101,102,102,103,104,104],"UAM":[126,127,128,129,129,130,130,131,131,132,132,133,133,134,134,134,135,135,135,136,136,136,136,136,136,136,136,136,136,135,135,135,134,134,134,134,134,133]},"reason":"COB: 0, Dev: 18, BGI: -2, ISF: 79, CR: 15.6, Target: 90, minPredBG 118, minGuardBG 127, IOBpredBG 104, UAMpredBG 133; Eventual BG 133 >= 90, temp 1.00 >~ req 0.92U\/hr. ","COB":0,"IOB":0.475,"timestamp":"2023-12-17T23:48:21.868Z"}}