{"algorithm":"OpenAPSSMBDynamicISFPlugin","input":{"glucoseStatus":{"glucose":102,"noise":0,"delta":-9,"short_avgdelta":-7.17,"long_avgdelta":-2.33,"date":1702909072000},"currenttemp":{"temp":"absolute","duration":95,"rate":0,"minutesrunning":25},"iob_data":[{"iob":5.341,"basaliob":0.017,"bolussnooze":2.9391,"activity":0.0606,"lastBolusTime":1702908538916,"time":"2023-12-18T14:18:20.115Z","iobWithZeroTemp":{"iob":5.341,"basaliob":0.017,"bolussnooze":2.9391,"activity":0.0606,"lastBolusTime":1702908538916,"time":"2023-12-18T14:18:20.115Z"}},{"iob":5.038,"basaliob":0.01,"bolussnooze":2.5372,"activity":0.0607,"lastBolusTime":1702908538916,"time":"2023-12-18T14:23:20.115Z","iobWithZeroTemp":{"iob":5.025,"basaliob":-0.003,"bolussnooze":2.5372,"activity":0.0607,"lastBolusTime":1702908538916,"time":"2023-12-18T14:23:20.115Z"}},{"iob":4.735,"basaliob":0.004,"bolussnooze":2.1705,"activity":0.0602,"lastBolusTime":1702908538916,"time":"2023-12-18T14:28:20.115Z","iobWithZeroTemp":{"iob":4.705,"basaliob":-0.026,"bolussnooze":2.1705,"activity":0.0601,"lastBolusTime":1702908538916,"time":"2023-12-18T14:28:20.115Z"}},{"iob":4.437,"basaliob":-0.001,"bolussnooze":1.8417,"activity":0.059,"lastBolusTime":1702908538916,"time":"2023-12-18T14:33:20.115Z","iobWithZeroTemp":{"iob":4.391,"basaliob":-0.047,"bolussnooze":1.8417,"activity":0.0589,"lastBolusTime":1702908538916,"time":"2023-12-18T14:33:20.115Z"}},{"iob":4.146,"basaliob":-0.005,"bolussnooze":1.551,"activity":0.0574,"lastBolusTime":1702908538916,"time":"2023-12-18T14:38:20.115Z","iobWithZeroTemp":{"iob":4.084,"basaliob":-0.067,"bolussnooze":1.551,"activity":0.0572,"lastBolusTime":1702908538916,"time":"2023-12-18T14:38:20.115Z"}},{"iob":3.864,"basaliob":-0.008,"bolussnooze":1.2971,"activity":0.0555,"lastBolusTime":1702908538916,"time":"2023-12-18T14:43:20.115Z","iobWithZeroTemp":{"iob":3.787,"basaliob":-0.085,"bolussnooze":1.2971,"activity":0.0552,"lastBolusTime":1702908538916,"time":"2023-12-18T14:43:20.115Z"}},{"iob":3.593,"basaliob":-0.01,"bolussnooze":1.0775,"activity":0.0532,"lastBolusTime":1702908538916,"time":"2023-12-18T14:48:20.115Z","iobWithZeroTemp":{"iob":3.501,"basaliob":-0.102,"bolussnooze":1.0775,"activity":0.0527,"lastBolusTime":1702908538916,"time":"2023-12-18T14:48:20.115Z"}},{"iob":3.332,"basaliob":-0.012,"bolussnooze":0.8892,"activity":0.0508,"lastBolusTime":1702908538916,"time":"2023-12-18T14:53:20.115Z","iobWithZeroTemp":{"iob":3.226,"basaliob":-0.118,"bolussnooze":0.8892,"activity":0.0502,"lastBolusTime":1702908538916,"time":"2023-12-18T14:53:20.115Z"}},{"iob":3.084,"basaliob":-0.013,"bolussnooze":0.7291,"activity":0.0483,"lastBolusTime":1702908538916,"time":"2023-12-18T14:58:20.115Z","iobWithZeroTemp":{"iob":2.965,"basaliob":-0.132,"bolussnooze":0.7291,"activity":0.0476,"lastBolusTime":1702908538916,"time":"2023-12-18T14:58:20.115Z"}},{"iob":2.848,"basaliob":-0.015,"bolussnooze":0.5939,"activity":0.0459,"lastBolusTime":1702908538916,"time":"2023-12-18T15:03:20.115Z","iobWithZeroTemp":{"iob":2.717,"basaliob":-0.146,"bolussnooze":0.5939,"activity":0.045,"lastBolusTime":1702908538916,"time":"2023-12-18T15:03:20.115Z"}},{"iob":2.626,"basaliob":-0.015,"bolussnooze":0.4806,"activity":0.0433,"lastBolusTime":1702908538916,"time":"2023-12-18T15:08:20.115Z","iobWithZeroTemp":{"iob":2.483,"basaliob":-0.158,"bolussnooze":0.4806,"activity":0.0423,"lastBolusTime":1702908538916,"time":"2023-12-18T15:08:20.115Z"}},{"iob":2.415,"basaliob":-0.016,"bolussnooze":0.3862,"activity":0.0407,"lastBolusTime":1702908538916,"time":"2023-12-18T15:13:20.115Z","iobWithZeroTemp":{"iob":2.261,"basaliob":-0.17,"bolussnooze":0.3862,"activity":0.0395,"lastBolusTime":1702908538916,"time":"2023-12-18T15:13:20.115Z"}},{"iob":2.218,"basaliob":-0.016,"bolussnooze":0.3082,"activity":0.0382,"lastBolusTime":1702908538916,"time":"2023-12-18T15:18:20.115Z","iobWithZeroTemp":{"iob":2.053,"basaliob":-0.181,"bolussnooze":0.3082,"activity":0.0369,"lastBolusTime":1702908538916,"time":"2023-12-18T15:18:20.115Z"}},{"iob":2.033,"basaliob":-0.016,"bolussnooze":0.244,"activity":0.0357,"lastBolusTime":1702908538916,"time":"2023-12-18T15:23:20.115Z","iobWithZeroTemp":{"iob":1.858,"basaliob":-0.191,"bolussnooze":0.244,"activity":0.0343,"lastBolusTime":1702908538916,"time":"2023-12-18T15:23:20.115Z"}},{"iob":1.862,"basaliob":-0.015,"bolussnooze":0.1916,"activity":0.0332,"lastBolusTime":1702908538916,"time":"2023-12-18T15:28:20.115Z","iobWithZeroTemp":{"iob":1.678,"basaliob":-0.199,"bolussnooze":0.1916,"activity":0.0316,"lastBolusTime":1702908538916,"time":"2023-12-18T15:28:20.115Z"}},{"iob":1.701,"basaliob":-0.015,"bolussnooze":0.1491,"activity":0.031,"lastBolusTime":1702908538916,"time":"2023-12-18T15:33:20.115Z","iobWithZeroTemp":{"iob":1.509,"basaliob":-0.207,"bolussnooze":0.1491,"activity":0.0293,"lastBolusTime":1702908538916,"time":"2023-12-18T15:33:20.115Z"}},{"iob":1.551,"basaliob":-0.015,"bolussnooze":0.1149,"activity":0.0288,"lastBolusTime":1702908538916,"time":"2023-12-18T15:38:20.115Z","iobWithZeroTemp":{"iob":1.351,"basaliob":-0.215,"bolussnooze":0.1149,"activity":0.027,"lastBolusTime":1702908538916,"time":"2023-12-18T15:38:20.115Z"}},{"iob":1.413,"basaliob":-0.014,"bolussnooze":0.0876,"activity":0.0267,"lastBolusTime":1702908538916,"time":"2023-12-18T15:43:20.115Z","iobWithZeroTemp":{"iob":1.206,"basaliob":-0.221,"bolussnooze":0.0876,"activity":0.0248,"lastBolusTime":1702908538916,"time":"2023-12-18T15:43:20.115Z"}},{"iob":1.284,"basaliob":-0.014,"bolussnooze":0.0659,"activity":0.0247,"lastBolusTime":1702908538916,"time":"2023-12-18T15:48:20.115Z","iobWithZeroTemp":{"iob":1.07,"basaliob":-0.228,"bolussnooze":0.0659,"activity":0.0227,"lastBolusTime":1702908538916,"time":"2023-12-18T15:48:20.115Z"}},{"iob":1.166,"basaliob":-0.013,"bolussnooze":0.0489,"activity":0.0228,"lastBolusTime":1702908538916,"time":"2023-12-18T15:53:20.115Z","iobWithZeroTemp":{"iob":0.946,"basaliob":-0.233,"bolussnooze":0.0489,"activity":0.0207,"lastBolusTime":1702908538916,"time":"2023-12-18T15:53:20.115Z"}},{"iob":1.058,"basaliob":-0.012,"bolussnooze":0.0358,"activity":0.021,"lastBolusTime":1702908538916,"time":"2023-12-18T15:58:20.115Z","iobWithZeroTemp":{"iob":0.832,"basaliob":-0.238,"bolussnooze":0.0358,"activity":0.0188,"lastBolusTime":1702908538916,"time":"2023-12-18T15:58:20.115Z"}},{"iob":0.957,"basaliob":-0.012,"bolussnooze":0.0257,"activity":0.0193,"lastBolusTime":1702908538916,"time":"2023-12-18T16:03:20.115Z","iobWithZeroTemp":{"iob":0.726,"basaliob":-0.243,"bolussnooze":0.0257,"activity":0.017,"lastBolusTime":1702908538916,"time":"2023-12-18T16:03:20.115Z"}},{"iob":0.865,"basaliob":-0.011,"bolussnooze":0.0181,"activity":0.0177,"lastBolusTime":1702908538916,"time":"2023-12-18T16:08:20.115Z","iobWithZeroTemp":{"iob":0.629,"basaliob":-0.247,"bolussnooze":0.0181,"activity":0.0153,"lastBolusTime":1702908538916,"time":"2023-12-18T16:08:20.115Z"}},{"iob":0.779,"basaliob":-0.011,"bolussnooze":0.0125,"activity":0.0162,"lastBolusTime":1702908538916,"time":"2023-12-18T16:13:20.115Z","iobWithZeroTemp":{"iob":0.539,"basaliob":-0.251,"bolussnooze":0.0125,"activity":0.0137,"lastBolusTime":1702908538916,"time":"2023-12-18T16:13:20.115Z"}},{"iob":0.702,"basaliob":-0.01,"bolussnooze":0.0085,"activity":0.0148,"lastBolusTime":1702908538916,"time":"2023-12-18T16:18:20.115Z","iobWithZeroTemp":{"iob":0.458,"basaliob":-0.254,"bolussnooze":0.0085,"activity":0.0122,"lastBolusTime":1702908538916,"time":"2023-12-18T16:18:20.115Z"}},{"iob":0.632,"basaliob":-0.009,"bolussnooze":0.0057,"activity":0.0136,"lastBolusTime":1702908538916,"time":"2023-12-18T16:23:20.115Z","iobWithZeroTemp":{"iob":0.384,"basaliob":-0.257,"bolussnooze":0.0057,"activity":0.011,"lastBolusTime":1702908538916,"time":"2023-12-18T16:23:20.115Z"}},{"iob":0.566,"basaliob":-0.009,"bolussnooze":0.0038,"activity":0.0124,"lastBolusTime":1702908538916,"time":"2023-12-18T16:28:20.115Z","iobWithZeroTemp":{"iob":0.315,"basaliob":-0.26,"bolussnooze":0.0038,"activity":0.0097,"lastBolusTime":1702908538916,"time":"2023-12-18T16:28:20.115Z"}},{"iob":0.508,"basaliob":-0.008,"bolussnooze":0.0025,"activity":0.0113,"lastBolusTime":1702908538916,"time":"2023-12-18T16:33:20.115Z","iobWithZeroTemp":{"iob":0.254,"basaliob":-0.262,"bolussnooze":0.0025,"activity":0.0085,"lastBolusTime":1702908538916,"time":"2023-12-18T16:33:20.115Z"}},{"iob":0.454,"basaliob":-0.008,"bolussnooze":0.0016,"activity":0.0102,"lastBolusTime":1702908538916,"time":"2023-12-18T16:38:20.115Z","iobWithZeroTemp":{"iob":0.197,"basaliob":-0.265,"bolussnooze":0.0016,"activity":0.0074,"lastBolusTime":1702908538916,"time":"2023-12-18T16:38:20.115Z"}},{"iob":0.406,"basaliob":-0.007,"bolussnooze":0.001,"activity":0.0093,"lastBolusTime":1702908538916,"time":"2023-12-18T16:43:20.115Z","iobWithZeroTemp":{"iob":0.146,"basaliob":-0.267,"bolussnooze":0.001,"activity":0.0064,"lastBolusTime":1702908538916,"time":"2023-12-18T16:43:20.115Z"}},{"iob":0.361,"basaliob":-0.007,"bolussnooze":6.0E-4,"activity":0.0084,"lastBolusTime":1702908538916,"time":"2023-12-18T16:48:20.115Z","iobWithZeroTemp":{"iob":0.099,"basaliob":-0.269,"bolussnooze":6.0E-4,"activity":0.0055,"lastBolusTime":1702908538916,"time":"2023-12-18T16:48:20.115Z"}},{"iob":0.321,"basaliob":-0.006,"bolussnooze":3.0E-4,"activity":0.0076,"lastBolusTime":1702908538916,"time":"2023-12-18T16:53:20.115Z","iobWithZeroTemp":{"iob":0.057,"basaliob":-0.27,"bolussnooze":3.0E-4,"activity":0.0047,"lastBolusTime":1702908538916,"time":"2023-12-18T16:53:20.115Z"}},{"iob":0.285,"basaliob":-0.006,"bolussnooze":1.0E-4,"activity":0.0069,"lastBolusTime":1702908538916,"time":"2023-12-18T16:58:20.115Z","iobWithZeroTemp":{"iob":0.019,"basaliob":-0.272,"bolussnooze":1.0E-4,"activity":0.0039,"lastBolusTime":1702908538916,"time":"2023-12-18T16:58:20.115Z"}},{"iob":0.253,"basaliob":-0.005,"bolussnooze":0,"activity":0.0062,"lastBolusTime":1702908538916,"time":"2023-12-18T17:03:20.115Z","iobWithZeroTemp":{"iob":-0.015,"basaliob":-0.273,"bolussnooze":0,"activity":0.0032,"lastBolusTime":1702908538916,"time":"2023-12-18T17:03:20.115Z"}},{"iob":0.223,"basaliob":-0.005,"bolussnooze":0,"activity":0.0056,"lastBolusTime":1702908538916,"time":"2023-12-18T17:08:20.115Z","iobWithZeroTemp":{"iob":-0.046,"basaliob":-0.274,"bolussnooze":0,"activity":0.0025,"lastBolusTime":1702908538916,"time":"2023-12-18T17:08:20.115Z"}},{"iob":0.197,"basaliob":-0.004,"bolussnooze":0,"activity":0.005,"lastBolusTime":1702908538916,"time":"2023-12-18T17:13:20.115Z","iobWithZeroTemp":{"iob":-0.073,"basaliob":-0.274,"bolussnooze":0,"activity":0.0019,"lastBolusTime":1702908538916,"time":"2023-12-18T17:13:20.115Z"}},{"iob":0.173,"basaliob":-0.004,"bolussnooze":0,"activity":0.0045,"lastBolusTime":1702908538916,"time":"2023-12-18T17:18:20.115Z","iobWithZeroTemp":{"iob":-0.099,"basaliob":-0.276,"bolussnooze":0,"activity":0.0014,"lastBolusTime":1702908538916,"time":"2023-12-18T17:18:20.115Z"}},{"iob":0.151,"basaliob":-0.004,"bolussnooze":0,"activity":0.004,"lastBolusTime":1702908538916,"time":"2023-12-18T17:23:20.115Z","iobWithZeroTemp":{"iob":-0.122,"basaliob":-0.277,"bolussnooze":0,"activity":9.0E-4,"lastBolusTime":1702908538916,"time":"2023-12-18T17:23:20.115Z"}},{"iob":0.133,"basaliob":-0.003,"bolussnooze":0,"activity":0.0036,"lastBolusTime":1702908538916,"time":"2023-12-18T17:28:20.115Z","iobWithZeroTemp":{"iob":-0.141,"basaliob":-0.277,"bolussnooze":0,"activity":4.0E-4,"lastBolusTime":1702908538916,"time":"2023-12-18T17:28:20.115Z"}},{"iob":0.116,"basaliob":-0.003,"bolussnooze":0,"activity":0.0032,"lastBolusTime":1702908538916,"time":"2023-12-18T17:33:20.115Z","iobWithZeroTemp":{"iob":-0.159,"basaliob":-0.278,"bolussnooze":0,"activity":0,"lastBolusTime":1702908538916,"time":"2023-12-18T17:33:20.115Z"}},{"iob":0.1,"basaliob":-0.003,"bolussnooze":0,"activity":0.0028,"lastBolusTime":1702908538916,"time":"2023-12-18T17:38:20.115Z","iobWithZeroTemp":{"iob":-0.175,"basaliob":-0.278,"bolussnooze":0,"activity":-4.0E-4,"lastBolusTime":1702908538916,"time":"2023-12-18T17:38:20.115Z"}},{"iob":0.087,"basaliob":-0.002,"bolussnooze":0,"activity":0.0025,"lastBolusTime":1702908538916,"time":"2023-12-18T17:43:20.115Z","iobWithZeroTemp":{"iob":-0.189,"basaliob":-0.278,"bolussnooze":0,"activity":-7.0E-4,"lastBolusTime":1702908538916,"time":"2023-12-18T17:43:20.115Z"}},{"iob":0.075,"basaliob":-0.002,"bolussnooze":0,"activity":0.0023,"lastBolusTime":1702908538916,"time":"2023-12-18T17:48:20.115Z","iobWithZeroTemp":{"iob":-0.202,"basaliob":-0.279,"bolussnooze":0,"activity":-9.0E-4,"lastBolusTime":1702908538916,"time":"2023-12-18T17:48:20.115Z"}},{"iob":0.064,"basaliob":-0.002,"bolussnooze":0,"activity":0.002,"lastBolusTime":1702908538916,"time":"2023-12-18T17:53:20.115Z","iobWithZeroTemp":{"iob":-0.213,"basaliob":-0.279,"bolussnooze":0,"activity":-0.0012,"lastBolusTime":1702908538916,"time":"2023-12-18T17:53:20.115Z"}},{"iob":0.055,"basaliob":-0.002,"bolussnooze":0,"activity":0.0018,"lastBolusTime":1702908538916,"time":"2023-12-18T17:58:20.115Z","iobWithZeroTemp":{"iob":-0.223,"basaliob":-0.28,"bolussnooze":0,"activity":-0.0014,"lastBolusTime":1702908538916,"time":"2023-12-18T17:58:20.115Z"}},{"iob":0.046,"basaliob":-0.002,"bolussnooze":0,"activity":0.0016,"lastBolusTime":1702908538916,"time":"2023-12-18T18:03:20.115Z","iobWithZeroTemp":{"iob":-0.232,"basaliob":-0.28,"bolussnooze":0,"activity":-0.0017,"lastBolusTime":1702908538916,"time":"2023-12-18T18:03:20.115Z"}},{"iob":0.04,"basaliob":-0.001,"bolussnooze":0,"activity":0.0014,"lastBolusTime":1702908538916,"time":"2023-12-18T18:08:20.115Z","iobWithZeroTemp":{"iob":-0.238,"basaliob":-0.279,"bolussnooze":0,"activity":-0.0019,"lastBolusTime":1702908538916,"time":"2023-12-18T18:08:20.115Z"}},{"iob":0.034,"basaliob":-0.001,"bolussnooze":0,"activity":0.0012,"lastBolusTime":1702908538916,"time":"2023-12-18T18:13:20.115Z","iobWithZeroTemp":{"iob":-0.245,"basaliob":-0.28,"bolussnooze":0,"activity":-0.0021,"lastBolusTime":1702908538916,"time":"2023-12-18T18:13:20.115Z"}}],"profile":{"max_iob":10,"type":"current","max_daily_basal":0.25,"max_basal":1,"min_bg":90,"max_bg":90,"target_bg":90,"carb_ratio":12.4,"sens":79,"max_daily_safety_multiplier":5,"current_basal_safety_multiplier":5,"lgsThreshold":95,"high_temptarget_raises_sensitivity":false,"low_temptarget_lowers_sensitivity":false,"sensitivity_raises_target":true,"resistance_lowers_target":true,"adv_target_adjustments":false,"exercise_mode":false,"half_basal_exercise_target":160,"maxCOB":120,"skip_neutral_temps":false,"remainingCarbsCap":90,"enableUAM":true,"A52_risk_enable":false,"SMBInterval":5,"enableSMB_with_COB":true,"enableSMB_with_temptarget":false,"allowSMB_with_high_temptarget":false,"enableSMB_always":false,"enableSMB_after_carbs":true,"maxSMBBasalMinutes":120,"maxUAMSMBBasalMinutes":120,"bolus_increment":0.05,"carbsReqThreshold":1,"current_basal":0.20000000298023224,"temptargetSet":false,"autosens_max":1.2,"autosens_min":0.7,"variable_sens":69,"insulinDivisor":75,"TDD":30.386746323172137},"autosens_data":{"ratio":1},"meal_data":{"carbs":86,"mealCOB":69.70742025316457,"slopeFromMaxDeviation":-2.7604999999999986,"slopeFromMinDeviation":1.6420909090909095,"lastBolusTime":1702908538916,"lastCarbTime":1702908490573},"microBolusAllowed":true,"currentTime":1702909101166,"flatBGsDetected":false,"tdd1D":22.354166475186748,"tdd7D":26.782783919711285,"tddLast24H":22.64999996200204,"tddLast4H":8.383333202203115,"tddLast8to4H":3.845833392937978},"output":{"temp":"absolute","bg":102,"tick":-9,"eventualBG":107,"targetBG":90,"insulinReq":0,"deliverAt":"2023-12-18T14:18:21.166Z","sensitivityRatio":1,"variable_sens":69,"predBGs":{"IOB":[102,92,79,64,43,39,39,39,39,39,39,39,39],"ZT":[102,81,57,39,39,39,39,39,39,39,39,39,39,39,39,39,39,39,39,39,39,39,39,39,39,39,39,39,39,39,39,39,39,39,39,39,39,39,39,39,39,39,39,39,39,39,39,39],"COB":[102,93,84,75,66,58,51,45,39,39,39,39,39,39,39,39,39,39,39,39,39,39,43,48,53,58,63,68,72,77,81,85,89,92,96,99,101,104,106,107,108,109,109,109,109,108,108,107],"UAM":[102,90,74,51,39,39,39,39,39,39,39,39,39]},"reason":"COB: 69.7, Dev: 71, BGI: -21, ISF: 69, CR: 12.4, Target: 90, minPredBG -24, minGuardBG -93, IOBpredBG 39, COBpredBG 107, UAMpredBG 39; 17 add'l carbs req w\/in 5m; minGuardBG -93<95","COB":69.70742025316457,"IOB":5.341,"carbsReq":17,"carbsReqWithin":5,"duration":120,"rate":0,"timestamp":"2023-12-18T14:18:21.191Z"}}