{"algorithm":"OpenAPSSMBDynamicISFPlugin","input":{"glucoseStatus":{"glucose":137,"noise":0,"delta":0,"short_avgdelta":0.39,"long_avgdelta":-0.6,"date":1702942373000},"currenttemp":{"temp":"absolute","duration":25,"rate":0.5,"minutesrunning":5},"iob_data":[{"iob":0.699,"basaliob":-0.036,"bolussnooze":0.0042,"activity":0.0107,"lastBolusTime":1702942121847,"time":"2023-12-18T23:33:28.287Z","iobWithZeroTemp":{"iob":0.699,"basaliob":-0.036,"bolussnooze":0.0042,"activity":0.0107,"lastBolusTime":1702942121847,"time":"2023-12-18T23:33:28.287Z"}},{"iob":0.647,"basaliob":-0.034,"bolussnooze":0.003,"activity":0.0102,"lastBolusTime":1702942121847,"time":"2023-12-18T23:38:28.287Z","iobWithZeroTemp":{"iob":0.634,"basaliob":-0.047,"bolussnooze":0.003,"activity":0.0102,"lastBolusTime":1702942121847,"time":"2023-12-18T23:38:28.287Z"}},{"iob":0.597,"basaliob":-0.033,"bolussnooze":0.0021,"activity":0.0097,"lastBolusTime":1702942121847,"time":"2023-12-18T23:43:28.287Z","iobWithZeroTemp":{"iob":0.567,"basaliob":-0.063,"bolussnooze":0.0021,"activity":0.0096,"lastBolusTime":1702942121847,"time":"2023-12-18T23:43:28.287Z"}},{"iob":0.55,"basaliob":-0.031,"bolussnooze":0.0014,"activity":0.0092,"lastBolusTime":1702942121847,"time":"2023-12-18T23:48:28.287Z","iobWithZeroTemp":{"iob":0.504,"basaliob":-0.077,"bolussnooze":0.0014,"activity":0.0091,"lastBolusTime":1702942121847,"time":"2023-12-18T23:48:28.287Z"}},{"iob":0.506,"basaliob":-0.029,"bolussnooze":9.0E-4,"activity":0.0086,"lastBolusTime":1702942121847,"time":"2023-12-18T23:53:28.287Z","iobWithZeroTemp":{"iob":0.444,"basaliob":-0.091,"bolussnooze":9.0E-4,"activity":0.0084,"lastBolusTime":1702942121847,"time":"2023-12-18T23:53:28.287Z"}},{"iob":0.465,"basaliob":-0.027,"bolussnooze":6.0E-4,"activity":0.0081,"lastBolusTime":1702942121847,"time":"2023-12-18T23:58:28.287Z","iobWithZeroTemp":{"iob":0.388,"basaliob":-0.104,"bolussnooze":6.0E-4,"activity":0.0078,"lastBolusTime":1702942121847,"time":"2023-12-18T23:58:28.287Z"}},{"iob":0.425,"basaliob":-0.026,"bolussnooze":3.0E-4,"activity":0.0076,"lastBolusTime":1702942121847,"time":"2023-12-19T00:03:28.287Z","iobWithZeroTemp":{"iob":0.337,"basaliob":-0.114,"bolussnooze":3.0E-4,"activity":0.0071,"lastBolusTime":1702942121847,"time":"2023-12-19T00:03:28.287Z"}},{"iob":0.389,"basaliob":-0.024,"bolussnooze":1.0E-4,"activity":0.007,"lastBolusTime":1702942121847,"time":"2023-12-19T00:08:28.287Z","iobWithZeroTemp":{"iob":0.291,"basaliob":-0.122,"bolussnooze":1.0E-4,"activity":0.0064,"lastBolusTime":1702942121847,"time":"2023-12-19T00:08:28.287Z"}},{"iob":0.355,"basaliob":-0.023,"bolussnooze":1.0E-4,"activity":0.0065,"lastBolusTime":1702942121847,"time":"2023-12-19T00:13:28.287Z","iobWithZeroTemp":{"iob":0.248,"basaliob":-0.13,"bolussnooze":1.0E-4,"activity":0.0058,"lastBolusTime":1702942121847,"time":"2023-12-19T00:13:28.287Z"}},{"iob":0.324,"basaliob":-0.021,"bolussnooze":0,"activity":0.0061,"lastBolusTime":1702942121847,"time":"2023-12-19T00:18:28.287Z","iobWithZeroTemp":{"iob":0.208,"basaliob":-0.137,"bolussnooze":0,"activity":0.0053,"lastBolusTime":1702942121847,"time":"2023-12-19T00:18:28.287Z"}},{"iob":0.295,"basaliob":-0.019,"bolussnooze":0,"activity":0.0056,"lastBolusTime":1702942121847,"time":"2023-12-19T00:23:28.287Z","iobWithZeroTemp":{"iob":0.171,"basaliob":-0.143,"bolussnooze":0,"activity":0.0047,"lastBolusTime":1702942121847,"time":"2023-12-19T00:23:28.287Z"}},{"iob":0.268,"basaliob":-0.018,"bolussnooze":0,"activity":0.0052,"lastBolusTime":1702942121847,"time":"2023-12-19T00:28:28.287Z","iobWithZeroTemp":{"iob":0.137,"basaliob":-0.149,"bolussnooze":0,"activity":0.0041,"lastBolusTime":1702942121847,"time":"2023-12-19T00:28:28.287Z"}},{"iob":0.242,"basaliob":-0.017,"bolussnooze":0,"activity":0.0047,"lastBolusTime":1702942121847,"time":"2023-12-19T00:33:28.287Z","iobWithZeroTemp":{"iob":0.104,"basaliob":-0.155,"bolussnooze":0,"activity":0.0035,"lastBolusTime":1702942121847,"time":"2023-12-19T00:33:28.287Z"}},{"iob":0.22,"basaliob":-0.015,"bolussnooze":0,"activity":0.0043,"lastBolusTime":1702942121847,"time":"2023-12-19T00:38:28.287Z","iobWithZeroTemp":{"iob":0.075,"basaliob":-0.16,"bolussnooze":0,"activity":0.003,"lastBolusTime":1702942121847,"time":"2023-12-19T00:38:28.287Z"}},{"iob":0.199,"basaliob":-0.014,"bolussnooze":0,"activity":0.0041,"lastBolusTime":1702942121847,"time":"2023-12-19T00:43:28.287Z","iobWithZeroTemp":{"iob":0.048,"basaliob":-0.165,"bolussnooze":0,"activity":0.0027,"lastBolusTime":1702942121847,"time":"2023-12-19T00:43:28.287Z"}},{"iob":0.179,"basaliob":-0.013,"bolussnooze":0,"activity":0.0037,"lastBolusTime":1702942121847,"time":"2023-12-19T00:48:28.287Z","iobWithZeroTemp":{"iob":0.023,"basaliob":-0.169,"bolussnooze":0,"activity":0.0023,"lastBolusTime":1702942121847,"time":"2023-12-19T00:48:28.287Z"}},{"iob":0.162,"basaliob":-0.012,"bolussnooze":0,"activity":0.0034,"lastBolusTime":1702942121847,"time":"2023-12-19T00:53:28.287Z","iobWithZeroTemp":{"iob":0.001,"basaliob":-0.173,"bolussnooze":0,"activity":0.0019,"lastBolusTime":1702942121847,"time":"2023-12-19T00:53:28.287Z"}},{"iob":0.145,"basaliob":-0.011,"bolussnooze":0,"activity":0.0031,"lastBolusTime":1702942121847,"time":"2023-12-19T00:58:28.287Z","iobWithZeroTemp":{"iob":-0.021,"basaliob":-0.177,"bolussnooze":0,"activity":0.0015,"lastBolusTime":1702942121847,"time":"2023-12-19T00:58:28.287Z"}},{"iob":0.131,"basaliob":-0.01,"bolussnooze":0,"activity":0.0028,"lastBolusTime":1702942121847,"time":"2023-12-19T01:03:28.287Z","iobWithZeroTemp":{"iob":-0.043,"basaliob":-0.184,"bolussnooze":0,"activity":0.0011,"lastBolusTime":1702942121847,"time":"2023-12-19T01:03:28.287Z"}},{"iob":0.117,"basaliob":-0.009,"bolussnooze":0,"activity":0.0025,"lastBolusTime":1702942121847,"time":"2023-12-19T01:08:28.287Z","iobWithZeroTemp":{"iob":-0.065,"basaliob":-0.191,"bolussnooze":0,"activity":7.0E-4,"lastBolusTime":1702942121847,"time":"2023-12-19T01:08:28.287Z"}},{"iob":0.105,"basaliob":-0.008,"bolussnooze":0,"activity":0.0023,"lastBolusTime":1702942121847,"time":"2023-12-19T01:13:28.287Z","iobWithZeroTemp":{"iob":-0.085,"basaliob":-0.198,"bolussnooze":0,"activity":4.0E-4,"lastBolusTime":1702942121847,"time":"2023-12-19T01:13:28.287Z"}},{"iob":0.093,"basaliob":-0.008,"bolussnooze":0,"activity":0.0022,"lastBolusTime":1702942121847,"time":"2023-12-19T01:18:28.287Z","iobWithZeroTemp":{"iob":-0.104,"basaliob":-0.205,"bolussnooze":0,"activity":3.0E-4,"lastBolusTime":1702942121847,"time":"2023-12-19T01:18:28.287Z"}},{"iob":0.084,"basaliob":-0.007,"bolussnooze":0,"activity":0.002,"lastBolusTime":1702942121847,"time":"2023-12-19T01:23:28.287Z","iobWithZeroTemp":{"iob":-0.12,"basaliob":-0.211,"bolussnooze":0,"activity":0,"lastBolusTime":1702942121847,"time":"2023-12-19T01:23:28.287Z"}},{"iob":0.075,"basaliob":-0.006,"bolussnooze":0,"activity":0.0018,"lastBolusTime":1702942121847,"time":"2023-12-19T01:28:28.287Z","iobWithZeroTemp":{"iob":-0.135,"basaliob":-0.216,"bolussnooze":0,"activity":-3.0E-4,"lastBolusTime":1702942121847,"time":"2023-12-19T01:28:28.287Z"}},{"iob":0.066,"basaliob":-0.006,"bolussnooze":0,"activity":0.0016,"lastBolusTime":1702942121847,"time":"2023-12-19T01:33:28.287Z","iobWithZeroTemp":{"iob":-0.15,"basaliob":-0.222,"bolussnooze":0,"activity":-6.0E-4,"lastBolusTime":1702942121847,"time":"2023-12-19T01:33:28.287Z"}},{"iob":0.059,"basaliob":-0.005,"bolussnooze":0,"activity":0.0014,"lastBolusTime":1702942121847,"time":"2023-12-19T01:38:28.287Z","iobWithZeroTemp":{"iob":-0.163,"basaliob":-0.227,"bolussnooze":0,"activity":-9.0E-4,"lastBolusTime":1702942121847,"time":"2023-12-19T01:38:28.287Z"}},{"iob":0.052,"basaliob":-0.005,"bolussnooze":0,"activity":0.0013,"lastBolusTime":1702942121847,"time":"2023-12-19T01:43:28.287Z","iobWithZeroTemp":{"iob":-0.175,"basaliob":-0.232,"bolussnooze":0,"activity":-0.001,"lastBolusTime":1702942121847,"time":"2023-12-19T01:43:28.287Z"}},{"iob":0.046,"basaliob":-0.004,"bolussnooze":0,"activity":0.0011,"lastBolusTime":1702942121847,"time":"2023-12-19T01:48:28.287Z","iobWithZeroTemp":{"iob":-0.186,"basaliob":-0.236,"bolussnooze":0,"activity":-0.0013,"lastBolusTime":1702942121847,"time":"2023-12-19T01:48:28.287Z"}},{"iob":0.041,"basaliob":-0.004,"bolussnooze":0,"activity":0.001,"lastBolusTime":1702942121847,"time":"2023-12-19T01:53:28.287Z","iobWithZeroTemp":{"iob":-0.195,"basaliob":-0.24,"bolussnooze":0,"activity":-0.0015,"lastBolusTime":1702942121847,"time":"2023-12-19T01:53:28.287Z"}},{"iob":0.036,"basaliob":-0.003,"bolussnooze":0,"activity":9.0E-4,"lastBolusTime":1702942121847,"time":"2023-12-19T01:58:28.287Z","iobWithZeroTemp":{"iob":-0.204,"basaliob":-0.243,"bolussnooze":0,"activity":-0.0016,"lastBolusTime":1702942121847,"time":"2023-12-19T01:58:28.287Z"}},{"iob":0.032,"basaliob":-0.003,"bolussnooze":0,"activity":8.0E-4,"lastBolusTime":1702942121847,"time":"2023-12-19T02:03:28.287Z","iobWithZeroTemp":{"iob":-0.212,"basaliob":-0.247,"bolussnooze":0,"activity":-0.0018,"lastBolusTime":1702942121847,"time":"2023-12-19T02:03:28.287Z"}},{"iob":0.028,"basaliob":-0.003,"bolussnooze":0,"activity":7.0E-4,"lastBolusTime":1702942121847,"time":"2023-12-19T02:08:28.287Z","iobWithZeroTemp":{"iob":-0.219,"basaliob":-0.25,"bolussnooze":0,"activity":-0.002,"lastBolusTime":1702942121847,"time":"2023-12-19T02:08:28.287Z"}},{"iob":0.025,"basaliob":-0.002,"bolussnooze":0,"activity":6.0E-4,"lastBolusTime":1702942121847,"time":"2023-12-19T02:13:28.287Z","iobWithZeroTemp":{"iob":-0.226,"basaliob":-0.253,"bolussnooze":0,"activity":-0.0021,"lastBolusTime":1702942121847,"time":"2023-12-19T02:13:28.287Z"}},{"iob":0.022,"basaliob":-0.002,"bolussnooze":0,"activity":6.0E-4,"lastBolusTime":1702942121847,"time":"2023-12-19T02:18:28.287Z","iobWithZeroTemp":{"iob":-0.231,"basaliob":-0.255,"bolussnooze":0,"activity":-0.0022,"lastBolusTime":1702942121847,"time":"2023-12-19T02:18:28.287Z"}},{"iob":0.019,"basaliob":-0.002,"bolussnooze":0,"activity":6.0E-4,"lastBolusTime":1702942121847,"time":"2023-12-19T02:23:28.287Z","iobWithZeroTemp":{"iob":-0.237,"basaliob":-0.258,"bolussnooze":0,"activity":-0.0022,"lastBolusTime":1702942121847,"time":"2023-12-19T02:23:28.287Z"}},{"iob":0.016,"basaliob":-0.002,"bolussnooze":0,"activity":5.0E-4,"lastBolusTime":1702942121847,"time":"2023-12-19T02:28:28.287Z","iobWithZeroTemp":{"iob":-0.243,"basaliob":-0.261,"bolussnooze":0,"activity":-0.0024,"lastBolusTime":1702942121847,"time":"2023-12-19T02:28:28.287Z"}},{"iob":0.014,"basaliob":-0.002,"bolussnooze":0,"activity":4.0E-4,"lastBolusTime":1702942121847,"time":"2023-12-19T02:33:28.287Z","iobWithZeroTemp":{"iob":-0.247,"basaliob":-0.263,"bolussnooze":0,"activity":-0.0025,"lastBolusTime":1702942121847,"time":"2023-12-19T02:33:28.287Z"}},{"iob":0.012,"basaliob":-0.001,"bolussnooze":0,"activity":4.0E-4,"lastBolusTime":1702942121847,"time":"2023-12-19T02:38:28.287Z","iobWithZeroTemp":{"iob":-0.251,"basaliob":-0.264,"bolussnooze":0,"activity":-0.0025,"lastBolusTime":1702942121847,"time":"2023-12-19T02:38:28.287Z"}},{"iob":0.011,"basaliob":-0.001,"bolussnooze":0,"activity":3.0E-4,"lastBolusTime":1702942121847,"time":"2023-12-19T02:43:28.287Z","iobWithZeroTemp":{"iob":-0.254,"basaliob":-0.266,"bolussnooze":0,"activity":-0.0027,"lastBolusTime":1702942121847,"time":"2023-12-19T02:43:28.287Z"}},{"iob":0.009,"basaliob":-0.001,"bolussnooze":0,"activity":3.0E-4,"lastBolusTime":1702942121847,"time":"2023-12-19T02:48:28.287Z","iobWithZeroTemp":{"iob":-0.257,"basaliob":-0.267,"bolussnooze":0,"activity":-0.0027,"lastBolusTime":1702942121847,"time":"2023-12-19T02:48:28.287Z"}},{"iob":0.008,"basaliob":-0.001,"bolussnooze":0,"activity":3.0E-4,"lastBolusTime":1702942121847,"time":"2023-12-19T02:53:28.287Z","iobWithZeroTemp":{"iob":-0.26,"basaliob":-0.269,"bolussnooze":0,"activity":-0.0027,"lastBolusTime":1702942121847,"time":"2023-12-19T02:53:28.287Z"}},{"iob":0.006,"basaliob":-0.001,"bolussnooze":0,"activity":2.0E-4,"lastBolusTime":1702942121847,"time":"2023-12-19T02:58:28.287Z","iobWithZeroTemp":{"iob":-0.263,"basaliob":-0.27,"bolussnooze":0,"activity":-0.0029,"lastBolusTime":1702942121847,"time":"2023-12-19T02:58:28.287Z"}},{"iob":0.005,"basaliob":-0.001,"bolussnooze":0,"activity":2.0E-4,"lastBolusTime":1702942121847,"time":"2023-12-19T03:03:28.287Z","iobWithZeroTemp":{"iob":-0.261,"basaliob":-0.267,"bolussnooze":0,"activity":-0.0029,"lastBolusTime":1702942121847,"time":"2023-12-19T03:03:28.287Z"}},{"iob":0.004,"basaliob":-0.001,"bolussnooze":0,"activity":2.0E-4,"lastBolusTime":1702942121847,"time":"2023-12-19T03:08:28.287Z","iobWithZeroTemp":{"iob":-0.259,"basaliob":-0.264,"bolussnooze":0,"activity":-0.0029,"lastBolusTime":1702942121847,"time":"2023-12-19T03:08:28.287Z"}},{"iob":0.003,"basaliob":-0.001,"bolussnooze":0,"activity":2.0E-4,"lastBolusTime":1702942121847,"time":"2023-12-19T03:13:28.287Z","iobWithZeroTemp":{"iob":-0.257,"basaliob":-0.261,"bolussnooze":0,"activity":-0.0029,"lastBolusTime":1702942121847,"time":"2023-12-19T03:13:28.287Z"}},{"iob":0.003,"basaliob":-0.001,"bolussnooze":0,"activity":1.0E-4,"lastBolusTime":1702942121847,"time":"2023-12-19T03:18:28.287Z","iobWithZeroTemp":{"iob":-0.254,"basaliob":-0.258,"bolussnooze":0,"activity":-0.003,"lastBolusTime":1702942121847,"time":"2023-12-19T03:18:28.287Z"}},{"iob":0.003,"basaliob":0,"bolussnooze":0,"activity":1.0E-4,"lastBolusTime":1702942121847,"time":"2023-12-19T03:23:28.287Z","iobWithZeroTemp":{"iob":-0.251,"basaliob":-0.254,"bolussnooze":0,"activity":-0.003,"lastBolusTime":1702942121847,"time":"2023-12-19T03:23:28.287Z"}},{"iob":0.003,"basaliob":0,"bolussnooze":0,"activity":1.0E-4,"lastBolusTime":1702942121847,"time":"2023-12-19T03:28:28.287Z","iobWithZeroTemp":{"iob":-0.249,"basaliob":-0.252,"bolussnooze":0,"activity":-0.003,"lastBolusTime":1702942121847,"time":"2023-12-19T03:28:28.287Z"}}],"profile":{"max_iob":10,"type":"current","max_daily_basal":0.25,"max_basal":1,"min_bg":90,"max_bg":90,"target_bg":90,"carb_ratio":15.6,"sens":84,"max_daily_safety_multiplier":5,"current_basal_safety_multiplier":5,"lgsThreshold":95,"high_temptarget_raises_sensitivity":false,"low_temptarget_lowers_sensitivity":false,"sensitivity_raises_target":true,"resistance_lowers_target":true,"adv_target_adjustments":false,"exercise_mode":false,"half_basal_exercise_target":160,"maxCOB":120,"skip_neutral_temps":false,"remainingCarbsCap":90,"enableUAM":true,"A52_risk_enable":false,"SMBInterval":5,"enableSMB_with_COB":true,"enableSMB_with_temptarget":false,"allowSMB_with_high_temptarget":false,"enableSMB_always":false,"enableSMB_after_carbs":true,"maxSMBBasalMinutes":120,"maxUAMSMBBasalMinutes":120,"bolus_increment":0.05,"carbsReqThreshold":1,"current_basal":0.20000000298023224,"temptargetSet":false,"autosens_max":1.2,"autosens_min":0.7,"variable_sens":79.3,"insulinDivisor":75,"TDD":21.837560375077828},"autosens_data":{"ratio":1},"meal_data":{"carbs":39,"mealCOB":0,"slopeFromMaxDeviation":-0.3034545454545454,"slopeFromMinDeviation":0.8982000000000001,"lastBolusTime":1702942121847,"lastCarbTime":1702935386937},"microBolusAllowed":true,"currentTime":1702942409510,"flatBGsDetected":false,"tdd1D":20.141666612277426,"tdd7D":26.78606000595613,"tddLast24H":20.070833279689154,"tddLast4H":4.062499985843897,"tddLast8to4H":0.7625000178813934},"output":{"temp":"absolute","bg":137,"tick":"+0","eventualBG":107,"targetBG":90,"insulinReq":0.08,"deliverAt":"2023-12-18T23:33:29.510Z","sensitivityRatio":1,"variable_sens":79.3,"predBGs":{"IOB":[137,137,136,135,134,133,132,131,130,128,126,124,122,120,118,116,115,113,112,110,109,108,107,106,105,105,104,103,103,102,102,102,101,101,101,100,100,100,100,100,99],"ZT":[137,133,129,125,121,117,114,111,108,105,103,100,98,97,95,94,93,92,91,90,90,90,90,90,90,90,90,91,92,92],"UAM":[137,137,136,136,135,134,133,132,131,130,129,128,126,124,122,121,119,118,116,115,114,113,112,111,110,110,109,108,108,107,107,107,106,106,106,105,105,105,105,105,104]},"reason":"COB: 0, Dev: 25, BGI: -4, ISF: 79, CR: 15.6, Target: 90, minPredBG 97, minGuardBG 104, IOBpredBG 99, UAMpredBG 104; Eventual BG 107 >= 90,  insulinReq 0.08. Waiting 0m 12s to microbolus again. temp 0.50 >~ req 0.36U\/hr. ","COB":0,"IOB":0.699,"timestamp":"2023-12-18T23:33:29.530Z"}}