{"algorithm":"OpenAPSSMBDynamicISFPlugin","input":{"glucoseStatus":{"glucose":133,"noise":0,"delta":1,"short_avgdelta":1.61,"long_avgdelta":2.84,"date":1703000875000},"currenttemp":{"temp":"absolute","duration":25,"rate":1,"minutesrunning":5},"iob_data":[{"iob":0.925,"basaliob":-0.1,"bolussnooze":8.0E-4,"activity":0.0106,"lastBolusTime":1703000623321,"time":"2023-12-19T15:48:26.097Z","iobWithZeroTemp":{"iob":0.925,"basaliob":-0.1,"bolussnooze":8.0E-4,"activity":0.0106,"lastBolusTime":1703000623321,"time":"2023-12-19T15:48:26.097Z"}},{"iob":0.872,"basaliob":-0.089,"bolussnooze":2.0E-4,"activity":0.0106,"lastBolusTime":1703000623321,"time":"2023-12-19T15:53:26.097Z","iobWithZeroTemp":{"iob":0.859,"basaliob":-0.102,"bolussnooze":2.0E-4,"activity":0.0106,"lastBolusTime":1703000623321,"time":"2023-12-19T15:53:26.097Z"}},{"iob":0.819,"basaliob":-0.079,"bolussnooze":0,"activity":0.0105,"lastBolusTime":1703000623321,"time":"2023-12-19T15:58:26.097Z","iobWithZeroTemp":{"iob":0.789,"basaliob":-0.109,"bolussnooze":0,"activity":0.0104,"lastBolusTime":1703000623321,"time":"2023-12-19T15:58:26.097Z"}},{"iob":0.767,"basaliob":-0.07,"bolussnooze":0,"activity":0.0103,"lastBolusTime":1703000623321,"time":"2023-12-19T16:03:26.097Z","iobWithZeroTemp":{"iob":0.721,"basaliob":-0.116,"bolussnooze":0,"activity":0.0102,"lastBolusTime":1703000623321,"time":"2023-12-19T16:03:26.097Z"}},{"iob":0.716,"basaliob":-0.062,"bolussnooze":0,"activity":0.0101,"lastBolusTime":1703000623321,"time":"2023-12-19T16:08:26.097Z","iobWithZeroTemp":{"iob":0.654,"basaliob":-0.124,"bolussnooze":0,"activity":0.0099,"lastBolusTime":1703000623321,"time":"2023-12-19T16:08:26.097Z"}},{"iob":0.666,"basaliob":-0.055,"bolussnooze":0,"activity":0.0097,"lastBolusTime":1703000623321,"time":"2023-12-19T16:13:26.097Z","iobWithZeroTemp":{"iob":0.589,"basaliob":-0.132,"bolussnooze":0,"activity":0.0094,"lastBolusTime":1703000623321,"time":"2023-12-19T16:13:26.097Z"}},{"iob":0.619,"basaliob":-0.048,"bolussnooze":0,"activity":0.0093,"lastBolusTime":1703000623321,"time":"2023-12-19T16:18:26.097Z","iobWithZeroTemp":{"iob":0.527,"basaliob":-0.14,"bolussnooze":0,"activity":0.0088,"lastBolusTime":1703000623321,"time":"2023-12-19T16:18:26.097Z"}},{"iob":0.573,"basaliob":-0.043,"bolussnooze":0,"activity":0.0089,"lastBolusTime":1703000623321,"time":"2023-12-19T16:23:26.097Z","iobWithZeroTemp":{"iob":0.467,"basaliob":-0.149,"bolussnooze":0,"activity":0.0083,"lastBolusTime":1703000623321,"time":"2023-12-19T16:23:26.097Z"}},{"iob":0.529,"basaliob":-0.038,"bolussnooze":0,"activity":0.0084,"lastBolusTime":1703000623321,"time":"2023-12-19T16:28:26.097Z","iobWithZeroTemp":{"iob":0.41,"basaliob":-0.157,"bolussnooze":0,"activity":0.0077,"lastBolusTime":1703000623321,"time":"2023-12-19T16:28:26.097Z"}},{"iob":0.488,"basaliob":-0.033,"bolussnooze":0,"activity":0.008,"lastBolusTime":1703000623321,"time":"2023-12-19T16:33:26.097Z","iobWithZeroTemp":{"iob":0.357,"basaliob":-0.164,"bolussnooze":0,"activity":0.0071,"lastBolusTime":1703000623321,"time":"2023-12-19T16:33:26.097Z"}},{"iob":0.449,"basaliob":-0.029,"bolussnooze":0,"activity":0.0075,"lastBolusTime":1703000623321,"time":"2023-12-19T16:38:26.097Z","iobWithZeroTemp":{"iob":0.306,"basaliob":-0.172,"bolussnooze":0,"activity":0.0065,"lastBolusTime":1703000623321,"time":"2023-12-19T16:38:26.097Z"}},{"iob":0.413,"basaliob":-0.025,"bolussnooze":0,"activity":0.0071,"lastBolusTime":1703000623321,"time":"2023-12-19T16:43:26.097Z","iobWithZeroTemp":{"iob":0.259,"basaliob":-0.179,"bolussnooze":0,"activity":0.0059,"lastBolusTime":1703000623321,"time":"2023-12-19T16:43:26.097Z"}},{"iob":0.378,"basaliob":-0.022,"bolussnooze":0,"activity":0.0067,"lastBolusTime":1703000623321,"time":"2023-12-19T16:48:26.097Z","iobWithZeroTemp":{"iob":0.213,"basaliob":-0.187,"bolussnooze":0,"activity":0.0054,"lastBolusTime":1703000623321,"time":"2023-12-19T16:48:26.097Z"}},{"iob":0.346,"basaliob":-0.019,"bolussnooze":0,"activity":0.0062,"lastBolusTime":1703000623321,"time":"2023-12-19T16:53:26.097Z","iobWithZeroTemp":{"iob":0.171,"basaliob":-0.194,"bolussnooze":0,"activity":0.0048,"lastBolusTime":1703000623321,"time":"2023-12-19T16:53:26.097Z"}},{"iob":0.316,"basaliob":-0.017,"bolussnooze":0,"activity":0.0058,"lastBolusTime":1703000623321,"time":"2023-12-19T16:58:26.097Z","iobWithZeroTemp":{"iob":0.132,"basaliob":-0.201,"bolussnooze":0,"activity":0.0042,"lastBolusTime":1703000623321,"time":"2023-12-19T16:58:26.097Z"}},{"iob":0.289,"basaliob":-0.014,"bolussnooze":0,"activity":0.0054,"lastBolusTime":1703000623321,"time":"2023-12-19T17:03:26.097Z","iobWithZeroTemp":{"iob":0.097,"basaliob":-0.206,"bolussnooze":0,"activity":0.0037,"lastBolusTime":1703000623321,"time":"2023-12-19T17:03:26.097Z"}},{"iob":0.263,"basaliob":-0.012,"bolussnooze":0,"activity":0.0049,"lastBolusTime":1703000623321,"time":"2023-12-19T17:08:26.097Z","iobWithZeroTemp":{"iob":0.063,"basaliob":-0.212,"bolussnooze":0,"activity":0.0031,"lastBolusTime":1703000623321,"time":"2023-12-19T17:08:26.097Z"}},{"iob":0.238,"basaliob":-0.011,"bolussnooze":0,"activity":0.0046,"lastBolusTime":1703000623321,"time":"2023-12-19T17:13:26.097Z","iobWithZeroTemp":{"iob":0.031,"basaliob":-0.218,"bolussnooze":0,"activity":0.0027,"lastBolusTime":1703000623321,"time":"2023-12-19T17:13:26.097Z"}},{"iob":0.217,"basaliob":-0.009,"bolussnooze":0,"activity":0.0042,"lastBolusTime":1703000623321,"time":"2023-12-19T17:18:26.097Z","iobWithZeroTemp":{"iob":0.003,"basaliob":-0.223,"bolussnooze":0,"activity":0.0022,"lastBolusTime":1703000623321,"time":"2023-12-19T17:18:26.097Z"}},{"iob":0.196,"basaliob":-0.008,"bolussnooze":0,"activity":0.0039,"lastBolusTime":1703000623321,"time":"2023-12-19T17:23:26.097Z","iobWithZeroTemp":{"iob":-0.024,"basaliob":-0.228,"bolussnooze":0,"activity":0.0018,"lastBolusTime":1703000623321,"time":"2023-12-19T17:23:26.097Z"}},{"iob":0.178,"basaliob":-0.006,"bolussnooze":0,"activity":0.0036,"lastBolusTime":1703000623321,"time":"2023-12-19T17:28:26.097Z","iobWithZeroTemp":{"iob":-0.048,"basaliob":-0.232,"bolussnooze":0,"activity":0.0014,"lastBolusTime":1703000623321,"time":"2023-12-19T17:28:26.097Z"}},{"iob":0.161,"basaliob":-0.005,"bolussnooze":0,"activity":0.0033,"lastBolusTime":1703000623321,"time":"2023-12-19T17:33:26.097Z","iobWithZeroTemp":{"iob":-0.07,"basaliob":-0.236,"bolussnooze":0,"activity":0.001,"lastBolusTime":1703000623321,"time":"2023-12-19T17:33:26.097Z"}},{"iob":0.145,"basaliob":-0.004,"bolussnooze":0,"activity":0.003,"lastBolusTime":1703000623321,"time":"2023-12-19T17:38:26.097Z","iobWithZeroTemp":{"iob":-0.091,"basaliob":-0.24,"bolussnooze":0,"activity":6.0E-4,"lastBolusTime":1703000623321,"time":"2023-12-19T17:38:26.097Z"}},{"iob":0.13,"basaliob":-0.004,"bolussnooze":0,"activity":0.0027,"lastBolusTime":1703000623321,"time":"2023-12-19T17:43:26.097Z","iobWithZeroTemp":{"iob":-0.11,"basaliob":-0.244,"bolussnooze":0,"activity":2.0E-4,"lastBolusTime":1703000623321,"time":"2023-12-19T17:43:26.097Z"}},{"iob":0.117,"basaliob":-0.003,"bolussnooze":0,"activity":0.0025,"lastBolusTime":1703000623321,"time":"2023-12-19T17:48:26.097Z","iobWithZeroTemp":{"iob":-0.127,"basaliob":-0.247,"bolussnooze":0,"activity":-1.0E-4,"lastBolusTime":1703000623321,"time":"2023-12-19T17:48:26.097Z"}},{"iob":0.105,"basaliob":-0.002,"bolussnooze":0,"activity":0.0023,"lastBolusTime":1703000623321,"time":"2023-12-19T17:53:26.097Z","iobWithZeroTemp":{"iob":-0.143,"basaliob":-0.25,"bolussnooze":0,"activity":-3.0E-4,"lastBolusTime":1703000623321,"time":"2023-12-19T17:53:26.097Z"}},{"iob":0.094,"basaliob":-0.002,"bolussnooze":0,"activity":0.0021,"lastBolusTime":1703000623321,"time":"2023-12-19T17:58:26.097Z","iobWithZeroTemp":{"iob":-0.157,"basaliob":-0.253,"bolussnooze":0,"activity":-6.0E-4,"lastBolusTime":1703000623321,"time":"2023-12-19T17:58:26.097Z"}},{"iob":0.085,"basaliob":-0.001,"bolussnooze":0,"activity":0.0019,"lastBolusTime":1703000623321,"time":"2023-12-19T18:03:26.097Z","iobWithZeroTemp":{"iob":-0.17,"basaliob":-0.256,"bolussnooze":0,"activity":-9.0E-4,"lastBolusTime":1703000623321,"time":"2023-12-19T18:03:26.097Z"}},{"iob":0.075,"basaliob":-0.001,"bolussnooze":0,"activity":0.0017,"lastBolusTime":1703000623321,"time":"2023-12-19T18:08:26.097Z","iobWithZeroTemp":{"iob":-0.182,"basaliob":-0.258,"bolussnooze":0,"activity":-0.0011,"lastBolusTime":1703000623321,"time":"2023-12-19T18:08:26.097Z"}},{"iob":0.067,"basaliob":-0.001,"bolussnooze":0,"activity":0.0015,"lastBolusTime":1703000623321,"time":"2023-12-19T18:13:26.097Z","iobWithZeroTemp":{"iob":-0.193,"basaliob":-0.261,"bolussnooze":0,"activity":-0.0014,"lastBolusTime":1703000623321,"time":"2023-12-19T18:13:26.097Z"}},{"iob":0.061,"basaliob":0,"bolussnooze":0,"activity":0.0013,"lastBolusTime":1703000623321,"time":"2023-12-19T18:18:26.097Z","iobWithZeroTemp":{"iob":-0.201,"basaliob":-0.262,"bolussnooze":0,"activity":-0.0016,"lastBolusTime":1703000623321,"time":"2023-12-19T18:18:26.097Z"}},{"iob":0.054,"basaliob":0,"bolussnooze":0,"activity":0.0013,"lastBolusTime":1703000623321,"time":"2023-12-19T18:23:26.097Z","iobWithZeroTemp":{"iob":-0.21,"basaliob":-0.264,"bolussnooze":0,"activity":-0.0016,"lastBolusTime":1703000623321,"time":"2023-12-19T18:23:26.097Z"}},{"iob":0.048,"basaliob":0,"bolussnooze":0,"activity":0.0012,"lastBolusTime":1703000623321,"time":"2023-12-19T18:28:26.097Z","iobWithZeroTemp":{"iob":-0.218,"basaliob":-0.266,"bolussnooze":0,"activity":-0.0018,"lastBolusTime":1703000623321,"time":"2023-12-19T18:28:26.097Z"}},{"iob":0.042,"basaliob":0,"bolussnooze":0,"activity":0.001,"lastBolusTime":1703000623321,"time":"2023-12-19T18:33:26.097Z","iobWithZeroTemp":{"iob":-0.226,"basaliob":-0.268,"bolussnooze":0,"activity":-0.002,"lastBolusTime":1703000623321,"time":"2023-12-19T18:33:26.097Z"}},{"iob":0.037,"basaliob":0,"bolussnooze":0,"activity":9.0E-4,"lastBolusTime":1703000623321,"time":"2023-12-19T18:38:26.097Z","iobWithZeroTemp":{"iob":-0.232,"basaliob":-0.269,"bolussnooze":0,"activity":-0.0022,"lastBolusTime":1703000623321,"time":"2023-12-19T18:38:26.097Z"}},{"iob":0.033,"basaliob":0,"bolussnooze":0,"activity":8.0E-4,"lastBolusTime":1703000623321,"time":"2023-12-19T18:43:26.097Z","iobWithZeroTemp":{"iob":-0.237,"basaliob":-0.27,"bolussnooze":0,"activity":-0.0023,"lastBolusTime":1703000623321,"time":"2023-12-19T18:43:26.097Z"}},{"iob":0.03,"basaliob":0.001,"bolussnooze":0,"activity":7.0E-4,"lastBolusTime":1703000623321,"time":"2023-12-19T18:48:26.097Z","iobWithZeroTemp":{"iob":-0.242,"basaliob":-0.271,"bolussnooze":0,"activity":-0.0024,"lastBolusTime":1703000623321,"time":"2023-12-19T18:48:26.097Z"}},{"iob":0.027,"basaliob":0.001,"bolussnooze":0,"activity":6.0E-4,"lastBolusTime":1703000623321,"time":"2023-12-19T18:53:26.097Z","iobWithZeroTemp":{"iob":-0.246,"basaliob":-0.272,"bolussnooze":0,"activity":-0.0025,"lastBolusTime":1703000623321,"time":"2023-12-19T18:53:26.097Z"}},{"iob":0.024,"basaliob":0.001,"bolussnooze":0,"activity":6.0E-4,"lastBolusTime":1703000623321,"time":"2023-12-19T18:58:26.097Z","iobWithZeroTemp":{"iob":-0.25,"basaliob":-0.273,"bolussnooze":0,"activity":-0.0026,"lastBolusTime":1703000623321,"time":"2023-12-19T18:58:26.097Z"}},{"iob":0.021,"basaliob":0.001,"bolussnooze":0,"activity":5.0E-4,"lastBolusTime":1703000623321,"time":"2023-12-19T19:03:26.097Z","iobWithZeroTemp":{"iob":-0.249,"basaliob":-0.269,"bolussnooze":0,"activity":-0.0027,"lastBolusTime":1703000623321,"time":"2023-12-19T19:03:26.097Z"}},{"iob":0.019,"basaliob":0.001,"bolussnooze":0,"activity":5.0E-4,"lastBolusTime":1703000623321,"time":"2023-12-19T19:08:26.097Z","iobWithZeroTemp":{"iob":-0.248,"basaliob":-0.266,"bolussnooze":0,"activity":-0.0027,"lastBolusTime":1703000623321,"time":"2023-12-19T19:08:26.097Z"}},{"iob":0.017,"basaliob":0.001,"bolussnooze":0,"activity":4.0E-4,"lastBolusTime":1703000623321,"time":"2023-12-19T19:13:26.097Z","iobWithZeroTemp":{"iob":-0.247,"basaliob":-0.263,"bolussnooze":0,"activity":-0.0028,"lastBolusTime":1703000623321,"time":"2023-12-19T19:13:26.097Z"}},{"iob":0.015,"basaliob":0.001,"bolussnooze":0,"activity":4.0E-4,"lastBolusTime":1703000623321,"time":"2023-12-19T19:18:26.097Z","iobWithZeroTemp":{"iob":-0.245,"basaliob":-0.259,"bolussnooze":0,"activity":-0.0028,"lastBolusTime":1703000623321,"time":"2023-12-19T19:18:26.097Z"}},{"iob":0.013,"basaliob":0.001,"bolussnooze":0,"activity":3.0E-4,"lastBolusTime":1703000623321,"time":"2023-12-19T19:23:26.097Z","iobWithZeroTemp":{"iob":-0.244,"basaliob":-0.256,"bolussnooze":0,"activity":-0.0028,"lastBolusTime":1703000623321,"time":"2023-12-19T19:23:26.097Z"}},{"iob":0.011,"basaliob":0.001,"bolussnooze":0,"activity":3.0E-4,"lastBolusTime":1703000623321,"time":"2023-12-19T19:28:26.097Z","iobWithZeroTemp":{"iob":-0.243,"basaliob":-0.253,"bolussnooze":0,"activity":-0.0028,"lastBolusTime":1703000623321,"time":"2023-12-19T19:28:26.097Z"}},{"iob":0.01,"basaliob":0.001,"bolussnooze":0,"activity":3.0E-4,"lastBolusTime":1703000623321,"time":"2023-12-19T19:33:26.097Z","iobWithZeroTemp":{"iob":-0.241,"basaliob":-0.25,"bolussnooze":0,"activity":-0.0028,"lastBolusTime":1703000623321,"time":"2023-12-19T19:33:26.097Z"}},{"iob":0.009,"basaliob":0.001,"bolussnooze":0,"activity":2.0E-4,"lastBolusTime":1703000623321,"time":"2023-12-19T19:38:26.097Z","iobWithZeroTemp":{"iob":-0.239,"basaliob":-0.247,"bolussnooze":0,"activity":-0.0029,"lastBolusTime":1703000623321,"time":"2023-12-19T19:38:26.097Z"}},{"iob":0.008,"basaliob":0.001,"bolussnooze":0,"activity":2.0E-4,"lastBolusTime":1703000623321,"time":"2023-12-19T19:43:26.097Z","iobWithZeroTemp":{"iob":-0.237,"basaliob":-0.244,"bolussnooze":0,"activity":-0.0028,"lastBolusTime":1703000623321,"time":"2023-12-19T19:43:26.097Z"}}],"profile":{"max_iob":10,"type":"current","max_daily_basal":0.25,"max_basal":1,"min_bg":90,"max_bg":90,"target_bg":90,"carb_ratio":12.4,"sens":79,"max_daily_safety_multiplier":5,"current_basal_safety_multiplier":5,"lgsThreshold":95,"high_temptarget_raises_sensitivity":false,"low_temptarget_lowers_sensitivity":false,"sensitivity_raises_target":true,"resistance_lowers_target":true,"adv_target_adjustments":false,"exercise_mode":false,"half_basal_exercise_target":160,"maxCOB":120,"skip_neutral_temps":false,"remainingCarbsCap":90,"enableUAM":true,"A52_risk_enable":false,"SMBInterval":5,"enableSMB_with_COB":true,"enableSMB_with_temptarget":false,"allowSMB_with_high_temptarget":false,"enableSMB_always":false,"enableSMB_after_carbs":true,"maxSMBBasalMinutes":120,"maxUAMSMBBasalMinutes":120,"bolus_increment":0.05,"carbsReqThreshold":1,"current_basal":0.20000000298023224,"temptargetSet":false,"autosens_max":1.2,"autosens_min":0.7,"variable_sens":70.8,"insulinDivisor":75,"TDD":24.918110146714554},"autosens_data":{"ratio":1},"meal_data":{"carbs":61,"mealCOB":3.617194936708853,"slopeFromMaxDeviation":-0.2965454545454546,"slopeFromMinDeviation":0,"lastBolusTime":1703000623321,"lastCarbTime":1702993121000},"microBolusAllowed":true,"currentTime":1703000908123,"flatBGsDetected":false,"tdd1D":20.141666612277426,"tdd7D":26.78606000595613,"tddLast24H":17.354166521380343,"tddLast4H":5.758333153774341,"tddLast8to4H":1.9916666860381764},"output":{"temp":"absolute","bg":133,"tick":"+1","eventualBG":100,"targetBG":90,"insulinReq":-0.02,"deliverAt":"2023-12-19T15:48:28.123Z","sensitivityRatio":1,"variable_sens":70.8,"predBGs":{"IOB":[133,134,134,134,133,133,132,130,129,127,125,122,120,117,115,113,110,108,107,105,103,102,100,99,98,97,96,95,94,93,93,92,91,91,90,90,90,89,89,89,89,88,88,88,88,88,88,87],"ZT":[133,129,125,122,118,114,110,107,103,100,97,94,92,89,87,85,83,82,81,79,79,78,77,77,77,77,77,77,78,78,79,80,81,82,83,84,85,86,87,88,90],"COB":[133,133,133,133,132,130,128,126,123,120,117,115,112,110,107,105,104,102,100,99,97,96,95,94,93,92,91,90,90,89,89,88,88,87,87,87,86,86,86,86,85],"UAM":[133,134,134,134,134,134,134,133,132,132,130,129,128,126,125,123,121,119,117,116,114,113,111,110,109,108,107,106,106,105,104,104,103,103,102,102,102,101,101,101,101,100]},"reason":"COB: 3.6, Dev: 29, BGI: -4, ISF: 71, CR: 12.4, Target: 90, minPredBG 88, minGuardBG 98, IOBpredBG 87, COBpredBG 85, UAMpredBG 100; Eventual BG 100 >= 90,  insulinReq -0.02; setting 60m low temp of 0U\/h. Waiting 0m 18s to microbolus again. ","COB":3.617194936708853,"IOB":0.925,"rate":0,"duration":60,"timestamp":"2023-12-19T15:48:28.131Z"}}