{"algorithm":"OpenAPSSMBDynamicISFPlugin","input":{"glucoseStatus":{"glucose":126,"noise":0,"delta":5,"short_avgdelta":5.78,"long_avgdelta":5.98,"date":1702971174000},"currenttemp":{"temp":"absolute","duration":57,"rate":0,"minutesrunning":63},"iob_data":[{"iob":1.563,"basaliob":-0.193,"bolussnooze":0.5556,"activity":0.0215,"lastBolusTime":1702970614102,"time":"2023-12-19T07:33:23.673Z","iobWithZeroTemp":{"iob":1.563,"basaliob":-0.193,"bolussnooze":0.5556,"activity":0.0215,"lastBolusTime":1702970614102,"time":"2023-12-19T07:33:23.673Z"}},{"iob":1.457,"basaliob":-0.183,"bolussnooze":0.459,"activity":0.0209,"lastBolusTime":1702970614102,"time":"2023-12-19T07:38:23.673Z","iobWithZeroTemp":{"iob":1.447,"basaliob":-0.193,"bolussnooze":0.459,"activity":0.0209,"lastBolusTime":1702970614102,"time":"2023-12-19T07:38:23.673Z"}},{"iob":1.355,"basaliob":-0.173,"bolussnooze":0.3769,"activity":0.0201,"lastBolusTime":1702970614102,"time":"2023-12-19T07:43:23.673Z","iobWithZeroTemp":{"iob":1.333,"basaliob":-0.195,"bolussnooze":0.3769,"activity":0.0201,"lastBolusTime":1702970614102,"time":"2023-12-19T07:43:23.673Z"}},{"iob":1.257,"basaliob":-0.163,"bolussnooze":0.3075,"activity":0.0192,"lastBolusTime":1702970614102,"time":"2023-12-19T07:48:23.673Z","iobWithZeroTemp":{"iob":1.222,"basaliob":-0.198,"bolussnooze":0.3075,"activity":0.0191,"lastBolusTime":1702970614102,"time":"2023-12-19T07:48:23.673Z"}},{"iob":1.163,"basaliob":-0.153,"bolussnooze":0.2492,"activity":0.0182,"lastBolusTime":1702970614102,"time":"2023-12-19T07:53:23.673Z","iobWithZeroTemp":{"iob":1.117,"basaliob":-0.199,"bolussnooze":0.2492,"activity":0.018,"lastBolusTime":1702970614102,"time":"2023-12-19T07:53:23.673Z"}},{"iob":1.075,"basaliob":-0.143,"bolussnooze":0.2007,"activity":0.0173,"lastBolusTime":1702970614102,"time":"2023-12-19T07:58:23.673Z","iobWithZeroTemp":{"iob":1.017,"basaliob":-0.201,"bolussnooze":0.2007,"activity":0.017,"lastBolusTime":1702970614102,"time":"2023-12-19T07:58:23.673Z"}},{"iob":0.991,"basaliob":-0.133,"bolussnooze":0.1604,"activity":0.0163,"lastBolusTime":1702970614102,"time":"2023-12-19T08:03:23.673Z","iobWithZeroTemp":{"iob":0.922,"basaliob":-0.202,"bolussnooze":0.1604,"activity":0.0159,"lastBolusTime":1702970614102,"time":"2023-12-19T08:03:23.673Z"}},{"iob":0.912,"basaliob":-0.124,"bolussnooze":0.1273,"activity":0.0153,"lastBolusTime":1702970614102,"time":"2023-12-19T08:08:23.673Z","iobWithZeroTemp":{"iob":0.833,"basaliob":-0.203,"bolussnooze":0.1273,"activity":0.0148,"lastBolusTime":1702970614102,"time":"2023-12-19T08:08:23.673Z"}},{"iob":0.838,"basaliob":-0.115,"bolussnooze":0.1002,"activity":0.0144,"lastBolusTime":1702970614102,"time":"2023-12-19T08:13:23.673Z","iobWithZeroTemp":{"iob":0.749,"basaliob":-0.204,"bolussnooze":0.1002,"activity":0.0138,"lastBolusTime":1702970614102,"time":"2023-12-19T08:13:23.673Z"}},{"iob":0.769,"basaliob":-0.106,"bolussnooze":0.0781,"activity":0.0134,"lastBolusTime":1702970614102,"time":"2023-12-19T08:18:23.673Z","iobWithZeroTemp":{"iob":0.67,"basaliob":-0.205,"bolussnooze":0.0781,"activity":0.0127,"lastBolusTime":1702970614102,"time":"2023-12-19T08:18:23.673Z"}},{"iob":0.704,"basaliob":-0.098,"bolussnooze":0.0603,"activity":0.0125,"lastBolusTime":1702970614102,"time":"2023-12-19T08:23:23.673Z","iobWithZeroTemp":{"iob":0.597,"basaliob":-0.205,"bolussnooze":0.0603,"activity":0.0117,"lastBolusTime":1702970614102,"time":"2023-12-19T08:23:23.673Z"}},{"iob":0.642,"basaliob":-0.091,"bolussnooze":0.046,"activity":0.0117,"lastBolusTime":1702970614102,"time":"2023-12-19T08:28:23.673Z","iobWithZeroTemp":{"iob":0.526,"basaliob":-0.207,"bolussnooze":0.046,"activity":0.0108,"lastBolusTime":1702970614102,"time":"2023-12-19T08:28:23.673Z"}},{"iob":0.586,"basaliob":-0.084,"bolussnooze":0.0347,"activity":0.0108,"lastBolusTime":1702970614102,"time":"2023-12-19T08:33:23.673Z","iobWithZeroTemp":{"iob":0.462,"basaliob":-0.208,"bolussnooze":0.0347,"activity":0.0098,"lastBolusTime":1702970614102,"time":"2023-12-19T08:33:23.673Z"}},{"iob":0.534,"basaliob":-0.077,"bolussnooze":0.0257,"activity":0.0101,"lastBolusTime":1702970614102,"time":"2023-12-19T08:38:23.673Z","iobWithZeroTemp":{"iob":0.403,"basaliob":-0.208,"bolussnooze":0.0257,"activity":0.009,"lastBolusTime":1702970614102,"time":"2023-12-19T08:38:23.673Z"}},{"iob":0.486,"basaliob":-0.07,"bolussnooze":0.0187,"activity":0.0093,"lastBolusTime":1702970614102,"time":"2023-12-19T08:43:23.673Z","iobWithZeroTemp":{"iob":0.348,"basaliob":-0.208,"bolussnooze":0.0187,"activity":0.0081,"lastBolusTime":1702970614102,"time":"2023-12-19T08:43:23.673Z"}},{"iob":0.442,"basaliob":-0.064,"bolussnooze":0.0133,"activity":0.0086,"lastBolusTime":1702970614102,"time":"2023-12-19T08:48:23.673Z","iobWithZeroTemp":{"iob":0.298,"basaliob":-0.208,"bolussnooze":0.0133,"activity":0.0073,"lastBolusTime":1702970614102,"time":"2023-12-19T08:48:23.673Z"}},{"iob":0.4,"basaliob":-0.059,"bolussnooze":0.0092,"activity":0.0079,"lastBolusTime":1702970614102,"time":"2023-12-19T08:53:23.673Z","iobWithZeroTemp":{"iob":0.25,"basaliob":-0.209,"bolussnooze":0.0092,"activity":0.0065,"lastBolusTime":1702970614102,"time":"2023-12-19T08:53:23.673Z"}},{"iob":0.362,"basaliob":-0.054,"bolussnooze":0.0062,"activity":0.0073,"lastBolusTime":1702970614102,"time":"2023-12-19T08:58:23.673Z","iobWithZeroTemp":{"iob":0.206,"basaliob":-0.21,"bolussnooze":0.0062,"activity":0.0058,"lastBolusTime":1702970614102,"time":"2023-12-19T08:58:23.673Z"}},{"iob":0.327,"basaliob":-0.049,"bolussnooze":0.0039,"activity":0.0067,"lastBolusTime":1702970614102,"time":"2023-12-19T09:03:23.673Z","iobWithZeroTemp":{"iob":0.162,"basaliob":-0.214,"bolussnooze":0.0039,"activity":0.0052,"lastBolusTime":1702970614102,"time":"2023-12-19T09:03:23.673Z"}},{"iob":0.295,"basaliob":-0.045,"bolussnooze":0.0023,"activity":0.0061,"lastBolusTime":1702970614102,"time":"2023-12-19T09:08:23.673Z","iobWithZeroTemp":{"iob":0.122,"basaliob":-0.218,"bolussnooze":0.0023,"activity":0.0045,"lastBolusTime":1702970614102,"time":"2023-12-19T09:08:23.673Z"}},{"iob":0.266,"basaliob":-0.04,"bolussnooze":0.0012,"activity":0.0056,"lastBolusTime":1702970614102,"time":"2023-12-19T09:13:23.673Z","iobWithZeroTemp":{"iob":0.084,"basaliob":-0.222,"bolussnooze":0.0012,"activity":0.0039,"lastBolusTime":1702970614102,"time":"2023-12-19T09:13:23.673Z"}},{"iob":0.239,"basaliob":-0.037,"bolussnooze":5.0E-4,"activity":0.0051,"lastBolusTime":1702970614102,"time":"2023-12-19T09:18:23.673Z","iobWithZeroTemp":{"iob":0.05,"basaliob":-0.226,"bolussnooze":5.0E-4,"activity":0.0033,"lastBolusTime":1702970614102,"time":"2023-12-19T09:18:23.673Z"}},{"iob":0.215,"basaliob":-0.033,"bolussnooze":2.0E-4,"activity":0.0046,"lastBolusTime":1702970614102,"time":"2023-12-19T09:23:23.673Z","iobWithZeroTemp":{"iob":0.018,"basaliob":-0.23,"bolussnooze":2.0E-4,"activity":0.0027,"lastBolusTime":1702970614102,"time":"2023-12-19T09:23:23.673Z"}},{"iob":0.193,"basaliob":-0.03,"bolussnooze":0,"activity":0.0043,"lastBolusTime":1702970614102,"time":"2023-12-19T09:28:23.673Z","iobWithZeroTemp":{"iob":-0.011,"basaliob":-0.234,"bolussnooze":0,"activity":0.0023,"lastBolusTime":1702970614102,"time":"2023-12-19T09:28:23.673Z"}},{"iob":0.172,"basaliob":-0.027,"bolussnooze":0,"activity":0.0038,"lastBolusTime":1702970614102,"time":"2023-12-19T09:33:23.673Z","iobWithZeroTemp":{"iob":-0.038,"basaliob":-0.237,"bolussnooze":0,"activity":0.0017,"lastBolusTime":1702970614102,"time":"2023-12-19T09:33:23.673Z"}},{"iob":0.154,"basaliob":-0.024,"bolussnooze":0,"activity":0.0035,"lastBolusTime":1702970614102,"time":"2023-12-19T09:38:23.673Z","iobWithZeroTemp":{"iob":-0.062,"basaliob":-0.24,"bolussnooze":0,"activity":0.0013,"lastBolusTime":1702970614102,"time":"2023-12-19T09:38:23.673Z"}},{"iob":0.137,"basaliob":-0.022,"bolussnooze":0,"activity":0.0031,"lastBolusTime":1702970614102,"time":"2023-12-19T09:43:23.673Z","iobWithZeroTemp":{"iob":-0.085,"basaliob":-0.244,"bolussnooze":0,"activity":8.0E-4,"lastBolusTime":1702970614102,"time":"2023-12-19T09:43:23.673Z"}},{"iob":0.122,"basaliob":-0.02,"bolussnooze":0,"activity":0.0029,"lastBolusTime":1702970614102,"time":"2023-12-19T09:48:23.673Z","iobWithZeroTemp":{"iob":-0.105,"basaliob":-0.247,"bolussnooze":0,"activity":6.0E-4,"lastBolusTime":1702970614102,"time":"2023-12-19T09:48:23.673Z"}},{"iob":0.108,"basaliob":-0.018,"bolussnooze":0,"activity":0.0026,"lastBolusTime":1702970614102,"time":"2023-12-19T09:53:23.673Z","iobWithZeroTemp":{"iob":-0.124,"basaliob":-0.25,"bolussnooze":0,"activity":2.0E-4,"lastBolusTime":1702970614102,"time":"2023-12-19T09:53:23.673Z"}},{"iob":0.096,"basaliob":-0.016,"bolussnooze":0,"activity":0.0023,"lastBolusTime":1702970614102,"time":"2023-12-19T09:58:23.673Z","iobWithZeroTemp":{"iob":-0.14,"basaliob":-0.252,"bolussnooze":0,"activity":-2.0E-4,"lastBolusTime":1702970614102,"time":"2023-12-19T09:58:23.673Z"}},{"iob":0.085,"basaliob":-0.014,"bolussnooze":0,"activity":0.0021,"lastBolusTime":1702970614102,"time":"2023-12-19T10:03:23.673Z","iobWithZeroTemp":{"iob":-0.151,"basaliob":-0.25,"bolussnooze":0,"activity":-4.0E-4,"lastBolusTime":1702970614102,"time":"2023-12-19T10:03:23.673Z"}},{"iob":0.074,"basaliob":-0.013,"bolussnooze":0,"activity":0.0019,"lastBolusTime":1702970614102,"time":"2023-12-19T10:08:23.673Z","iobWithZeroTemp":{"iob":-0.162,"basaliob":-0.249,"bolussnooze":0,"activity":-7.0E-4,"lastBolusTime":1702970614102,"time":"2023-12-19T10:08:23.673Z"}},{"iob":0.066,"basaliob":-0.011,"bolussnooze":0,"activity":0.0017,"lastBolusTime":1702970614102,"time":"2023-12-19T10:13:23.673Z","iobWithZeroTemp":{"iob":-0.169,"basaliob":-0.246,"bolussnooze":0,"activity":-9.0E-4,"lastBolusTime":1702970614102,"time":"2023-12-19T10:13:23.673Z"}},{"iob":0.058,"basaliob":-0.01,"bolussnooze":0,"activity":0.0016,"lastBolusTime":1702970614102,"time":"2023-12-19T10:18:23.673Z","iobWithZeroTemp":{"iob":-0.177,"basaliob":-0.245,"bolussnooze":0,"activity":-0.0011,"lastBolusTime":1702970614102,"time":"2023-12-19T10:18:23.673Z"}},{"iob":0.05,"basaliob":-0.009,"bolussnooze":0,"activity":0.0014,"lastBolusTime":1702970614102,"time":"2023-12-19T10:23:23.673Z","iobWithZeroTemp":{"iob":-0.184,"basaliob":-0.243,"bolussnooze":0,"activity":-0.0013,"lastBolusTime":1702970614102,"time":"2023-12-19T10:23:23.673Z"}},{"iob":0.044,"basaliob":-0.008,"bolussnooze":0,"activity":0.0012,"lastBolusTime":1702970614102,"time":"2023-12-19T10:28:23.673Z","iobWithZeroTemp":{"iob":-0.189,"basaliob":-0.241,"bolussnooze":0,"activity":-0.0015,"lastBolusTime":1702970614102,"time":"2023-12-19T10:28:23.673Z"}},{"iob":0.038,"basaliob":-0.007,"bolussnooze":0,"activity":0.0011,"lastBolusTime":1702970614102,"time":"2023-12-19T10:33:23.673Z","iobWithZeroTemp":{"iob":-0.194,"basaliob":-0.239,"bolussnooze":0,"activity":-0.0016,"lastBolusTime":1702970614102,"time":"2023-12-19T10:33:23.673Z"}},{"iob":0.033,"basaliob":-0.006,"bolussnooze":0,"activity":9.0E-4,"lastBolusTime":1702970614102,"time":"2023-12-19T10:38:23.673Z","iobWithZeroTemp":{"iob":-0.198,"basaliob":-0.237,"bolussnooze":0,"activity":-0.0018,"lastBolusTime":1702970614102,"time":"2023-12-19T10:38:23.673Z"}},{"iob":0.029,"basaliob":-0.005,"bolussnooze":0,"activity":9.0E-4,"lastBolusTime":1702970614102,"time":"2023-12-19T10:43:23.673Z","iobWithZeroTemp":{"iob":-0.201,"basaliob":-0.235,"bolussnooze":0,"activity":-0.0018,"lastBolusTime":1702970614102,"time":"2023-12-19T10:43:23.673Z"}},{"iob":0.024,"basaliob":-0.005,"bolussnooze":0,"activity":8.0E-4,"lastBolusTime":1702970614102,"time":"2023-12-19T10:48:23.673Z","iobWithZeroTemp":{"iob":-0.205,"basaliob":-0.234,"bolussnooze":0,"activity":-0.0019,"lastBolusTime":1702970614102,"time":"2023-12-19T10:48:23.673Z"}},{"iob":0.021,"basaliob":-0.004,"bolussnooze":0,"activity":7.0E-4,"lastBolusTime":1702970614102,"time":"2023-12-19T10:53:23.673Z","iobWithZeroTemp":{"iob":-0.207,"basaliob":-0.232,"bolussnooze":0,"activity":-0.002,"lastBolusTime":1702970614102,"time":"2023-12-19T10:53:23.673Z"}},{"iob":0.018,"basaliob":-0.003,"bolussnooze":0,"activity":6.0E-4,"lastBolusTime":1702970614102,"time":"2023-12-19T10:58:23.673Z","iobWithZeroTemp":{"iob":-0.209,"basaliob":-0.23,"bolussnooze":0,"activity":-0.0021,"lastBolusTime":1702970614102,"time":"2023-12-19T10:58:23.673Z"}},{"iob":0.015,"basaliob":-0.003,"bolussnooze":0,"activity":5.0E-4,"lastBolusTime":1702970614102,"time":"2023-12-19T11:03:23.673Z","iobWithZeroTemp":{"iob":-0.211,"basaliob":-0.229,"bolussnooze":0,"activity":-0.0022,"lastBolusTime":1702970614102,"time":"2023-12-19T11:03:23.673Z"}},{"iob":0.012,"basaliob":-0.003,"bolussnooze":0,"activity":4.0E-4,"lastBolusTime":1702970614102,"time":"2023-12-19T11:08:23.673Z","iobWithZeroTemp":{"iob":-0.213,"basaliob":-0.228,"bolussnooze":0,"activity":-0.0023,"lastBolusTime":1702970614102,"time":"2023-12-19T11:08:23.673Z"}},{"iob":0.011,"basaliob":-0.002,"bolussnooze":0,"activity":4.0E-4,"lastBolusTime":1702970614102,"time":"2023-12-19T11:13:23.673Z","iobWithZeroTemp":{"iob":-0.213,"basaliob":-0.226,"bolussnooze":0,"activity":-0.0023,"lastBolusTime":1702970614102,"time":"2023-12-19T11:13:23.673Z"}},{"iob":0.009,"basaliob":-0.002,"bolussnooze":0,"activity":3.0E-4,"lastBolusTime":1702970614102,"time":"2023-12-19T11:18:23.673Z","iobWithZeroTemp":{"iob":-0.214,"basaliob":-0.225,"bolussnooze":0,"activity":-0.0024,"lastBolusTime":1702970614102,"time":"2023-12-19T11:18:23.673Z"}},{"iob":0.007,"basaliob":-0.002,"bolussnooze":0,"activity":2.0E-4,"lastBolusTime":1702970614102,"time":"2023-12-19T11:23:23.673Z","iobWithZeroTemp":{"iob":-0.215,"basaliob":-0.224,"bolussnooze":0,"activity":-0.0025,"lastBolusTime":1702970614102,"time":"2023-12-19T11:23:23.673Z"}},{"iob":0.006,"basaliob":-0.001,"bolussnooze":0,"activity":3.0E-4,"lastBolusTime":1702970614102,"time":"2023-12-19T11:28:23.673Z","iobWithZeroTemp":{"iob":-0.215,"basaliob":-0.222,"bolussnooze":0,"activity":-0.0024,"lastBolusTime":1702970614102,"time":"2023-12-19T11:28:23.673Z"}}],"profile":{"max_iob":10,"type":"current","max_daily_basal":0.25,"max_basal":0.75,"min_bg":90,"max_bg":90,"target_bg":90,"carb_ratio":12.6,"sens":84,"max_daily_safety_multiplier":5,"current_basal_safety_multiplier":5,"lgsThreshold":95,"high_temptarget_raises_sensitivity":false,"low_temptarget_lowers_sensitivity":false,"sensitivity_raises_target":true,"resistance_lowers_target":true,"adv_target_adjustments":false,"exercise_mode":false,"half_basal_exercise_target":160,"maxCOB":120,"skip_neutral_temps":false,"remainingCarbsCap":90,"enableUAM":true,"A52_risk_enable":false,"SMBInterval":5,"enableSMB_with_COB":true,"enableSMB_with_temptarget":false,"allowSMB_with_high_temptarget":false,"enableSMB_always":false,"enableSMB_after_carbs":true,"maxSMBBasalMinutes":120,"maxUAMSMBBasalMinutes":120,"bolus_increment":0.05,"carbsReqThreshold":1,"current_basal":0.15000000596046448,"temptargetSet":false,"autosens_max":1.2,"autosens_min":0.7,"variable_sens":84,"insulinDivisor":75,"TDD":21.724535404729643},"autosens_data":{"ratio":1},"meal_data":{"carbs":34,"mealCOB":18.146800000000002,"slopeFromMaxDeviation":-1.2520000000000007,"slopeFromMinDeviation":1.3257777777777777,"lastBolusTime":1702970614102,"lastCarbTime":1702969059772},"microBolusAllowed":true,"currentTime":1702971204976,"flatBGsDetected":false,"tdd1D":20.141666612277426,"tdd7D":26.78606000595613,"tddLast24H":19.545833252122005,"tddLast4H":3.8416666770974794,"tddLast8to4H":1.087500010430813},"output":{"temp":"absolute","bg":126,"tick":"+5","eventualBG":105,"targetBG":90,"insulinReq":0,"deliverAt":"2023-12-19T07:33:24.976Z","sensitivityRatio":1,"variable_sens":84,"predBGs":{"IOB":[126,130,133,135,137,138,138,137,136,133,130,126,121,117,112,108,104,100,97,94,90,87,85,82,80,78,76,74,72,70,69,68,66,65,64,63,62,62,61,60,60,59,59,59,58],"ZT":[126,117,108,98,89,79,70,60,49,39,39,39,39,39,39,39,39,39,39,39,39,39,39,39,39,39,39,39,39,39,39,39,39,39,39,39,39,39,39,39,39,39,39,39,39,39,39,39],"COB":[126,130,134,137,140,142,144,145,146,147,147,147,146,145,144,142,139,136,133,130,128,125,123,121,119,118,116,115,114,113,112,111,110,109,109,108,108,107,107,106,106,106,106,105],"UAM":[126,130,133,135,136,136,136,135,133,129,125,120,115,110,106,101,97,93,90,86,83,80,77,74,71,69,67,65,63,61,60,58,57,55,54,53,52,51,51,50,49,49,48,48,48,47]},"reason":"COB: 18.1, Dev: 84, BGI: -9, ISF: 84, CR: 12.6, Target: 90, minPredBG 78, minGuardBG 77, IOBpredBG 58, COBpredBG 105, UAMpredBG 47; minGuardBG 77<95 57m left and 0 ~ req 0U\/hr: no temp required","COB":18.146800000000002,"IOB":1.563,"timestamp":"2023-12-19T07:33:24.996Z"}}