{"algorithm":"OpenAPSSMBDynamicISFPlugin","input":{"glucoseStatus":{"glucose":115,"noise":0,"delta":-2,"short_avgdelta":-2.11,"long_avgdelta":-1.61,"date":1702867971000},"currenttemp":{"temp":"absolute","duration":55,"rate":0,"minutesrunning":5},"iob_data":[{"iob":0.254,"basaliob":0.251,"bolussnooze":0,"activity":0.0037,"lastBolusTime":1702853609765,"time":"2023-12-18T02:53:20.074Z","iobWithZeroTemp":{"iob":0.254,"basaliob":0.251,"bolussnooze":0,"activity":0.0037,"lastBolusTime":1702853609765,"time":"2023-12-18T02:53:20.074Z"}},{"iob":0.236,"basaliob":0.233,"bolussnooze":0,"activity":0.0036,"lastBolusTime":1702853609765,"time":"2023-12-18T02:58:20.074Z","iobWithZeroTemp":{"iob":0.223,"basaliob":0.22,"bolussnooze":0,"activity":0.0036,"lastBolusTime":1702853609765,"time":"2023-12-18T02:58:20.074Z"}},{"iob":0.218,"basaliob":0.216,"bolussnooze":0,"activity":0.0034,"lastBolusTime":1702853609765,"time":"2023-12-18T03:03:20.074Z","iobWithZeroTemp":{"iob":0.192,"basaliob":0.19,"bolussnooze":0,"activity":0.0033,"lastBolusTime":1702853609765,"time":"2023-12-18T03:03:20.074Z"}},{"iob":0.202,"basaliob":0.2,"bolussnooze":0,"activity":0.0033,"lastBolusTime":1702853609765,"time":"2023-12-18T03:08:20.074Z","iobWithZeroTemp":{"iob":0.164,"basaliob":0.162,"bolussnooze":0,"activity":0.0032,"lastBolusTime":1702853609765,"time":"2023-12-18T03:08:20.074Z"}},{"iob":0.187,"basaliob":0.185,"bolussnooze":0,"activity":0.0031,"lastBolusTime":1702853609765,"time":"2023-12-18T03:13:20.074Z","iobWithZeroTemp":{"iob":0.137,"basaliob":0.135,"bolussnooze":0,"activity":0.0029,"lastBolusTime":1702853609765,"time":"2023-12-18T03:13:20.074Z"}},{"iob":0.171,"basaliob":0.17,"bolussnooze":0,"activity":0.0029,"lastBolusTime":1702853609765,"time":"2023-12-18T03:18:20.074Z","iobWithZeroTemp":{"iob":0.11,"basaliob":0.109,"bolussnooze":0,"activity":0.0026,"lastBolusTime":1702853609765,"time":"2023-12-18T03:18:20.074Z"}},{"iob":0.158,"basaliob":0.157,"bolussnooze":0,"activity":0.0027,"lastBolusTime":1702853609765,"time":"2023-12-18T03:23:20.074Z","iobWithZeroTemp":{"iob":0.086,"basaliob":0.085,"bolussnooze":0,"activity":0.0023,"lastBolusTime":1702853609765,"time":"2023-12-18T03:23:20.074Z"}},{"iob":0.145,"basaliob":0.144,"bolussnooze":0,"activity":0.0025,"lastBolusTime":1702853609765,"time":"2023-12-18T03:28:20.074Z","iobWithZeroTemp":{"iob":0.062,"basaliob":0.061,"bolussnooze":0,"activity":0.002,"lastBolusTime":1702853609765,"time":"2023-12-18T03:28:20.074Z"}},{"iob":0.133,"basaliob":0.132,"bolussnooze":0,"activity":0.0023,"lastBolusTime":1702853609765,"time":"2023-12-18T03:33:20.074Z","iobWithZeroTemp":{"iob":0.041,"basaliob":0.04,"bolussnooze":0,"activity":0.0017,"lastBolusTime":1702853609765,"time":"2023-12-18T03:33:20.074Z"}},{"iob":0.121,"basaliob":0.12,"bolussnooze":0,"activity":0.0022,"lastBolusTime":1702853609765,"time":"2023-12-18T03:38:20.074Z","iobWithZeroTemp":{"iob":0.019,"basaliob":0.018,"bolussnooze":0,"activity":0.0015,"lastBolusTime":1702853609765,"time":"2023-12-18T03:38:20.074Z"}},{"iob":0.111,"basaliob":0.11,"bolussnooze":0,"activity":0.002,"lastBolusTime":1702853609765,"time":"2023-12-18T03:43:20.074Z","iobWithZeroTemp":{"iob":0.001,"basaliob":0,"bolussnooze":0,"activity":0.0012,"lastBolusTime":1702853609765,"time":"2023-12-18T03:43:20.074Z"}},{"iob":0.1,"basaliob":0.1,"bolussnooze":0,"activity":0.0019,"lastBolusTime":1702853609765,"time":"2023-12-18T03:48:20.074Z","iobWithZeroTemp":{"iob":-0.019,"basaliob":-0.019,"bolussnooze":0,"activity":0.001,"lastBolusTime":1702853609765,"time":"2023-12-18T03:48:20.074Z"}},{"iob":0.091,"basaliob":0.091,"bolussnooze":0,"activity":0.0017,"lastBolusTime":1702853609765,"time":"2023-12-18T03:53:20.074Z","iobWithZeroTemp":{"iob":-0.035,"basaliob":-0.035,"bolussnooze":0,"activity":7.0E-4,"lastBolusTime":1702853609765,"time":"2023-12-18T03:53:20.074Z"}},{"iob":0.083,"basaliob":0.083,"bolussnooze":0,"activity":0.0016,"lastBolusTime":1702853609765,"time":"2023-12-18T03:58:20.074Z","iobWithZeroTemp":{"iob":-0.05,"basaliob":-0.05,"bolussnooze":0,"activity":5.0E-4,"lastBolusTime":1702853609765,"time":"2023-12-18T03:58:20.074Z"}},{"iob":0.075,"basaliob":0.075,"bolussnooze":0,"activity":0.0015,"lastBolusTime":1702853609765,"time":"2023-12-18T04:03:20.074Z","iobWithZeroTemp":{"iob":-0.073,"basaliob":-0.073,"bolussnooze":0,"activity":3.0E-4,"lastBolusTime":1702853609765,"time":"2023-12-18T04:03:20.074Z"}},{"iob":0.068,"basaliob":0.068,"bolussnooze":0,"activity":0.0014,"lastBolusTime":1702853609765,"time":"2023-12-18T04:08:20.074Z","iobWithZeroTemp":{"iob":-0.095,"basaliob":-0.095,"bolussnooze":0,"activity":1.0E-4,"lastBolusTime":1702853609765,"time":"2023-12-18T04:08:20.074Z"}},{"iob":0.061,"basaliob":0.061,"bolussnooze":0,"activity":0.0012,"lastBolusTime":1702853609765,"time":"2023-12-18T04:13:20.074Z","iobWithZeroTemp":{"iob":-0.115,"basaliob":-0.115,"bolussnooze":0,"activity":-3.0E-4,"lastBolusTime":1702853609765,"time":"2023-12-18T04:13:20.074Z"}},{"iob":0.055,"basaliob":0.055,"bolussnooze":0,"activity":0.0011,"lastBolusTime":1702853609765,"time":"2023-12-18T04:18:20.074Z","iobWithZeroTemp":{"iob":-0.134,"basaliob":-0.134,"bolussnooze":0,"activity":-5.0E-4,"lastBolusTime":1702853609765,"time":"2023-12-18T04:18:20.074Z"}},{"iob":0.05,"basaliob":0.05,"bolussnooze":0,"activity":0.001,"lastBolusTime":1702853609765,"time":"2023-12-18T04:23:20.074Z","iobWithZeroTemp":{"iob":-0.152,"basaliob":-0.152,"bolussnooze":0,"activity":-7.0E-4,"lastBolusTime":1702853609765,"time":"2023-12-18T04:23:20.074Z"}},{"iob":0.045,"basaliob":0.045,"bolussnooze":0,"activity":0.001,"lastBolusTime":1702853609765,"time":"2023-12-18T04:28:20.074Z","iobWithZeroTemp":{"iob":-0.169,"basaliob":-0.169,"bolussnooze":0,"activity":-9.0E-4,"lastBolusTime":1702853609765,"time":"2023-12-18T04:28:20.074Z"}},{"iob":0.04,"basaliob":0.04,"bolussnooze":0,"activity":9.0E-4,"lastBolusTime":1702853609765,"time":"2023-12-18T04:33:20.074Z","iobWithZeroTemp":{"iob":-0.185,"basaliob":-0.185,"bolussnooze":0,"activity":-0.0011,"lastBolusTime":1702853609765,"time":"2023-12-18T04:33:20.074Z"}},{"iob":0.036,"basaliob":0.036,"bolussnooze":0,"activity":8.0E-4,"lastBolusTime":1702853609765,"time":"2023-12-18T04:38:20.074Z","iobWithZeroTemp":{"iob":-0.199,"basaliob":-0.199,"bolussnooze":0,"activity":-0.0014,"lastBolusTime":1702853609765,"time":"2023-12-18T04:38:20.074Z"}},{"iob":0.032,"basaliob":0.032,"bolussnooze":0,"activity":7.0E-4,"lastBolusTime":1702853609765,"time":"2023-12-18T04:43:20.074Z","iobWithZeroTemp":{"iob":-0.213,"basaliob":-0.213,"bolussnooze":0,"activity":-0.0016,"lastBolusTime":1702853609765,"time":"2023-12-18T04:43:20.074Z"}},{"iob":0.029,"basaliob":0.029,"bolussnooze":0,"activity":7.0E-4,"lastBolusTime":1702853609765,"time":"2023-12-18T04:48:20.074Z","iobWithZeroTemp":{"iob":-0.225,"basaliob":-0.225,"bolussnooze":0,"activity":-0.0017,"lastBolusTime":1702853609765,"time":"2023-12-18T04:48:20.074Z"}},{"iob":0.026,"basaliob":0.026,"bolussnooze":0,"activity":6.0E-4,"lastBolusTime":1702853609765,"time":"2023-12-18T04:53:20.074Z","iobWithZeroTemp":{"iob":-0.236,"basaliob":-0.236,"bolussnooze":0,"activity":-0.0019,"lastBolusTime":1702853609765,"time":"2023-12-18T04:53:20.074Z"}},{"iob":0.023,"basaliob":0.023,"bolussnooze":0,"activity":5.0E-4,"lastBolusTime":0,"time":"2023-12-18T04:58:20.074Z","iobWithZeroTemp":{"iob":-0.247,"basaliob":-0.247,"bolussnooze":0,"activity":-0.0022,"lastBolusTime":0,"time":"2023-12-18T04:58:20.074Z"}},{"iob":0.021,"basaliob":0.021,"bolussnooze":0,"activity":5.0E-4,"lastBolusTime":0,"time":"2023-12-18T05:03:20.074Z","iobWithZeroTemp":{"iob":-0.252,"basaliob":-0.252,"bolussnooze":0,"activity":-0.0023,"lastBolusTime":0,"time":"2023-12-18T05:03:20.074Z"}},{"iob":0.018,"basaliob":0.018,"bolussnooze":0,"activity":4.0E-4,"lastBolusTime":0,"time":"2023-12-18T05:08:20.074Z","iobWithZeroTemp":{"iob":-0.258,"basaliob":-0.258,"bolussnooze":0,"activity":-0.0025,"lastBolusTime":0,"time":"2023-12-18T05:08:20.074Z"}},{"iob":0.016,"basaliob":0.016,"bolussnooze":0,"activity":4.0E-4,"lastBolusTime":0,"time":"2023-12-18T05:13:20.074Z","iobWithZeroTemp":{"iob":-0.262,"basaliob":-0.262,"bolussnooze":0,"activity":-0.0025,"lastBolusTime":0,"time":"2023-12-18T05:13:20.074Z"}},{"iob":0.014,"basaliob":0.014,"bolussnooze":0,"activity":4.0E-4,"lastBolusTime":0,"time":"2023-12-18T05:18:20.074Z","iobWithZeroTemp":{"iob":-0.266,"basaliob":-0.266,"bolussnooze":0,"activity":-0.0026,"lastBolusTime":0,"time":"2023-12-18T05:18:20.074Z"}},{"iob":0.013,"basaliob":0.013,"bolussnooze":0,"activity":3.0E-4,"lastBolusTime":0,"time":"2023-12-18T05:23:20.074Z","iobWithZeroTemp":{"iob":-0.268,"basaliob":-0.268,"bolussnooze":0,"activity":-0.0028,"lastBolusTime":0,"time":"2023-12-18T05:23:20.074Z"}},{"iob":0.011,"basaliob":0.011,"bolussnooze":0,"activity":3.0E-4,"lastBolusTime":0,"time":"2023-12-18T05:28:20.074Z","iobWithZeroTemp":{"iob":-0.271,"basaliob":-0.271,"bolussnooze":0,"activity":-0.0028,"lastBolusTime":0,"time":"2023-12-18T05:28:20.074Z"}},{"iob":0.01,"basaliob":0.01,"bolussnooze":0,"activity":3.0E-4,"lastBolusTime":0,"time":"2023-12-18T05:33:20.074Z","iobWithZeroTemp":{"iob":-0.273,"basaliob":-0.273,"bolussnooze":0,"activity":-0.0029,"lastBolusTime":0,"time":"2023-12-18T05:33:20.074Z"}},{"iob":0.009,"basaliob":0.009,"bolussnooze":0,"activity":2.0E-4,"lastBolusTime":0,"time":"2023-12-18T05:38:20.074Z","iobWithZeroTemp":{"iob":-0.275,"basaliob":-0.275,"bolussnooze":0,"activity":-0.003,"lastBolusTime":0,"time":"2023-12-18T05:38:20.074Z"}},{"iob":0.007,"basaliob":0.007,"bolussnooze":0,"activity":2.0E-4,"lastBolusTime":0,"time":"2023-12-18T05:43:20.074Z","iobWithZeroTemp":{"iob":-0.278,"basaliob":-0.278,"bolussnooze":0,"activity":-0.003,"lastBolusTime":0,"time":"2023-12-18T05:43:20.074Z"}},{"iob":0.007,"basaliob":0.007,"bolussnooze":0,"activity":2.0E-4,"lastBolusTime":0,"time":"2023-12-18T05:48:20.074Z","iobWithZeroTemp":{"iob":-0.278,"basaliob":-0.278,"bolussnooze":0,"activity":-0.0031,"lastBolusTime":0,"time":"2023-12-18T05:48:20.074Z"}},{"iob":0.006,"basaliob":0.006,"bolussnooze":0,"activity":2.0E-4,"lastBolusTime":0,"time":"2023-12-18T05:53:20.074Z","iobWithZeroTemp":{"iob":-0.279,"basaliob":-0.279,"bolussnooze":0,"activity":-0.0031,"lastBolusTime":0,"time":"2023-12-18T05:53:20.074Z"}},{"iob":0.005,"basaliob":0.005,"bolussnooze":0,"activity":1.0E-4,"lastBolusTime":0,"time":"2023-12-18T05:58:20.074Z","iobWithZeroTemp":{"iob":-0.281,"basaliob":-0.281,"bolussnooze":0,"activity":-0.0032,"lastBolusTime":0,"time":"2023-12-18T05:58:20.074Z"}},{"iob":0.004,"basaliob":0.004,"bolussnooze":0,"activity":1.0E-4,"lastBolusTime":0,"time":"2023-12-18T06:03:20.074Z","iobWithZeroTemp":{"iob":-0.286,"basaliob":-0.286,"bolussnooze":0,"activity":-0.0032,"lastBolusTime":0,"time":"2023-12-18T06:03:20.074Z"}},{"iob":0.004,"basaliob":0.004,"bolussnooze":0,"activity":1.0E-4,"lastBolusTime":0,"time":"2023-12-18T06:08:20.074Z","iobWithZeroTemp":{"iob":-0.29,"basaliob":-0.29,"bolussnooze":0,"activity":-0.0033,"lastBolusTime":0,"time":"2023-12-18T06:08:20.074Z"}},{"iob":0.003,"basaliob":0.003,"bolussnooze":0,"activity":1.0E-4,"lastBolusTime":0,"time":"2023-12-18T06:13:20.074Z","iobWithZeroTemp":{"iob":-0.295,"basaliob":-0.295,"bolussnooze":0,"activity":-0.0033,"lastBolusTime":0,"time":"2023-12-18T06:13:20.074Z"}},{"iob":0.003,"basaliob":0.003,"bolussnooze":0,"activity":1.0E-4,"lastBolusTime":0,"time":"2023-12-18T06:18:20.074Z","iobWithZeroTemp":{"iob":-0.299,"basaliob":-0.299,"bolussnooze":0,"activity":-0.0033,"lastBolusTime":0,"time":"2023-12-18T06:18:20.074Z"}},{"iob":0.002,"basaliob":0.002,"bolussnooze":0,"activity":1.0E-4,"lastBolusTime":0,"time":"2023-12-18T06:23:20.074Z","iobWithZeroTemp":{"iob":-0.303,"basaliob":-0.303,"bolussnooze":0,"activity":-0.0034,"lastBolusTime":0,"time":"2023-12-18T06:23:20.074Z"}},{"iob":0.002,"basaliob":0.002,"bolussnooze":0,"activity":1.0E-4,"lastBolusTime":0,"time":"2023-12-18T06:28:20.074Z","iobWithZeroTemp":{"iob":-0.307,"basaliob":-0.307,"bolussnooze":0,"activity":-0.0034,"lastBolusTime":0,"time":"2023-12-18T06:28:20.074Z"}},{"iob":0.002,"basaliob":0.002,"bolussnooze":0,"activity":1.0E-4,"lastBolusTime":0,"time":"2023-12-18T06:33:20.074Z","iobWithZeroTemp":{"iob":-0.31,"basaliob":-0.31,"bolussnooze":0,"activity":-0.0034,"lastBolusTime":0,"time":"2023-12-18T06:33:20.074Z"}},{"iob":0.001,"basaliob":0.001,"bolussnooze":0,"activity":0,"lastBolusTime":0,"time":"2023-12-18T06:38:20.074Z","iobWithZeroTemp":{"iob":-0.314,"basaliob":-0.314,"bolussnooze":0,"activity":-0.0036,"lastBolusTime":0,"time":"2023-12-18T06:38:20.074Z"}},{"iob":0.001,"basaliob":0.001,"bolussnooze":0,"activity":0,"lastBolusTime":0,"time":"2023-12-18T06:43:20.074Z","iobWithZeroTemp":{"iob":-0.317,"basaliob":-0.317,"bolussnooze":0,"activity":-0.0036,"lastBolusTime":0,"time":"2023-12-18T06:43:20.074Z"}},{"iob":0.001,"basaliob":0.001,"bolussnooze":0,"activity":0,"lastBolusTime":0,"time":"2023-12-18T06:48:20.074Z","iobWithZeroTemp":{"iob":-0.32,"basaliob":-0.32,"bolussnooze":0,"activity":-0.0036,"lastBolusTime":0,"time":"2023-12-18T06:48:20.074Z"}}],"profile":{"max_iob":10,"type":"current","max_daily_basal":0.25,"max_basal":1,"min_bg":90,"max_bg":90,"target_bg":90,"carb_ratio":15.6,"sens":84,"max_daily_safety_multiplier":5,"current_basal_safety_multiplier":5,"lgsThreshold":95,"high_temptarget_raises_sensitivity":false,"low_temptarget_lowers_sensitivity":false,"sensitivity_raises_target":true,"resistance_lowers_target":true,"adv_target_adjustments":false,"exercise_mode":false,"half_basal_exercise_target":160,"maxCOB":120,"skip_neutral_temps":false,"remainingCarbsCap":90,"enableUAM":true,"A52_risk_enable":false,"SMBInterval":5,"enableSMB_with_COB":true,"enableSMB_with_temptarget":false,"allowSMB_with_high_temptarget":false,"enableSMB_always":false,"enableSMB_after_carbs":true,"maxSMBBasalMinutes":120,"maxUAMSMBBasalMinutes":120,"bolus_increment":0.05,"carbsReqThreshold":1,"current_basal":0.20000000298023224,"temptargetSet":false,"autosens_max":1.2,"autosens_min":0.7,"variable_sens":93.8,"insulinDivisor":75,"TDD":20.646796497690072},"autosens_data":{"ratio":1},"meal_data":{"carbs":0,"mealCOB":0,"slopeFromMaxDeviation":-0.224375,"slopeFromMinDeviation":0,"lastBolusTime":1702853609765,"lastCarbTime":0},"microBolusAllowed":true,"currentTime":1702868001907,"flatBGsDetected":false,"tdd1D":22.354166475186748,"tdd7D":26.782783919711285,"tddLast24H":22.22916643793384,"tddLast4H":1.8791666681567827,"tddLast8to4H":2.6250000439584253},"output":{"temp":"absolute","bg":115,"tick":-2,"eventualBG":92,"targetBG":90,"insulinReq":0,"deliverAt":"2023-12-18T02:53:21.907Z","sensitivityRatio":1,"variable_sens":93.8,"predBGs":{"IOB":[115,113,111,109,107,105,104,102,101,99,98,97,96,95,94,94,93,92,92,91,91,90,90,89,89,88,88,88,88,87,87,87,87,87,87,87,86],"ZT":[115,113,112,110,108,107,106,105,104,103,102,101,101,101,100,100,100,100,100,101,101,102,103,103]},"reason":"COB: 0, Dev: 1, BGI: -2, ISF: 94, CR: 15.6, Target: 90, minPredBG 93, minGuardBG 86, IOBpredBG 86; minGuardBG 86<95 55m left and 0 ~ req 0U\/hr: no temp required","COB":0,"IOB":0.254,"timestamp":"2023-12-18T02:53:21.921Z"}}