{"algorithm":"OpenAPSSMBDynamicISFPlugin","input":{"glucoseStatus":{"glucose":128,"noise":0,"delta":-1,"short_avgdelta":-1,"long_avgdelta":-0.6,"date":1702905171000},"currenttemp":{"temp":"absolute","duration":21,"rate":0.45,"minutesrunning":9},"iob_data":[{"iob":0.358,"basaliob":0.349,"bolussnooze":0,"activity":0.0039,"lastBolusTime":1702893506960,"time":"2023-12-18T13:13:20.269Z","iobWithZeroTemp":{"iob":0.358,"basaliob":0.349,"bolussnooze":0,"activity":0.0039,"lastBolusTime":1702893506960,"time":"2023-12-18T13:13:20.269Z"}},{"iob":0.338,"basaliob":0.33,"bolussnooze":0,"activity":0.0039,"lastBolusTime":1702893506960,"time":"2023-12-18T13:18:20.269Z","iobWithZeroTemp":{"iob":0.328,"basaliob":0.32,"bolussnooze":0,"activity":0.0039,"lastBolusTime":1702893506960,"time":"2023-12-18T13:18:20.269Z"}},{"iob":0.319,"basaliob":0.312,"bolussnooze":0,"activity":0.0039,"lastBolusTime":1702893506960,"time":"2023-12-18T13:23:20.269Z","iobWithZeroTemp":{"iob":0.297,"basaliob":0.29,"bolussnooze":0,"activity":0.0039,"lastBolusTime":1702893506960,"time":"2023-12-18T13:23:20.269Z"}},{"iob":0.299,"basaliob":0.293,"bolussnooze":0,"activity":0.0039,"lastBolusTime":1702893506960,"time":"2023-12-18T13:28:20.269Z","iobWithZeroTemp":{"iob":0.264,"basaliob":0.258,"bolussnooze":0,"activity":0.0038,"lastBolusTime":1702893506960,"time":"2023-12-18T13:28:20.269Z"}},{"iob":0.281,"basaliob":0.275,"bolussnooze":0,"activity":0.0037,"lastBolusTime":1702893506960,"time":"2023-12-18T13:33:20.269Z","iobWithZeroTemp":{"iob":0.235,"basaliob":0.229,"bolussnooze":0,"activity":0.0035,"lastBolusTime":1702893506960,"time":"2023-12-18T13:33:20.269Z"}},{"iob":0.262,"basaliob":0.257,"bolussnooze":0,"activity":0.0036,"lastBolusTime":1702893506960,"time":"2023-12-18T13:38:20.269Z","iobWithZeroTemp":{"iob":0.204,"basaliob":0.199,"bolussnooze":0,"activity":0.0033,"lastBolusTime":1702893506960,"time":"2023-12-18T13:38:20.269Z"}},{"iob":0.243,"basaliob":0.239,"bolussnooze":0,"activity":0.0035,"lastBolusTime":1702893506960,"time":"2023-12-18T13:43:20.269Z","iobWithZeroTemp":{"iob":0.174,"basaliob":0.17,"bolussnooze":0,"activity":0.0031,"lastBolusTime":1702893506960,"time":"2023-12-18T13:43:20.269Z"}},{"iob":0.227,"basaliob":0.223,"bolussnooze":0,"activity":0.0034,"lastBolusTime":1702893506960,"time":"2023-12-18T13:48:20.269Z","iobWithZeroTemp":{"iob":0.148,"basaliob":0.144,"bolussnooze":0,"activity":0.0029,"lastBolusTime":1702893506960,"time":"2023-12-18T13:48:20.269Z"}},{"iob":0.209,"basaliob":0.206,"bolussnooze":0,"activity":0.0032,"lastBolusTime":1702893506960,"time":"2023-12-18T13:53:20.269Z","iobWithZeroTemp":{"iob":0.12,"basaliob":0.117,"bolussnooze":0,"activity":0.0026,"lastBolusTime":1702893506960,"time":"2023-12-18T13:53:20.269Z"}},{"iob":0.194,"basaliob":0.191,"bolussnooze":0,"activity":0.0031,"lastBolusTime":1702893506960,"time":"2023-12-18T13:58:20.269Z","iobWithZeroTemp":{"iob":0.095,"basaliob":0.092,"bolussnooze":0,"activity":0.0024,"lastBolusTime":1702893506960,"time":"2023-12-18T13:58:20.269Z"}},{"iob":0.179,"basaliob":0.177,"bolussnooze":0,"activity":0.0029,"lastBolusTime":1702893506960,"time":"2023-12-18T14:03:20.269Z","iobWithZeroTemp":{"iob":0.067,"basaliob":0.065,"bolussnooze":0,"activity":0.0021,"lastBolusTime":1702893506960,"time":"2023-12-18T14:03:20.269Z"}},{"iob":0.165,"basaliob":0.163,"bolussnooze":0,"activity":0.0028,"lastBolusTime":1702893506960,"time":"2023-12-18T14:08:20.269Z","iobWithZeroTemp":{"iob":0.041,"basaliob":0.039,"bolussnooze":0,"activity":0.0019,"lastBolusTime":1702893506960,"time":"2023-12-18T14:08:20.269Z"}},{"iob":0.152,"basaliob":0.15,"bolussnooze":0,"activity":0.0026,"lastBolusTime":1702893506960,"time":"2023-12-18T14:13:20.269Z","iobWithZeroTemp":{"iob":0.016,"basaliob":0.014,"bolussnooze":0,"activity":0.0016,"lastBolusTime":1702893506960,"time":"2023-12-18T14:13:20.269Z"}},{"iob":0.139,"basaliob":0.138,"bolussnooze":0,"activity":0.0024,"lastBolusTime":1702893506960,"time":"2023-12-18T14:18:20.269Z","iobWithZeroTemp":{"iob":-0.008,"basaliob":-0.009,"bolussnooze":0,"activity":0.0013,"lastBolusTime":1702893506960,"time":"2023-12-18T14:18:20.269Z"}},{"iob":0.127,"basaliob":0.126,"bolussnooze":0,"activity":0.0022,"lastBolusTime":1702893506960,"time":"2023-12-18T14:23:20.269Z","iobWithZeroTemp":{"iob":-0.031,"basaliob":-0.032,"bolussnooze":0,"activity":9.0E-4,"lastBolusTime":1702893506960,"time":"2023-12-18T14:23:20.269Z"}},{"iob":0.117,"basaliob":0.116,"bolussnooze":0,"activity":0.0021,"lastBolusTime":1702893506960,"time":"2023-12-18T14:28:20.269Z","iobWithZeroTemp":{"iob":-0.05,"basaliob":-0.051,"bolussnooze":0,"activity":7.0E-4,"lastBolusTime":1702893506960,"time":"2023-12-18T14:28:20.269Z"}},{"iob":0.107,"basaliob":0.106,"bolussnooze":0,"activity":0.0019,"lastBolusTime":1702893506960,"time":"2023-12-18T14:33:20.269Z","iobWithZeroTemp":{"iob":-0.07,"basaliob":-0.071,"bolussnooze":0,"activity":4.0E-4,"lastBolusTime":1702893506960,"time":"2023-12-18T14:33:20.269Z"}},{"iob":0.097,"basaliob":0.096,"bolussnooze":0,"activity":0.0018,"lastBolusTime":1702893506960,"time":"2023-12-18T14:38:20.269Z","iobWithZeroTemp":{"iob":-0.089,"basaliob":-0.09,"bolussnooze":0,"activity":2.0E-4,"lastBolusTime":1702893506960,"time":"2023-12-18T14:38:20.269Z"}},{"iob":0.089,"basaliob":0.088,"bolussnooze":0,"activity":0.0017,"lastBolusTime":1702893506960,"time":"2023-12-18T14:43:20.269Z","iobWithZeroTemp":{"iob":-0.105,"basaliob":-0.106,"bolussnooze":0,"activity":-1.0E-4,"lastBolusTime":1702893506960,"time":"2023-12-18T14:43:20.269Z"}},{"iob":0.08,"basaliob":0.08,"bolussnooze":0,"activity":0.0015,"lastBolusTime":1702893506960,"time":"2023-12-18T14:48:20.269Z","iobWithZeroTemp":{"iob":-0.121,"basaliob":-0.121,"bolussnooze":0,"activity":-4.0E-4,"lastBolusTime":1702893506960,"time":"2023-12-18T14:48:20.269Z"}},{"iob":0.072,"basaliob":0.072,"bolussnooze":0,"activity":0.0014,"lastBolusTime":1702893506960,"time":"2023-12-18T14:53:20.269Z","iobWithZeroTemp":{"iob":-0.136,"basaliob":-0.136,"bolussnooze":0,"activity":-6.0E-4,"lastBolusTime":1702893506960,"time":"2023-12-18T14:53:20.269Z"}},{"iob":0.066,"basaliob":0.066,"bolussnooze":0,"activity":0.0013,"lastBolusTime":1702893506960,"time":"2023-12-18T14:58:20.269Z","iobWithZeroTemp":{"iob":-0.149,"basaliob":-0.149,"bolussnooze":0,"activity":-8.0E-4,"lastBolusTime":1702893506960,"time":"2023-12-18T14:58:20.269Z"}},{"iob":0.059,"basaliob":0.059,"bolussnooze":0,"activity":0.0012,"lastBolusTime":1702893506960,"time":"2023-12-18T15:03:20.269Z","iobWithZeroTemp":{"iob":-0.162,"basaliob":-0.162,"bolussnooze":0,"activity":-0.001,"lastBolusTime":1702893506960,"time":"2023-12-18T15:03:20.269Z"}},{"iob":0.054,"basaliob":0.054,"bolussnooze":0,"activity":0.0011,"lastBolusTime":1702893506960,"time":"2023-12-18T15:08:20.269Z","iobWithZeroTemp":{"iob":-0.172,"basaliob":-0.172,"bolussnooze":0,"activity":-0.0012,"lastBolusTime":1702893506960,"time":"2023-12-18T15:08:20.269Z"}},{"iob":0.048,"basaliob":0.048,"bolussnooze":0,"activity":0.001,"lastBolusTime":1702893506960,"time":"2023-12-18T15:13:20.269Z","iobWithZeroTemp":{"iob":-0.184,"basaliob":-0.184,"bolussnooze":0,"activity":-0.0014,"lastBolusTime":1702893506960,"time":"2023-12-18T15:13:20.269Z"}},{"iob":0.044,"basaliob":0.044,"bolussnooze":0,"activity":9.0E-4,"lastBolusTime":1702893506960,"time":"2023-12-18T15:18:20.269Z","iobWithZeroTemp":{"iob":-0.192,"basaliob":-0.192,"bolussnooze":0,"activity":-0.0015,"lastBolusTime":1702893506960,"time":"2023-12-18T15:18:20.269Z"}},{"iob":0.039,"basaliob":0.039,"bolussnooze":0,"activity":8.0E-4,"lastBolusTime":1702893506960,"time":"2023-12-18T15:23:20.269Z","iobWithZeroTemp":{"iob":-0.202,"basaliob":-0.202,"bolussnooze":0,"activity":-0.0017,"lastBolusTime":1702893506960,"time":"2023-12-18T15:23:20.269Z"}},{"iob":0.035,"basaliob":0.035,"bolussnooze":0,"activity":8.0E-4,"lastBolusTime":1702893506960,"time":"2023-12-18T15:28:20.269Z","iobWithZeroTemp":{"iob":-0.209,"basaliob":-0.209,"bolussnooze":0,"activity":-0.0018,"lastBolusTime":1702893506960,"time":"2023-12-18T15:28:20.269Z"}},{"iob":0.032,"basaliob":0.032,"bolussnooze":0,"activity":7.0E-4,"lastBolusTime":1702893506960,"time":"2023-12-18T15:33:20.269Z","iobWithZeroTemp":{"iob":-0.216,"basaliob":-0.216,"bolussnooze":0,"activity":-0.0019,"lastBolusTime":1702893506960,"time":"2023-12-18T15:33:20.269Z"}},{"iob":0.028,"basaliob":0.028,"bolussnooze":0,"activity":6.0E-4,"lastBolusTime":1702893506960,"time":"2023-12-18T15:38:20.269Z","iobWithZeroTemp":{"iob":-0.223,"basaliob":-0.223,"bolussnooze":0,"activity":-0.0021,"lastBolusTime":1702893506960,"time":"2023-12-18T15:38:20.269Z"}},{"iob":0.025,"basaliob":0.025,"bolussnooze":0,"activity":6.0E-4,"lastBolusTime":1702893506960,"time":"2023-12-18T15:43:20.269Z","iobWithZeroTemp":{"iob":-0.229,"basaliob":-0.229,"bolussnooze":0,"activity":-0.0022,"lastBolusTime":1702893506960,"time":"2023-12-18T15:43:20.269Z"}},{"iob":0.022,"basaliob":0.022,"bolussnooze":0,"activity":5.0E-4,"lastBolusTime":1702893506960,"time":"2023-12-18T15:48:20.269Z","iobWithZeroTemp":{"iob":-0.235,"basaliob":-0.235,"bolussnooze":0,"activity":-0.0023,"lastBolusTime":1702893506960,"time":"2023-12-18T15:48:20.269Z"}},{"iob":0.02,"basaliob":0.02,"bolussnooze":0,"activity":5.0E-4,"lastBolusTime":1702893506960,"time":"2023-12-18T15:53:20.269Z","iobWithZeroTemp":{"iob":-0.24,"basaliob":-0.24,"bolussnooze":0,"activity":-0.0024,"lastBolusTime":1702893506960,"time":"2023-12-18T15:53:20.269Z"}},{"iob":0.018,"basaliob":0.018,"bolussnooze":0,"activity":4.0E-4,"lastBolusTime":1702893506960,"time":"2023-12-18T15:58:20.269Z","iobWithZeroTemp":{"iob":-0.244,"basaliob":-0.244,"bolussnooze":0,"activity":-0.0025,"lastBolusTime":1702893506960,"time":"2023-12-18T15:58:20.269Z"}},{"iob":0.016,"basaliob":0.016,"bolussnooze":0,"activity":4.0E-4,"lastBolusTime":0,"time":"2023-12-18T16:03:20.269Z","iobWithZeroTemp":{"iob":-0.248,"basaliob":-0.248,"bolussnooze":0,"activity":-0.0025,"lastBolusTime":0,"time":"2023-12-18T16:03:20.269Z"}},{"iob":0.014,"basaliob":0.014,"bolussnooze":0,"activity":3.0E-4,"lastBolusTime":0,"time":"2023-12-18T16:08:20.269Z","iobWithZeroTemp":{"iob":-0.252,"basaliob":-0.252,"bolussnooze":0,"activity":-0.0027,"lastBolusTime":0,"time":"2023-12-18T16:08:20.269Z"}},{"iob":0.012,"basaliob":0.012,"bolussnooze":0,"activity":3.0E-4,"lastBolusTime":0,"time":"2023-12-18T16:13:20.269Z","iobWithZeroTemp":{"iob":-0.255,"basaliob":-0.255,"bolussnooze":0,"activity":-0.0027,"lastBolusTime":0,"time":"2023-12-18T16:13:20.269Z"}},{"iob":0.011,"basaliob":0.011,"bolussnooze":0,"activity":3.0E-4,"lastBolusTime":0,"time":"2023-12-18T16:18:20.269Z","iobWithZeroTemp":{"iob":-0.258,"basaliob":-0.258,"bolussnooze":0,"activity":-0.0028,"lastBolusTime":0,"time":"2023-12-18T16:18:20.269Z"}},{"iob":0.009,"basaliob":0.009,"bolussnooze":0,"activity":3.0E-4,"lastBolusTime":0,"time":"2023-12-18T16:23:20.269Z","iobWithZeroTemp":{"iob":-0.261,"basaliob":-0.261,"bolussnooze":0,"activity":-0.0028,"lastBolusTime":0,"time":"2023-12-18T16:23:20.269Z"}},{"iob":0.008,"basaliob":0.008,"bolussnooze":0,"activity":2.0E-4,"lastBolusTime":0,"time":"2023-12-18T16:28:20.269Z","iobWithZeroTemp":{"iob":-0.263,"basaliob":-0.263,"bolussnooze":0,"activity":-0.0029,"lastBolusTime":0,"time":"2023-12-18T16:28:20.269Z"}},{"iob":0.007,"basaliob":0.007,"bolussnooze":0,"activity":2.0E-4,"lastBolusTime":0,"time":"2023-12-18T16:33:20.269Z","iobWithZeroTemp":{"iob":-0.266,"basaliob":-0.266,"bolussnooze":0,"activity":-0.0029,"lastBolusTime":0,"time":"2023-12-18T16:33:20.269Z"}},{"iob":0.006,"basaliob":0.006,"bolussnooze":0,"activity":2.0E-4,"lastBolusTime":0,"time":"2023-12-18T16:38:20.269Z","iobWithZeroTemp":{"iob":-0.267,"basaliob":-0.267,"bolussnooze":0,"activity":-0.003,"lastBolusTime":0,"time":"2023-12-18T16:38:20.269Z"}},{"iob":0.005,"basaliob":0.005,"bolussnooze":0,"activity":2.0E-4,"lastBolusTime":0,"time":"2023-12-18T16:43:20.269Z","iobWithZeroTemp":{"iob":-0.269,"basaliob":-0.269,"bolussnooze":0,"activity":-0.003,"lastBolusTime":0,"time":"2023-12-18T16:43:20.269Z"}},{"iob":0.005,"basaliob":0.005,"bolussnooze":0,"activity":1.0E-4,"lastBolusTime":0,"time":"2023-12-18T16:48:20.269Z","iobWithZeroTemp":{"iob":-0.27,"basaliob":-0.27,"bolussnooze":0,"activity":-0.0031,"lastBolusTime":0,"time":"2023-12-18T16:48:20.269Z"}},{"iob":0.004,"basaliob":0.004,"bolussnooze":0,"activity":1.0E-4,"lastBolusTime":0,"time":"2023-12-18T16:53:20.269Z","iobWithZeroTemp":{"iob":-0.272,"basaliob":-0.272,"bolussnooze":0,"activity":-0.0031,"lastBolusTime":0,"time":"2023-12-18T16:53:20.269Z"}},{"iob":0.003,"basaliob":0.003,"bolussnooze":0,"activity":1.0E-4,"lastBolusTime":0,"time":"2023-12-18T16:58:20.269Z","iobWithZeroTemp":{"iob":-0.273,"basaliob":-0.273,"bolussnooze":0,"activity":-0.0031,"lastBolusTime":0,"time":"2023-12-18T16:58:20.269Z"}},{"iob":0.003,"basaliob":0.003,"bolussnooze":0,"activity":1.0E-4,"lastBolusTime":0,"time":"2023-12-18T17:03:20.269Z","iobWithZeroTemp":{"iob":-0.274,"basaliob":-0.274,"bolussnooze":0,"activity":-0.0031,"lastBolusTime":0,"time":"2023-12-18T17:03:20.269Z"}},{"iob":0.002,"basaliob":0.002,"bolussnooze":0,"activity":1.0E-4,"lastBolusTime":0,"time":"2023-12-18T17:08:20.269Z","iobWithZeroTemp":{"iob":-0.275,"basaliob":-0.275,"bolussnooze":0,"activity":-0.0031,"lastBolusTime":0,"time":"2023-12-18T17:08:20.269Z"}}],"profile":{"max_iob":10,"type":"current","max_daily_basal":0.25,"max_basal":0.75,"min_bg":90,"max_bg":90,"target_bg":90,"carb_ratio":12.4,"sens":79,"max_daily_safety_multiplier":5,"current_basal_safety_multiplier":5,"lgsThreshold":95,"high_temptarget_raises_sensitivity":false,"low_temptarget_lowers_sensitivity":false,"sensitivity_raises_target":true,"resistance_lowers_target":true,"adv_target_adjustments":false,"exercise_mode":false,"half_basal_exercise_target":160,"maxCOB":120,"skip_neutral_temps":false,"remainingCarbsCap":90,"enableUAM":true,"A52_risk_enable":false,"SMBInterval":5,"enableSMB_with_COB":true,"enableSMB_with_temptarget":false,"allowSMB_with_high_temptarget":false,"enableSMB_always":false,"enableSMB_after_carbs":true,"maxSMBBasalMinutes":120,"maxUAMSMBBasalMinutes":120,"bolus_increment":0.05,"carbsReqThreshold":1,"current_basal":0.15000000596046448,"temptargetSet":false,"autosens_max":1.2,"autosens_min":0.7,"variable_sens":88.4,"insulinDivisor":75,"TDD":20.442196510819485},"autosens_data":{"ratio":1},"meal_data":{"carbs":0,"mealCOB":0,"slopeFromMaxDeviation":-0.5745555555555555,"slopeFromMinDeviation":0,"lastBolusTime":1702893506960,"lastCarbTime":0},"microBolusAllowed":true,"currentTime":1702905201456,"flatBGsDetected":false,"tdd1D":22.354166475186748,"tdd7D":26.782783919711285,"tddLast24H":17.16666671211521,"tddLast4H":1.3708333407839142,"tddLast8to4H":3.466666718820731},"output":{"temp":"absolute","bg":128,"tick":-1,"eventualBG":100,"targetBG":90,"insulinReq":0,"deliverAt":"2023-12-18T13:13:21.456Z","sensitivityRatio":1,"variable_sens":88.4,"predBGs":{"IOB":[128,127,126,125,123,122,121,119,118,117,115,114,113,112,110,109,108,107,106,106,105,104,103,103,102,102,101,101,101,100,100,100,99,99,99,99,98,98,98,98,98,98,98,98,97],"ZT":[128,126,125,123,121,119,118,117,115,114,113,112,111,110,109,109,109,108,108,108,109,109,109,110,110,111,112,113,113],"UAM":[128,126,125,123,121,119,118,116,115,113,112,110,109,108,106,105,104,103,102,101,101,100,99,99,98,98,97,97,96,96,96,95,95,95,94,94,94,94,94,94,93]},"reason":"COB: 0, Dev: 4, BGI: -2, ISF: 88, CR: 12.4, Target: 90, minPredBG 101, minGuardBG 93, IOBpredBG 97, UAMpredBG 93; minGuardBG 93<95","COB":0,"IOB":0.358,"duration":30,"rate":0,"timestamp":"2023-12-18T13:13:21.466Z"}}