{"algorithm":"OpenAPSSMBDynamicISFPlugin","input":{"glucoseStatus":{"glucose":116,"noise":0,"delta":-5,"short_avgdelta":-4.39,"long_avgdelta":-2.71,"date":1703036876000},"currenttemp":{"temp":"absolute","duration":20,"rate":0,"minutesrunning":10},"iob_data":[{"iob":0.204,"basaliob":0.014,"bolussnooze":0,"activity":0.0042,"lastBolusTime":1703032414978,"time":"2023-12-20T01:48:28.347Z","iobWithZeroTemp":{"iob":0.204,"basaliob":0.014,"bolussnooze":0,"activity":0.0042,"lastBolusTime":1703032414978,"time":"2023-12-20T01:48:28.347Z"}},{"iob":0.184,"basaliob":0.012,"bolussnooze":0,"activity":0.0038,"lastBolusTime":1703032414978,"time":"2023-12-20T01:53:28.347Z","iobWithZeroTemp":{"iob":0.171,"basaliob":-0.001,"bolussnooze":0,"activity":0.0038,"lastBolusTime":1703032414978,"time":"2023-12-20T01:53:28.347Z"}},{"iob":0.166,"basaliob":0.011,"bolussnooze":0,"activity":0.0035,"lastBolusTime":1703032414978,"time":"2023-12-20T01:58:28.347Z","iobWithZeroTemp":{"iob":0.136,"basaliob":-0.019,"bolussnooze":0,"activity":0.0034,"lastBolusTime":1703032414978,"time":"2023-12-20T01:58:28.347Z"}},{"iob":0.149,"basaliob":0.009,"bolussnooze":0,"activity":0.0032,"lastBolusTime":1703032414978,"time":"2023-12-20T02:03:28.347Z","iobWithZeroTemp":{"iob":0.103,"basaliob":-0.037,"bolussnooze":0,"activity":0.0031,"lastBolusTime":1703032414978,"time":"2023-12-20T02:03:28.347Z"}},{"iob":0.134,"basaliob":0.008,"bolussnooze":0,"activity":0.0029,"lastBolusTime":1703032414978,"time":"2023-12-20T02:08:28.347Z","iobWithZeroTemp":{"iob":0.072,"basaliob":-0.054,"bolussnooze":0,"activity":0.0027,"lastBolusTime":1703032414978,"time":"2023-12-20T02:08:28.347Z"}},{"iob":0.12,"basaliob":0.007,"bolussnooze":0,"activity":0.0026,"lastBolusTime":1703032414978,"time":"2023-12-20T02:13:28.347Z","iobWithZeroTemp":{"iob":0.043,"basaliob":-0.07,"bolussnooze":0,"activity":0.0023,"lastBolusTime":1703032414978,"time":"2023-12-20T02:13:28.347Z"}},{"iob":0.107,"basaliob":0.006,"bolussnooze":0,"activity":0.0024,"lastBolusTime":1703032414978,"time":"2023-12-20T02:18:28.347Z","iobWithZeroTemp":{"iob":0.015,"basaliob":-0.086,"bolussnooze":0,"activity":0.0019,"lastBolusTime":1703032414978,"time":"2023-12-20T02:18:28.347Z"}},{"iob":0.096,"basaliob":0.005,"bolussnooze":0,"activity":0.0022,"lastBolusTime":1703032414978,"time":"2023-12-20T02:23:28.347Z","iobWithZeroTemp":{"iob":-0.01,"basaliob":-0.101,"bolussnooze":0,"activity":0.0016,"lastBolusTime":1703032414978,"time":"2023-12-20T02:23:28.347Z"}},{"iob":0.086,"basaliob":0.005,"bolussnooze":0,"activity":0.0019,"lastBolusTime":1703032414978,"time":"2023-12-20T02:28:28.347Z","iobWithZeroTemp":{"iob":-0.033,"basaliob":-0.114,"bolussnooze":0,"activity":0.0012,"lastBolusTime":1703032414978,"time":"2023-12-20T02:28:28.347Z"}},{"iob":0.077,"basaliob":0.004,"bolussnooze":0,"activity":0.0018,"lastBolusTime":1703032414978,"time":"2023-12-20T02:33:28.347Z","iobWithZeroTemp":{"iob":-0.054,"basaliob":-0.127,"bolussnooze":0,"activity":9.0E-4,"lastBolusTime":1703032414978,"time":"2023-12-20T02:33:28.347Z"}},{"iob":0.068,"basaliob":0.003,"bolussnooze":0,"activity":0.0016,"lastBolusTime":1703032414978,"time":"2023-12-20T02:38:28.347Z","iobWithZeroTemp":{"iob":-0.075,"basaliob":-0.14,"bolussnooze":0,"activity":6.0E-4,"lastBolusTime":1703032414978,"time":"2023-12-20T02:38:28.347Z"}},{"iob":0.061,"basaliob":0.003,"bolussnooze":0,"activity":0.0015,"lastBolusTime":1703032414978,"time":"2023-12-20T02:43:28.347Z","iobWithZeroTemp":{"iob":-0.093,"basaliob":-0.151,"bolussnooze":0,"activity":3.0E-4,"lastBolusTime":1703032414978,"time":"2023-12-20T02:43:28.347Z"}},{"iob":0.053,"basaliob":0.002,"bolussnooze":0,"activity":0.0013,"lastBolusTime":1703032414978,"time":"2023-12-20T02:48:28.347Z","iobWithZeroTemp":{"iob":-0.112,"basaliob":-0.163,"bolussnooze":0,"activity":0,"lastBolusTime":1703032414978,"time":"2023-12-20T02:48:28.347Z"}},{"iob":0.047,"basaliob":0.002,"bolussnooze":0,"activity":0.0012,"lastBolusTime":1703032414978,"time":"2023-12-20T02:53:28.347Z","iobWithZeroTemp":{"iob":-0.128,"basaliob":-0.173,"bolussnooze":0,"activity":-2.0E-4,"lastBolusTime":1703032414978,"time":"2023-12-20T02:53:28.347Z"}},{"iob":0.042,"basaliob":0.002,"bolussnooze":0,"activity":0.0011,"lastBolusTime":1703032414978,"time":"2023-12-20T02:58:28.347Z","iobWithZeroTemp":{"iob":-0.142,"basaliob":-0.182,"bolussnooze":0,"activity":-5.0E-4,"lastBolusTime":1703032414978,"time":"2023-12-20T02:58:28.347Z"}},{"iob":0.036,"basaliob":0.001,"bolussnooze":0,"activity":0.001,"lastBolusTime":1703032414978,"time":"2023-12-20T03:03:28.347Z","iobWithZeroTemp":{"iob":-0.152,"basaliob":-0.187,"bolussnooze":0,"activity":-7.0E-4,"lastBolusTime":1703032414978,"time":"2023-12-20T03:03:28.347Z"}},{"iob":0.032,"basaliob":0.001,"bolussnooze":0,"activity":8.0E-4,"lastBolusTime":1703032414978,"time":"2023-12-20T03:08:28.347Z","iobWithZeroTemp":{"iob":-0.16,"basaliob":-0.191,"bolussnooze":0,"activity":-0.001,"lastBolusTime":1703032414978,"time":"2023-12-20T03:08:28.347Z"}},{"iob":0.028,"basaliob":0.001,"bolussnooze":0,"activity":7.0E-4,"lastBolusTime":1703032414978,"time":"2023-12-20T03:13:28.347Z","iobWithZeroTemp":{"iob":-0.167,"basaliob":-0.194,"bolussnooze":0,"activity":-0.0012,"lastBolusTime":1703032414978,"time":"2023-12-20T03:13:28.347Z"}},{"iob":0.025,"basaliob":0.001,"bolussnooze":0,"activity":6.0E-4,"lastBolusTime":1703032414978,"time":"2023-12-20T03:18:28.347Z","iobWithZeroTemp":{"iob":-0.173,"basaliob":-0.197,"bolussnooze":0,"activity":-0.0014,"lastBolusTime":1703032414978,"time":"2023-12-20T03:18:28.347Z"}},{"iob":0.022,"basaliob":0.001,"bolussnooze":0,"activity":6.0E-4,"lastBolusTime":1703032414978,"time":"2023-12-20T03:23:28.347Z","iobWithZeroTemp":{"iob":-0.178,"basaliob":-0.199,"bolussnooze":0,"activity":-0.0015,"lastBolusTime":1703032414978,"time":"2023-12-20T03:23:28.347Z"}},{"iob":0.018,"basaliob":0,"bolussnooze":0,"activity":5.0E-4,"lastBolusTime":1703032414978,"time":"2023-12-20T03:28:28.347Z","iobWithZeroTemp":{"iob":-0.185,"basaliob":-0.203,"bolussnooze":0,"activity":-0.0016,"lastBolusTime":1703032414978,"time":"2023-12-20T03:28:28.347Z"}},{"iob":0.016,"basaliob":0,"bolussnooze":0,"activity":5.0E-4,"lastBolusTime":1703032414978,"time":"2023-12-20T03:33:28.347Z","iobWithZeroTemp":{"iob":-0.188,"basaliob":-0.204,"bolussnooze":0,"activity":-0.0017,"lastBolusTime":1703032414978,"time":"2023-12-20T03:33:28.347Z"}},{"iob":0.014,"basaliob":0,"bolussnooze":0,"activity":4.0E-4,"lastBolusTime":1703032414978,"time":"2023-12-20T03:38:28.347Z","iobWithZeroTemp":{"iob":-0.192,"basaliob":-0.206,"bolussnooze":0,"activity":-0.0018,"lastBolusTime":1703032414978,"time":"2023-12-20T03:38:28.347Z"}},{"iob":0.012,"basaliob":0,"bolussnooze":0,"activity":4.0E-4,"lastBolusTime":1703032414978,"time":"2023-12-20T03:43:28.347Z","iobWithZeroTemp":{"iob":-0.195,"basaliob":-0.207,"bolussnooze":0,"activity":-0.0019,"lastBolusTime":1703032414978,"time":"2023-12-20T03:43:28.347Z"}},{"iob":0.01,"basaliob":0,"bolussnooze":0,"activity":3.0E-4,"lastBolusTime":1703032414978,"time":"2023-12-20T03:48:28.347Z","iobWithZeroTemp":{"iob":-0.198,"basaliob":-0.208,"bolussnooze":0,"activity":-0.002,"lastBolusTime":1703032414978,"time":"2023-12-20T03:48:28.347Z"}},{"iob":0.009,"basaliob":0,"bolussnooze":0,"activity":3.0E-4,"lastBolusTime":1703032414978,"time":"2023-12-20T03:53:28.347Z","iobWithZeroTemp":{"iob":-0.2,"basaliob":-0.209,"bolussnooze":0,"activity":-0.002,"lastBolusTime":1703032414978,"time":"2023-12-20T03:53:28.347Z"}},{"iob":0.007,"basaliob":0,"bolussnooze":0,"activity":2.0E-4,"lastBolusTime":1703032414978,"time":"2023-12-20T03:58:28.347Z","iobWithZeroTemp":{"iob":-0.203,"basaliob":-0.21,"bolussnooze":0,"activity":-0.0022,"lastBolusTime":1703032414978,"time":"2023-12-20T03:58:28.347Z"}},{"iob":0.006,"basaliob":0,"bolussnooze":0,"activity":2.0E-4,"lastBolusTime":1703032414978,"time":"2023-12-20T04:03:28.347Z","iobWithZeroTemp":{"iob":-0.213,"basaliob":-0.219,"bolussnooze":0,"activity":-0.0022,"lastBolusTime":1703032414978,"time":"2023-12-20T04:03:28.347Z"}},{"iob":0.005,"basaliob":0,"bolussnooze":0,"activity":2.0E-4,"lastBolusTime":1703032414978,"time":"2023-12-20T04:08:28.347Z","iobWithZeroTemp":{"iob":-0.223,"basaliob":-0.228,"bolussnooze":0,"activity":-0.0022,"lastBolusTime":1703032414978,"time":"2023-12-20T04:08:28.347Z"}},{"iob":0.005,"basaliob":0,"bolussnooze":0,"activity":2.0E-4,"lastBolusTime":1703032414978,"time":"2023-12-20T04:13:28.347Z","iobWithZeroTemp":{"iob":-0.231,"basaliob":-0.236,"bolussnooze":0,"activity":-0.0023,"lastBolusTime":1703032414978,"time":"2023-12-20T04:13:28.347Z"}},{"iob":0.004,"basaliob":0,"bolussnooze":0,"activity":1.0E-4,"lastBolusTime":1703032414978,"time":"2023-12-20T04:18:28.347Z","iobWithZeroTemp":{"iob":-0.24,"basaliob":-0.244,"bolussnooze":0,"activity":-0.0025,"lastBolusTime":1703032414978,"time":"2023-12-20T04:18:28.347Z"}},{"iob":0.003,"basaliob":0,"bolussnooze":0,"activity":1.0E-4,"lastBolusTime":1703032414978,"time":"2023-12-20T04:23:28.347Z","iobWithZeroTemp":{"iob":-0.249,"basaliob":-0.252,"bolussnooze":0,"activity":-0.0025,"lastBolusTime":1703032414978,"time":"2023-12-20T04:23:28.347Z"}},{"iob":0.003,"basaliob":0,"bolussnooze":0,"activity":1.0E-4,"lastBolusTime":1703032414978,"time":"2023-12-20T04:28:28.347Z","iobWithZeroTemp":{"iob":-0.256,"basaliob":-0.259,"bolussnooze":0,"activity":-0.0026,"lastBolusTime":1703032414978,"time":"2023-12-20T04:28:28.347Z"}},{"iob":0.002,"basaliob":0,"bolussnooze":0,"activity":1.0E-4,"lastBolusTime":1703032414978,"time":"2023-12-20T04:33:28.347Z","iobWithZeroTemp":{"iob":-0.264,"basaliob":-0.266,"bolussnooze":0,"activity":-0.0027,"lastBolusTime":1703032414978,"time":"2023-12-20T04:33:28.347Z"}},{"iob":0.002,"basaliob":0,"bolussnooze":0,"activity":1.0E-4,"lastBolusTime":1703032414978,"time":"2023-12-20T04:38:28.347Z","iobWithZeroTemp":{"iob":-0.271,"basaliob":-0.273,"bolussnooze":0,"activity":-0.0028,"lastBolusTime":1703032414978,"time":"2023-12-20T04:38:28.347Z"}},{"iob":0.002,"basaliob":0,"bolussnooze":0,"activity":1.0E-4,"lastBolusTime":1703032414978,"time":"2023-12-20T04:43:28.347Z","iobWithZeroTemp":{"iob":-0.277,"basaliob":-0.279,"bolussnooze":0,"activity":-0.0029,"lastBolusTime":1703032414978,"time":"2023-12-20T04:43:28.347Z"}},{"iob":0.001,"basaliob":0,"bolussnooze":0,"activity":0,"lastBolusTime":1703032414978,"time":"2023-12-20T04:48:28.347Z","iobWithZeroTemp":{"iob":-0.284,"basaliob":-0.285,"bolussnooze":0,"activity":-0.003,"lastBolusTime":1703032414978,"time":"2023-12-20T04:48:28.347Z"}},{"iob":0.001,"basaliob":0,"bolussnooze":0,"activity":0,"lastBolusTime":1703032414978,"time":"2023-12-20T04:53:28.347Z","iobWithZeroTemp":{"iob":-0.29,"basaliob":-0.291,"bolussnooze":0,"activity":-0.0031,"lastBolusTime":1703032414978,"time":"2023-12-20T04:53:28.347Z"}},{"iob":0.001,"basaliob":0,"bolussnooze":0,"activity":0,"lastBolusTime":1703032414978,"time":"2023-12-20T04:58:28.347Z","iobWithZeroTemp":{"iob":-0.295,"basaliob":-0.296,"bolussnooze":0,"activity":-0.0032,"lastBolusTime":1703032414978,"time":"2023-12-20T04:58:28.347Z"}},{"iob":0.001,"basaliob":0,"bolussnooze":0,"activity":0,"lastBolusTime":1703032414978,"time":"2023-12-20T05:03:28.347Z","iobWithZeroTemp":{"iob":-0.295,"basaliob":-0.296,"bolussnooze":0,"activity":-0.0032,"lastBolusTime":1703032414978,"time":"2023-12-20T05:03:28.347Z"}},{"iob":0.001,"basaliob":0,"bolussnooze":0,"activity":0,"lastBolusTime":1703032414978,"time":"2023-12-20T05:08:28.347Z","iobWithZeroTemp":{"iob":-0.296,"basaliob":-0.297,"bolussnooze":0,"activity":-0.0033,"lastBolusTime":1703032414978,"time":"2023-12-20T05:08:28.347Z"}},{"iob":0,"basaliob":0,"bolussnooze":0,"activity":0,"lastBolusTime":1703032414978,"time":"2023-12-20T05:13:28.347Z","iobWithZeroTemp":{"iob":-0.297,"basaliob":-0.297,"bolussnooze":0,"activity":-0.0033,"lastBolusTime":1703032414978,"time":"2023-12-20T05:13:28.347Z"}},{"iob":0,"basaliob":0,"bolussnooze":0,"activity":0,"lastBolusTime":1703032414978,"time":"2023-12-20T05:18:28.347Z","iobWithZeroTemp":{"iob":-0.297,"basaliob":-0.297,"bolussnooze":0,"activity":-0.0034,"lastBolusTime":1703032414978,"time":"2023-12-20T05:18:28.347Z"}},{"iob":0,"basaliob":0,"bolussnooze":0,"activity":0,"lastBolusTime":1703032414978,"time":"2023-12-20T05:23:28.347Z","iobWithZeroTemp":{"iob":-0.296,"basaliob":-0.296,"bolussnooze":0,"activity":-0.0034,"lastBolusTime":1703032414978,"time":"2023-12-20T05:23:28.347Z"}},{"iob":0,"basaliob":0,"bolussnooze":0,"activity":0,"lastBolusTime":1703032414978,"time":"2023-12-20T05:28:28.347Z","iobWithZeroTemp":{"iob":-0.296,"basaliob":-0.296,"bolussnooze":0,"activity":-0.0034,"lastBolusTime":1703032414978,"time":"2023-12-20T05:28:28.347Z"}},{"iob":0,"basaliob":0,"bolussnooze":0,"activity":0,"lastBolusTime":1703032414978,"time":"2023-12-20T05:33:28.347Z","iobWithZeroTemp":{"iob":-0.295,"basaliob":-0.295,"bolussnooze":0,"activity":-0.0034,"lastBolusTime":1703032414978,"time":"2023-12-20T05:33:28.347Z"}},{"iob":0,"basaliob":0,"bolussnooze":0,"activity":0,"lastBolusTime":1703032414978,"time":"2023-12-20T05:38:28.347Z","iobWithZeroTemp":{"iob":-0.295,"basaliob":-0.295,"bolussnooze":0,"activity":-0.0035,"lastBolusTime":1703032414978,"time":"2023-12-20T05:38:28.347Z"}},{"iob":0,"basaliob":0,"bolussnooze":0,"activity":0,"lastBolusTime":1703032414978,"time":"2023-12-20T05:43:28.347Z","iobWithZeroTemp":{"iob":-0.294,"basaliob":-0.294,"bolussnooze":0,"activity":-0.0035,"lastBolusTime":1703032414978,"time":"2023-12-20T05:43:28.347Z"}}],"profile":{"max_iob":10,"type":"current","max_daily_basal":0.25,"max_basal":1,"min_bg":90,"max_bg":90,"target_bg":90,"carb_ratio":15.6,"sens":84,"max_daily_safety_multiplier":5,"current_basal_safety_multiplier":5,"lgsThreshold":95,"high_temptarget_raises_sensitivity":false,"low_temptarget_lowers_sensitivity":false,"sensitivity_raises_target":true,"resistance_lowers_target":true,"adv_target_adjustments":false,"exercise_mode":false,"half_basal_exercise_target":160,"maxCOB":120,"skip_neutral_temps":false,"remainingCarbsCap":90,"enableUAM":true,"A52_risk_enable":false,"SMBInterval":5,"enableSMB_with_COB":true,"enableSMB_with_temptarget":false,"allowSMB_with_high_temptarget":false,"enableSMB_always":false,"enableSMB_after_carbs":true,"maxSMBBasalMinutes":120,"maxUAMSMBBasalMinutes":120,"bolus_increment":0.05,"carbsReqThreshold":1,"current_basal":0.20000000298023224,"temptargetSet":false,"autosens_max":1.2,"autosens_min":0.7,"variable_sens":102.1,"insulinDivisor":75,"TDD":18.864459651206154},"autosens_data":{"ratio":1},"meal_data":{"carbs":0,"mealCOB":0,"slopeFromMaxDeviation":-0.3431,"slopeFromMinDeviation":0,"lastBolusTime":1703032414978,"lastCarbTime":0},"microBolusAllowed":true,"currentTime":1703036910231,"flatBGsDetected":false,"tdd1D":18.86250000521541,"tdd7D":20.877380982715465,"tddLast24H":19.14583333631357,"tddLast4H":2.750000041723251,"tddLast8to4H":2.912500096857548},"output":{"temp":"absolute","bg":116,"tick":-5,"eventualBG":92,"targetBG":90,"insulinReq":0,"deliverAt":"2023-12-20T01:48:30.231Z","sensitivityRatio":1,"variable_sens":102.1,"predBGs":{"IOB":[116,111,107,103,99,96,93,90,88,86,84,83,82,81,80,80,79,79,78,78,77,77,77,76,76,76,76,76,75],"ZT":[116,114,112,110,108,107,106,105,104,103,103,102,102,102,102,103,103,104,104]},"reason":"COB: 0, Dev: -3, BGI: -2, ISF: 102, CR: 15.6, Target: 90, minPredBG 89, minGuardBG 75, IOBpredBG 75; minGuardBG 75<95","COB":0,"IOB":0.204,"duration":30,"rate":0,"timestamp":"2023-12-20T01:48:30.255Z"}}