{"algorithm":"OpenAPSSMBDynamicISFPlugin","input":{"glucoseStatus":{"glucose":103,"noise":0,"delta":3,"short_avgdelta":3.28,"long_avgdelta":1.88,"date":1702929773000},"currenttemp":{"temp":"absolute","duration":25,"rate":0.7,"minutesrunning":5},"iob_data":[{"iob":1.82,"basaliob":0.013,"bolussnooze":1.8,"activity":-7.0E-4,"lastBolusTime":1702929831205,"time":"2023-12-18T20:03:52.256Z","iobWithZeroTemp":{"iob":1.82,"basaliob":0.013,"bolussnooze":1.8,"activity":-7.0E-4,"lastBolusTime":1702929831205,"time":"2023-12-18T20:03:52.256Z"}},{"iob":1.812,"basaliob":0.017,"bolussnooze":1.7599,"activity":0.0036,"lastBolusTime":1702929831205,"time":"2023-12-18T20:08:52.256Z","iobWithZeroTemp":{"iob":1.802,"basaliob":0.007,"bolussnooze":1.7599,"activity":0.0036,"lastBolusTime":1702929831205,"time":"2023-12-18T20:08:52.256Z"}},{"iob":1.785,"basaliob":0.02,"bolussnooze":1.6614,"activity":0.0071,"lastBolusTime":1702929831205,"time":"2023-12-18T20:13:52.256Z","iobWithZeroTemp":{"iob":1.763,"basaliob":-0.002,"bolussnooze":1.6614,"activity":0.0071,"lastBolusTime":1702929831205,"time":"2023-12-18T20:13:52.256Z"}},{"iob":1.743,"basaliob":0.022,"bolussnooze":1.529,"activity":0.0097,"lastBolusTime":1702929831205,"time":"2023-12-18T20:18:52.256Z","iobWithZeroTemp":{"iob":1.708,"basaliob":-0.013,"bolussnooze":1.529,"activity":0.0096,"lastBolusTime":1702929831205,"time":"2023-12-18T20:18:52.256Z"}},{"iob":1.689,"basaliob":0.024,"bolussnooze":1.3802,"activity":0.0118,"lastBolusTime":1702929831205,"time":"2023-12-18T20:23:52.256Z","iobWithZeroTemp":{"iob":1.643,"basaliob":-0.022,"bolussnooze":1.3802,"activity":0.0116,"lastBolusTime":1702929831205,"time":"2023-12-18T20:23:52.256Z"}},{"iob":1.627,"basaliob":0.025,"bolussnooze":1.2268,"activity":0.0133,"lastBolusTime":1702929831205,"time":"2023-12-18T20:28:52.256Z","iobWithZeroTemp":{"iob":1.569,"basaliob":-0.033,"bolussnooze":1.2268,"activity":0.013,"lastBolusTime":1702929831205,"time":"2023-12-18T20:28:52.256Z"}},{"iob":1.558,"basaliob":0.026,"bolussnooze":1.0766,"activity":0.0143,"lastBolusTime":1702929831205,"time":"2023-12-18T20:33:52.256Z","iobWithZeroTemp":{"iob":1.489,"basaliob":-0.043,"bolussnooze":1.0766,"activity":0.0139,"lastBolusTime":1702929831205,"time":"2023-12-18T20:33:52.256Z"}},{"iob":1.484,"basaliob":0.026,"bolussnooze":0.9346,"activity":0.015,"lastBolusTime":1702929831205,"time":"2023-12-18T20:38:52.256Z","iobWithZeroTemp":{"iob":1.405,"basaliob":-0.053,"bolussnooze":0.9346,"activity":0.0145,"lastBolusTime":1702929831205,"time":"2023-12-18T20:38:52.256Z"}},{"iob":1.407,"basaliob":0.025,"bolussnooze":0.8038,"activity":0.0154,"lastBolusTime":1702929831205,"time":"2023-12-18T20:43:52.256Z","iobWithZeroTemp":{"iob":1.318,"basaliob":-0.064,"bolussnooze":0.8038,"activity":0.0148,"lastBolusTime":1702929831205,"time":"2023-12-18T20:43:52.256Z"}},{"iob":1.33,"basaliob":0.025,"bolussnooze":0.6855,"activity":0.0155,"lastBolusTime":1702929831205,"time":"2023-12-18T20:48:52.256Z","iobWithZeroTemp":{"iob":1.231,"basaliob":-0.074,"bolussnooze":0.6855,"activity":0.0148,"lastBolusTime":1702929831205,"time":"2023-12-18T20:48:52.256Z"}},{"iob":1.252,"basaliob":0.024,"bolussnooze":0.5802,"activity":0.0154,"lastBolusTime":1702929831205,"time":"2023-12-18T20:53:52.256Z","iobWithZeroTemp":{"iob":1.145,"basaliob":-0.083,"bolussnooze":0.5802,"activity":0.0146,"lastBolusTime":1702929831205,"time":"2023-12-18T20:53:52.256Z"}},{"iob":1.176,"basaliob":0.024,"bolussnooze":0.4876,"activity":0.0153,"lastBolusTime":1702929831205,"time":"2023-12-18T20:58:52.256Z","iobWithZeroTemp":{"iob":1.06,"basaliob":-0.092,"bolussnooze":0.4876,"activity":0.0144,"lastBolusTime":1702929831205,"time":"2023-12-18T20:58:52.256Z"}},{"iob":1.101,"basaliob":0.023,"bolussnooze":0.407,"activity":0.0149,"lastBolusTime":1702929831205,"time":"2023-12-18T21:03:52.256Z","iobWithZeroTemp":{"iob":0.977,"basaliob":-0.101,"bolussnooze":0.407,"activity":0.0139,"lastBolusTime":1702929831205,"time":"2023-12-18T21:03:52.256Z"}},{"iob":1.027,"basaliob":0.022,"bolussnooze":0.3376,"activity":0.0144,"lastBolusTime":1702929831205,"time":"2023-12-18T21:08:52.256Z","iobWithZeroTemp":{"iob":0.896,"basaliob":-0.109,"bolussnooze":0.3376,"activity":0.0133,"lastBolusTime":1702929831205,"time":"2023-12-18T21:08:52.256Z"}},{"iob":0.956,"basaliob":0.021,"bolussnooze":0.2782,"activity":0.0139,"lastBolusTime":1702929831205,"time":"2023-12-18T21:13:52.256Z","iobWithZeroTemp":{"iob":0.818,"basaliob":-0.117,"bolussnooze":0.2782,"activity":0.0127,"lastBolusTime":1702929831205,"time":"2023-12-18T21:13:52.256Z"}},{"iob":0.888,"basaliob":0.02,"bolussnooze":0.2279,"activity":0.0133,"lastBolusTime":1702929831205,"time":"2023-12-18T21:18:52.256Z","iobWithZeroTemp":{"iob":0.744,"basaliob":-0.124,"bolussnooze":0.2279,"activity":0.012,"lastBolusTime":1702929831205,"time":"2023-12-18T21:18:52.256Z"}},{"iob":0.823,"basaliob":0.019,"bolussnooze":0.1854,"activity":0.0127,"lastBolusTime":1702929831205,"time":"2023-12-18T21:23:52.256Z","iobWithZeroTemp":{"iob":0.673,"basaliob":-0.131,"bolussnooze":0.1854,"activity":0.0113,"lastBolusTime":1702929831205,"time":"2023-12-18T21:23:52.256Z"}},{"iob":0.761,"basaliob":0.018,"bolussnooze":0.1499,"activity":0.012,"lastBolusTime":1702929831205,"time":"2023-12-18T21:28:52.256Z","iobWithZeroTemp":{"iob":0.605,"basaliob":-0.138,"bolussnooze":0.1499,"activity":0.0105,"lastBolusTime":1702929831205,"time":"2023-12-18T21:28:52.256Z"}},{"iob":0.702,"basaliob":0.016,"bolussnooze":0.1204,"activity":0.0114,"lastBolusTime":1702929831205,"time":"2023-12-18T21:33:52.256Z","iobWithZeroTemp":{"iob":0.541,"basaliob":-0.145,"bolussnooze":0.1204,"activity":0.0099,"lastBolusTime":1702929831205,"time":"2023-12-18T21:33:52.256Z"}},{"iob":0.646,"basaliob":0.015,"bolussnooze":0.096,"activity":0.0107,"lastBolusTime":1702929831205,"time":"2023-12-18T21:38:52.256Z","iobWithZeroTemp":{"iob":0.481,"basaliob":-0.15,"bolussnooze":0.096,"activity":0.0091,"lastBolusTime":1702929831205,"time":"2023-12-18T21:38:52.256Z"}},{"iob":0.594,"basaliob":0.014,"bolussnooze":0.0759,"activity":0.0101,"lastBolusTime":1702929831205,"time":"2023-12-18T21:43:52.256Z","iobWithZeroTemp":{"iob":0.425,"basaliob":-0.155,"bolussnooze":0.0759,"activity":0.0084,"lastBolusTime":1702929831205,"time":"2023-12-18T21:43:52.256Z"}},{"iob":0.546,"basaliob":0.013,"bolussnooze":0.0595,"activity":0.0095,"lastBolusTime":1702929831205,"time":"2023-12-18T21:48:52.256Z","iobWithZeroTemp":{"iob":0.373,"basaliob":-0.16,"bolussnooze":0.0595,"activity":0.0078,"lastBolusTime":1702929831205,"time":"2023-12-18T21:48:52.256Z"}},{"iob":0.5,"basaliob":0.012,"bolussnooze":0.0462,"activity":0.0088,"lastBolusTime":1702929831205,"time":"2023-12-18T21:53:52.256Z","iobWithZeroTemp":{"iob":0.323,"basaliob":-0.165,"bolussnooze":0.0462,"activity":0.007,"lastBolusTime":1702929831205,"time":"2023-12-18T21:53:52.256Z"}},{"iob":0.458,"basaliob":0.012,"bolussnooze":0.0355,"activity":0.0083,"lastBolusTime":1702929831205,"time":"2023-12-18T21:58:52.256Z","iobWithZeroTemp":{"iob":0.278,"basaliob":-0.168,"bolussnooze":0.0355,"activity":0.0064,"lastBolusTime":1702929831205,"time":"2023-12-18T21:58:52.256Z"}},{"iob":0.418,"basaliob":0.011,"bolussnooze":0.027,"activity":0.0077,"lastBolusTime":1702929831205,"time":"2023-12-18T22:03:52.256Z","iobWithZeroTemp":{"iob":0.231,"basaliob":-0.176,"bolussnooze":0.027,"activity":0.0058,"lastBolusTime":1702929831205,"time":"2023-12-18T22:03:52.256Z"}},{"iob":0.381,"basaliob":0.01,"bolussnooze":0.0202,"activity":0.0071,"lastBolusTime":1702929831205,"time":"2023-12-18T22:08:52.256Z","iobWithZeroTemp":{"iob":0.187,"basaliob":-0.184,"bolussnooze":0.0202,"activity":0.0051,"lastBolusTime":1702929831205,"time":"2023-12-18T22:08:52.256Z"}},{"iob":0.347,"basaliob":0.009,"bolussnooze":0.0149,"activity":0.0066,"lastBolusTime":1702929831205,"time":"2023-12-18T22:13:52.256Z","iobWithZeroTemp":{"iob":0.146,"basaliob":-0.192,"bolussnooze":0.0149,"activity":0.0045,"lastBolusTime":1702929831205,"time":"2023-12-18T22:13:52.256Z"}},{"iob":0.315,"basaliob":0.008,"bolussnooze":0.0108,"activity":0.006,"lastBolusTime":1702929831205,"time":"2023-12-18T22:18:52.256Z","iobWithZeroTemp":{"iob":0.108,"basaliob":-0.199,"bolussnooze":0.0108,"activity":0.0039,"lastBolusTime":1702929831205,"time":"2023-12-18T22:18:52.256Z"}},{"iob":0.286,"basaliob":0.008,"bolussnooze":0.0076,"activity":0.0056,"lastBolusTime":1702929831205,"time":"2023-12-18T22:23:52.256Z","iobWithZeroTemp":{"iob":0.073,"basaliob":-0.205,"bolussnooze":0.0076,"activity":0.0034,"lastBolusTime":1702929831205,"time":"2023-12-18T22:23:52.256Z"}},{"iob":0.259,"basaliob":0.007,"bolussnooze":0.0052,"activity":0.0051,"lastBolusTime":1702929831205,"time":"2023-12-18T22:28:52.256Z","iobWithZeroTemp":{"iob":0.041,"basaliob":-0.211,"bolussnooze":0.0052,"activity":0.0028,"lastBolusTime":1702929831205,"time":"2023-12-18T22:28:52.256Z"}},{"iob":0.234,"basaliob":0.006,"bolussnooze":0.0034,"activity":0.0047,"lastBolusTime":1702929831205,"time":"2023-12-18T22:33:52.256Z","iobWithZeroTemp":{"iob":0.011,"basaliob":-0.217,"bolussnooze":0.0034,"activity":0.0024,"lastBolusTime":1702929831205,"time":"2023-12-18T22:33:52.256Z"}},{"iob":0.212,"basaliob":0.006,"bolussnooze":0.0021,"activity":0.0043,"lastBolusTime":1702929831205,"time":"2023-12-18T22:38:52.256Z","iobWithZeroTemp":{"iob":-0.016,"basaliob":-0.222,"bolussnooze":0.0021,"activity":0.0019,"lastBolusTime":1702929831205,"time":"2023-12-18T22:38:52.256Z"}},{"iob":0.19,"basaliob":0.005,"bolussnooze":0.0012,"activity":0.004,"lastBolusTime":1702929831205,"time":"2023-12-18T22:43:52.256Z","iobWithZeroTemp":{"iob":-0.043,"basaliob":-0.228,"bolussnooze":0.0012,"activity":0.0015,"lastBolusTime":1702929831205,"time":"2023-12-18T22:43:52.256Z"}},{"iob":0.172,"basaliob":0.005,"bolussnooze":6.0E-4,"activity":0.0036,"lastBolusTime":1702929831205,"time":"2023-12-18T22:48:52.256Z","iobWithZeroTemp":{"iob":-0.065,"basaliob":-0.232,"bolussnooze":6.0E-4,"activity":0.0011,"lastBolusTime":1702929831205,"time":"2023-12-18T22:48:52.256Z"}},{"iob":0.154,"basaliob":0.004,"bolussnooze":2.0E-4,"activity":0.0033,"lastBolusTime":1702929831205,"time":"2023-12-18T22:53:52.256Z","iobWithZeroTemp":{"iob":-0.087,"basaliob":-0.237,"bolussnooze":2.0E-4,"activity":7.0E-4,"lastBolusTime":1702929831205,"time":"2023-12-18T22:53:52.256Z"}},{"iob":0.139,"basaliob":0.004,"bolussnooze":1.0E-4,"activity":0.0031,"lastBolusTime":1702929831205,"time":"2023-12-18T22:58:52.256Z","iobWithZeroTemp":{"iob":-0.105,"basaliob":-0.24,"bolussnooze":1.0E-4,"activity":5.0E-4,"lastBolusTime":1702929831205,"time":"2023-12-18T22:58:52.256Z"}},{"iob":0.124,"basaliob":0.004,"bolussnooze":0,"activity":0.0028,"lastBolusTime":1702929831205,"time":"2023-12-18T23:03:52.256Z","iobWithZeroTemp":{"iob":-0.124,"basaliob":-0.244,"bolussnooze":0,"activity":1.0E-4,"lastBolusTime":1702929831205,"time":"2023-12-18T23:03:52.256Z"}},{"iob":0.111,"basaliob":0.003,"bolussnooze":0,"activity":0.0025,"lastBolusTime":1702929831205,"time":"2023-12-18T23:08:52.256Z","iobWithZeroTemp":{"iob":-0.14,"basaliob":-0.248,"bolussnooze":0,"activity":-2.0E-4,"lastBolusTime":1702929831205,"time":"2023-12-18T23:08:52.256Z"}},{"iob":0.099,"basaliob":0.003,"bolussnooze":0,"activity":0.0023,"lastBolusTime":1702929831205,"time":"2023-12-18T23:13:52.256Z","iobWithZeroTemp":{"iob":-0.155,"basaliob":-0.251,"bolussnooze":0,"activity":-5.0E-4,"lastBolusTime":1702929831205,"time":"2023-12-18T23:13:52.256Z"}},{"iob":0.088,"basaliob":0.003,"bolussnooze":0,"activity":0.0021,"lastBolusTime":1702929831205,"time":"2023-12-18T23:18:52.256Z","iobWithZeroTemp":{"iob":-0.168,"basaliob":-0.253,"bolussnooze":0,"activity":-7.0E-4,"lastBolusTime":1702929831205,"time":"2023-12-18T23:18:52.256Z"}},{"iob":0.078,"basaliob":0.002,"bolussnooze":0,"activity":0.0019,"lastBolusTime":1702929831205,"time":"2023-12-18T23:23:52.256Z","iobWithZeroTemp":{"iob":-0.181,"basaliob":-0.257,"bolussnooze":0,"activity":-0.001,"lastBolusTime":1702929831205,"time":"2023-12-18T23:23:52.256Z"}},{"iob":0.069,"basaliob":0.002,"bolussnooze":0,"activity":0.0016,"lastBolusTime":1702929831205,"time":"2023-12-18T23:28:52.256Z","iobWithZeroTemp":{"iob":-0.192,"basaliob":-0.259,"bolussnooze":0,"activity":-0.0013,"lastBolusTime":1702929831205,"time":"2023-12-18T23:28:52.256Z"}},{"iob":0.062,"basaliob":0.002,"bolussnooze":0,"activity":0.0015,"lastBolusTime":1702929831205,"time":"2023-12-18T23:33:52.256Z","iobWithZeroTemp":{"iob":-0.201,"basaliob":-0.261,"bolussnooze":0,"activity":-0.0015,"lastBolusTime":1702929831205,"time":"2023-12-18T23:33:52.256Z"}},{"iob":0.055,"basaliob":0.002,"bolussnooze":0,"activity":0.0013,"lastBolusTime":1702929831205,"time":"2023-12-18T23:38:52.256Z","iobWithZeroTemp":{"iob":-0.209,"basaliob":-0.262,"bolussnooze":0,"activity":-0.0017,"lastBolusTime":1702929831205,"time":"2023-12-18T23:38:52.256Z"}},{"iob":0.047,"basaliob":0.001,"bolussnooze":0,"activity":0.0012,"lastBolusTime":1702929831205,"time":"2023-12-18T23:43:52.256Z","iobWithZeroTemp":{"iob":-0.219,"basaliob":-0.265,"bolussnooze":0,"activity":-0.0018,"lastBolusTime":1702929831205,"time":"2023-12-18T23:43:52.256Z"}},{"iob":0.042,"basaliob":0.001,"bolussnooze":0,"activity":0.0011,"lastBolusTime":1702929831205,"time":"2023-12-18T23:48:52.256Z","iobWithZeroTemp":{"iob":-0.226,"basaliob":-0.267,"bolussnooze":0,"activity":-0.0019,"lastBolusTime":1702929831205,"time":"2023-12-18T23:48:52.256Z"}},{"iob":0.037,"basaliob":0.001,"bolussnooze":0,"activity":0.001,"lastBolusTime":1702929831205,"time":"2023-12-18T23:53:52.256Z","iobWithZeroTemp":{"iob":-0.232,"basaliob":-0.268,"bolussnooze":0,"activity":-0.0021,"lastBolusTime":1702929831205,"time":"2023-12-18T23:53:52.256Z"}},{"iob":0.032,"basaliob":0.001,"bolussnooze":0,"activity":9.0E-4,"lastBolusTime":1702929831205,"time":"2023-12-18T23:58:52.256Z","iobWithZeroTemp":{"iob":-0.238,"basaliob":-0.269,"bolussnooze":0,"activity":-0.0022,"lastBolusTime":1702929831205,"time":"2023-12-18T23:58:52.256Z"}}],"profile":{"max_iob":10,"type":"current","max_daily_basal":0.25,"max_basal":0.75,"min_bg":90,"max_bg":90,"target_bg":90,"carb_ratio":14.8,"sens":84,"max_daily_safety_multiplier":5,"current_basal_safety_multiplier":5,"lgsThreshold":95,"high_temptarget_raises_sensitivity":false,"low_temptarget_lowers_sensitivity":false,"sensitivity_raises_target":true,"resistance_lowers_target":true,"adv_target_adjustments":false,"exercise_mode":false,"half_basal_exercise_target":160,"maxCOB":120,"skip_neutral_temps":false,"remainingCarbsCap":90,"enableUAM":true,"A52_risk_enable":false,"SMBInterval":5,"enableSMB_with_COB":true,"enableSMB_with_temptarget":false,"allowSMB_with_high_temptarget":false,"enableSMB_always":false,"enableSMB_after_carbs":true,"maxSMBBasalMinutes":120,"maxUAMSMBBasalMinutes":120,"bolus_increment":0.05,"carbsReqThreshold":1,"current_basal":0.15000000596046448,"temptargetSet":false,"autosens_max":1.2,"autosens_min":0.7,"variable_sens":83.2,"insulinDivisor":75,"TDD":25.020946349283445},"autosens_data":{"ratio":1},"meal_data":{"carbs":0,"mealCOB":0,"slopeFromMaxDeviation":0,"slopeFromMinDeviation":1.35,"lastBolusTime":1702929831205,"lastCarbTime":0},"microBolusAllowed":true,"currentTime":1702929833760,"flatBGsDetected":false,"tdd1D":22.354166475186748,"tdd7D":26.782783919711285,"tddLast24H":19.791666610042256,"tddLast4H":2.345833291610082,"tddLast8to4H":8.899999894946813},"output":{"temp":"absolute","bg":103,"tick":"+3","eventualBG":39,"targetBG":90,"insulinReq":0,"deliverAt":"2023-12-18T20:03:53.760Z","sensitivityRatio":1,"variable_sens":83.2,"predBGs":{"IOB":[103,106,107,106,104,100,96,91,85,78,71,63,54,44,39],"ZT":[103,103,102,99,95,90,84,77,70,61,53,43,39,39,39,39,39,39,39,39,39,39,39,39,39,39,39,39,39,39,39,39,39,39,39,39,39,39,39,39,39,39,39,39,39,39,39,39],"UAM":[103,106,106,104,101,97,91,84,77,69,61,52,41,39]},"reason":"COB: 0, Dev: 16, BGI: 0, ISF: 83, CR: 14.8, Target: 90, minPredBG -103, minGuardBG -148, IOBpredBG 39, UAMpredBG 39; 42 add'l carbs req w\/in 35m; minGuardBG -148<95","COB":0,"IOB":1.82,"carbsReq":42,"carbsReqWithin":35,"duration":120,"rate":0,"timestamp":"2023-12-18T20:03:53.766Z"}}