{"algorithm":"OpenAPSSMBDynamicISFPlugin","input":{"glucoseStatus":{"glucose":113,"noise":0,"delta":5,"short_avgdelta":5.17,"long_avgdelta":2.92,"date":1702960074000},"currenttemp":{"temp":"absolute","duration":25,"rate":1.25,"minutesrunning":5},"iob_data":[{"iob":0.274,"basaliob":0.125,"bolussnooze":0,"activity":8.0E-4,"lastBolusTime":1702959541077,"time":"2023-12-19T04:28:44.693Z","iobWithZeroTemp":{"iob":0.274,"basaliob":0.125,"bolussnooze":0,"activity":8.0E-4,"lastBolusTime":1702959541077,"time":"2023-12-19T04:28:44.693Z"}},{"iob":0.268,"basaliob":0.123,"bolussnooze":0,"activity":0.0013,"lastBolusTime":1702959541077,"time":"2023-12-19T04:33:44.693Z","iobWithZeroTemp":{"iob":0.251,"basaliob":0.106,"bolussnooze":0,"activity":0.0013,"lastBolusTime":1702959541077,"time":"2023-12-19T04:33:44.693Z"}},{"iob":0.262,"basaliob":0.121,"bolussnooze":0,"activity":0.0016,"lastBolusTime":1702959541077,"time":"2023-12-19T04:38:44.693Z","iobWithZeroTemp":{"iob":0.225,"basaliob":0.084,"bolussnooze":0,"activity":0.0015,"lastBolusTime":1702959541077,"time":"2023-12-19T04:38:44.693Z"}},{"iob":0.253,"basaliob":0.118,"bolussnooze":0,"activity":0.002,"lastBolusTime":1702959541077,"time":"2023-12-19T04:43:44.693Z","iobWithZeroTemp":{"iob":0.195,"basaliob":0.06,"bolussnooze":0,"activity":0.0018,"lastBolusTime":1702959541077,"time":"2023-12-19T04:43:44.693Z"}},{"iob":0.242,"basaliob":0.113,"bolussnooze":0,"activity":0.0021,"lastBolusTime":1702959541077,"time":"2023-12-19T04:48:44.693Z","iobWithZeroTemp":{"iob":0.165,"basaliob":0.036,"bolussnooze":0,"activity":0.0018,"lastBolusTime":1702959541077,"time":"2023-12-19T04:48:44.693Z"}},{"iob":0.232,"basaliob":0.109,"bolussnooze":0,"activity":0.0023,"lastBolusTime":1702959541077,"time":"2023-12-19T04:53:44.693Z","iobWithZeroTemp":{"iob":0.136,"basaliob":0.013,"bolussnooze":0,"activity":0.0019,"lastBolusTime":1702959541077,"time":"2023-12-19T04:53:44.693Z"}},{"iob":0.22,"basaliob":0.104,"bolussnooze":0,"activity":0.0023,"lastBolusTime":1702959541077,"time":"2023-12-19T04:58:44.693Z","iobWithZeroTemp":{"iob":0.106,"basaliob":-0.01,"bolussnooze":0,"activity":0.0017,"lastBolusTime":1702959541077,"time":"2023-12-19T04:58:44.693Z"}},{"iob":0.209,"basaliob":0.099,"bolussnooze":0,"activity":0.0023,"lastBolusTime":1702959541077,"time":"2023-12-19T05:03:44.693Z","iobWithZeroTemp":{"iob":0.081,"basaliob":-0.029,"bolussnooze":0,"activity":0.0015,"lastBolusTime":1702959541077,"time":"2023-12-19T05:03:44.693Z"}},{"iob":0.197,"basaliob":0.094,"bolussnooze":0,"activity":0.0024,"lastBolusTime":1702959541077,"time":"2023-12-19T05:08:44.693Z","iobWithZeroTemp":{"iob":0.057,"basaliob":-0.046,"bolussnooze":0,"activity":0.0015,"lastBolusTime":1702959541077,"time":"2023-12-19T05:08:44.693Z"}},{"iob":0.185,"basaliob":0.088,"bolussnooze":0,"activity":0.0024,"lastBolusTime":1702959541077,"time":"2023-12-19T05:13:44.693Z","iobWithZeroTemp":{"iob":0.033,"basaliob":-0.064,"bolussnooze":0,"activity":0.0013,"lastBolusTime":1702959541077,"time":"2023-12-19T05:13:44.693Z"}},{"iob":0.173,"basaliob":0.083,"bolussnooze":0,"activity":0.0023,"lastBolusTime":1702959541077,"time":"2023-12-19T05:18:44.693Z","iobWithZeroTemp":{"iob":0.01,"basaliob":-0.08,"bolussnooze":0,"activity":0.0011,"lastBolusTime":1702959541077,"time":"2023-12-19T05:18:44.693Z"}},{"iob":0.162,"basaliob":0.078,"bolussnooze":0,"activity":0.0022,"lastBolusTime":1702959541077,"time":"2023-12-19T05:23:44.693Z","iobWithZeroTemp":{"iob":-0.011,"basaliob":-0.095,"bolussnooze":0,"activity":8.0E-4,"lastBolusTime":1702959541077,"time":"2023-12-19T05:23:44.693Z"}},{"iob":0.151,"basaliob":0.073,"bolussnooze":0,"activity":0.0022,"lastBolusTime":1702959541077,"time":"2023-12-19T05:28:44.693Z","iobWithZeroTemp":{"iob":-0.032,"basaliob":-0.11,"bolussnooze":0,"activity":7.0E-4,"lastBolusTime":1702959541077,"time":"2023-12-19T05:28:44.693Z"}},{"iob":0.141,"basaliob":0.068,"bolussnooze":0,"activity":0.0021,"lastBolusTime":1702959541077,"time":"2023-12-19T05:33:44.693Z","iobWithZeroTemp":{"iob":-0.051,"basaliob":-0.124,"bolussnooze":0,"activity":4.0E-4,"lastBolusTime":1702959541077,"time":"2023-12-19T05:33:44.693Z"}},{"iob":0.13,"basaliob":0.063,"bolussnooze":0,"activity":0.0019,"lastBolusTime":1702959541077,"time":"2023-12-19T05:38:44.693Z","iobWithZeroTemp":{"iob":-0.07,"basaliob":-0.137,"bolussnooze":0,"activity":1.0E-4,"lastBolusTime":1702959541077,"time":"2023-12-19T05:38:44.693Z"}},{"iob":0.12,"basaliob":0.058,"bolussnooze":0,"activity":0.0019,"lastBolusTime":1702959541077,"time":"2023-12-19T05:43:44.693Z","iobWithZeroTemp":{"iob":-0.087,"basaliob":-0.149,"bolussnooze":0,"activity":0,"lastBolusTime":1702959541077,"time":"2023-12-19T05:43:44.693Z"}},{"iob":0.111,"basaliob":0.054,"bolussnooze":0,"activity":0.0017,"lastBolusTime":1702959541077,"time":"2023-12-19T05:48:44.693Z","iobWithZeroTemp":{"iob":-0.103,"basaliob":-0.16,"bolussnooze":0,"activity":-3.0E-4,"lastBolusTime":1702959541077,"time":"2023-12-19T05:48:44.693Z"}},{"iob":0.103,"basaliob":0.05,"bolussnooze":0,"activity":0.0017,"lastBolusTime":1702959541077,"time":"2023-12-19T05:53:44.693Z","iobWithZeroTemp":{"iob":-0.117,"basaliob":-0.17,"bolussnooze":0,"activity":-4.0E-4,"lastBolusTime":1702959541077,"time":"2023-12-19T05:53:44.693Z"}},{"iob":0.095,"basaliob":0.046,"bolussnooze":0,"activity":0.0016,"lastBolusTime":1702959541077,"time":"2023-12-19T05:58:44.693Z","iobWithZeroTemp":{"iob":-0.131,"basaliob":-0.18,"bolussnooze":0,"activity":-6.0E-4,"lastBolusTime":1702959541077,"time":"2023-12-19T05:58:44.693Z"}},{"iob":0.087,"basaliob":0.042,"bolussnooze":0,"activity":0.0015,"lastBolusTime":1702959541077,"time":"2023-12-19T06:03:44.693Z","iobWithZeroTemp":{"iob":-0.149,"basaliob":-0.194,"bolussnooze":0,"activity":-8.0E-4,"lastBolusTime":1702959541077,"time":"2023-12-19T06:03:44.693Z"}},{"iob":0.08,"basaliob":0.039,"bolussnooze":0,"activity":0.0014,"lastBolusTime":1702959541077,"time":"2023-12-19T06:08:44.693Z","iobWithZeroTemp":{"iob":-0.165,"basaliob":-0.206,"bolussnooze":0,"activity":-0.001,"lastBolusTime":1702959541077,"time":"2023-12-19T06:08:44.693Z"}},{"iob":0.073,"basaliob":0.036,"bolussnooze":0,"activity":0.0013,"lastBolusTime":1702959541077,"time":"2023-12-19T06:13:44.693Z","iobWithZeroTemp":{"iob":-0.18,"basaliob":-0.217,"bolussnooze":0,"activity":-0.0012,"lastBolusTime":1702959541077,"time":"2023-12-19T06:13:44.693Z"}},{"iob":0.067,"basaliob":0.033,"bolussnooze":0,"activity":0.0012,"lastBolusTime":1702959541077,"time":"2023-12-19T06:18:44.693Z","iobWithZeroTemp":{"iob":-0.194,"basaliob":-0.228,"bolussnooze":0,"activity":-0.0014,"lastBolusTime":1702959541077,"time":"2023-12-19T06:18:44.693Z"}},{"iob":0.061,"basaliob":0.03,"bolussnooze":0,"activity":0.0011,"lastBolusTime":1702959541077,"time":"2023-12-19T06:23:44.693Z","iobWithZeroTemp":{"iob":-0.207,"basaliob":-0.238,"bolussnooze":0,"activity":-0.0016,"lastBolusTime":1702959541077,"time":"2023-12-19T06:23:44.693Z"}},{"iob":0.055,"basaliob":0.027,"bolussnooze":0,"activity":0.001,"lastBolusTime":1702959541077,"time":"2023-12-19T06:28:44.693Z","iobWithZeroTemp":{"iob":-0.22,"basaliob":-0.248,"bolussnooze":0,"activity":-0.0018,"lastBolusTime":1702959541077,"time":"2023-12-19T06:28:44.693Z"}},{"iob":0.051,"basaliob":0.025,"bolussnooze":0,"activity":0.001,"lastBolusTime":1702959541077,"time":"2023-12-19T06:33:44.693Z","iobWithZeroTemp":{"iob":-0.231,"basaliob":-0.257,"bolussnooze":0,"activity":-0.0019,"lastBolusTime":1702959541077,"time":"2023-12-19T06:33:44.693Z"}},{"iob":0.046,"basaliob":0.023,"bolussnooze":0,"activity":0.001,"lastBolusTime":1702959541077,"time":"2023-12-19T06:38:44.693Z","iobWithZeroTemp":{"iob":-0.242,"basaliob":-0.265,"bolussnooze":0,"activity":-0.002,"lastBolusTime":1702959541077,"time":"2023-12-19T06:38:44.693Z"}},{"iob":0.042,"basaliob":0.021,"bolussnooze":0,"activity":8.0E-4,"lastBolusTime":1702959541077,"time":"2023-12-19T06:43:44.693Z","iobWithZeroTemp":{"iob":-0.252,"basaliob":-0.273,"bolussnooze":0,"activity":-0.0023,"lastBolusTime":1702959541077,"time":"2023-12-19T06:43:44.693Z"}},{"iob":0.038,"basaliob":0.019,"bolussnooze":0,"activity":8.0E-4,"lastBolusTime":1702959541077,"time":"2023-12-19T06:48:44.693Z","iobWithZeroTemp":{"iob":-0.261,"basaliob":-0.28,"bolussnooze":0,"activity":-0.0024,"lastBolusTime":1702959541077,"time":"2023-12-19T06:48:44.693Z"}},{"iob":0.034,"basaliob":0.017,"bolussnooze":0,"activity":8.0E-4,"lastBolusTime":1702959541077,"time":"2023-12-19T06:53:44.693Z","iobWithZeroTemp":{"iob":-0.269,"basaliob":-0.286,"bolussnooze":0,"activity":-0.0024,"lastBolusTime":1702959541077,"time":"2023-12-19T06:53:44.693Z"}},{"iob":0.031,"basaliob":0.015,"bolussnooze":0,"activity":6.0E-4,"lastBolusTime":1702959541077,"time":"2023-12-19T06:58:44.693Z","iobWithZeroTemp":{"iob":-0.277,"basaliob":-0.293,"bolussnooze":0,"activity":-0.0027,"lastBolusTime":1702959541077,"time":"2023-12-19T06:58:44.693Z"}},{"iob":0.028,"basaliob":0.014,"bolussnooze":0,"activity":6.0E-4,"lastBolusTime":1702959541077,"time":"2023-12-19T07:03:44.693Z","iobWithZeroTemp":{"iob":-0.276,"basaliob":-0.29,"bolussnooze":0,"activity":-0.0028,"lastBolusTime":1702959541077,"time":"2023-12-19T07:03:44.693Z"}},{"iob":0.025,"basaliob":0.012,"bolussnooze":0,"activity":6.0E-4,"lastBolusTime":1702959541077,"time":"2023-12-19T07:08:44.693Z","iobWithZeroTemp":{"iob":-0.274,"basaliob":-0.287,"bolussnooze":0,"activity":-0.0028,"lastBolusTime":1702959541077,"time":"2023-12-19T07:08:44.693Z"}},{"iob":0.022,"basaliob":0.011,"bolussnooze":0,"activity":4.0E-4,"lastBolusTime":1702959541077,"time":"2023-12-19T07:13:44.693Z","iobWithZeroTemp":{"iob":-0.273,"basaliob":-0.284,"bolussnooze":0,"activity":-0.003,"lastBolusTime":1702959541077,"time":"2023-12-19T07:13:44.693Z"}},{"iob":0.02,"basaliob":0.01,"bolussnooze":0,"activity":4.0E-4,"lastBolusTime":1702959541077,"time":"2023-12-19T07:18:44.693Z","iobWithZeroTemp":{"iob":-0.27,"basaliob":-0.28,"bolussnooze":0,"activity":-0.003,"lastBolusTime":1702959541077,"time":"2023-12-19T07:18:44.693Z"}},{"iob":0.018,"basaliob":0.009,"bolussnooze":0,"activity":4.0E-4,"lastBolusTime":1702959541077,"time":"2023-12-19T07:23:44.693Z","iobWithZeroTemp":{"iob":-0.267,"basaliob":-0.276,"bolussnooze":0,"activity":-0.003,"lastBolusTime":1702959541077,"time":"2023-12-19T07:23:44.693Z"}},{"iob":0.016,"basaliob":0.008,"bolussnooze":0,"activity":4.0E-4,"lastBolusTime":1702959541077,"time":"2023-12-19T07:28:44.693Z","iobWithZeroTemp":{"iob":-0.265,"basaliob":-0.273,"bolussnooze":0,"activity":-0.003,"lastBolusTime":1702959541077,"time":"2023-12-19T07:28:44.693Z"}},{"iob":0.014,"basaliob":0.007,"bolussnooze":0,"activity":4.0E-4,"lastBolusTime":1702959541077,"time":"2023-12-19T07:33:44.693Z","iobWithZeroTemp":{"iob":-0.262,"basaliob":-0.269,"bolussnooze":0,"activity":-0.003,"lastBolusTime":1702959541077,"time":"2023-12-19T07:33:44.693Z"}},{"iob":0.012,"basaliob":0.006,"bolussnooze":0,"activity":3.0E-4,"lastBolusTime":1702959541077,"time":"2023-12-19T07:38:44.693Z","iobWithZeroTemp":{"iob":-0.26,"basaliob":-0.266,"bolussnooze":0,"activity":-0.0031,"lastBolusTime":1702959541077,"time":"2023-12-19T07:38:44.693Z"}},{"iob":0.012,"basaliob":0.006,"bolussnooze":0,"activity":2.0E-4,"lastBolusTime":1702959541077,"time":"2023-12-19T07:43:44.693Z","iobWithZeroTemp":{"iob":-0.256,"basaliob":-0.262,"bolussnooze":0,"activity":-0.0031,"lastBolusTime":1702959541077,"time":"2023-12-19T07:43:44.693Z"}},{"iob":0.01,"basaliob":0.005,"bolussnooze":0,"activity":2.0E-4,"lastBolusTime":1702959541077,"time":"2023-12-19T07:48:44.693Z","iobWithZeroTemp":{"iob":-0.253,"basaliob":-0.258,"bolussnooze":0,"activity":-0.0031,"lastBolusTime":1702959541077,"time":"2023-12-19T07:48:44.693Z"}},{"iob":0.008,"basaliob":0.004,"bolussnooze":0,"activity":2.0E-4,"lastBolusTime":1702959541077,"time":"2023-12-19T07:53:44.693Z","iobWithZeroTemp":{"iob":-0.252,"basaliob":-0.256,"bolussnooze":0,"activity":-0.0031,"lastBolusTime":1702959541077,"time":"2023-12-19T07:53:44.693Z"}},{"iob":0.008,"basaliob":0.004,"bolussnooze":0,"activity":2.0E-4,"lastBolusTime":1702959541077,"time":"2023-12-19T07:58:44.693Z","iobWithZeroTemp":{"iob":-0.248,"basaliob":-0.252,"bolussnooze":0,"activity":-0.003,"lastBolusTime":1702959541077,"time":"2023-12-19T07:58:44.693Z"}},{"iob":0.006,"basaliob":0.003,"bolussnooze":0,"activity":2.0E-4,"lastBolusTime":1702959541077,"time":"2023-12-19T08:03:44.693Z","iobWithZeroTemp":{"iob":-0.246,"basaliob":-0.249,"bolussnooze":0,"activity":-0.003,"lastBolusTime":1702959541077,"time":"2023-12-19T08:03:44.693Z"}},{"iob":0.006,"basaliob":0.003,"bolussnooze":0,"activity":2.0E-4,"lastBolusTime":1702959541077,"time":"2023-12-19T08:08:44.693Z","iobWithZeroTemp":{"iob":-0.243,"basaliob":-0.246,"bolussnooze":0,"activity":-0.0029,"lastBolusTime":1702959541077,"time":"2023-12-19T08:08:44.693Z"}},{"iob":0.006,"basaliob":0.003,"bolussnooze":0,"activity":2.0E-4,"lastBolusTime":1702959541077,"time":"2023-12-19T08:13:44.693Z","iobWithZeroTemp":{"iob":-0.24,"basaliob":-0.243,"bolussnooze":0,"activity":-0.0029,"lastBolusTime":1702959541077,"time":"2023-12-19T08:13:44.693Z"}},{"iob":0.004,"basaliob":0.002,"bolussnooze":0,"activity":2.0E-4,"lastBolusTime":1702959541077,"time":"2023-12-19T08:18:44.693Z","iobWithZeroTemp":{"iob":-0.239,"basaliob":-0.241,"bolussnooze":0,"activity":-0.0029,"lastBolusTime":1702959541077,"time":"2023-12-19T08:18:44.693Z"}},{"iob":0.004,"basaliob":0.002,"bolussnooze":0,"activity":2.0E-4,"lastBolusTime":1702959541077,"time":"2023-12-19T08:23:44.693Z","iobWithZeroTemp":{"iob":-0.236,"basaliob":-0.238,"bolussnooze":0,"activity":-0.0028,"lastBolusTime":1702959541077,"time":"2023-12-19T08:23:44.693Z"}}],"profile":{"max_iob":10,"type":"current","max_daily_basal":0.25,"max_basal":1.25,"min_bg":90,"max_bg":90,"target_bg":90,"carb_ratio":15.6,"sens":84,"max_daily_safety_multiplier":5,"current_basal_safety_multiplier":5,"lgsThreshold":95,"high_temptarget_raises_sensitivity":false,"low_temptarget_lowers_sensitivity":false,"sensitivity_raises_target":true,"resistance_lowers_target":true,"adv_target_adjustments":false,"exercise_mode":false,"half_basal_exercise_target":160,"maxCOB":120,"skip_neutral_temps":false,"remainingCarbsCap":90,"enableUAM":true,"A52_risk_enable":false,"SMBInterval":5,"enableSMB_with_COB":true,"enableSMB_with_temptarget":false,"allowSMB_with_high_temptarget":false,"enableSMB_always":false,"enableSMB_after_carbs":true,"maxSMBBasalMinutes":120,"maxUAMSMBBasalMinutes":120,"bolus_increment":0.05,"carbsReqThreshold":1,"current_basal":0.25,"temptargetSet":false,"autosens_max":1.2,"autosens_min":0.7,"variable_sens":106.7,"insulinDivisor":75,"TDD":18.362660417564015},"autosens_data":{"ratio":1},"meal_data":{"carbs":5,"mealCOB":0,"slopeFromMaxDeviation":0,"slopeFromMinDeviation":1.5735000000000001,"lastBolusTime":1702959541077,"lastCarbTime":1702952702000},"microBolusAllowed":true,"currentTime":1702960125881,"flatBGsDetected":false,"tdd1D":20.141666612277426,"tdd7D":26.78606000595613,"tddLast24H":19.379166629413767,"tddLast4H":0.6750000059604644,"tddLast8to4H":2.816666709134976},"output":{"temp":"absolute","bg":113,"tick":"+5","eventualBG":117,"targetBG":90,"insulinReq":0.19,"deliverAt":"2023-12-19T04:28:45.881Z","sensitivityRatio":1,"variable_sens":106.7,"predBGs":{"IOB":[113,118,121,125,127,129,131,132,133,133,133,132,131,130,129,128,127,126,125,124,124,123,122,122,121,121,120,120,119,119,118,118,118,118,117,117,117,117,116,116,116,116,116,116,116,116,116,115],"ZT":[113,113,112,111,110,109,108,107,106,105,105,104,104,103,103,103,103,103,103,104,104,105,105],"UAM":[113,117,121,124,126,128,129,130,130,130,129,127,126,125,124,123,122,121,121,120,119,118,118,117,116,116,115,115,114,114,114,113,113,113,112,112,112,112,112,111,111,111,111,111,111,111,111,110]},"reason":"COB: 0, Dev: 33, BGI: 0, ISF: 107, CR: 15.6, Target: 90, minPredBG 110, minGuardBG 110, IOBpredBG 115, UAMpredBG 110; Eventual BG 117 >= 90,  insulinReq 0.19. Microbolusing 0.05U. 25m@1.25 > 2 * insulinReq. Setting temp basal of 0.63U\/hr. ","COB":0,"IOB":0.274,"units":0.05,"duration":30,"rate":0.63,"timestamp":"2023-12-19T04:28:45.893Z"}}