{"algorithm":"OpenAPSSMBDynamicISFPlugin","input":{"glucoseStatus":{"glucose":112,"noise":0,"delta":1,"short_avgdelta":0.61,"long_avgdelta":-0.29,"date":1702893172000},"currenttemp":{"temp":"absolute","duration":25,"rate":0.9,"minutesrunning":5},"iob_data":[{"iob":0.351,"basaliob":-0.001,"bolussnooze":0,"activity":0.0035,"lastBolusTime":1702892913137,"time":"2023-12-18T09:53:23.710Z","iobWithZeroTemp":{"iob":0.351,"basaliob":-0.001,"bolussnooze":0,"activity":0.0035,"lastBolusTime":1702892913137,"time":"2023-12-18T09:53:23.710Z"}},{"iob":0.333,"basaliob":0.002,"bolussnooze":0,"activity":0.0036,"lastBolusTime":1702892913137,"time":"2023-12-18T09:58:23.710Z","iobWithZeroTemp":{"iob":0.32,"basaliob":-0.011,"bolussnooze":0,"activity":0.0036,"lastBolusTime":1702892913137,"time":"2023-12-18T09:58:23.710Z"}},{"iob":0.316,"basaliob":0.005,"bolussnooze":0,"activity":0.0036,"lastBolusTime":1702892913137,"time":"2023-12-18T10:03:23.710Z","iobWithZeroTemp":{"iob":0.29,"basaliob":-0.021,"bolussnooze":0,"activity":0.0035,"lastBolusTime":1702892913137,"time":"2023-12-18T10:03:23.710Z"}},{"iob":0.297,"basaliob":0.007,"bolussnooze":0,"activity":0.0036,"lastBolusTime":1702892913137,"time":"2023-12-18T10:08:23.710Z","iobWithZeroTemp":{"iob":0.259,"basaliob":-0.031,"bolussnooze":0,"activity":0.0035,"lastBolusTime":1702892913137,"time":"2023-12-18T10:08:23.710Z"}},{"iob":0.278,"basaliob":0.008,"bolussnooze":0,"activity":0.0036,"lastBolusTime":1702892913137,"time":"2023-12-18T10:13:23.710Z","iobWithZeroTemp":{"iob":0.228,"basaliob":-0.042,"bolussnooze":0,"activity":0.0034,"lastBolusTime":1702892913137,"time":"2023-12-18T10:13:23.710Z"}},{"iob":0.26,"basaliob":0.009,"bolussnooze":0,"activity":0.0036,"lastBolusTime":1702892913137,"time":"2023-12-18T10:18:23.710Z","iobWithZeroTemp":{"iob":0.199,"basaliob":-0.052,"bolussnooze":0,"activity":0.0033,"lastBolusTime":1702892913137,"time":"2023-12-18T10:18:23.710Z"}},{"iob":0.243,"basaliob":0.01,"bolussnooze":0,"activity":0.0035,"lastBolusTime":1702892913137,"time":"2023-12-18T10:23:23.710Z","iobWithZeroTemp":{"iob":0.171,"basaliob":-0.062,"bolussnooze":0,"activity":0.0031,"lastBolusTime":1702892913137,"time":"2023-12-18T10:23:23.710Z"}},{"iob":0.226,"basaliob":0.011,"bolussnooze":0,"activity":0.0033,"lastBolusTime":1702892913137,"time":"2023-12-18T10:28:23.710Z","iobWithZeroTemp":{"iob":0.143,"basaliob":-0.072,"bolussnooze":0,"activity":0.0028,"lastBolusTime":1702892913137,"time":"2023-12-18T10:28:23.710Z"}},{"iob":0.209,"basaliob":0.011,"bolussnooze":0,"activity":0.0031,"lastBolusTime":1702892913137,"time":"2023-12-18T10:33:23.710Z","iobWithZeroTemp":{"iob":0.117,"basaliob":-0.081,"bolussnooze":0,"activity":0.0025,"lastBolusTime":1702892913137,"time":"2023-12-18T10:33:23.710Z"}},{"iob":0.194,"basaliob":0.011,"bolussnooze":0,"activity":0.0031,"lastBolusTime":1702892913137,"time":"2023-12-18T10:38:23.710Z","iobWithZeroTemp":{"iob":0.092,"basaliob":-0.091,"bolussnooze":0,"activity":0.0024,"lastBolusTime":1702892913137,"time":"2023-12-18T10:38:23.710Z"}},{"iob":0.179,"basaliob":0.011,"bolussnooze":0,"activity":0.0029,"lastBolusTime":1702892913137,"time":"2023-12-18T10:43:23.710Z","iobWithZeroTemp":{"iob":0.069,"basaliob":-0.099,"bolussnooze":0,"activity":0.0021,"lastBolusTime":1702892913137,"time":"2023-12-18T10:43:23.710Z"}},{"iob":0.165,"basaliob":0.011,"bolussnooze":0,"activity":0.0027,"lastBolusTime":1702892913137,"time":"2023-12-18T10:48:23.710Z","iobWithZeroTemp":{"iob":0.046,"basaliob":-0.108,"bolussnooze":0,"activity":0.0018,"lastBolusTime":1702892913137,"time":"2023-12-18T10:48:23.710Z"}},{"iob":0.152,"basaliob":0.011,"bolussnooze":0,"activity":0.0026,"lastBolusTime":1702892913137,"time":"2023-12-18T10:53:23.710Z","iobWithZeroTemp":{"iob":0.026,"basaliob":-0.115,"bolussnooze":0,"activity":0.0016,"lastBolusTime":1702892913137,"time":"2023-12-18T10:53:23.710Z"}},{"iob":0.14,"basaliob":0.011,"bolussnooze":0,"activity":0.0024,"lastBolusTime":1702892913137,"time":"2023-12-18T10:58:23.710Z","iobWithZeroTemp":{"iob":0.007,"basaliob":-0.122,"bolussnooze":0,"activity":0.0013,"lastBolusTime":1702892913137,"time":"2023-12-18T10:58:23.710Z"}},{"iob":0.128,"basaliob":0.01,"bolussnooze":0,"activity":0.0023,"lastBolusTime":1702892913137,"time":"2023-12-18T11:03:23.710Z","iobWithZeroTemp":{"iob":-0.012,"basaliob":-0.13,"bolussnooze":0,"activity":0.0011,"lastBolusTime":1702892913137,"time":"2023-12-18T11:03:23.710Z"}},{"iob":0.117,"basaliob":0.01,"bolussnooze":0,"activity":0.0021,"lastBolusTime":1702892913137,"time":"2023-12-18T11:08:23.710Z","iobWithZeroTemp":{"iob":-0.029,"basaliob":-0.136,"bolussnooze":0,"activity":8.0E-4,"lastBolusTime":1702892913137,"time":"2023-12-18T11:08:23.710Z"}},{"iob":0.107,"basaliob":0.01,"bolussnooze":0,"activity":0.002,"lastBolusTime":1702892913137,"time":"2023-12-18T11:13:23.710Z","iobWithZeroTemp":{"iob":-0.045,"basaliob":-0.142,"bolussnooze":0,"activity":6.0E-4,"lastBolusTime":1702892913137,"time":"2023-12-18T11:13:23.710Z"}},{"iob":0.097,"basaliob":0.009,"bolussnooze":0,"activity":0.0018,"lastBolusTime":1702892913137,"time":"2023-12-18T11:18:23.710Z","iobWithZeroTemp":{"iob":-0.06,"basaliob":-0.148,"bolussnooze":0,"activity":3.0E-4,"lastBolusTime":1702892913137,"time":"2023-12-18T11:18:23.710Z"}},{"iob":0.089,"basaliob":0.009,"bolussnooze":0,"activity":0.0017,"lastBolusTime":1702892913137,"time":"2023-12-18T11:23:23.710Z","iobWithZeroTemp":{"iob":-0.073,"basaliob":-0.153,"bolussnooze":0,"activity":1.0E-4,"lastBolusTime":1702892913137,"time":"2023-12-18T11:23:23.710Z"}},{"iob":0.081,"basaliob":0.008,"bolussnooze":0,"activity":0.0016,"lastBolusTime":1702892913137,"time":"2023-12-18T11:28:23.710Z","iobWithZeroTemp":{"iob":-0.086,"basaliob":-0.159,"bolussnooze":0,"activity":0,"lastBolusTime":1702892913137,"time":"2023-12-18T11:28:23.710Z"}},{"iob":0.074,"basaliob":0.008,"bolussnooze":0,"activity":0.0014,"lastBolusTime":1702892913137,"time":"2023-12-18T11:33:23.710Z","iobWithZeroTemp":{"iob":-0.097,"basaliob":-0.163,"bolussnooze":0,"activity":-3.0E-4,"lastBolusTime":1702892913137,"time":"2023-12-18T11:33:23.710Z"}},{"iob":0.066,"basaliob":0.007,"bolussnooze":0,"activity":0.0013,"lastBolusTime":1702892913137,"time":"2023-12-18T11:38:23.710Z","iobWithZeroTemp":{"iob":-0.109,"basaliob":-0.168,"bolussnooze":0,"activity":-5.0E-4,"lastBolusTime":1702892913137,"time":"2023-12-18T11:38:23.710Z"}},{"iob":0.06,"basaliob":0.007,"bolussnooze":0,"activity":0.0012,"lastBolusTime":1702892913137,"time":"2023-12-18T11:43:23.710Z","iobWithZeroTemp":{"iob":-0.118,"basaliob":-0.171,"bolussnooze":0,"activity":-6.0E-4,"lastBolusTime":1702892913137,"time":"2023-12-18T11:43:23.710Z"}},{"iob":0.054,"basaliob":0.006,"bolussnooze":0,"activity":0.0011,"lastBolusTime":1702892913137,"time":"2023-12-18T11:48:23.710Z","iobWithZeroTemp":{"iob":-0.127,"basaliob":-0.175,"bolussnooze":0,"activity":-8.0E-4,"lastBolusTime":1702892913137,"time":"2023-12-18T11:48:23.710Z"}},{"iob":0.049,"basaliob":0.006,"bolussnooze":0,"activity":0.001,"lastBolusTime":1702892913137,"time":"2023-12-18T11:53:23.710Z","iobWithZeroTemp":{"iob":-0.135,"basaliob":-0.178,"bolussnooze":0,"activity":-9.0E-4,"lastBolusTime":1702892913137,"time":"2023-12-18T11:53:23.710Z"}},{"iob":0.044,"basaliob":0.005,"bolussnooze":0,"activity":9.0E-4,"lastBolusTime":1702892913137,"time":"2023-12-18T11:58:23.710Z","iobWithZeroTemp":{"iob":-0.143,"basaliob":-0.182,"bolussnooze":0,"activity":-0.0011,"lastBolusTime":1702892913137,"time":"2023-12-18T11:58:23.710Z"}},{"iob":0.04,"basaliob":0.005,"bolussnooze":0,"activity":9.0E-4,"lastBolusTime":1702892913137,"time":"2023-12-18T12:03:23.710Z","iobWithZeroTemp":{"iob":-0.149,"basaliob":-0.184,"bolussnooze":0,"activity":-0.0011,"lastBolusTime":1702892913137,"time":"2023-12-18T12:03:23.710Z"}},{"iob":0.036,"basaliob":0.005,"bolussnooze":0,"activity":8.0E-4,"lastBolusTime":1702892913137,"time":"2023-12-18T12:08:23.710Z","iobWithZeroTemp":{"iob":-0.156,"basaliob":-0.187,"bolussnooze":0,"activity":-0.0013,"lastBolusTime":1702892913137,"time":"2023-12-18T12:08:23.710Z"}},{"iob":0.032,"basaliob":0.004,"bolussnooze":0,"activity":7.0E-4,"lastBolusTime":1702892913137,"time":"2023-12-18T12:13:23.710Z","iobWithZeroTemp":{"iob":-0.162,"basaliob":-0.19,"bolussnooze":0,"activity":-0.0014,"lastBolusTime":1702892913137,"time":"2023-12-18T12:13:23.710Z"}},{"iob":0.029,"basaliob":0.004,"bolussnooze":0,"activity":7.0E-4,"lastBolusTime":1702892913137,"time":"2023-12-18T12:18:23.710Z","iobWithZeroTemp":{"iob":-0.166,"basaliob":-0.191,"bolussnooze":0,"activity":-0.0015,"lastBolusTime":1702892913137,"time":"2023-12-18T12:18:23.710Z"}},{"iob":0.027,"basaliob":0.004,"bolussnooze":0,"activity":6.0E-4,"lastBolusTime":1702892913137,"time":"2023-12-18T12:23:23.710Z","iobWithZeroTemp":{"iob":-0.17,"basaliob":-0.193,"bolussnooze":0,"activity":-0.0016,"lastBolusTime":1702892913137,"time":"2023-12-18T12:23:23.710Z"}},{"iob":0.023,"basaliob":0.003,"bolussnooze":0,"activity":5.0E-4,"lastBolusTime":1702892913137,"time":"2023-12-18T12:28:23.710Z","iobWithZeroTemp":{"iob":-0.176,"basaliob":-0.196,"bolussnooze":0,"activity":-0.0017,"lastBolusTime":1702892913137,"time":"2023-12-18T12:28:23.710Z"}},{"iob":0.021,"basaliob":0.003,"bolussnooze":0,"activity":5.0E-4,"lastBolusTime":1702892913137,"time":"2023-12-18T12:33:23.710Z","iobWithZeroTemp":{"iob":-0.179,"basaliob":-0.197,"bolussnooze":0,"activity":-0.0017,"lastBolusTime":1702892913137,"time":"2023-12-18T12:33:23.710Z"}},{"iob":0.019,"basaliob":0.003,"bolussnooze":0,"activity":5.0E-4,"lastBolusTime":1702892913137,"time":"2023-12-18T12:38:23.710Z","iobWithZeroTemp":{"iob":-0.182,"basaliob":-0.198,"bolussnooze":0,"activity":-0.0018,"lastBolusTime":1702892913137,"time":"2023-12-18T12:38:23.710Z"}},{"iob":0.017,"basaliob":0.003,"bolussnooze":0,"activity":3.0E-4,"lastBolusTime":1702892913137,"time":"2023-12-18T12:43:23.710Z","iobWithZeroTemp":{"iob":-0.185,"basaliob":-0.199,"bolussnooze":0,"activity":-0.002,"lastBolusTime":1702892913137,"time":"2023-12-18T12:43:23.710Z"}},{"iob":0.015,"basaliob":0.002,"bolussnooze":0,"activity":3.0E-4,"lastBolusTime":1702892913137,"time":"2023-12-18T12:48:23.710Z","iobWithZeroTemp":{"iob":-0.188,"basaliob":-0.201,"bolussnooze":0,"activity":-0.002,"lastBolusTime":1702892913137,"time":"2023-12-18T12:48:23.710Z"}},{"iob":0.013,"basaliob":0.002,"bolussnooze":0,"activity":3.0E-4,"lastBolusTime":1702892913137,"time":"2023-12-18T12:53:23.710Z","iobWithZeroTemp":{"iob":-0.191,"basaliob":-0.202,"bolussnooze":0,"activity":-0.002,"lastBolusTime":1702892913137,"time":"2023-12-18T12:53:23.710Z"}},{"iob":0.012,"basaliob":0.002,"bolussnooze":0,"activity":2.0E-4,"lastBolusTime":1702892913137,"time":"2023-12-18T12:58:23.710Z","iobWithZeroTemp":{"iob":-0.193,"basaliob":-0.203,"bolussnooze":0,"activity":-0.0022,"lastBolusTime":1702892913137,"time":"2023-12-18T12:58:23.710Z"}},{"iob":0.011,"basaliob":0.002,"bolussnooze":0,"activity":2.0E-4,"lastBolusTime":1702892913137,"time":"2023-12-18T13:03:23.710Z","iobWithZeroTemp":{"iob":-0.195,"basaliob":-0.204,"bolussnooze":0,"activity":-0.0022,"lastBolusTime":1702892913137,"time":"2023-12-18T13:03:23.710Z"}},{"iob":0.01,"basaliob":0.002,"bolussnooze":0,"activity":2.0E-4,"lastBolusTime":1702892913137,"time":"2023-12-18T13:08:23.710Z","iobWithZeroTemp":{"iob":-0.196,"basaliob":-0.204,"bolussnooze":0,"activity":-0.0022,"lastBolusTime":1702892913137,"time":"2023-12-18T13:08:23.710Z"}},{"iob":0.008,"basaliob":0.001,"bolussnooze":0,"activity":2.0E-4,"lastBolusTime":1702892913137,"time":"2023-12-18T13:13:23.710Z","iobWithZeroTemp":{"iob":-0.199,"basaliob":-0.206,"bolussnooze":0,"activity":-0.0022,"lastBolusTime":1702892913137,"time":"2023-12-18T13:13:23.710Z"}},{"iob":0.007,"basaliob":0.001,"bolussnooze":0,"activity":2.0E-4,"lastBolusTime":1702892913137,"time":"2023-12-18T13:18:23.710Z","iobWithZeroTemp":{"iob":-0.2,"basaliob":-0.206,"bolussnooze":0,"activity":-0.0022,"lastBolusTime":1702892913137,"time":"2023-12-18T13:18:23.710Z"}},{"iob":0.006,"basaliob":0.001,"bolussnooze":0,"activity":1.0E-4,"lastBolusTime":1702892913137,"time":"2023-12-18T13:23:23.710Z","iobWithZeroTemp":{"iob":-0.202,"basaliob":-0.207,"bolussnooze":0,"activity":-0.0023,"lastBolusTime":1702892913137,"time":"2023-12-18T13:23:23.710Z"}},{"iob":0.006,"basaliob":0.001,"bolussnooze":0,"activity":1.0E-4,"lastBolusTime":1702892913137,"time":"2023-12-18T13:28:23.710Z","iobWithZeroTemp":{"iob":-0.202,"basaliob":-0.207,"bolussnooze":0,"activity":-0.0023,"lastBolusTime":1702892913137,"time":"2023-12-18T13:28:23.710Z"}},{"iob":0.005,"basaliob":0.001,"bolussnooze":0,"activity":1.0E-4,"lastBolusTime":1702892913137,"time":"2023-12-18T13:33:23.710Z","iobWithZeroTemp":{"iob":-0.203,"basaliob":-0.207,"bolussnooze":0,"activity":-0.0023,"lastBolusTime":1702892913137,"time":"2023-12-18T13:33:23.710Z"}},{"iob":0.005,"basaliob":0.001,"bolussnooze":0,"activity":1.0E-4,"lastBolusTime":1702892913137,"time":"2023-12-18T13:38:23.710Z","iobWithZeroTemp":{"iob":-0.204,"basaliob":-0.208,"bolussnooze":0,"activity":-0.0023,"lastBolusTime":1702892913137,"time":"2023-12-18T13:38:23.710Z"}},{"iob":0.004,"basaliob":0.001,"bolussnooze":0,"activity":1.0E-4,"lastBolusTime":1702892913137,"time":"2023-12-18T13:43:23.710Z","iobWithZeroTemp":{"iob":-0.205,"basaliob":-0.208,"bolussnooze":0,"activity":-0.0024,"lastBolusTime":1702892913137,"time":"2023-12-18T13:43:23.710Z"}},{"iob":0.004,"basaliob":0.001,"bolussnooze":0,"activity":1.0E-4,"lastBolusTime":1702892913137,"time":"2023-12-18T13:48:23.710Z","iobWithZeroTemp":{"iob":-0.205,"basaliob":-0.208,"bolussnooze":0,"activity":-0.0024,"lastBolusTime":1702892913137,"time":"2023-12-18T13:48:23.710Z"}}],"profile":{"max_iob":10,"type":"current","max_daily_basal":0.25,"max_basal":1,"min_bg":90,"max_bg":90,"target_bg":90,"carb_ratio":12.6,"sens":84,"max_daily_safety_multiplier":5,"current_basal_safety_multiplier":5,"lgsThreshold":95,"high_temptarget_raises_sensitivity":false,"low_temptarget_lowers_sensitivity":false,"sensitivity_raises_target":true,"resistance_lowers_target":true,"adv_target_adjustments":false,"exercise_mode":false,"half_basal_exercise_target":160,"maxCOB":120,"skip_neutral_temps":false,"remainingCarbsCap":90,"enableUAM":true,"A52_risk_enable":false,"SMBInterval":5,"enableSMB_with_COB":true,"enableSMB_with_temptarget":false,"allowSMB_with_high_temptarget":false,"enableSMB_always":false,"enableSMB_after_carbs":true,"maxSMBBasalMinutes":120,"maxUAMSMBBasalMinutes":120,"bolus_increment":0.05,"carbsReqThreshold":1,"current_basal":0.20000000298023224,"temptargetSet":false,"autosens_max":1.2,"autosens_min":0.7,"variable_sens":88.2,"insulinDivisor":75,"TDD":22.32814655109285},"autosens_data":{"ratio":1},"meal_data":{"carbs":33,"mealCOB":0,"slopeFromMaxDeviation":0,"slopeFromMinDeviation":0.17654545454545453,"lastBolusTime":1702892913137,"lastCarbTime":1702882100580},"microBolusAllowed":true,"currentTime":1702893204766,"flatBGsDetected":false,"tdd1D":22.354166475186748,"tdd7D":26.782783919711285,"tddLast24H":21.770833163460093,"tddLast4H":3.6583333921929198,"tddLast8to4H":1.304166666666667},"output":{"temp":"absolute","bg":112,"tick":"+1","eventualBG":120,"targetBG":90,"insulinReq":0.17,"deliverAt":"2023-12-18T09:53:24.766Z","sensitivityRatio":1,"variable_sens":88.2,"predBGs":{"IOB":[112,112,113,113,113,112,112,111,111,110,109,108,106,105,104,103,102,101,100,99,99,98,97,97,96,96,95,95,95,94,94,94,93,93,93,93,92],"ZT":[112,110,109,107,106,104,103,101,100,99,98,96,96,95,94,94,93,93,93,93,93,93,93,93,94,94,95,95,96,97,97],"UAM":[112,113,113,114,114,114,115,115,115,115,116,116,116,116,117,117,117,118,118,118,119,119,119,120,120,120,120,120,121,121,121,121,121,121,121,121,121,120]},"reason":"COB: 0, Dev: 13, BGI: -2, ISF: 88, CR: 12.6, Target: 90, minPredBG 105, minGuardBG 113, IOBpredBG 92, UAMpredBG 120; Eventual BG 120 >= 90,  insulinReq 0.17; setting 30m low temp of 0.08U\/h. Waiting 0m 6s to microbolus again. ","COB":0,"IOB":0.351,"rate":0.08,"duration":30,"timestamp":"2023-12-18T09:53:24.779Z"}}