{"algorithm":"OpenAPSSMBDynamicISFPlugin","input":{"glucoseStatus":{"glucose":128,"noise":0,"delta":-2,"short_avgdelta":-2,"long_avgdelta":-2.09,"date":1703035677000},"currenttemp":{"temp":"absolute","duration":20,"rate":0.45,"minutesrunning":10},"iob_data":[{"iob":0.327,"basaliob":0.046,"bolussnooze":0,"activity":0.0056,"lastBolusTime":1703032414978,"time":"2023-12-20T01:28:26.217Z","iobWithZeroTemp":{"iob":0.327,"basaliob":0.046,"bolussnooze":0,"activity":0.0056,"lastBolusTime":1703032414978,"time":"2023-12-20T01:28:26.217Z"}},{"iob":0.3,"basaliob":0.044,"bolussnooze":0,"activity":0.0052,"lastBolusTime":1703032414978,"time":"2023-12-20T01:33:26.217Z","iobWithZeroTemp":{"iob":0.287,"basaliob":0.031,"bolussnooze":0,"activity":0.0052,"lastBolusTime":1703032414978,"time":"2023-12-20T01:33:26.217Z"}},{"iob":0.275,"basaliob":0.043,"bolussnooze":0,"activity":0.0049,"lastBolusTime":1703032414978,"time":"2023-12-20T01:38:26.217Z","iobWithZeroTemp":{"iob":0.245,"basaliob":0.013,"bolussnooze":0,"activity":0.0048,"lastBolusTime":1703032414978,"time":"2023-12-20T01:38:26.217Z"}},{"iob":0.252,"basaliob":0.041,"bolussnooze":0,"activity":0.0046,"lastBolusTime":1703032414978,"time":"2023-12-20T01:43:26.217Z","iobWithZeroTemp":{"iob":0.206,"basaliob":-0.005,"bolussnooze":0,"activity":0.0045,"lastBolusTime":1703032414978,"time":"2023-12-20T01:43:26.217Z"}},{"iob":0.23,"basaliob":0.039,"bolussnooze":0,"activity":0.0042,"lastBolusTime":1703032414978,"time":"2023-12-20T01:48:26.217Z","iobWithZeroTemp":{"iob":0.168,"basaliob":-0.023,"bolussnooze":0,"activity":0.004,"lastBolusTime":1703032414978,"time":"2023-12-20T01:48:26.217Z"}},{"iob":0.209,"basaliob":0.037,"bolussnooze":0,"activity":0.0039,"lastBolusTime":1703032414978,"time":"2023-12-20T01:53:26.217Z","iobWithZeroTemp":{"iob":0.132,"basaliob":-0.04,"bolussnooze":0,"activity":0.0036,"lastBolusTime":1703032414978,"time":"2023-12-20T01:53:26.217Z"}},{"iob":0.189,"basaliob":0.034,"bolussnooze":0,"activity":0.0036,"lastBolusTime":1703032414978,"time":"2023-12-20T01:58:26.217Z","iobWithZeroTemp":{"iob":0.097,"basaliob":-0.058,"bolussnooze":0,"activity":0.0031,"lastBolusTime":1703032414978,"time":"2023-12-20T01:58:26.217Z"}},{"iob":0.172,"basaliob":0.032,"bolussnooze":0,"activity":0.0033,"lastBolusTime":1703032414978,"time":"2023-12-20T02:03:26.217Z","iobWithZeroTemp":{"iob":0.066,"basaliob":-0.074,"bolussnooze":0,"activity":0.0027,"lastBolusTime":1703032414978,"time":"2023-12-20T02:03:26.217Z"}},{"iob":0.156,"basaliob":0.03,"bolussnooze":0,"activity":0.0031,"lastBolusTime":1703032414978,"time":"2023-12-20T02:08:26.217Z","iobWithZeroTemp":{"iob":0.037,"basaliob":-0.089,"bolussnooze":0,"activity":0.0024,"lastBolusTime":1703032414978,"time":"2023-12-20T02:08:26.217Z"}},{"iob":0.141,"basaliob":0.028,"bolussnooze":0,"activity":0.0028,"lastBolusTime":1703032414978,"time":"2023-12-20T02:13:26.217Z","iobWithZeroTemp":{"iob":0.01,"basaliob":-0.103,"bolussnooze":0,"activity":0.0019,"lastBolusTime":1703032414978,"time":"2023-12-20T02:13:26.217Z"}},{"iob":0.128,"basaliob":0.026,"bolussnooze":0,"activity":0.0026,"lastBolusTime":1703032414978,"time":"2023-12-20T02:18:26.217Z","iobWithZeroTemp":{"iob":-0.015,"basaliob":-0.117,"bolussnooze":0,"activity":0.0016,"lastBolusTime":1703032414978,"time":"2023-12-20T02:18:26.217Z"}},{"iob":0.115,"basaliob":0.024,"bolussnooze":0,"activity":0.0024,"lastBolusTime":1703032414978,"time":"2023-12-20T02:23:26.217Z","iobWithZeroTemp":{"iob":-0.039,"basaliob":-0.13,"bolussnooze":0,"activity":0.0012,"lastBolusTime":1703032414978,"time":"2023-12-20T02:23:26.217Z"}},{"iob":0.104,"basaliob":0.023,"bolussnooze":0,"activity":0.0022,"lastBolusTime":1703032414978,"time":"2023-12-20T02:28:26.217Z","iobWithZeroTemp":{"iob":-0.061,"basaliob":-0.142,"bolussnooze":0,"activity":9.0E-4,"lastBolusTime":1703032414978,"time":"2023-12-20T02:28:26.217Z"}},{"iob":0.094,"basaliob":0.021,"bolussnooze":0,"activity":0.002,"lastBolusTime":1703032414978,"time":"2023-12-20T02:33:26.217Z","iobWithZeroTemp":{"iob":-0.081,"basaliob":-0.154,"bolussnooze":0,"activity":6.0E-4,"lastBolusTime":1703032414978,"time":"2023-12-20T02:33:26.217Z"}},{"iob":0.084,"basaliob":0.019,"bolussnooze":0,"activity":0.0018,"lastBolusTime":1703032414978,"time":"2023-12-20T02:38:26.217Z","iobWithZeroTemp":{"iob":-0.1,"basaliob":-0.165,"bolussnooze":0,"activity":2.0E-4,"lastBolusTime":1703032414978,"time":"2023-12-20T02:38:26.217Z"}},{"iob":0.076,"basaliob":0.018,"bolussnooze":0,"activity":0.0017,"lastBolusTime":1703032414978,"time":"2023-12-20T02:43:26.217Z","iobWithZeroTemp":{"iob":-0.116,"basaliob":-0.174,"bolussnooze":0,"activity":0,"lastBolusTime":1703032414978,"time":"2023-12-20T02:43:26.217Z"}},{"iob":0.067,"basaliob":0.016,"bolussnooze":0,"activity":0.0015,"lastBolusTime":1703032414978,"time":"2023-12-20T02:48:26.217Z","iobWithZeroTemp":{"iob":-0.133,"basaliob":-0.184,"bolussnooze":0,"activity":-3.0E-4,"lastBolusTime":1703032414978,"time":"2023-12-20T02:48:26.217Z"}},{"iob":0.06,"basaliob":0.015,"bolussnooze":0,"activity":0.0014,"lastBolusTime":1703032414978,"time":"2023-12-20T02:53:26.217Z","iobWithZeroTemp":{"iob":-0.147,"basaliob":-0.192,"bolussnooze":0,"activity":-5.0E-4,"lastBolusTime":1703032414978,"time":"2023-12-20T02:53:26.217Z"}},{"iob":0.054,"basaliob":0.014,"bolussnooze":0,"activity":0.0012,"lastBolusTime":1703032414978,"time":"2023-12-20T02:58:26.217Z","iobWithZeroTemp":{"iob":-0.16,"basaliob":-0.2,"bolussnooze":0,"activity":-8.0E-4,"lastBolusTime":1703032414978,"time":"2023-12-20T02:58:26.217Z"}},{"iob":0.048,"basaliob":0.013,"bolussnooze":0,"activity":0.0011,"lastBolusTime":1703032414978,"time":"2023-12-20T03:03:26.217Z","iobWithZeroTemp":{"iob":-0.168,"basaliob":-0.203,"bolussnooze":0,"activity":-0.001,"lastBolusTime":1703032414978,"time":"2023-12-20T03:03:26.217Z"}},{"iob":0.042,"basaliob":0.011,"bolussnooze":0,"activity":0.001,"lastBolusTime":1703032414978,"time":"2023-12-20T03:08:26.217Z","iobWithZeroTemp":{"iob":-0.176,"basaliob":-0.207,"bolussnooze":0,"activity":-0.0012,"lastBolusTime":1703032414978,"time":"2023-12-20T03:08:26.217Z"}},{"iob":0.037,"basaliob":0.01,"bolussnooze":0,"activity":9.0E-4,"lastBolusTime":1703032414978,"time":"2023-12-20T03:13:26.217Z","iobWithZeroTemp":{"iob":-0.182,"basaliob":-0.209,"bolussnooze":0,"activity":-0.0014,"lastBolusTime":1703032414978,"time":"2023-12-20T03:13:26.217Z"}},{"iob":0.033,"basaliob":0.009,"bolussnooze":0,"activity":8.0E-4,"lastBolusTime":1703032414978,"time":"2023-12-20T03:18:26.217Z","iobWithZeroTemp":{"iob":-0.187,"basaliob":-0.211,"bolussnooze":0,"activity":-0.0016,"lastBolusTime":1703032414978,"time":"2023-12-20T03:18:26.217Z"}},{"iob":0.03,"basaliob":0.009,"bolussnooze":0,"activity":8.0E-4,"lastBolusTime":1703032414978,"time":"2023-12-20T03:23:26.217Z","iobWithZeroTemp":{"iob":-0.191,"basaliob":-0.212,"bolussnooze":0,"activity":-0.0016,"lastBolusTime":1703032414978,"time":"2023-12-20T03:23:26.217Z"}},{"iob":0.026,"basaliob":0.008,"bolussnooze":0,"activity":7.0E-4,"lastBolusTime":1703032414978,"time":"2023-12-20T03:28:26.217Z","iobWithZeroTemp":{"iob":-0.195,"basaliob":-0.213,"bolussnooze":0,"activity":-0.0017,"lastBolusTime":1703032414978,"time":"2023-12-20T03:28:26.217Z"}},{"iob":0.023,"basaliob":0.007,"bolussnooze":0,"activity":6.0E-4,"lastBolusTime":1703032414978,"time":"2023-12-20T03:33:26.217Z","iobWithZeroTemp":{"iob":-0.198,"basaliob":-0.214,"bolussnooze":0,"activity":-0.0019,"lastBolusTime":1703032414978,"time":"2023-12-20T03:33:26.217Z"}},{"iob":0.02,"basaliob":0.006,"bolussnooze":0,"activity":5.0E-4,"lastBolusTime":1703032414978,"time":"2023-12-20T03:38:26.217Z","iobWithZeroTemp":{"iob":-0.201,"basaliob":-0.215,"bolussnooze":0,"activity":-0.002,"lastBolusTime":1703032414978,"time":"2023-12-20T03:38:26.217Z"}},{"iob":0.018,"basaliob":0.006,"bolussnooze":0,"activity":5.0E-4,"lastBolusTime":1703032414978,"time":"2023-12-20T03:43:26.217Z","iobWithZeroTemp":{"iob":-0.203,"basaliob":-0.215,"bolussnooze":0,"activity":-0.002,"lastBolusTime":1703032414978,"time":"2023-12-20T03:43:26.217Z"}},{"iob":0.015,"basaliob":0.005,"bolussnooze":0,"activity":4.0E-4,"lastBolusTime":1703032414978,"time":"2023-12-20T03:48:26.217Z","iobWithZeroTemp":{"iob":-0.206,"basaliob":-0.216,"bolussnooze":0,"activity":-0.0021,"lastBolusTime":1703032414978,"time":"2023-12-20T03:48:26.217Z"}},{"iob":0.014,"basaliob":0.005,"bolussnooze":0,"activity":4.0E-4,"lastBolusTime":1703032414978,"time":"2023-12-20T03:53:26.217Z","iobWithZeroTemp":{"iob":-0.207,"basaliob":-0.216,"bolussnooze":0,"activity":-0.0022,"lastBolusTime":1703032414978,"time":"2023-12-20T03:53:26.217Z"}},{"iob":0.011,"basaliob":0.004,"bolussnooze":0,"activity":3.0E-4,"lastBolusTime":1703032414978,"time":"2023-12-20T03:58:26.217Z","iobWithZeroTemp":{"iob":-0.21,"basaliob":-0.217,"bolussnooze":0,"activity":-0.0023,"lastBolusTime":1703032414978,"time":"2023-12-20T03:58:26.217Z"}},{"iob":0.01,"basaliob":0.004,"bolussnooze":0,"activity":3.0E-4,"lastBolusTime":1703032414978,"time":"2023-12-20T04:03:26.217Z","iobWithZeroTemp":{"iob":-0.218,"basaliob":-0.224,"bolussnooze":0,"activity":-0.0023,"lastBolusTime":1703032414978,"time":"2023-12-20T04:03:26.217Z"}},{"iob":0.008,"basaliob":0.003,"bolussnooze":0,"activity":3.0E-4,"lastBolusTime":1703032414978,"time":"2023-12-20T04:08:26.217Z","iobWithZeroTemp":{"iob":-0.228,"basaliob":-0.233,"bolussnooze":0,"activity":-0.0023,"lastBolusTime":1703032414978,"time":"2023-12-20T04:08:26.217Z"}},{"iob":0.008,"basaliob":0.003,"bolussnooze":0,"activity":3.0E-4,"lastBolusTime":1703032414978,"time":"2023-12-20T04:13:26.217Z","iobWithZeroTemp":{"iob":-0.236,"basaliob":-0.241,"bolussnooze":0,"activity":-0.0024,"lastBolusTime":1703032414978,"time":"2023-12-20T04:13:26.217Z"}},{"iob":0.007,"basaliob":0.003,"bolussnooze":0,"activity":2.0E-4,"lastBolusTime":1703032414978,"time":"2023-12-20T04:18:26.217Z","iobWithZeroTemp":{"iob":-0.244,"basaliob":-0.248,"bolussnooze":0,"activity":-0.0025,"lastBolusTime":1703032414978,"time":"2023-12-20T04:18:26.217Z"}},{"iob":0.005,"basaliob":0.002,"bolussnooze":0,"activity":2.0E-4,"lastBolusTime":1703032414978,"time":"2023-12-20T04:23:26.217Z","iobWithZeroTemp":{"iob":-0.253,"basaliob":-0.256,"bolussnooze":0,"activity":-0.0026,"lastBolusTime":1703032414978,"time":"2023-12-20T04:23:26.217Z"}},{"iob":0.005,"basaliob":0.002,"bolussnooze":0,"activity":1.0E-4,"lastBolusTime":1703032414978,"time":"2023-12-20T04:28:26.217Z","iobWithZeroTemp":{"iob":-0.26,"basaliob":-0.263,"bolussnooze":0,"activity":-0.0027,"lastBolusTime":1703032414978,"time":"2023-12-20T04:28:26.217Z"}},{"iob":0.004,"basaliob":0.002,"bolussnooze":0,"activity":1.0E-4,"lastBolusTime":1703032414978,"time":"2023-12-20T04:33:26.217Z","iobWithZeroTemp":{"iob":-0.267,"basaliob":-0.269,"bolussnooze":0,"activity":-0.0028,"lastBolusTime":1703032414978,"time":"2023-12-20T04:33:26.217Z"}},{"iob":0.004,"basaliob":0.002,"bolussnooze":0,"activity":1.0E-4,"lastBolusTime":1703032414978,"time":"2023-12-20T04:38:26.217Z","iobWithZeroTemp":{"iob":-0.273,"basaliob":-0.275,"bolussnooze":0,"activity":-0.0029,"lastBolusTime":1703032414978,"time":"2023-12-20T04:38:26.217Z"}},{"iob":0.004,"basaliob":0.002,"bolussnooze":0,"activity":1.0E-4,"lastBolusTime":1703032414978,"time":"2023-12-20T04:43:26.217Z","iobWithZeroTemp":{"iob":-0.279,"basaliob":-0.281,"bolussnooze":0,"activity":-0.0029,"lastBolusTime":1703032414978,"time":"2023-12-20T04:43:26.217Z"}},{"iob":0.002,"basaliob":0.001,"bolussnooze":0,"activity":0,"lastBolusTime":1703032414978,"time":"2023-12-20T04:48:26.217Z","iobWithZeroTemp":{"iob":-0.287,"basaliob":-0.288,"bolussnooze":0,"activity":-0.0031,"lastBolusTime":1703032414978,"time":"2023-12-20T04:48:26.217Z"}},{"iob":0.002,"basaliob":0.001,"bolussnooze":0,"activity":0,"lastBolusTime":1703032414978,"time":"2023-12-20T04:53:26.217Z","iobWithZeroTemp":{"iob":-0.292,"basaliob":-0.293,"bolussnooze":0,"activity":-0.0032,"lastBolusTime":1703032414978,"time":"2023-12-20T04:53:26.217Z"}},{"iob":0.002,"basaliob":0.001,"bolussnooze":0,"activity":0,"lastBolusTime":1703032414978,"time":"2023-12-20T04:58:26.217Z","iobWithZeroTemp":{"iob":-0.297,"basaliob":-0.298,"bolussnooze":0,"activity":-0.0032,"lastBolusTime":1703032414978,"time":"2023-12-20T04:58:26.217Z"}},{"iob":0.002,"basaliob":0.001,"bolussnooze":0,"activity":0,"lastBolusTime":1703032414978,"time":"2023-12-20T05:03:26.217Z","iobWithZeroTemp":{"iob":-0.297,"basaliob":-0.298,"bolussnooze":0,"activity":-0.0033,"lastBolusTime":1703032414978,"time":"2023-12-20T05:03:26.217Z"}},{"iob":0.002,"basaliob":0.001,"bolussnooze":0,"activity":0,"lastBolusTime":1703032414978,"time":"2023-12-20T05:08:26.217Z","iobWithZeroTemp":{"iob":-0.297,"basaliob":-0.298,"bolussnooze":0,"activity":-0.0034,"lastBolusTime":1703032414978,"time":"2023-12-20T05:08:26.217Z"}},{"iob":0.001,"basaliob":0.001,"bolussnooze":0,"activity":0,"lastBolusTime":1703032414978,"time":"2023-12-20T05:13:26.217Z","iobWithZeroTemp":{"iob":-0.298,"basaliob":-0.298,"bolussnooze":0,"activity":-0.0034,"lastBolusTime":1703032414978,"time":"2023-12-20T05:13:26.217Z"}},{"iob":0.001,"basaliob":0.001,"bolussnooze":0,"activity":0,"lastBolusTime":1703032414978,"time":"2023-12-20T05:18:26.217Z","iobWithZeroTemp":{"iob":-0.297,"basaliob":-0.297,"bolussnooze":0,"activity":-0.0034,"lastBolusTime":1703032414978,"time":"2023-12-20T05:18:26.217Z"}},{"iob":0.001,"basaliob":0.001,"bolussnooze":0,"activity":0,"lastBolusTime":1703032414978,"time":"2023-12-20T05:23:26.217Z","iobWithZeroTemp":{"iob":-0.297,"basaliob":-0.297,"bolussnooze":0,"activity":-0.0034,"lastBolusTime":1703032414978,"time":"2023-12-20T05:23:26.217Z"}}],"profile":{"max_iob":10,"type":"current","max_daily_basal":0.25,"max_basal":1,"min_bg":90,"max_bg":90,"target_bg":90,"carb_ratio":15.6,"sens":84,"max_daily_safety_multiplier":5,"current_basal_safety_multiplier":5,"lgsThreshold":95,"high_temptarget_raises_sensitivity":false,"low_temptarget_lowers_sensitivity":false,"sensitivity_raises_target":true,"resistance_lowers_target":true,"adv_target_adjustments":false,"exercise_mode":false,"half_basal_exercise_target":160,"maxCOB":120,"skip_neutral_temps":false,"remainingCarbsCap":90,"enableUAM":true,"A52_risk_enable":false,"SMBInterval":5,"enableSMB_with_COB":true,"enableSMB_with_temptarget":false,"allowSMB_with_high_temptarget":false,"enableSMB_always":false,"enableSMB_after_carbs":true,"maxSMBBasalMinutes":120,"maxUAMSMBBasalMinutes":120,"bolus_increment":0.05,"carbsReqThreshold":1,"current_basal":0.20000000298023224,"temptargetSet":false,"autosens_max":1.2,"autosens_min":0.7,"variable_sens":94.6,"insulinDivisor":75,"TDD":19.101234647665642},"autosens_data":{"ratio":1},"meal_data":{"carbs":0,"mealCOB":0,"slopeFromMaxDeviation":-0.263,"slopeFromMinDeviation":0,"lastBolusTime":1703032414978,"lastCarbTime":0},"microBolusAllowed":true,"currentTime":1703035707286,"flatBGsDetected":false,"tdd1D":18.86250000521541,"tdd7D":20.877380982715465,"tddLast24H":19.0666666696469,"tddLast4H":2.7208333750565847,"tddLast8to4H":3.37916675756375},"output":{"temp":"absolute","bg":128,"tick":-2,"eventualBG":101,"targetBG":90,"insulinReq":0,"deliverAt":"2023-12-20T01:28:27.286Z","sensitivityRatio":1,"variable_sens":94.6,"predBGs":{"IOB":[128,126,124,122,120,118,117,115,114,112,111,110,108,107,106,105,104,104,103,102,102,101,100,100,100,99,99,99,98,98,98,98,98,97],"ZT":[128,125,123,121,118,116,115,113,112,110,109,108,108,107,107,107,107,107,107,108,108,109,110,111,111],"UAM":[128,126,123,121,119,117,115,113,111,109,108,107,105,104,103,102,101,100,100,99,98,98,97,97,96,96,96,95,95,95,95,94,94,94,94,94,94,94,93]},"reason":"COB: 0, Dev: 4, BGI: -3, ISF: 95, CR: 15.6, Target: 90, minPredBG 100, minGuardBG 93, IOBpredBG 97, UAMpredBG 93; minGuardBG 93<95","COB":0,"IOB":0.327,"duration":30,"rate":0,"timestamp":"2023-12-20T01:28:27.297Z"}}