{"algorithm":"OpenAPSSMBDynamicISFPlugin","input":{"glucoseStatus":{"glucose":125,"noise":0,"delta":1,"short_avgdelta":0.11,"long_avgdelta":-0.3,"date":1702873071000},"currenttemp":{"temp":"absolute","duration":15,"rate":0,"minutesrunning":15},"iob_data":[{"iob":0.252,"basaliob":0.252,"bolussnooze":0,"activity":0.0035,"lastBolusTime":1702853609765,"time":"2023-12-18T04:18:21.678Z","iobWithZeroTemp":{"iob":0.252,"basaliob":0.252,"bolussnooze":0,"activity":0.0035,"lastBolusTime":1702853609765,"time":"2023-12-18T04:18:21.678Z"}},{"iob":0.235,"basaliob":0.235,"bolussnooze":0,"activity":0.0033,"lastBolusTime":1702853609765,"time":"2023-12-18T04:23:21.678Z","iobWithZeroTemp":{"iob":0.218,"basaliob":0.218,"bolussnooze":0,"activity":0.0033,"lastBolusTime":1702853609765,"time":"2023-12-18T04:23:21.678Z"}},{"iob":0.219,"basaliob":0.219,"bolussnooze":0,"activity":0.0032,"lastBolusTime":1702853609765,"time":"2023-12-18T04:28:21.678Z","iobWithZeroTemp":{"iob":0.182,"basaliob":0.182,"bolussnooze":0,"activity":0.0031,"lastBolusTime":1702853609765,"time":"2023-12-18T04:28:21.678Z"}},{"iob":0.203,"basaliob":0.203,"bolussnooze":0,"activity":0.0031,"lastBolusTime":1702853609765,"time":"2023-12-18T04:33:21.678Z","iobWithZeroTemp":{"iob":0.145,"basaliob":0.145,"bolussnooze":0,"activity":0.0029,"lastBolusTime":1702853609765,"time":"2023-12-18T04:33:21.678Z"}},{"iob":0.188,"basaliob":0.188,"bolussnooze":0,"activity":0.0029,"lastBolusTime":1702853609765,"time":"2023-12-18T04:38:21.678Z","iobWithZeroTemp":{"iob":0.111,"basaliob":0.111,"bolussnooze":0,"activity":0.0026,"lastBolusTime":1702853609765,"time":"2023-12-18T04:38:21.678Z"}},{"iob":0.174,"basaliob":0.174,"bolussnooze":0,"activity":0.0028,"lastBolusTime":1702853609765,"time":"2023-12-18T04:43:21.678Z","iobWithZeroTemp":{"iob":0.078,"basaliob":0.078,"bolussnooze":0,"activity":0.0024,"lastBolusTime":1702853609765,"time":"2023-12-18T04:43:21.678Z"}},{"iob":0.16,"basaliob":0.16,"bolussnooze":0,"activity":0.0026,"lastBolusTime":1702853609765,"time":"2023-12-18T04:48:21.678Z","iobWithZeroTemp":{"iob":0.046,"basaliob":0.046,"bolussnooze":0,"activity":0.002,"lastBolusTime":1702853609765,"time":"2023-12-18T04:48:21.678Z"}},{"iob":0.147,"basaliob":0.147,"bolussnooze":0,"activity":0.0025,"lastBolusTime":1702853609765,"time":"2023-12-18T04:53:21.678Z","iobWithZeroTemp":{"iob":0.015,"basaliob":0.015,"bolussnooze":0,"activity":0.0017,"lastBolusTime":1702853609765,"time":"2023-12-18T04:53:21.678Z"}},{"iob":0.135,"basaliob":0.135,"bolussnooze":0,"activity":0.0023,"lastBolusTime":0,"time":"2023-12-18T04:58:21.678Z","iobWithZeroTemp":{"iob":-0.014,"basaliob":-0.014,"bolussnooze":0,"activity":0.0014,"lastBolusTime":0,"time":"2023-12-18T04:58:21.678Z"}},{"iob":0.124,"basaliob":0.124,"bolussnooze":0,"activity":0.0022,"lastBolusTime":0,"time":"2023-12-18T05:03:21.678Z","iobWithZeroTemp":{"iob":-0.036,"basaliob":-0.036,"bolussnooze":0,"activity":0.0011,"lastBolusTime":0,"time":"2023-12-18T05:03:21.678Z"}},{"iob":0.114,"basaliob":0.114,"bolussnooze":0,"activity":0.002,"lastBolusTime":0,"time":"2023-12-18T05:08:21.678Z","iobWithZeroTemp":{"iob":-0.057,"basaliob":-0.057,"bolussnooze":0,"activity":7.0E-4,"lastBolusTime":0,"time":"2023-12-18T05:08:21.678Z"}},{"iob":0.104,"basaliob":0.104,"bolussnooze":0,"activity":0.0019,"lastBolusTime":0,"time":"2023-12-18T05:13:21.678Z","iobWithZeroTemp":{"iob":-0.077,"basaliob":-0.077,"bolussnooze":0,"activity":5.0E-4,"lastBolusTime":0,"time":"2023-12-18T05:13:21.678Z"}},{"iob":0.095,"basaliob":0.095,"bolussnooze":0,"activity":0.0018,"lastBolusTime":0,"time":"2023-12-18T05:18:21.678Z","iobWithZeroTemp":{"iob":-0.095,"basaliob":-0.095,"bolussnooze":0,"activity":2.0E-4,"lastBolusTime":0,"time":"2023-12-18T05:18:21.678Z"}},{"iob":0.086,"basaliob":0.086,"bolussnooze":0,"activity":0.0016,"lastBolusTime":0,"time":"2023-12-18T05:23:21.678Z","iobWithZeroTemp":{"iob":-0.113,"basaliob":-0.113,"bolussnooze":0,"activity":-1.0E-4,"lastBolusTime":0,"time":"2023-12-18T05:23:21.678Z"}},{"iob":0.079,"basaliob":0.079,"bolussnooze":0,"activity":0.0015,"lastBolusTime":0,"time":"2023-12-18T05:28:21.678Z","iobWithZeroTemp":{"iob":-0.127,"basaliob":-0.127,"bolussnooze":0,"activity":-3.0E-4,"lastBolusTime":0,"time":"2023-12-18T05:28:21.678Z"}},{"iob":0.071,"basaliob":0.071,"bolussnooze":0,"activity":0.0014,"lastBolusTime":0,"time":"2023-12-18T05:33:21.678Z","iobWithZeroTemp":{"iob":-0.143,"basaliob":-0.143,"bolussnooze":0,"activity":-6.0E-4,"lastBolusTime":0,"time":"2023-12-18T05:33:21.678Z"}},{"iob":0.065,"basaliob":0.065,"bolussnooze":0,"activity":0.0013,"lastBolusTime":0,"time":"2023-12-18T05:38:21.678Z","iobWithZeroTemp":{"iob":-0.155,"basaliob":-0.155,"bolussnooze":0,"activity":-8.0E-4,"lastBolusTime":0,"time":"2023-12-18T05:38:21.678Z"}},{"iob":0.059,"basaliob":0.059,"bolussnooze":0,"activity":0.0012,"lastBolusTime":0,"time":"2023-12-18T05:43:21.678Z","iobWithZeroTemp":{"iob":-0.167,"basaliob":-0.167,"bolussnooze":0,"activity":-0.001,"lastBolusTime":0,"time":"2023-12-18T05:43:21.678Z"}},{"iob":0.053,"basaliob":0.053,"bolussnooze":0,"activity":0.0011,"lastBolusTime":0,"time":"2023-12-18T05:48:21.678Z","iobWithZeroTemp":{"iob":-0.179,"basaliob":-0.179,"bolussnooze":0,"activity":-0.0012,"lastBolusTime":0,"time":"2023-12-18T05:48:21.678Z"}},{"iob":0.048,"basaliob":0.048,"bolussnooze":0,"activity":0.001,"lastBolusTime":0,"time":"2023-12-18T05:53:21.678Z","iobWithZeroTemp":{"iob":-0.189,"basaliob":-0.189,"bolussnooze":0,"activity":-0.0014,"lastBolusTime":0,"time":"2023-12-18T05:53:21.678Z"}},{"iob":0.043,"basaliob":0.043,"bolussnooze":0,"activity":9.0E-4,"lastBolusTime":0,"time":"2023-12-18T05:58:21.678Z","iobWithZeroTemp":{"iob":-0.198,"basaliob":-0.198,"bolussnooze":0,"activity":-0.0016,"lastBolusTime":0,"time":"2023-12-18T05:58:21.678Z"}},{"iob":0.039,"basaliob":0.039,"bolussnooze":0,"activity":8.0E-4,"lastBolusTime":0,"time":"2023-12-18T06:03:21.678Z","iobWithZeroTemp":{"iob":-0.21,"basaliob":-0.21,"bolussnooze":0,"activity":-0.0018,"lastBolusTime":0,"time":"2023-12-18T06:03:21.678Z"}},{"iob":0.035,"basaliob":0.035,"bolussnooze":0,"activity":8.0E-4,"lastBolusTime":0,"time":"2023-12-18T06:08:21.678Z","iobWithZeroTemp":{"iob":-0.222,"basaliob":-0.222,"bolussnooze":0,"activity":-0.0018,"lastBolusTime":0,"time":"2023-12-18T06:08:21.678Z"}},{"iob":0.031,"basaliob":0.031,"bolussnooze":0,"activity":7.0E-4,"lastBolusTime":0,"time":"2023-12-18T06:13:21.678Z","iobWithZeroTemp":{"iob":-0.234,"basaliob":-0.234,"bolussnooze":0,"activity":-0.002,"lastBolusTime":0,"time":"2023-12-18T06:13:21.678Z"}},{"iob":0.028,"basaliob":0.028,"bolussnooze":0,"activity":6.0E-4,"lastBolusTime":0,"time":"2023-12-18T06:18:21.678Z","iobWithZeroTemp":{"iob":-0.244,"basaliob":-0.244,"bolussnooze":0,"activity":-0.0022,"lastBolusTime":0,"time":"2023-12-18T06:18:21.678Z"}},{"iob":0.025,"basaliob":0.025,"bolussnooze":0,"activity":6.0E-4,"lastBolusTime":0,"time":"2023-12-18T06:23:21.678Z","iobWithZeroTemp":{"iob":-0.253,"basaliob":-0.253,"bolussnooze":0,"activity":-0.0023,"lastBolusTime":0,"time":"2023-12-18T06:23:21.678Z"}},{"iob":0.022,"basaliob":0.022,"bolussnooze":0,"activity":5.0E-4,"lastBolusTime":0,"time":"2023-12-18T06:28:21.678Z","iobWithZeroTemp":{"iob":-0.262,"basaliob":-0.262,"bolussnooze":0,"activity":-0.0025,"lastBolusTime":0,"time":"2023-12-18T06:28:21.678Z"}},{"iob":0.02,"basaliob":0.02,"bolussnooze":0,"activity":5.0E-4,"lastBolusTime":0,"time":"2023-12-18T06:33:21.678Z","iobWithZeroTemp":{"iob":-0.27,"basaliob":-0.27,"bolussnooze":0,"activity":-0.0026,"lastBolusTime":0,"time":"2023-12-18T06:33:21.678Z"}},{"iob":0.018,"basaliob":0.018,"bolussnooze":0,"activity":4.0E-4,"lastBolusTime":0,"time":"2023-12-18T06:38:21.678Z","iobWithZeroTemp":{"iob":-0.277,"basaliob":-0.277,"bolussnooze":0,"activity":-0.0027,"lastBolusTime":0,"time":"2023-12-18T06:38:21.678Z"}},{"iob":0.016,"basaliob":0.016,"bolussnooze":0,"activity":4.0E-4,"lastBolusTime":0,"time":"2023-12-18T06:43:21.678Z","iobWithZeroTemp":{"iob":-0.284,"basaliob":-0.284,"bolussnooze":0,"activity":-0.0028,"lastBolusTime":0,"time":"2023-12-18T06:43:21.678Z"}},{"iob":0.014,"basaliob":0.014,"bolussnooze":0,"activity":3.0E-4,"lastBolusTime":0,"time":"2023-12-18T06:48:21.678Z","iobWithZeroTemp":{"iob":-0.291,"basaliob":-0.291,"bolussnooze":0,"activity":-0.003,"lastBolusTime":0,"time":"2023-12-18T06:48:21.678Z"}},{"iob":0.012,"basaliob":0.012,"bolussnooze":0,"activity":3.0E-4,"lastBolusTime":0,"time":"2023-12-18T06:53:21.678Z","iobWithZeroTemp":{"iob":-0.297,"basaliob":-0.297,"bolussnooze":0,"activity":-0.0031,"lastBolusTime":0,"time":"2023-12-18T06:53:21.678Z"}},{"iob":0.011,"basaliob":0.011,"bolussnooze":0,"activity":3.0E-4,"lastBolusTime":0,"time":"2023-12-18T06:58:21.678Z","iobWithZeroTemp":{"iob":-0.302,"basaliob":-0.302,"bolussnooze":0,"activity":-0.0031,"lastBolusTime":0,"time":"2023-12-18T06:58:21.678Z"}},{"iob":0.01,"basaliob":0.01,"bolussnooze":0,"activity":2.0E-4,"lastBolusTime":0,"time":"2023-12-18T07:03:21.678Z","iobWithZeroTemp":{"iob":-0.298,"basaliob":-0.298,"bolussnooze":0,"activity":-0.0033,"lastBolusTime":0,"time":"2023-12-18T07:03:21.678Z"}},{"iob":0.008,"basaliob":0.008,"bolussnooze":0,"activity":2.0E-4,"lastBolusTime":0,"time":"2023-12-18T07:08:21.678Z","iobWithZeroTemp":{"iob":-0.295,"basaliob":-0.295,"bolussnooze":0,"activity":-0.0033,"lastBolusTime":0,"time":"2023-12-18T07:08:21.678Z"}},{"iob":0.007,"basaliob":0.007,"bolussnooze":0,"activity":2.0E-4,"lastBolusTime":0,"time":"2023-12-18T07:13:21.678Z","iobWithZeroTemp":{"iob":-0.291,"basaliob":-0.291,"bolussnooze":0,"activity":-0.0033,"lastBolusTime":0,"time":"2023-12-18T07:13:21.678Z"}},{"iob":0.007,"basaliob":0.007,"bolussnooze":0,"activity":2.0E-4,"lastBolusTime":0,"time":"2023-12-18T07:18:21.678Z","iobWithZeroTemp":{"iob":-0.286,"basaliob":-0.286,"bolussnooze":0,"activity":-0.0033,"lastBolusTime":0,"time":"2023-12-18T07:18:21.678Z"}},{"iob":0.006,"basaliob":0.006,"bolussnooze":0,"activity":2.0E-4,"lastBolusTime":0,"time":"2023-12-18T07:23:21.678Z","iobWithZeroTemp":{"iob":-0.282,"basaliob":-0.282,"bolussnooze":0,"activity":-0.0033,"lastBolusTime":0,"time":"2023-12-18T07:23:21.678Z"}},{"iob":0.005,"basaliob":0.005,"bolussnooze":0,"activity":1.0E-4,"lastBolusTime":0,"time":"2023-12-18T07:28:21.678Z","iobWithZeroTemp":{"iob":-0.278,"basaliob":-0.278,"bolussnooze":0,"activity":-0.0034,"lastBolusTime":0,"time":"2023-12-18T07:28:21.678Z"}},{"iob":0.004,"basaliob":0.004,"bolussnooze":0,"activity":1.0E-4,"lastBolusTime":0,"time":"2023-12-18T07:33:21.678Z","iobWithZeroTemp":{"iob":-0.274,"basaliob":-0.274,"bolussnooze":0,"activity":-0.0034,"lastBolusTime":0,"time":"2023-12-18T07:33:21.678Z"}},{"iob":0.004,"basaliob":0.004,"bolussnooze":0,"activity":1.0E-4,"lastBolusTime":0,"time":"2023-12-18T07:38:21.678Z","iobWithZeroTemp":{"iob":-0.27,"basaliob":-0.27,"bolussnooze":0,"activity":-0.0033,"lastBolusTime":0,"time":"2023-12-18T07:38:21.678Z"}},{"iob":0.003,"basaliob":0.003,"bolussnooze":0,"activity":1.0E-4,"lastBolusTime":0,"time":"2023-12-18T07:43:21.678Z","iobWithZeroTemp":{"iob":-0.266,"basaliob":-0.266,"bolussnooze":0,"activity":-0.0033,"lastBolusTime":0,"time":"2023-12-18T07:43:21.678Z"}},{"iob":0.003,"basaliob":0.003,"bolussnooze":0,"activity":1.0E-4,"lastBolusTime":0,"time":"2023-12-18T07:48:21.678Z","iobWithZeroTemp":{"iob":-0.262,"basaliob":-0.262,"bolussnooze":0,"activity":-0.0032,"lastBolusTime":0,"time":"2023-12-18T07:48:21.678Z"}},{"iob":0.002,"basaliob":0.002,"bolussnooze":0,"activity":1.0E-4,"lastBolusTime":0,"time":"2023-12-18T07:53:21.678Z","iobWithZeroTemp":{"iob":-0.259,"basaliob":-0.259,"bolussnooze":0,"activity":-0.0032,"lastBolusTime":0,"time":"2023-12-18T07:53:21.678Z"}},{"iob":0.002,"basaliob":0.002,"bolussnooze":0,"activity":1.0E-4,"lastBolusTime":0,"time":"2023-12-18T07:58:21.678Z","iobWithZeroTemp":{"iob":-0.255,"basaliob":-0.255,"bolussnooze":0,"activity":-0.0032,"lastBolusTime":0,"time":"2023-12-18T07:58:21.678Z"}},{"iob":0.002,"basaliob":0.002,"bolussnooze":0,"activity":1.0E-4,"lastBolusTime":0,"time":"2023-12-18T08:03:21.678Z","iobWithZeroTemp":{"iob":-0.251,"basaliob":-0.251,"bolussnooze":0,"activity":-0.0031,"lastBolusTime":0,"time":"2023-12-18T08:03:21.678Z"}},{"iob":0.001,"basaliob":0.001,"bolussnooze":0,"activity":1.0E-4,"lastBolusTime":0,"time":"2023-12-18T08:08:21.678Z","iobWithZeroTemp":{"iob":-0.249,"basaliob":-0.249,"bolussnooze":0,"activity":-0.0031,"lastBolusTime":0,"time":"2023-12-18T08:08:21.678Z"}},{"iob":0.001,"basaliob":0.001,"bolussnooze":0,"activity":0,"lastBolusTime":0,"time":"2023-12-18T08:13:21.678Z","iobWithZeroTemp":{"iob":-0.246,"basaliob":-0.246,"bolussnooze":0,"activity":-0.0031,"lastBolusTime":0,"time":"2023-12-18T08:13:21.678Z"}}],"profile":{"max_iob":10,"type":"current","max_daily_basal":0.25,"max_basal":1.25,"min_bg":90,"max_bg":90,"target_bg":90,"carb_ratio":15.6,"sens":84,"max_daily_safety_multiplier":5,"current_basal_safety_multiplier":5,"lgsThreshold":95,"high_temptarget_raises_sensitivity":false,"low_temptarget_lowers_sensitivity":false,"sensitivity_raises_target":true,"resistance_lowers_target":true,"adv_target_adjustments":false,"exercise_mode":false,"half_basal_exercise_target":160,"maxCOB":120,"skip_neutral_temps":false,"remainingCarbsCap":90,"enableUAM":true,"A52_risk_enable":false,"SMBInterval":5,"enableSMB_with_COB":true,"enableSMB_with_temptarget":false,"allowSMB_with_high_temptarget":false,"enableSMB_always":false,"enableSMB_after_carbs":true,"maxSMBBasalMinutes":120,"maxUAMSMBBasalMinutes":120,"bolus_increment":0.05,"carbsReqThreshold":1,"current_basal":0.25,"temptargetSet":false,"autosens_max":1.2,"autosens_min":0.7,"variable_sens":91.9,"insulinDivisor":75,"TDD":19.96122148765861},"autosens_data":{"ratio":1},"meal_data":{"carbs":0,"mealCOB":0,"slopeFromMaxDeviation":-0.6106666666666666,"slopeFromMinDeviation":0.9999999999999999,"lastBolusTime":1702853609765,"lastCarbTime":0},"microBolusAllowed":true,"currentTime":1702873103497,"flatBGsDetected":false,"tdd1D":22.354166475186748,"tdd7D":26.782783919711285,"tddLast24H":22.35416643793384,"tddLast4H":1.479166666666667,"tddLast8to4H":2.4041666972140474},"output":{"temp":"absolute","bg":125,"tick":"+1","eventualBG":112,"targetBG":90,"insulinReq":0.21,"deliverAt":"2023-12-18T04:18:23.497Z","sensitivityRatio":1,"variable_sens":91.9,"predBGs":{"IOB":[125,125,125,125,124,124,124,123,122,122,121,120,119,119,118,117,116,116,115,115,114,114,113,113,113,112,112,112,112,111,111,111,111,111,111,110],"ZT":[125,123,122,120,119,118,117,116,115,114,114,113,113,113,113,113,113,114,114,115,116,116],"UAM":[125,124,123,122,121,119,118,117,115,114,113,112,111,110,110,109,108,107,107,106,106,105,105,105,104,104,104,103,103,103,103,102,102,102,102,102,102,102,102,102,101]},"reason":"COB: 0, Dev: 10, BGI: -2, ISF: 92, CR: 15.6, Target: 90, minPredBG 110, minGuardBG 101, IOBpredBG 110, UAMpredBG 101; Eventual BG 112 >= 90, temp 0.00 < 0.67U\/hr. ","COB":0,"IOB":0.252,"duration":30,"rate":0.6699999999999999,"timestamp":"2023-12-18T04:18:23.524Z"}}