{"algorithm":"OpenAPSSMBDynamicISFPlugin","input":{"glucoseStatus":{"glucose":90,"noise":0,"delta":-5,"short_avgdelta":-4,"long_avgdelta":-1.89,"date":1702881171000},"currenttemp":{"temp":"absolute","duration":115,"rate":0,"minutesrunning":5},"iob_data":[{"iob":2.661,"basaliob":-0.006,"bolussnooze":2.5814,"activity":0.0091,"lastBolusTime":1702880761631,"time":"2023-12-18T06:33:18.204Z","iobWithZeroTemp":{"iob":2.661,"basaliob":-0.006,"bolussnooze":2.5814,"activity":0.0091,"lastBolusTime":1702880761631,"time":"2023-12-18T06:33:18.204Z"}},{"iob":2.605,"basaliob":-0.008,"bolussnooze":2.4069,"activity":0.0134,"lastBolusTime":1702880761631,"time":"2023-12-18T06:38:18.204Z","iobWithZeroTemp":{"iob":2.588,"basaliob":-0.025,"bolussnooze":2.4069,"activity":0.0134,"lastBolusTime":1702880761631,"time":"2023-12-18T06:38:18.204Z"}},{"iob":2.529,"basaliob":-0.01,"bolussnooze":2.1945,"activity":0.0166,"lastBolusTime":1702880761631,"time":"2023-12-18T06:43:18.204Z","iobWithZeroTemp":{"iob":2.492,"basaliob":-0.047,"bolussnooze":2.1945,"activity":0.0165,"lastBolusTime":1702880761631,"time":"2023-12-18T06:43:18.204Z"}},{"iob":2.44,"basaliob":-0.011,"bolussnooze":1.9664,"activity":0.0191,"lastBolusTime":1702880761631,"time":"2023-12-18T06:48:18.204Z","iobWithZeroTemp":{"iob":2.382,"basaliob":-0.069,"bolussnooze":1.9664,"activity":0.0189,"lastBolusTime":1702880761631,"time":"2023-12-18T06:48:18.204Z"}},{"iob":2.34,"basaliob":-0.012,"bolussnooze":1.7372,"activity":0.0209,"lastBolusTime":1702880761631,"time":"2023-12-18T06:53:18.204Z","iobWithZeroTemp":{"iob":2.263,"basaliob":-0.089,"bolussnooze":1.7372,"activity":0.0206,"lastBolusTime":1702880761631,"time":"2023-12-18T06:53:18.204Z"}},{"iob":2.232,"basaliob":-0.013,"bolussnooze":1.5168,"activity":0.022,"lastBolusTime":1702880761631,"time":"2023-12-18T06:58:18.204Z","iobWithZeroTemp":{"iob":2.136,"basaliob":-0.109,"bolussnooze":1.5168,"activity":0.0216,"lastBolusTime":1702880761631,"time":"2023-12-18T06:58:18.204Z"}},{"iob":2.12,"basaliob":-0.013,"bolussnooze":1.311,"activity":0.0228,"lastBolusTime":1702880761631,"time":"2023-12-18T07:03:18.204Z","iobWithZeroTemp":{"iob":2.014,"basaliob":-0.119,"bolussnooze":1.311,"activity":0.0222,"lastBolusTime":1702880761631,"time":"2023-12-18T07:03:18.204Z"}},{"iob":2.005,"basaliob":-0.014,"bolussnooze":1.1231,"activity":0.023,"lastBolusTime":1702880761631,"time":"2023-12-18T07:08:18.204Z","iobWithZeroTemp":{"iob":1.889,"basaliob":-0.13,"bolussnooze":1.1231,"activity":0.0223,"lastBolusTime":1702880761631,"time":"2023-12-18T07:08:18.204Z"}},{"iob":1.89,"basaliob":-0.014,"bolussnooze":0.9545,"activity":0.023,"lastBolusTime":1702880761631,"time":"2023-12-18T07:13:18.204Z","iobWithZeroTemp":{"iob":1.765,"basaliob":-0.139,"bolussnooze":0.9545,"activity":0.0221,"lastBolusTime":1702880761631,"time":"2023-12-18T07:13:18.204Z"}},{"iob":1.776,"basaliob":-0.013,"bolussnooze":0.8052,"activity":0.0228,"lastBolusTime":1702880761631,"time":"2023-12-18T07:18:18.204Z","iobWithZeroTemp":{"iob":1.643,"basaliob":-0.146,"bolussnooze":0.8052,"activity":0.0218,"lastBolusTime":1702880761631,"time":"2023-12-18T07:18:18.204Z"}},{"iob":1.663,"basaliob":-0.013,"bolussnooze":0.6746,"activity":0.0222,"lastBolusTime":1702880761631,"time":"2023-12-18T07:23:18.204Z","iobWithZeroTemp":{"iob":1.523,"basaliob":-0.153,"bolussnooze":0.6746,"activity":0.0211,"lastBolusTime":1702880761631,"time":"2023-12-18T07:23:18.204Z"}},{"iob":1.553,"basaliob":-0.013,"bolussnooze":0.5615,"activity":0.0216,"lastBolusTime":1702880761631,"time":"2023-12-18T07:28:18.204Z","iobWithZeroTemp":{"iob":1.406,"basaliob":-0.16,"bolussnooze":0.5615,"activity":0.0204,"lastBolusTime":1702880761631,"time":"2023-12-18T07:28:18.204Z"}},{"iob":1.447,"basaliob":-0.012,"bolussnooze":0.4643,"activity":0.0209,"lastBolusTime":1702880761631,"time":"2023-12-18T07:33:18.204Z","iobWithZeroTemp":{"iob":1.294,"basaliob":-0.165,"bolussnooze":0.4643,"activity":0.0196,"lastBolusTime":1702880761631,"time":"2023-12-18T07:33:18.204Z"}},{"iob":1.344,"basaliob":-0.012,"bolussnooze":0.3816,"activity":0.02,"lastBolusTime":1702880761631,"time":"2023-12-18T07:38:18.204Z","iobWithZeroTemp":{"iob":1.186,"basaliob":-0.17,"bolussnooze":0.3816,"activity":0.0186,"lastBolusTime":1702880761631,"time":"2023-12-18T07:38:18.204Z"}},{"iob":1.247,"basaliob":-0.011,"bolussnooze":0.3117,"activity":0.0191,"lastBolusTime":1702880761631,"time":"2023-12-18T07:43:18.204Z","iobWithZeroTemp":{"iob":1.083,"basaliob":-0.175,"bolussnooze":0.3117,"activity":0.0176,"lastBolusTime":1702880761631,"time":"2023-12-18T07:43:18.204Z"}},{"iob":1.153,"basaliob":-0.011,"bolussnooze":0.2529,"activity":0.0182,"lastBolusTime":1702880761631,"time":"2023-12-18T07:48:18.204Z","iobWithZeroTemp":{"iob":0.985,"basaliob":-0.179,"bolussnooze":0.2529,"activity":0.0166,"lastBolusTime":1702880761631,"time":"2023-12-18T07:48:18.204Z"}},{"iob":1.065,"basaliob":-0.01,"bolussnooze":0.2038,"activity":0.0172,"lastBolusTime":1702880761631,"time":"2023-12-18T07:53:18.204Z","iobWithZeroTemp":{"iob":0.892,"basaliob":-0.183,"bolussnooze":0.2038,"activity":0.0155,"lastBolusTime":1702880761631,"time":"2023-12-18T07:53:18.204Z"}},{"iob":0.981,"basaliob":-0.01,"bolussnooze":0.1631,"activity":0.0162,"lastBolusTime":1702880761631,"time":"2023-12-18T07:58:18.204Z","iobWithZeroTemp":{"iob":0.805,"basaliob":-0.186,"bolussnooze":0.1631,"activity":0.0144,"lastBolusTime":1702880761631,"time":"2023-12-18T07:58:18.204Z"}},{"iob":0.903,"basaliob":-0.009,"bolussnooze":0.1296,"activity":0.0153,"lastBolusTime":1702880761631,"time":"2023-12-18T08:03:18.204Z","iobWithZeroTemp":{"iob":0.723,"basaliob":-0.189,"bolussnooze":0.1296,"activity":0.0135,"lastBolusTime":1702880761631,"time":"2023-12-18T08:03:18.204Z"}},{"iob":0.828,"basaliob":-0.009,"bolussnooze":0.1021,"activity":0.0143,"lastBolusTime":1702880761631,"time":"2023-12-18T08:08:18.204Z","iobWithZeroTemp":{"iob":0.645,"basaliob":-0.192,"bolussnooze":0.1021,"activity":0.0124,"lastBolusTime":1702880761631,"time":"2023-12-18T08:08:18.204Z"}},{"iob":0.76,"basaliob":-0.008,"bolussnooze":0.0798,"activity":0.0134,"lastBolusTime":1702880761631,"time":"2023-12-18T08:13:18.204Z","iobWithZeroTemp":{"iob":0.574,"basaliob":-0.194,"bolussnooze":0.0798,"activity":0.0115,"lastBolusTime":1702880761631,"time":"2023-12-18T08:13:18.204Z"}},{"iob":0.695,"basaliob":-0.008,"bolussnooze":0.0617,"activity":0.0125,"lastBolusTime":1702880761631,"time":"2023-12-18T08:18:18.204Z","iobWithZeroTemp":{"iob":0.506,"basaliob":-0.197,"bolussnooze":0.0617,"activity":0.0105,"lastBolusTime":1702880761631,"time":"2023-12-18T08:18:18.204Z"}},{"iob":0.635,"basaliob":-0.007,"bolussnooze":0.0472,"activity":0.0116,"lastBolusTime":1702880761631,"time":"2023-12-18T08:23:18.204Z","iobWithZeroTemp":{"iob":0.444,"basaliob":-0.198,"bolussnooze":0.0472,"activity":0.0096,"lastBolusTime":1702880761631,"time":"2023-12-18T08:23:18.204Z"}},{"iob":0.579,"basaliob":-0.007,"bolussnooze":0.0356,"activity":0.0108,"lastBolusTime":1702880761631,"time":"2023-12-18T08:28:18.204Z","iobWithZeroTemp":{"iob":0.386,"basaliob":-0.2,"bolussnooze":0.0356,"activity":0.0087,"lastBolusTime":1702880761631,"time":"2023-12-18T08:28:18.204Z"}},{"iob":0.527,"basaliob":-0.006,"bolussnooze":0.0265,"activity":0.01,"lastBolusTime":1702880761631,"time":"2023-12-18T08:33:18.204Z","iobWithZeroTemp":{"iob":0.332,"basaliob":-0.201,"bolussnooze":0.0265,"activity":0.0079,"lastBolusTime":1702880761631,"time":"2023-12-18T08:33:18.204Z"}},{"iob":0.479,"basaliob":-0.006,"bolussnooze":0.0193,"activity":0.0092,"lastBolusTime":1702880761631,"time":"2023-12-18T08:38:18.204Z","iobWithZeroTemp":{"iob":0.282,"basaliob":-0.203,"bolussnooze":0.0193,"activity":0.007,"lastBolusTime":1702880761631,"time":"2023-12-18T08:38:18.204Z"}},{"iob":0.435,"basaliob":-0.005,"bolussnooze":0.0138,"activity":0.0085,"lastBolusTime":1702880761631,"time":"2023-12-18T08:43:18.204Z","iobWithZeroTemp":{"iob":0.236,"basaliob":-0.204,"bolussnooze":0.0138,"activity":0.0063,"lastBolusTime":1702880761631,"time":"2023-12-18T08:43:18.204Z"}},{"iob":0.394,"basaliob":-0.005,"bolussnooze":0.0096,"activity":0.0078,"lastBolusTime":1702880761631,"time":"2023-12-18T08:48:18.204Z","iobWithZeroTemp":{"iob":0.194,"basaliob":-0.205,"bolussnooze":0.0096,"activity":0.0056,"lastBolusTime":1702880761631,"time":"2023-12-18T08:48:18.204Z"}},{"iob":0.357,"basaliob":-0.004,"bolussnooze":0.0064,"activity":0.0072,"lastBolusTime":1702880761631,"time":"2023-12-18T08:53:18.204Z","iobWithZeroTemp":{"iob":0.156,"basaliob":-0.205,"bolussnooze":0.0064,"activity":0.0049,"lastBolusTime":1702880761631,"time":"2023-12-18T08:53:18.204Z"}},{"iob":0.323,"basaliob":-0.004,"bolussnooze":0.0041,"activity":0.0066,"lastBolusTime":1702880761631,"time":"2023-12-18T08:58:18.204Z","iobWithZeroTemp":{"iob":0.121,"basaliob":-0.206,"bolussnooze":0.0041,"activity":0.0043,"lastBolusTime":1702880761631,"time":"2023-12-18T08:58:18.204Z"}},{"iob":0.291,"basaliob":-0.004,"bolussnooze":0.0025,"activity":0.006,"lastBolusTime":1702880761631,"time":"2023-12-18T09:03:18.204Z","iobWithZeroTemp":{"iob":0.083,"basaliob":-0.212,"bolussnooze":0.0025,"activity":0.0037,"lastBolusTime":1702880761631,"time":"2023-12-18T09:03:18.204Z"}},{"iob":0.262,"basaliob":-0.003,"bolussnooze":0.0013,"activity":0.0055,"lastBolusTime":1702880761631,"time":"2023-12-18T09:08:18.204Z","iobWithZeroTemp":{"iob":0.049,"basaliob":-0.216,"bolussnooze":0.0013,"activity":0.0031,"lastBolusTime":1702880761631,"time":"2023-12-18T09:08:18.204Z"}},{"iob":0.236,"basaliob":-0.003,"bolussnooze":6.0E-4,"activity":0.005,"lastBolusTime":1702880761631,"time":"2023-12-18T09:13:18.204Z","iobWithZeroTemp":{"iob":0.019,"basaliob":-0.22,"bolussnooze":6.0E-4,"activity":0.0026,"lastBolusTime":1702880761631,"time":"2023-12-18T09:13:18.204Z"}},{"iob":0.211,"basaliob":-0.003,"bolussnooze":2.0E-4,"activity":0.0046,"lastBolusTime":1702880761631,"time":"2023-12-18T09:18:18.204Z","iobWithZeroTemp":{"iob":-0.011,"basaliob":-0.225,"bolussnooze":2.0E-4,"activity":0.0022,"lastBolusTime":1702880761631,"time":"2023-12-18T09:18:18.204Z"}},{"iob":0.19,"basaliob":-0.002,"bolussnooze":0,"activity":0.0041,"lastBolusTime":1702880761631,"time":"2023-12-18T09:23:18.204Z","iobWithZeroTemp":{"iob":-0.036,"basaliob":-0.228,"bolussnooze":0,"activity":0.0016,"lastBolusTime":1702880761631,"time":"2023-12-18T09:23:18.204Z"}},{"iob":0.17,"basaliob":-0.002,"bolussnooze":0,"activity":0.0039,"lastBolusTime":1702880761631,"time":"2023-12-18T09:28:18.204Z","iobWithZeroTemp":{"iob":-0.06,"basaliob":-0.232,"bolussnooze":0,"activity":0.0014,"lastBolusTime":1702880761631,"time":"2023-12-18T09:28:18.204Z"}},{"iob":0.151,"basaliob":-0.002,"bolussnooze":0,"activity":0.0035,"lastBolusTime":1702880761631,"time":"2023-12-18T09:33:18.204Z","iobWithZeroTemp":{"iob":-0.083,"basaliob":-0.236,"bolussnooze":0,"activity":9.0E-4,"lastBolusTime":1702880761631,"time":"2023-12-18T09:33:18.204Z"}},{"iob":0.135,"basaliob":-0.002,"bolussnooze":0,"activity":0.0032,"lastBolusTime":1702880761631,"time":"2023-12-18T09:38:18.204Z","iobWithZeroTemp":{"iob":-0.103,"basaliob":-0.24,"bolussnooze":0,"activity":6.0E-4,"lastBolusTime":1702880761631,"time":"2023-12-18T09:38:18.204Z"}},{"iob":0.12,"basaliob":-0.002,"bolussnooze":0,"activity":0.0029,"lastBolusTime":1702880761631,"time":"2023-12-18T09:43:18.204Z","iobWithZeroTemp":{"iob":-0.122,"basaliob":-0.244,"bolussnooze":0,"activity":2.0E-4,"lastBolusTime":1702880761631,"time":"2023-12-18T09:43:18.204Z"}},{"iob":0.107,"basaliob":-0.001,"bolussnooze":0,"activity":0.0026,"lastBolusTime":1702880761631,"time":"2023-12-18T09:48:18.204Z","iobWithZeroTemp":{"iob":-0.138,"basaliob":-0.246,"bolussnooze":0,"activity":-1.0E-4,"lastBolusTime":1702880761631,"time":"2023-12-18T09:48:18.204Z"}},{"iob":0.095,"basaliob":-0.001,"bolussnooze":0,"activity":0.0023,"lastBolusTime":1702880761631,"time":"2023-12-18T09:53:18.204Z","iobWithZeroTemp":{"iob":-0.153,"basaliob":-0.249,"bolussnooze":0,"activity":-4.0E-4,"lastBolusTime":1702880761631,"time":"2023-12-18T09:53:18.204Z"}},{"iob":0.083,"basaliob":-0.001,"bolussnooze":0,"activity":0.0021,"lastBolusTime":1702880761631,"time":"2023-12-18T09:58:18.204Z","iobWithZeroTemp":{"iob":-0.168,"basaliob":-0.252,"bolussnooze":0,"activity":-7.0E-4,"lastBolusTime":1702880761631,"time":"2023-12-18T09:58:18.204Z"}},{"iob":0.073,"basaliob":-0.001,"bolussnooze":0,"activity":0.0019,"lastBolusTime":1702880761631,"time":"2023-12-18T10:03:18.204Z","iobWithZeroTemp":{"iob":-0.176,"basaliob":-0.25,"bolussnooze":0,"activity":-9.0E-4,"lastBolusTime":1702880761631,"time":"2023-12-18T10:03:18.204Z"}},{"iob":0.064,"basaliob":-0.001,"bolussnooze":0,"activity":0.0017,"lastBolusTime":1702880761631,"time":"2023-12-18T10:08:18.204Z","iobWithZeroTemp":{"iob":-0.184,"basaliob":-0.249,"bolussnooze":0,"activity":-0.0011,"lastBolusTime":1702880761631,"time":"2023-12-18T10:08:18.204Z"}},{"iob":0.056,"basaliob":-0.001,"bolussnooze":0,"activity":0.0015,"lastBolusTime":1702880761631,"time":"2023-12-18T10:13:18.204Z","iobWithZeroTemp":{"iob":-0.19,"basaliob":-0.247,"bolussnooze":0,"activity":-0.0014,"lastBolusTime":1702880761631,"time":"2023-12-18T10:13:18.204Z"}},{"iob":0.049,"basaliob":-0.001,"bolussnooze":0,"activity":0.0014,"lastBolusTime":1702880761631,"time":"2023-12-18T10:18:18.204Z","iobWithZeroTemp":{"iob":-0.195,"basaliob":-0.245,"bolussnooze":0,"activity":-0.0015,"lastBolusTime":1702880761631,"time":"2023-12-18T10:18:18.204Z"}},{"iob":0.043,"basaliob":-0.001,"bolussnooze":0,"activity":0.0012,"lastBolusTime":1702880761631,"time":"2023-12-18T10:23:18.204Z","iobWithZeroTemp":{"iob":-0.199,"basaliob":-0.243,"bolussnooze":0,"activity":-0.0017,"lastBolusTime":1702880761631,"time":"2023-12-18T10:23:18.204Z"}},{"iob":0.037,"basaliob":-0.001,"bolussnooze":0,"activity":0.0011,"lastBolusTime":1702880761631,"time":"2023-12-18T10:28:18.204Z","iobWithZeroTemp":{"iob":-0.203,"basaliob":-0.241,"bolussnooze":0,"activity":-0.0018,"lastBolusTime":1702880761631,"time":"2023-12-18T10:28:18.204Z"}}],"profile":{"max_iob":10,"type":"current","max_daily_basal":0.25,"max_basal":1.25,"min_bg":90,"max_bg":90,"target_bg":90,"carb_ratio":12.6,"sens":84,"max_daily_safety_multiplier":5,"current_basal_safety_multiplier":5,"lgsThreshold":95,"high_temptarget_raises_sensitivity":false,"low_temptarget_lowers_sensitivity":false,"sensitivity_raises_target":true,"resistance_lowers_target":true,"adv_target_adjustments":false,"exercise_mode":false,"half_basal_exercise_target":160,"maxCOB":120,"skip_neutral_temps":false,"remainingCarbsCap":90,"enableUAM":true,"A52_risk_enable":false,"SMBInterval":5,"enableSMB_with_COB":true,"enableSMB_with_temptarget":false,"allowSMB_with_high_temptarget":false,"enableSMB_always":false,"enableSMB_after_carbs":true,"maxSMBBasalMinutes":120,"maxUAMSMBBasalMinutes":120,"bolus_increment":0.05,"carbsReqThreshold":1,"current_basal":0.25,"temptargetSet":false,"autosens_max":1.2,"autosens_min":0.7,"variable_sens":99,"insulinDivisor":75,"TDD":23.064046537373354},"autosens_data":{"ratio":1},"meal_data":{"carbs":0,"mealCOB":0,"slopeFromMaxDeviation":-0.06990909090909092,"slopeFromMinDeviation":0.5109999999999999,"lastBolusTime":1702880761631,"lastCarbTime":0},"microBolusAllowed":true,"currentTime":1702881199490,"flatBGsDetected":false,"tdd1D":22.354166475186748,"tdd7D":26.782783919711285,"tddLast24H":24.90833315228422,"tddLast4H":3.9125000476837157,"tddLast8to4H":1.9500000029802322},"output":{"temp":"absolute","bg":90,"tick":-5,"eventualBG":-170,"targetBG":90,"insulinReq":0,"deliverAt":"2023-12-18T06:33:19.490Z","sensitivityRatio":1,"variable_sens":99,"predBGs":{"IOB":[90,85,78,68,56,42,39,39,39,39,39,39,39],"ZT":[90,86,79,70,58,44,39,39,39,39,39,39,39,39,39,39,39,39,39,39,39,39,39,39,39,39,39,39,39,39,39,39,39,39,39,39,39,39,39,39,39,39,39,39,39,39,39,39]},"reason":"COB: 0, Dev: 3, BGI: -4, ISF: 99, CR: 12.6, Target: 90, minPredBG -300, minGuardBG -378, IOBpredBG 39; 60 add'l carbs req w\/in 0m; minGuardBG -378<95 115m left and 0 ~ req 0U\/hr: no temp required","COB":0,"IOB":2.661,"carbsReq":60,"carbsReqWithin":0,"timestamp":"2023-12-18T06:33:19.516Z"}}