{"algorithm":"OpenAPSSMBDynamicISFPlugin","input":{"glucoseStatus":{"glucose":142,"noise":0,"delta":1,"short_avgdelta":1.61,"long_avgdelta":3.59,"date":1703007776000},"currenttemp":{"temp":"absolute","duration":50,"rate":0,"minutesrunning":10},"iob_data":[{"iob":0.98,"basaliob":0.041,"bolussnooze":0.1413,"activity":0.0097,"lastBolusTime":1703006930326,"time":"2023-12-19T17:43:26.731Z","iobWithZeroTemp":{"iob":0.98,"basaliob":0.041,"bolussnooze":0.1413,"activity":0.0097,"lastBolusTime":1703006930326,"time":"2023-12-19T17:43:26.731Z"}},{"iob":0.931,"basaliob":0.044,"bolussnooze":0.1182,"activity":0.01,"lastBolusTime":1703006930326,"time":"2023-12-19T17:48:26.731Z","iobWithZeroTemp":{"iob":0.918,"basaliob":0.031,"bolussnooze":0.1182,"activity":0.01,"lastBolusTime":1703006930326,"time":"2023-12-19T17:48:26.731Z"}},{"iob":0.88,"basaliob":0.045,"bolussnooze":0.0983,"activity":0.0102,"lastBolusTime":1703006930326,"time":"2023-12-19T17:53:26.731Z","iobWithZeroTemp":{"iob":0.85,"basaliob":0.015,"bolussnooze":0.0983,"activity":0.0101,"lastBolusTime":1703006930326,"time":"2023-12-19T17:53:26.731Z"}},{"iob":0.83,"basaliob":0.046,"bolussnooze":0.0812,"activity":0.0101,"lastBolusTime":1703006930326,"time":"2023-12-19T17:58:26.731Z","iobWithZeroTemp":{"iob":0.784,"basaliob":0,"bolussnooze":0.0812,"activity":0.01,"lastBolusTime":1703006930326,"time":"2023-12-19T17:58:26.731Z"}},{"iob":0.779,"basaliob":0.046,"bolussnooze":0.0667,"activity":0.01,"lastBolusTime":1703006930326,"time":"2023-12-19T18:03:26.731Z","iobWithZeroTemp":{"iob":0.717,"basaliob":-0.016,"bolussnooze":0.0667,"activity":0.0098,"lastBolusTime":1703006930326,"time":"2023-12-19T18:03:26.731Z"}},{"iob":0.73,"basaliob":0.046,"bolussnooze":0.0544,"activity":0.0098,"lastBolusTime":1703006930326,"time":"2023-12-19T18:08:26.731Z","iobWithZeroTemp":{"iob":0.653,"basaliob":-0.031,"bolussnooze":0.0544,"activity":0.0095,"lastBolusTime":1703006930326,"time":"2023-12-19T18:08:26.731Z"}},{"iob":0.681,"basaliob":0.045,"bolussnooze":0.0441,"activity":0.0095,"lastBolusTime":1703006930326,"time":"2023-12-19T18:13:26.731Z","iobWithZeroTemp":{"iob":0.589,"basaliob":-0.047,"bolussnooze":0.0441,"activity":0.009,"lastBolusTime":1703006930326,"time":"2023-12-19T18:13:26.731Z"}},{"iob":0.635,"basaliob":0.044,"bolussnooze":0.0355,"activity":0.0092,"lastBolusTime":1703006930326,"time":"2023-12-19T18:18:26.731Z","iobWithZeroTemp":{"iob":0.529,"basaliob":-0.062,"bolussnooze":0.0355,"activity":0.0086,"lastBolusTime":1703006930326,"time":"2023-12-19T18:18:26.731Z"}},{"iob":0.589,"basaliob":0.042,"bolussnooze":0.0284,"activity":0.0088,"lastBolusTime":1703006930326,"time":"2023-12-19T18:23:26.731Z","iobWithZeroTemp":{"iob":0.47,"basaliob":-0.077,"bolussnooze":0.0284,"activity":0.0081,"lastBolusTime":1703006930326,"time":"2023-12-19T18:23:26.731Z"}},{"iob":0.546,"basaliob":0.04,"bolussnooze":0.0225,"activity":0.0084,"lastBolusTime":1703006930326,"time":"2023-12-19T18:28:26.731Z","iobWithZeroTemp":{"iob":0.415,"basaliob":-0.091,"bolussnooze":0.0225,"activity":0.0075,"lastBolusTime":1703006930326,"time":"2023-12-19T18:28:26.731Z"}},{"iob":0.506,"basaliob":0.039,"bolussnooze":0.0177,"activity":0.008,"lastBolusTime":1703006930326,"time":"2023-12-19T18:33:26.731Z","iobWithZeroTemp":{"iob":0.363,"basaliob":-0.104,"bolussnooze":0.0177,"activity":0.007,"lastBolusTime":1703006930326,"time":"2023-12-19T18:33:26.731Z"}},{"iob":0.467,"basaliob":0.037,"bolussnooze":0.0138,"activity":0.0076,"lastBolusTime":1703006930326,"time":"2023-12-19T18:38:26.731Z","iobWithZeroTemp":{"iob":0.313,"basaliob":-0.117,"bolussnooze":0.0138,"activity":0.0064,"lastBolusTime":1703006930326,"time":"2023-12-19T18:38:26.731Z"}},{"iob":0.43,"basaliob":0.035,"bolussnooze":0.0107,"activity":0.0071,"lastBolusTime":1703006930326,"time":"2023-12-19T18:43:26.731Z","iobWithZeroTemp":{"iob":0.265,"basaliob":-0.13,"bolussnooze":0.0107,"activity":0.0058,"lastBolusTime":1703006930326,"time":"2023-12-19T18:43:26.731Z"}},{"iob":0.396,"basaliob":0.033,"bolussnooze":0.0081,"activity":0.0067,"lastBolusTime":1703006930326,"time":"2023-12-19T18:48:26.731Z","iobWithZeroTemp":{"iob":0.221,"basaliob":-0.142,"bolussnooze":0.0081,"activity":0.0053,"lastBolusTime":1703006930326,"time":"2023-12-19T18:48:26.731Z"}},{"iob":0.363,"basaliob":0.031,"bolussnooze":0.0061,"activity":0.0063,"lastBolusTime":1703006930326,"time":"2023-12-19T18:53:26.731Z","iobWithZeroTemp":{"iob":0.179,"basaliob":-0.153,"bolussnooze":0.0061,"activity":0.0047,"lastBolusTime":1703006930326,"time":"2023-12-19T18:53:26.731Z"}},{"iob":0.333,"basaliob":0.029,"bolussnooze":0.0046,"activity":0.0059,"lastBolusTime":1703006930326,"time":"2023-12-19T18:58:26.731Z","iobWithZeroTemp":{"iob":0.141,"basaliob":-0.163,"bolussnooze":0.0046,"activity":0.0042,"lastBolusTime":1703006930326,"time":"2023-12-19T18:58:26.731Z"}},{"iob":0.305,"basaliob":0.027,"bolussnooze":0.0033,"activity":0.0055,"lastBolusTime":1703006930326,"time":"2023-12-19T19:03:26.731Z","iobWithZeroTemp":{"iob":0.109,"basaliob":-0.169,"bolussnooze":0.0033,"activity":0.0037,"lastBolusTime":1703006930326,"time":"2023-12-19T19:03:26.731Z"}},{"iob":0.278,"basaliob":0.025,"bolussnooze":0.0024,"activity":0.0051,"lastBolusTime":1703006930326,"time":"2023-12-19T19:08:26.731Z","iobWithZeroTemp":{"iob":0.079,"basaliob":-0.174,"bolussnooze":0.0024,"activity":0.0032,"lastBolusTime":1703006930326,"time":"2023-12-19T19:08:26.731Z"}},{"iob":0.255,"basaliob":0.024,"bolussnooze":0.0017,"activity":0.0047,"lastBolusTime":1703006930326,"time":"2023-12-19T19:13:26.731Z","iobWithZeroTemp":{"iob":0.053,"basaliob":-0.178,"bolussnooze":0.0017,"activity":0.0027,"lastBolusTime":1703006930326,"time":"2023-12-19T19:13:26.731Z"}},{"iob":0.232,"basaliob":0.022,"bolussnooze":0.0011,"activity":0.0043,"lastBolusTime":1703006930326,"time":"2023-12-19T19:18:26.731Z","iobWithZeroTemp":{"iob":0.028,"basaliob":-0.182,"bolussnooze":0.0011,"activity":0.0022,"lastBolusTime":1703006930326,"time":"2023-12-19T19:18:26.731Z"}},{"iob":0.21,"basaliob":0.02,"bolussnooze":7.0E-4,"activity":0.004,"lastBolusTime":1703006930326,"time":"2023-12-19T19:23:26.731Z","iobWithZeroTemp":{"iob":0.004,"basaliob":-0.186,"bolussnooze":7.0E-4,"activity":0.0019,"lastBolusTime":1703006930326,"time":"2023-12-19T19:23:26.731Z"}},{"iob":0.191,"basaliob":0.019,"bolussnooze":5.0E-4,"activity":0.0037,"lastBolusTime":1703006930326,"time":"2023-12-19T19:28:26.731Z","iobWithZeroTemp":{"iob":-0.017,"basaliob":-0.189,"bolussnooze":5.0E-4,"activity":0.0015,"lastBolusTime":1703006930326,"time":"2023-12-19T19:28:26.731Z"}},{"iob":0.173,"basaliob":0.017,"bolussnooze":3.0E-4,"activity":0.0034,"lastBolusTime":1703006930326,"time":"2023-12-19T19:33:26.731Z","iobWithZeroTemp":{"iob":-0.036,"basaliob":-0.192,"bolussnooze":3.0E-4,"activity":0.0011,"lastBolusTime":1703006930326,"time":"2023-12-19T19:33:26.731Z"}},{"iob":0.157,"basaliob":0.016,"bolussnooze":2.0E-4,"activity":0.0032,"lastBolusTime":1703006930326,"time":"2023-12-19T19:38:26.731Z","iobWithZeroTemp":{"iob":-0.053,"basaliob":-0.194,"bolussnooze":2.0E-4,"activity":9.0E-4,"lastBolusTime":1703006930326,"time":"2023-12-19T19:38:26.731Z"}},{"iob":0.142,"basaliob":0.015,"bolussnooze":1.0E-4,"activity":0.0029,"lastBolusTime":1703006930326,"time":"2023-12-19T19:43:26.731Z","iobWithZeroTemp":{"iob":-0.069,"basaliob":-0.196,"bolussnooze":1.0E-4,"activity":6.0E-4,"lastBolusTime":1703006930326,"time":"2023-12-19T19:43:26.731Z"}},{"iob":0.128,"basaliob":0.014,"bolussnooze":0,"activity":0.0026,"lastBolusTime":1703006930326,"time":"2023-12-19T19:48:26.731Z","iobWithZeroTemp":{"iob":-0.084,"basaliob":-0.198,"bolussnooze":0,"activity":2.0E-4,"lastBolusTime":1703006930326,"time":"2023-12-19T19:48:26.731Z"}},{"iob":0.115,"basaliob":0.012,"bolussnooze":0,"activity":0.0024,"lastBolusTime":1703006930326,"time":"2023-12-19T19:53:26.731Z","iobWithZeroTemp":{"iob":-0.098,"basaliob":-0.201,"bolussnooze":0,"activity":0,"lastBolusTime":1703006930326,"time":"2023-12-19T19:53:26.731Z"}},{"iob":0.103,"basaliob":0.011,"bolussnooze":0,"activity":0.0022,"lastBolusTime":1703006930326,"time":"2023-12-19T19:58:26.731Z","iobWithZeroTemp":{"iob":-0.11,"basaliob":-0.202,"bolussnooze":0,"activity":-2.0E-4,"lastBolusTime":1703006930326,"time":"2023-12-19T19:58:26.731Z"}},{"iob":0.093,"basaliob":0.01,"bolussnooze":0,"activity":0.002,"lastBolusTime":1703006930326,"time":"2023-12-19T20:03:26.731Z","iobWithZeroTemp":{"iob":-0.12,"basaliob":-0.203,"bolussnooze":0,"activity":-4.0E-4,"lastBolusTime":1703006930326,"time":"2023-12-19T20:03:26.731Z"}},{"iob":0.083,"basaliob":0.009,"bolussnooze":0,"activity":0.0019,"lastBolusTime":1703006930326,"time":"2023-12-19T20:08:26.731Z","iobWithZeroTemp":{"iob":-0.131,"basaliob":-0.205,"bolussnooze":0,"activity":-6.0E-4,"lastBolusTime":1703006930326,"time":"2023-12-19T20:08:26.731Z"}},{"iob":0.075,"basaliob":0.009,"bolussnooze":0,"activity":0.0017,"lastBolusTime":1703006930326,"time":"2023-12-19T20:13:26.731Z","iobWithZeroTemp":{"iob":-0.139,"basaliob":-0.205,"bolussnooze":0,"activity":-8.0E-4,"lastBolusTime":1703006930326,"time":"2023-12-19T20:13:26.731Z"}},{"iob":0.067,"basaliob":0.008,"bolussnooze":0,"activity":0.0016,"lastBolusTime":1703006930326,"time":"2023-12-19T20:18:26.731Z","iobWithZeroTemp":{"iob":-0.147,"basaliob":-0.206,"bolussnooze":0,"activity":-9.0E-4,"lastBolusTime":1703006930326,"time":"2023-12-19T20:18:26.731Z"}},{"iob":0.059,"basaliob":0.007,"bolussnooze":0,"activity":0.0013,"lastBolusTime":1703006930326,"time":"2023-12-19T20:23:26.731Z","iobWithZeroTemp":{"iob":-0.155,"basaliob":-0.207,"bolussnooze":0,"activity":-0.0012,"lastBolusTime":1703006930326,"time":"2023-12-19T20:23:26.731Z"}},{"iob":0.052,"basaliob":0.006,"bolussnooze":0,"activity":0.0012,"lastBolusTime":1703006930326,"time":"2023-12-19T20:28:26.731Z","iobWithZeroTemp":{"iob":-0.162,"basaliob":-0.208,"bolussnooze":0,"activity":-0.0013,"lastBolusTime":1703006930326,"time":"2023-12-19T20:28:26.731Z"}},{"iob":0.047,"basaliob":0.006,"bolussnooze":0,"activity":0.0011,"lastBolusTime":1703006930326,"time":"2023-12-19T20:33:26.731Z","iobWithZeroTemp":{"iob":-0.167,"basaliob":-0.208,"bolussnooze":0,"activity":-0.0014,"lastBolusTime":1703006930326,"time":"2023-12-19T20:33:26.731Z"}},{"iob":0.041,"basaliob":0.005,"bolussnooze":0,"activity":0.001,"lastBolusTime":1703006930326,"time":"2023-12-19T20:38:26.731Z","iobWithZeroTemp":{"iob":-0.173,"basaliob":-0.209,"bolussnooze":0,"activity":-0.0015,"lastBolusTime":1703006930326,"time":"2023-12-19T20:38:26.731Z"}},{"iob":0.037,"basaliob":0.005,"bolussnooze":0,"activity":9.0E-4,"lastBolusTime":1703006930326,"time":"2023-12-19T20:43:26.731Z","iobWithZeroTemp":{"iob":-0.177,"basaliob":-0.209,"bolussnooze":0,"activity":-0.0016,"lastBolusTime":1703006930326,"time":"2023-12-19T20:43:26.731Z"}},{"iob":0.032,"basaliob":0.004,"bolussnooze":0,"activity":8.0E-4,"lastBolusTime":1703006930326,"time":"2023-12-19T20:48:26.731Z","iobWithZeroTemp":{"iob":-0.182,"basaliob":-0.21,"bolussnooze":0,"activity":-0.0017,"lastBolusTime":1703006930326,"time":"2023-12-19T20:48:26.731Z"}},{"iob":0.029,"basaliob":0.004,"bolussnooze":0,"activity":8.0E-4,"lastBolusTime":1703006930326,"time":"2023-12-19T20:53:26.731Z","iobWithZeroTemp":{"iob":-0.184,"basaliob":-0.209,"bolussnooze":0,"activity":-0.0017,"lastBolusTime":1703006930326,"time":"2023-12-19T20:53:26.731Z"}},{"iob":0.025,"basaliob":0.003,"bolussnooze":0,"activity":7.0E-4,"lastBolusTime":1703006930326,"time":"2023-12-19T20:58:26.731Z","iobWithZeroTemp":{"iob":-0.188,"basaliob":-0.21,"bolussnooze":0,"activity":-0.0018,"lastBolusTime":1703006930326,"time":"2023-12-19T20:58:26.731Z"}},{"iob":0.022,"basaliob":0.003,"bolussnooze":0,"activity":6.0E-4,"lastBolusTime":1703006930326,"time":"2023-12-19T21:03:26.731Z","iobWithZeroTemp":{"iob":-0.191,"basaliob":-0.21,"bolussnooze":0,"activity":-0.0019,"lastBolusTime":1703006930326,"time":"2023-12-19T21:03:26.731Z"}},{"iob":0.02,"basaliob":0.003,"bolussnooze":0,"activity":6.0E-4,"lastBolusTime":1703006930326,"time":"2023-12-19T21:08:26.731Z","iobWithZeroTemp":{"iob":-0.193,"basaliob":-0.21,"bolussnooze":0,"activity":-0.0019,"lastBolusTime":1703006930326,"time":"2023-12-19T21:08:26.731Z"}},{"iob":0.016,"basaliob":0.002,"bolussnooze":0,"activity":5.0E-4,"lastBolusTime":1703006930326,"time":"2023-12-19T21:13:26.731Z","iobWithZeroTemp":{"iob":-0.197,"basaliob":-0.211,"bolussnooze":0,"activity":-0.002,"lastBolusTime":1703006930326,"time":"2023-12-19T21:13:26.731Z"}},{"iob":0.014,"basaliob":0.002,"bolussnooze":0,"activity":5.0E-4,"lastBolusTime":1703006930326,"time":"2023-12-19T21:18:26.731Z","iobWithZeroTemp":{"iob":-0.199,"basaliob":-0.211,"bolussnooze":0,"activity":-0.002,"lastBolusTime":1703006930326,"time":"2023-12-19T21:18:26.731Z"}},{"iob":0.013,"basaliob":0.002,"bolussnooze":0,"activity":3.0E-4,"lastBolusTime":1703006930326,"time":"2023-12-19T21:23:26.731Z","iobWithZeroTemp":{"iob":-0.2,"basaliob":-0.211,"bolussnooze":0,"activity":-0.0022,"lastBolusTime":1703006930326,"time":"2023-12-19T21:23:26.731Z"}},{"iob":0.011,"basaliob":0.002,"bolussnooze":0,"activity":3.0E-4,"lastBolusTime":1703006930326,"time":"2023-12-19T21:28:26.731Z","iobWithZeroTemp":{"iob":-0.201,"basaliob":-0.21,"bolussnooze":0,"activity":-0.0022,"lastBolusTime":1703006930326,"time":"2023-12-19T21:28:26.731Z"}},{"iob":0.009,"basaliob":0.001,"bolussnooze":0,"activity":2.0E-4,"lastBolusTime":1703006930326,"time":"2023-12-19T21:33:26.731Z","iobWithZeroTemp":{"iob":-0.203,"basaliob":-0.211,"bolussnooze":0,"activity":-0.0023,"lastBolusTime":1703006930326,"time":"2023-12-19T21:33:26.731Z"}},{"iob":0.008,"basaliob":0.001,"bolussnooze":0,"activity":2.0E-4,"lastBolusTime":1703006930326,"time":"2023-12-19T21:38:26.731Z","iobWithZeroTemp":{"iob":-0.204,"basaliob":-0.211,"bolussnooze":0,"activity":-0.0023,"lastBolusTime":1703006930326,"time":"2023-12-19T21:38:26.731Z"}}],"profile":{"max_iob":10,"type":"current","max_daily_basal":0.25,"max_basal":1,"min_bg":90,"max_bg":90,"target_bg":90,"carb_ratio":12.4,"sens":84,"max_daily_safety_multiplier":5,"current_basal_safety_multiplier":5,"lgsThreshold":95,"high_temptarget_raises_sensitivity":false,"low_temptarget_lowers_sensitivity":false,"sensitivity_raises_target":true,"resistance_lowers_target":true,"adv_target_adjustments":false,"exercise_mode":false,"half_basal_exercise_target":160,"maxCOB":120,"skip_neutral_temps":false,"remainingCarbsCap":90,"enableUAM":true,"A52_risk_enable":false,"SMBInterval":5,"enableSMB_with_COB":true,"enableSMB_with_temptarget":false,"allowSMB_with_high_temptarget":false,"enableSMB_always":false,"enableSMB_after_carbs":true,"maxSMBBasalMinutes":120,"maxUAMSMBBasalMinutes":120,"bolus_increment":0.05,"carbsReqThreshold":1,"current_basal":0.20000000298023224,"temptargetSet":false,"autosens_max":1.2,"autosens_min":0.7,"variable_sens":75.4,"insulinDivisor":75,"TDD":22.48518529866169},"autosens_data":{"ratio":1},"meal_data":{"carbs":7,"mealCOB":0,"slopeFromMaxDeviation":-1.1849999999999996,"slopeFromMinDeviation":0.31518181818181823,"lastBolusTime":1703006930326,"lastCarbTime":1703005061965},"microBolusAllowed":true,"currentTime":1703007808440,"flatBGsDetected":false,"tdd1D":20.141666612277426,"tdd7D":26.78606000595613,"tddLast24H":18.587499860674143,"tddLast4H":2.333333353449901,"tddLast8to4H":5.887499809265137},"output":{"temp":"absolute","bg":142,"tick":"+1","eventualBG":96,"targetBG":90,"insulinReq":0,"deliverAt":"2023-12-19T17:43:28.440Z","sensitivityRatio":1,"variable_sens":75.4,"predBGs":{"IOB":[142,143,143,143,142,141,139,138,136,134,131,128,125,122,120,117,114,112,110,108,106,104,102,101,99,98,97,95,94,93,92,92,91,90,90,89,88,88,88,87,87,87,86,86,86,86,85],"ZT":[142,138,135,131,127,123,119,115,111,108,104,101,98,95,93,90,88,86,85,83,82,81,80,80,79,79,79,79,79,79,79,80,80,81,82,82,83,84,85,86,87,88,89,90],"UAM":[142,142,140,138,134,130,126,122,118,115,111,108,104,101,98,95,92,89,86,84,82,79,77,76,74,72,70,69,68,66,65,64,63,62,61,61,60,59,59,58,58,57,57,57,56]},"reason":"COB: 0, Dev: 28, BGI: -4, ISF: 75, CR: 12.4, Target: 90, minPredBG 68, minGuardBG 56, IOBpredBG 85, UAMpredBG 56; minGuardBG 56<95","COB":0,"IOB":0.98,"duration":120,"rate":0,"timestamp":"2023-12-19T17:43:28.469Z"}}