{"algorithm":"OpenAPSSMBDynamicISFPlugin","input":{"glucoseStatus":{"glucose":104,"noise":0,"delta":2,"short_avgdelta":1.61,"long_avgdelta":0.54,"date":1702897972000},"currenttemp":{"temp":"absolute","duration":25,"rate":0.4,"minutesrunning":5},"iob_data":[{"iob":0.103,"basaliob":-0.019,"bolussnooze":0,"activity":0.0016,"lastBolusTime":1702893506960,"time":"2023-12-18T11:13:21.991Z","iobWithZeroTemp":{"iob":0.103,"basaliob":-0.019,"bolussnooze":0,"activity":0.0016,"lastBolusTime":1702893506960,"time":"2023-12-18T11:13:21.991Z"}},{"iob":0.094,"basaliob":-0.017,"bolussnooze":0,"activity":0.0016,"lastBolusTime":1702893506960,"time":"2023-12-18T11:18:21.991Z","iobWithZeroTemp":{"iob":0.084,"basaliob":-0.027,"bolussnooze":0,"activity":0.0016,"lastBolusTime":1702893506960,"time":"2023-12-18T11:18:21.991Z"}},{"iob":0.087,"basaliob":-0.014,"bolussnooze":0,"activity":0.0015,"lastBolusTime":1702893506960,"time":"2023-12-18T11:23:21.991Z","iobWithZeroTemp":{"iob":0.065,"basaliob":-0.036,"bolussnooze":0,"activity":0.0015,"lastBolusTime":1702893506960,"time":"2023-12-18T11:23:21.991Z"}},{"iob":0.08,"basaliob":-0.012,"bolussnooze":0,"activity":0.0014,"lastBolusTime":1702893506960,"time":"2023-12-18T11:28:21.991Z","iobWithZeroTemp":{"iob":0.045,"basaliob":-0.047,"bolussnooze":0,"activity":0.0013,"lastBolusTime":1702893506960,"time":"2023-12-18T11:28:21.991Z"}},{"iob":0.072,"basaliob":-0.011,"bolussnooze":0,"activity":0.0013,"lastBolusTime":1702893506960,"time":"2023-12-18T11:33:21.991Z","iobWithZeroTemp":{"iob":0.026,"basaliob":-0.057,"bolussnooze":0,"activity":0.0011,"lastBolusTime":1702893506960,"time":"2023-12-18T11:33:21.991Z"}},{"iob":0.066,"basaliob":-0.009,"bolussnooze":0,"activity":0.0012,"lastBolusTime":1702893506960,"time":"2023-12-18T11:38:21.991Z","iobWithZeroTemp":{"iob":0.008,"basaliob":-0.067,"bolussnooze":0,"activity":9.0E-4,"lastBolusTime":1702893506960,"time":"2023-12-18T11:38:21.991Z"}},{"iob":0.06,"basaliob":-0.008,"bolussnooze":0,"activity":0.0011,"lastBolusTime":1702893506960,"time":"2023-12-18T11:43:21.991Z","iobWithZeroTemp":{"iob":-0.009,"basaliob":-0.077,"bolussnooze":0,"activity":7.0E-4,"lastBolusTime":1702893506960,"time":"2023-12-18T11:43:21.991Z"}},{"iob":0.056,"basaliob":-0.006,"bolussnooze":0,"activity":0.0011,"lastBolusTime":1702893506960,"time":"2023-12-18T11:48:21.991Z","iobWithZeroTemp":{"iob":-0.023,"basaliob":-0.085,"bolussnooze":0,"activity":6.0E-4,"lastBolusTime":1702893506960,"time":"2023-12-18T11:48:21.991Z"}},{"iob":0.051,"basaliob":-0.005,"bolussnooze":0,"activity":9.0E-4,"lastBolusTime":1702893506960,"time":"2023-12-18T11:53:21.991Z","iobWithZeroTemp":{"iob":-0.038,"basaliob":-0.094,"bolussnooze":0,"activity":3.0E-4,"lastBolusTime":1702893506960,"time":"2023-12-18T11:53:21.991Z"}},{"iob":0.045,"basaliob":-0.005,"bolussnooze":0,"activity":8.0E-4,"lastBolusTime":1702893506960,"time":"2023-12-18T11:58:21.991Z","iobWithZeroTemp":{"iob":-0.054,"basaliob":-0.104,"bolussnooze":0,"activity":1.0E-4,"lastBolusTime":1702893506960,"time":"2023-12-18T11:58:21.991Z"}},{"iob":0.041,"basaliob":-0.004,"bolussnooze":0,"activity":8.0E-4,"lastBolusTime":1702893506960,"time":"2023-12-18T12:03:21.991Z","iobWithZeroTemp":{"iob":-0.066,"basaliob":-0.111,"bolussnooze":0,"activity":0,"lastBolusTime":1702893506960,"time":"2023-12-18T12:03:21.991Z"}},{"iob":0.038,"basaliob":-0.003,"bolussnooze":0,"activity":8.0E-4,"lastBolusTime":1702893506960,"time":"2023-12-18T12:08:21.991Z","iobWithZeroTemp":{"iob":-0.078,"basaliob":-0.119,"bolussnooze":0,"activity":-1.0E-4,"lastBolusTime":1702893506960,"time":"2023-12-18T12:08:21.991Z"}},{"iob":0.034,"basaliob":-0.003,"bolussnooze":0,"activity":7.0E-4,"lastBolusTime":1702893506960,"time":"2023-12-18T12:13:21.991Z","iobWithZeroTemp":{"iob":-0.09,"basaliob":-0.127,"bolussnooze":0,"activity":-3.0E-4,"lastBolusTime":1702893506960,"time":"2023-12-18T12:13:21.991Z"}},{"iob":0.031,"basaliob":-0.002,"bolussnooze":0,"activity":6.0E-4,"lastBolusTime":1702893506960,"time":"2023-12-18T12:18:21.991Z","iobWithZeroTemp":{"iob":-0.1,"basaliob":-0.133,"bolussnooze":0,"activity":-5.0E-4,"lastBolusTime":1702893506960,"time":"2023-12-18T12:18:21.991Z"}},{"iob":0.028,"basaliob":-0.002,"bolussnooze":0,"activity":5.0E-4,"lastBolusTime":1702893506960,"time":"2023-12-18T12:23:21.991Z","iobWithZeroTemp":{"iob":-0.11,"basaliob":-0.14,"bolussnooze":0,"activity":-7.0E-4,"lastBolusTime":1702893506960,"time":"2023-12-18T12:23:21.991Z"}},{"iob":0.026,"basaliob":-0.001,"bolussnooze":0,"activity":5.0E-4,"lastBolusTime":1702893506960,"time":"2023-12-18T12:28:21.991Z","iobWithZeroTemp":{"iob":-0.118,"basaliob":-0.145,"bolussnooze":0,"activity":-8.0E-4,"lastBolusTime":1702893506960,"time":"2023-12-18T12:28:21.991Z"}},{"iob":0.023,"basaliob":-0.001,"bolussnooze":0,"activity":4.0E-4,"lastBolusTime":1702893506960,"time":"2023-12-18T12:33:21.991Z","iobWithZeroTemp":{"iob":-0.127,"basaliob":-0.151,"bolussnooze":0,"activity":-0.001,"lastBolusTime":1702893506960,"time":"2023-12-18T12:33:21.991Z"}},{"iob":0.02,"basaliob":-0.001,"bolussnooze":0,"activity":5.0E-4,"lastBolusTime":1702893506960,"time":"2023-12-18T12:38:21.991Z","iobWithZeroTemp":{"iob":-0.136,"basaliob":-0.157,"bolussnooze":0,"activity":-0.001,"lastBolusTime":1702893506960,"time":"2023-12-18T12:38:21.991Z"}},{"iob":0.019,"basaliob":0,"bolussnooze":0,"activity":4.0E-4,"lastBolusTime":1702893506960,"time":"2023-12-18T12:43:21.991Z","iobWithZeroTemp":{"iob":-0.142,"basaliob":-0.161,"bolussnooze":0,"activity":-0.0011,"lastBolusTime":1702893506960,"time":"2023-12-18T12:43:21.991Z"}},{"iob":0.017,"basaliob":0,"bolussnooze":0,"activity":4.0E-4,"lastBolusTime":1702893506960,"time":"2023-12-18T12:48:21.991Z","iobWithZeroTemp":{"iob":-0.148,"basaliob":-0.165,"bolussnooze":0,"activity":-0.0012,"lastBolusTime":1702893506960,"time":"2023-12-18T12:48:21.991Z"}},{"iob":0.015,"basaliob":0,"bolussnooze":0,"activity":4.0E-4,"lastBolusTime":1702893506960,"time":"2023-12-18T12:53:21.991Z","iobWithZeroTemp":{"iob":-0.154,"basaliob":-0.169,"bolussnooze":0,"activity":-0.0013,"lastBolusTime":1702893506960,"time":"2023-12-18T12:53:21.991Z"}},{"iob":0.013,"basaliob":0,"bolussnooze":0,"activity":3.0E-4,"lastBolusTime":1702893506960,"time":"2023-12-18T12:58:21.991Z","iobWithZeroTemp":{"iob":-0.16,"basaliob":-0.173,"bolussnooze":0,"activity":-0.0014,"lastBolusTime":1702893506960,"time":"2023-12-18T12:58:21.991Z"}},{"iob":0.012,"basaliob":0,"bolussnooze":0,"activity":3.0E-4,"lastBolusTime":1702893506960,"time":"2023-12-18T13:03:21.991Z","iobWithZeroTemp":{"iob":-0.165,"basaliob":-0.177,"bolussnooze":0,"activity":-0.0015,"lastBolusTime":1702893506960,"time":"2023-12-18T13:03:21.991Z"}},{"iob":0.011,"basaliob":0,"bolussnooze":0,"activity":3.0E-4,"lastBolusTime":1702893506960,"time":"2023-12-18T13:08:21.991Z","iobWithZeroTemp":{"iob":-0.169,"basaliob":-0.18,"bolussnooze":0,"activity":-0.0016,"lastBolusTime":1702893506960,"time":"2023-12-18T13:08:21.991Z"}},{"iob":0.009,"basaliob":0,"bolussnooze":0,"activity":2.0E-4,"lastBolusTime":1702893506960,"time":"2023-12-18T13:13:21.991Z","iobWithZeroTemp":{"iob":-0.174,"basaliob":-0.183,"bolussnooze":0,"activity":-0.0017,"lastBolusTime":1702893506960,"time":"2023-12-18T13:13:21.991Z"}},{"iob":0.008,"basaliob":0,"bolussnooze":0,"activity":2.0E-4,"lastBolusTime":1702893506960,"time":"2023-12-18T13:18:21.991Z","iobWithZeroTemp":{"iob":-0.178,"basaliob":-0.186,"bolussnooze":0,"activity":-0.0018,"lastBolusTime":1702893506960,"time":"2023-12-18T13:18:21.991Z"}},{"iob":0.007,"basaliob":0,"bolussnooze":0,"activity":2.0E-4,"lastBolusTime":1702893506960,"time":"2023-12-18T13:23:21.991Z","iobWithZeroTemp":{"iob":-0.182,"basaliob":-0.189,"bolussnooze":0,"activity":-0.0018,"lastBolusTime":1702893506960,"time":"2023-12-18T13:23:21.991Z"}},{"iob":0.006,"basaliob":0,"bolussnooze":0,"activity":2.0E-4,"lastBolusTime":1702893506960,"time":"2023-12-18T13:28:21.991Z","iobWithZeroTemp":{"iob":-0.185,"basaliob":-0.191,"bolussnooze":0,"activity":-0.0019,"lastBolusTime":1702893506960,"time":"2023-12-18T13:28:21.991Z"}},{"iob":0.006,"basaliob":0,"bolussnooze":0,"activity":1.0E-4,"lastBolusTime":1702893506960,"time":"2023-12-18T13:33:21.991Z","iobWithZeroTemp":{"iob":-0.187,"basaliob":-0.193,"bolussnooze":0,"activity":-0.002,"lastBolusTime":1702893506960,"time":"2023-12-18T13:33:21.991Z"}},{"iob":0.005,"basaliob":0,"bolussnooze":0,"activity":1.0E-4,"lastBolusTime":1702893506960,"time":"2023-12-18T13:38:21.991Z","iobWithZeroTemp":{"iob":-0.19,"basaliob":-0.195,"bolussnooze":0,"activity":-0.002,"lastBolusTime":1702893506960,"time":"2023-12-18T13:38:21.991Z"}},{"iob":0.004,"basaliob":0,"bolussnooze":0,"activity":1.0E-4,"lastBolusTime":1702893506960,"time":"2023-12-18T13:43:21.991Z","iobWithZeroTemp":{"iob":-0.193,"basaliob":-0.197,"bolussnooze":0,"activity":-0.0021,"lastBolusTime":1702893506960,"time":"2023-12-18T13:43:21.991Z"}},{"iob":0.004,"basaliob":0,"bolussnooze":0,"activity":1.0E-4,"lastBolusTime":1702893506960,"time":"2023-12-18T13:48:21.991Z","iobWithZeroTemp":{"iob":-0.194,"basaliob":-0.198,"bolussnooze":0,"activity":-0.0021,"lastBolusTime":1702893506960,"time":"2023-12-18T13:48:21.991Z"}},{"iob":0.003,"basaliob":0,"bolussnooze":0,"activity":1.0E-4,"lastBolusTime":1702893506960,"time":"2023-12-18T13:53:21.991Z","iobWithZeroTemp":{"iob":-0.196,"basaliob":-0.199,"bolussnooze":0,"activity":-0.0021,"lastBolusTime":1702893506960,"time":"2023-12-18T13:53:21.991Z"}},{"iob":0.003,"basaliob":0,"bolussnooze":0,"activity":1.0E-4,"lastBolusTime":1702893506960,"time":"2023-12-18T13:58:21.991Z","iobWithZeroTemp":{"iob":-0.198,"basaliob":-0.201,"bolussnooze":0,"activity":-0.0022,"lastBolusTime":1702893506960,"time":"2023-12-18T13:58:21.991Z"}},{"iob":0.002,"basaliob":0,"bolussnooze":0,"activity":1.0E-4,"lastBolusTime":1702893506960,"time":"2023-12-18T14:03:21.991Z","iobWithZeroTemp":{"iob":-0.204,"basaliob":-0.206,"bolussnooze":0,"activity":-0.0022,"lastBolusTime":1702893506960,"time":"2023-12-18T14:03:21.991Z"}},{"iob":0.002,"basaliob":0,"bolussnooze":0,"activity":1.0E-4,"lastBolusTime":1702893506960,"time":"2023-12-18T14:08:21.991Z","iobWithZeroTemp":{"iob":-0.209,"basaliob":-0.211,"bolussnooze":0,"activity":-0.0022,"lastBolusTime":1702893506960,"time":"2023-12-18T14:08:21.991Z"}},{"iob":0.002,"basaliob":0,"bolussnooze":0,"activity":1.0E-4,"lastBolusTime":1702893506960,"time":"2023-12-18T14:13:21.991Z","iobWithZeroTemp":{"iob":-0.214,"basaliob":-0.216,"bolussnooze":0,"activity":-0.0023,"lastBolusTime":1702893506960,"time":"2023-12-18T14:13:21.991Z"}},{"iob":0.001,"basaliob":0,"bolussnooze":0,"activity":0,"lastBolusTime":1702893506960,"time":"2023-12-18T14:18:21.991Z","iobWithZeroTemp":{"iob":-0.22,"basaliob":-0.221,"bolussnooze":0,"activity":-0.0024,"lastBolusTime":1702893506960,"time":"2023-12-18T14:18:21.991Z"}},{"iob":0.001,"basaliob":0,"bolussnooze":0,"activity":0,"lastBolusTime":1702893506960,"time":"2023-12-18T14:23:21.991Z","iobWithZeroTemp":{"iob":-0.224,"basaliob":-0.225,"bolussnooze":0,"activity":-0.0025,"lastBolusTime":1702893506960,"time":"2023-12-18T14:23:21.991Z"}},{"iob":0.001,"basaliob":0,"bolussnooze":0,"activity":0,"lastBolusTime":1702893506960,"time":"2023-12-18T14:28:21.991Z","iobWithZeroTemp":{"iob":-0.228,"basaliob":-0.229,"bolussnooze":0,"activity":-0.0025,"lastBolusTime":1702893506960,"time":"2023-12-18T14:28:21.991Z"}},{"iob":0.001,"basaliob":0,"bolussnooze":0,"activity":0,"lastBolusTime":1702893506960,"time":"2023-12-18T14:33:21.991Z","iobWithZeroTemp":{"iob":-0.232,"basaliob":-0.233,"bolussnooze":0,"activity":-0.0026,"lastBolusTime":1702893506960,"time":"2023-12-18T14:33:21.991Z"}},{"iob":0.001,"basaliob":0,"bolussnooze":0,"activity":0,"lastBolusTime":1702893506960,"time":"2023-12-18T14:38:21.991Z","iobWithZeroTemp":{"iob":-0.236,"basaliob":-0.237,"bolussnooze":0,"activity":-0.0026,"lastBolusTime":1702893506960,"time":"2023-12-18T14:38:21.991Z"}},{"iob":0.001,"basaliob":0,"bolussnooze":0,"activity":0,"lastBolusTime":1702893506960,"time":"2023-12-18T14:43:21.991Z","iobWithZeroTemp":{"iob":-0.24,"basaliob":-0.241,"bolussnooze":0,"activity":-0.0026,"lastBolusTime":1702893506960,"time":"2023-12-18T14:43:21.991Z"}},{"iob":0,"basaliob":0,"bolussnooze":0,"activity":0,"lastBolusTime":1702893506960,"time":"2023-12-18T14:48:21.991Z","iobWithZeroTemp":{"iob":-0.244,"basaliob":-0.244,"bolussnooze":0,"activity":-0.0027,"lastBolusTime":1702893506960,"time":"2023-12-18T14:48:21.991Z"}},{"iob":0,"basaliob":0,"bolussnooze":0,"activity":0,"lastBolusTime":1702893506960,"time":"2023-12-18T14:53:21.991Z","iobWithZeroTemp":{"iob":-0.247,"basaliob":-0.247,"bolussnooze":0,"activity":-0.0027,"lastBolusTime":1702893506960,"time":"2023-12-18T14:53:21.991Z"}},{"iob":0,"basaliob":0,"bolussnooze":0,"activity":0,"lastBolusTime":1702893506960,"time":"2023-12-18T14:58:21.991Z","iobWithZeroTemp":{"iob":-0.25,"basaliob":-0.25,"bolussnooze":0,"activity":-0.0028,"lastBolusTime":1702893506960,"time":"2023-12-18T14:58:21.991Z"}},{"iob":0,"basaliob":0,"bolussnooze":0,"activity":0,"lastBolusTime":1702893506960,"time":"2023-12-18T15:03:21.991Z","iobWithZeroTemp":{"iob":-0.253,"basaliob":-0.253,"bolussnooze":0,"activity":-0.0028,"lastBolusTime":1702893506960,"time":"2023-12-18T15:03:21.991Z"}},{"iob":0,"basaliob":0,"bolussnooze":0,"activity":0,"lastBolusTime":1702893506960,"time":"2023-12-18T15:08:21.991Z","iobWithZeroTemp":{"iob":-0.255,"basaliob":-0.255,"bolussnooze":0,"activity":-0.0029,"lastBolusTime":1702893506960,"time":"2023-12-18T15:08:21.991Z"}}],"profile":{"max_iob":10,"type":"current","max_daily_basal":0.25,"max_basal":0.75,"min_bg":90,"max_bg":90,"target_bg":90,"carb_ratio":12.4,"sens":84,"max_daily_safety_multiplier":5,"current_basal_safety_multiplier":5,"lgsThreshold":95,"high_temptarget_raises_sensitivity":false,"low_temptarget_lowers_sensitivity":false,"sensitivity_raises_target":true,"resistance_lowers_target":true,"adv_target_adjustments":false,"exercise_mode":false,"half_basal_exercise_target":160,"maxCOB":120,"skip_neutral_temps":false,"remainingCarbsCap":90,"enableUAM":true,"A52_risk_enable":false,"SMBInterval":5,"enableSMB_with_COB":true,"enableSMB_with_temptarget":false,"allowSMB_with_high_temptarget":false,"enableSMB_always":false,"enableSMB_after_carbs":true,"maxSMBBasalMinutes":120,"maxUAMSMBBasalMinutes":120,"bolus_increment":0.05,"carbsReqThreshold":1,"current_basal":0.15000000596046448,"temptargetSet":false,"autosens_max":1.2,"autosens_min":0.7,"variable_sens":102.4,"insulinDivisor":75,"TDD":20.21119651436},"autosens_data":{"ratio":1},"meal_data":{"carbs":0,"mealCOB":0,"slopeFromMaxDeviation":0,"slopeFromMinDeviation":0.4019999999999999,"lastBolusTime":1702893506960,"lastCarbTime":0},"microBolusAllowed":true,"currentTime":1702898003106,"flatBGsDetected":false,"tdd1D":22.354166475186748,"tdd7D":26.782783919711285,"tddLast24H":22.016666497538488,"tddLast4H":1.1166666785875956,"tddLast8to4H":3.670833381017049},"output":{"temp":"absolute","bg":104,"tick":"+2","eventualBG":114,"targetBG":90,"insulinReq":0.2,"deliverAt":"2023-12-18T11:13:23.106Z","sensitivityRatio":1,"variable_sens":102.4,"predBGs":{"IOB":[104,105,107,108,109,109,110,110,111,111,111,111,110,110,110,109,109,109,109,108,108,108,108,108,108,107],"ZT":[104,103,102,102,101,100,100,99,99,99,99,99,99,99,99,100,100,101,101,102,102,103,104,105,105],"UAM":[104,105,107,108,109,110,111,112,113,114,114,115,115,116,116,116,116,116,116,116,116,115,115,115,115,115,115,115,115,114]},"reason":"COB: 0, Dev: 15, BGI: -1, ISF: 102, CR: 12.4, Target: 90, minPredBG 110, minGuardBG 105, IOBpredBG 107, UAMpredBG 114; Eventual BG 114 >= 90, temp 0.40 < 0.55U\/hr. ","COB":0,"IOB":0.103,"duration":30,"rate":0.5500000059604645,"timestamp":"2023-12-18T11:13:23.123Z"}}