{"algorithm":"OpenAPSSMBDynamicISFPlugin","input":{"glucoseStatus":{"glucose":106,"noise":0,"delta":-1,"short_avgdelta":-1.39,"long_avgdelta":-1.04,"date":1702895271000},"currenttemp":{"temp":"absolute","duration":45,"rate":0,"minutesrunning":15},"iob_data":[{"iob":0.241,"basaliob":-0.017,"bolussnooze":0,"activity":0.0036,"lastBolusTime":1702893506960,"time":"2023-12-18T10:28:20.564Z","iobWithZeroTemp":{"iob":0.241,"basaliob":-0.017,"bolussnooze":0,"activity":0.0036,"lastBolusTime":1702893506960,"time":"2023-12-18T10:28:20.564Z"}},{"iob":0.223,"basaliob":-0.016,"bolussnooze":0,"activity":0.0035,"lastBolusTime":1702893506960,"time":"2023-12-18T10:33:20.564Z","iobWithZeroTemp":{"iob":0.213,"basaliob":-0.026,"bolussnooze":0,"activity":0.0035,"lastBolusTime":1702893506960,"time":"2023-12-18T10:33:20.564Z"}},{"iob":0.206,"basaliob":-0.015,"bolussnooze":0,"activity":0.0033,"lastBolusTime":1702893506960,"time":"2023-12-18T10:38:20.564Z","iobWithZeroTemp":{"iob":0.184,"basaliob":-0.037,"bolussnooze":0,"activity":0.0033,"lastBolusTime":1702893506960,"time":"2023-12-18T10:38:20.564Z"}},{"iob":0.19,"basaliob":-0.014,"bolussnooze":0,"activity":0.0031,"lastBolusTime":1702893506960,"time":"2023-12-18T10:43:20.564Z","iobWithZeroTemp":{"iob":0.155,"basaliob":-0.049,"bolussnooze":0,"activity":0.003,"lastBolusTime":1702893506960,"time":"2023-12-18T10:43:20.564Z"}},{"iob":0.175,"basaliob":-0.013,"bolussnooze":0,"activity":0.0029,"lastBolusTime":1702893506960,"time":"2023-12-18T10:48:20.564Z","iobWithZeroTemp":{"iob":0.129,"basaliob":-0.059,"bolussnooze":0,"activity":0.0027,"lastBolusTime":1702893506960,"time":"2023-12-18T10:48:20.564Z"}},{"iob":0.16,"basaliob":-0.013,"bolussnooze":0,"activity":0.0027,"lastBolusTime":1702893506960,"time":"2023-12-18T10:53:20.564Z","iobWithZeroTemp":{"iob":0.102,"basaliob":-0.071,"bolussnooze":0,"activity":0.0024,"lastBolusTime":1702893506960,"time":"2023-12-18T10:53:20.564Z"}},{"iob":0.147,"basaliob":-0.012,"bolussnooze":0,"activity":0.0026,"lastBolusTime":1702893506960,"time":"2023-12-18T10:58:20.564Z","iobWithZeroTemp":{"iob":0.078,"basaliob":-0.081,"bolussnooze":0,"activity":0.0022,"lastBolusTime":1702893506960,"time":"2023-12-18T10:58:20.564Z"}},{"iob":0.135,"basaliob":-0.011,"bolussnooze":0,"activity":0.0024,"lastBolusTime":1702893506960,"time":"2023-12-18T11:03:20.564Z","iobWithZeroTemp":{"iob":0.056,"basaliob":-0.09,"bolussnooze":0,"activity":0.0019,"lastBolusTime":1702893506960,"time":"2023-12-18T11:03:20.564Z"}},{"iob":0.123,"basaliob":-0.01,"bolussnooze":0,"activity":0.0022,"lastBolusTime":1702893506960,"time":"2023-12-18T11:08:20.564Z","iobWithZeroTemp":{"iob":0.034,"basaliob":-0.099,"bolussnooze":0,"activity":0.0016,"lastBolusTime":1702893506960,"time":"2023-12-18T11:08:20.564Z"}},{"iob":0.113,"basaliob":-0.009,"bolussnooze":0,"activity":0.0021,"lastBolusTime":1702893506960,"time":"2023-12-18T11:13:20.564Z","iobWithZeroTemp":{"iob":0.014,"basaliob":-0.108,"bolussnooze":0,"activity":0.0014,"lastBolusTime":1702893506960,"time":"2023-12-18T11:13:20.564Z"}},{"iob":0.102,"basaliob":-0.009,"bolussnooze":0,"activity":0.002,"lastBolusTime":1702893506960,"time":"2023-12-18T11:18:20.564Z","iobWithZeroTemp":{"iob":-0.005,"basaliob":-0.116,"bolussnooze":0,"activity":0.0012,"lastBolusTime":1702893506960,"time":"2023-12-18T11:18:20.564Z"}},{"iob":0.093,"basaliob":-0.008,"bolussnooze":0,"activity":0.0018,"lastBolusTime":1702893506960,"time":"2023-12-18T11:23:20.564Z","iobWithZeroTemp":{"iob":-0.023,"basaliob":-0.124,"bolussnooze":0,"activity":9.0E-4,"lastBolusTime":1702893506960,"time":"2023-12-18T11:23:20.564Z"}},{"iob":0.085,"basaliob":-0.007,"bolussnooze":0,"activity":0.0017,"lastBolusTime":1702893506960,"time":"2023-12-18T11:28:20.564Z","iobWithZeroTemp":{"iob":-0.039,"basaliob":-0.131,"bolussnooze":0,"activity":7.0E-4,"lastBolusTime":1702893506960,"time":"2023-12-18T11:28:20.564Z"}},{"iob":0.076,"basaliob":-0.007,"bolussnooze":0,"activity":0.0015,"lastBolusTime":1702893506960,"time":"2023-12-18T11:33:20.564Z","iobWithZeroTemp":{"iob":-0.055,"basaliob":-0.138,"bolussnooze":0,"activity":4.0E-4,"lastBolusTime":1702893506960,"time":"2023-12-18T11:33:20.564Z"}},{"iob":0.069,"basaliob":-0.006,"bolussnooze":0,"activity":0.0014,"lastBolusTime":1702893506960,"time":"2023-12-18T11:38:20.564Z","iobWithZeroTemp":{"iob":-0.069,"basaliob":-0.144,"bolussnooze":0,"activity":2.0E-4,"lastBolusTime":1702893506960,"time":"2023-12-18T11:38:20.564Z"}},{"iob":0.062,"basaliob":-0.006,"bolussnooze":0,"activity":0.0013,"lastBolusTime":1702893506960,"time":"2023-12-18T11:43:20.564Z","iobWithZeroTemp":{"iob":-0.082,"basaliob":-0.15,"bolussnooze":0,"activity":0,"lastBolusTime":1702893506960,"time":"2023-12-18T11:43:20.564Z"}},{"iob":0.057,"basaliob":-0.005,"bolussnooze":0,"activity":0.0012,"lastBolusTime":1702893506960,"time":"2023-12-18T11:48:20.564Z","iobWithZeroTemp":{"iob":-0.093,"basaliob":-0.155,"bolussnooze":0,"activity":-2.0E-4,"lastBolusTime":1702893506960,"time":"2023-12-18T11:48:20.564Z"}},{"iob":0.051,"basaliob":-0.005,"bolussnooze":0,"activity":0.001,"lastBolusTime":1702893506960,"time":"2023-12-18T11:53:20.564Z","iobWithZeroTemp":{"iob":-0.105,"basaliob":-0.161,"bolussnooze":0,"activity":-5.0E-4,"lastBolusTime":1702893506960,"time":"2023-12-18T11:53:20.564Z"}},{"iob":0.046,"basaliob":-0.004,"bolussnooze":0,"activity":9.0E-4,"lastBolusTime":1702893506960,"time":"2023-12-18T11:58:20.564Z","iobWithZeroTemp":{"iob":-0.115,"basaliob":-0.165,"bolussnooze":0,"activity":-6.0E-4,"lastBolusTime":1702893506960,"time":"2023-12-18T11:58:20.564Z"}},{"iob":0.041,"basaliob":-0.004,"bolussnooze":0,"activity":8.0E-4,"lastBolusTime":1702893506960,"time":"2023-12-18T12:03:20.564Z","iobWithZeroTemp":{"iob":-0.124,"basaliob":-0.169,"bolussnooze":0,"activity":-8.0E-4,"lastBolusTime":1702893506960,"time":"2023-12-18T12:03:20.564Z"}},{"iob":0.038,"basaliob":-0.003,"bolussnooze":0,"activity":8.0E-4,"lastBolusTime":1702893506960,"time":"2023-12-18T12:08:20.564Z","iobWithZeroTemp":{"iob":-0.131,"basaliob":-0.172,"bolussnooze":0,"activity":-9.0E-4,"lastBolusTime":1702893506960,"time":"2023-12-18T12:08:20.564Z"}},{"iob":0.034,"basaliob":-0.003,"bolussnooze":0,"activity":7.0E-4,"lastBolusTime":1702893506960,"time":"2023-12-18T12:13:20.564Z","iobWithZeroTemp":{"iob":-0.139,"basaliob":-0.176,"bolussnooze":0,"activity":-0.001,"lastBolusTime":1702893506960,"time":"2023-12-18T12:13:20.564Z"}},{"iob":0.03,"basaliob":-0.003,"bolussnooze":0,"activity":6.0E-4,"lastBolusTime":1702893506960,"time":"2023-12-18T12:18:20.564Z","iobWithZeroTemp":{"iob":-0.147,"basaliob":-0.18,"bolussnooze":0,"activity":-0.0012,"lastBolusTime":1702893506960,"time":"2023-12-18T12:18:20.564Z"}},{"iob":0.027,"basaliob":-0.003,"bolussnooze":0,"activity":5.0E-4,"lastBolusTime":1702893506960,"time":"2023-12-18T12:23:20.564Z","iobWithZeroTemp":{"iob":-0.153,"basaliob":-0.183,"bolussnooze":0,"activity":-0.0014,"lastBolusTime":1702893506960,"time":"2023-12-18T12:23:20.564Z"}},{"iob":0.025,"basaliob":-0.002,"bolussnooze":0,"activity":6.0E-4,"lastBolusTime":1702893506960,"time":"2023-12-18T12:28:20.564Z","iobWithZeroTemp":{"iob":-0.158,"basaliob":-0.185,"bolussnooze":0,"activity":-0.0013,"lastBolusTime":1702893506960,"time":"2023-12-18T12:28:20.564Z"}},{"iob":0.022,"basaliob":-0.002,"bolussnooze":0,"activity":5.0E-4,"lastBolusTime":1702893506960,"time":"2023-12-18T12:33:20.564Z","iobWithZeroTemp":{"iob":-0.164,"basaliob":-0.188,"bolussnooze":0,"activity":-0.0015,"lastBolusTime":1702893506960,"time":"2023-12-18T12:33:20.564Z"}},{"iob":0.019,"basaliob":-0.002,"bolussnooze":0,"activity":5.0E-4,"lastBolusTime":1702893506960,"time":"2023-12-18T12:38:20.564Z","iobWithZeroTemp":{"iob":-0.17,"basaliob":-0.191,"bolussnooze":0,"activity":-0.0015,"lastBolusTime":1702893506960,"time":"2023-12-18T12:38:20.564Z"}},{"iob":0.017,"basaliob":-0.002,"bolussnooze":0,"activity":4.0E-4,"lastBolusTime":1702893506960,"time":"2023-12-18T12:43:20.564Z","iobWithZeroTemp":{"iob":-0.174,"basaliob":-0.193,"bolussnooze":0,"activity":-0.0017,"lastBolusTime":1702893506960,"time":"2023-12-18T12:43:20.564Z"}},{"iob":0.016,"basaliob":-0.001,"bolussnooze":0,"activity":4.0E-4,"lastBolusTime":1702893506960,"time":"2023-12-18T12:48:20.564Z","iobWithZeroTemp":{"iob":-0.177,"basaliob":-0.194,"bolussnooze":0,"activity":-0.0017,"lastBolusTime":1702893506960,"time":"2023-12-18T12:48:20.564Z"}},{"iob":0.014,"basaliob":-0.001,"bolussnooze":0,"activity":4.0E-4,"lastBolusTime":1702893506960,"time":"2023-12-18T12:53:20.564Z","iobWithZeroTemp":{"iob":-0.181,"basaliob":-0.196,"bolussnooze":0,"activity":-0.0017,"lastBolusTime":1702893506960,"time":"2023-12-18T12:53:20.564Z"}},{"iob":0.012,"basaliob":-0.001,"bolussnooze":0,"activity":3.0E-4,"lastBolusTime":1702893506960,"time":"2023-12-18T12:58:20.564Z","iobWithZeroTemp":{"iob":-0.185,"basaliob":-0.198,"bolussnooze":0,"activity":-0.0019,"lastBolusTime":1702893506960,"time":"2023-12-18T12:58:20.564Z"}},{"iob":0.011,"basaliob":-0.001,"bolussnooze":0,"activity":3.0E-4,"lastBolusTime":1702893506960,"time":"2023-12-18T13:03:20.564Z","iobWithZeroTemp":{"iob":-0.187,"basaliob":-0.199,"bolussnooze":0,"activity":-0.0019,"lastBolusTime":1702893506960,"time":"2023-12-18T13:03:20.564Z"}},{"iob":0.01,"basaliob":-0.001,"bolussnooze":0,"activity":3.0E-4,"lastBolusTime":1702893506960,"time":"2023-12-18T13:08:20.564Z","iobWithZeroTemp":{"iob":-0.189,"basaliob":-0.2,"bolussnooze":0,"activity":-0.0019,"lastBolusTime":1702893506960,"time":"2023-12-18T13:08:20.564Z"}},{"iob":0.008,"basaliob":-0.001,"bolussnooze":0,"activity":2.0E-4,"lastBolusTime":1702893506960,"time":"2023-12-18T13:13:20.564Z","iobWithZeroTemp":{"iob":-0.193,"basaliob":-0.202,"bolussnooze":0,"activity":-0.0021,"lastBolusTime":1702893506960,"time":"2023-12-18T13:13:20.564Z"}},{"iob":0.007,"basaliob":-0.001,"bolussnooze":0,"activity":2.0E-4,"lastBolusTime":1702893506960,"time":"2023-12-18T13:18:20.564Z","iobWithZeroTemp":{"iob":-0.195,"basaliob":-0.203,"bolussnooze":0,"activity":-0.0021,"lastBolusTime":1702893506960,"time":"2023-12-18T13:18:20.564Z"}},{"iob":0.006,"basaliob":-0.001,"bolussnooze":0,"activity":2.0E-4,"lastBolusTime":1702893506960,"time":"2023-12-18T13:23:20.564Z","iobWithZeroTemp":{"iob":-0.197,"basaliob":-0.204,"bolussnooze":0,"activity":-0.0021,"lastBolusTime":1702893506960,"time":"2023-12-18T13:23:20.564Z"}},{"iob":0.005,"basaliob":-0.001,"bolussnooze":0,"activity":2.0E-4,"lastBolusTime":1702893506960,"time":"2023-12-18T13:28:20.564Z","iobWithZeroTemp":{"iob":-0.199,"basaliob":-0.205,"bolussnooze":0,"activity":-0.0021,"lastBolusTime":1702893506960,"time":"2023-12-18T13:28:20.564Z"}},{"iob":0.005,"basaliob":-0.001,"bolussnooze":0,"activity":1.0E-4,"lastBolusTime":1702893506960,"time":"2023-12-18T13:33:20.564Z","iobWithZeroTemp":{"iob":-0.2,"basaliob":-0.206,"bolussnooze":0,"activity":-0.0022,"lastBolusTime":1702893506960,"time":"2023-12-18T13:33:20.564Z"}},{"iob":0.005,"basaliob":0,"bolussnooze":0,"activity":1.0E-4,"lastBolusTime":1702893506960,"time":"2023-12-18T13:38:20.564Z","iobWithZeroTemp":{"iob":-0.2,"basaliob":-0.205,"bolussnooze":0,"activity":-0.0023,"lastBolusTime":1702893506960,"time":"2023-12-18T13:38:20.564Z"}},{"iob":0.004,"basaliob":0,"bolussnooze":0,"activity":1.0E-4,"lastBolusTime":1702893506960,"time":"2023-12-18T13:43:20.564Z","iobWithZeroTemp":{"iob":-0.202,"basaliob":-0.206,"bolussnooze":0,"activity":-0.0023,"lastBolusTime":1702893506960,"time":"2023-12-18T13:43:20.564Z"}},{"iob":0.004,"basaliob":0,"bolussnooze":0,"activity":1.0E-4,"lastBolusTime":1702893506960,"time":"2023-12-18T13:48:20.564Z","iobWithZeroTemp":{"iob":-0.202,"basaliob":-0.206,"bolussnooze":0,"activity":-0.0023,"lastBolusTime":1702893506960,"time":"2023-12-18T13:48:20.564Z"}},{"iob":0.003,"basaliob":0,"bolussnooze":0,"activity":1.0E-4,"lastBolusTime":1702893506960,"time":"2023-12-18T13:53:20.564Z","iobWithZeroTemp":{"iob":-0.204,"basaliob":-0.207,"bolussnooze":0,"activity":-0.0023,"lastBolusTime":1702893506960,"time":"2023-12-18T13:53:20.564Z"}},{"iob":0.003,"basaliob":0,"bolussnooze":0,"activity":1.0E-4,"lastBolusTime":1702893506960,"time":"2023-12-18T13:58:20.564Z","iobWithZeroTemp":{"iob":-0.204,"basaliob":-0.207,"bolussnooze":0,"activity":-0.0023,"lastBolusTime":1702893506960,"time":"2023-12-18T13:58:20.564Z"}},{"iob":0.002,"basaliob":0,"bolussnooze":0,"activity":1.0E-4,"lastBolusTime":1702893506960,"time":"2023-12-18T14:03:20.564Z","iobWithZeroTemp":{"iob":-0.21,"basaliob":-0.212,"bolussnooze":0,"activity":-0.0023,"lastBolusTime":1702893506960,"time":"2023-12-18T14:03:20.564Z"}},{"iob":0.002,"basaliob":0,"bolussnooze":0,"activity":1.0E-4,"lastBolusTime":1702893506960,"time":"2023-12-18T14:08:20.564Z","iobWithZeroTemp":{"iob":-0.214,"basaliob":-0.216,"bolussnooze":0,"activity":-0.0024,"lastBolusTime":1702893506960,"time":"2023-12-18T14:08:20.564Z"}},{"iob":0.002,"basaliob":0,"bolussnooze":0,"activity":1.0E-4,"lastBolusTime":1702893506960,"time":"2023-12-18T14:13:20.564Z","iobWithZeroTemp":{"iob":-0.219,"basaliob":-0.221,"bolussnooze":0,"activity":-0.0024,"lastBolusTime":1702893506960,"time":"2023-12-18T14:13:20.564Z"}},{"iob":0.001,"basaliob":0,"bolussnooze":0,"activity":0,"lastBolusTime":1702893506960,"time":"2023-12-18T14:18:20.564Z","iobWithZeroTemp":{"iob":-0.224,"basaliob":-0.225,"bolussnooze":0,"activity":-0.0025,"lastBolusTime":1702893506960,"time":"2023-12-18T14:18:20.564Z"}},{"iob":0.001,"basaliob":0,"bolussnooze":0,"activity":0,"lastBolusTime":1702893506960,"time":"2023-12-18T14:23:20.564Z","iobWithZeroTemp":{"iob":-0.228,"basaliob":-0.229,"bolussnooze":0,"activity":-0.0025,"lastBolusTime":1702893506960,"time":"2023-12-18T14:23:20.564Z"}}],"profile":{"max_iob":10,"type":"current","max_daily_basal":0.25,"max_basal":0.75,"min_bg":90,"max_bg":90,"target_bg":90,"carb_ratio":12.6,"sens":84,"max_daily_safety_multiplier":5,"current_basal_safety_multiplier":5,"lgsThreshold":95,"high_temptarget_raises_sensitivity":false,"low_temptarget_lowers_sensitivity":false,"sensitivity_raises_target":true,"resistance_lowers_target":true,"adv_target_adjustments":false,"exercise_mode":false,"half_basal_exercise_target":160,"maxCOB":120,"skip_neutral_temps":false,"remainingCarbsCap":90,"enableUAM":true,"A52_risk_enable":false,"SMBInterval":5,"enableSMB_with_COB":true,"enableSMB_with_temptarget":false,"allowSMB_with_high_temptarget":false,"enableSMB_always":false,"enableSMB_after_carbs":true,"maxSMBBasalMinutes":120,"maxUAMSMBBasalMinutes":120,"bolus_increment":0.05,"carbsReqThreshold":1,"current_basal":0.15000000596046448,"temptargetSet":false,"autosens_max":1.2,"autosens_min":0.7,"variable_sens":100.5,"insulinDivisor":75,"TDD":20.32174651436},"autosens_data":{"ratio":1},"meal_data":{"carbs":33,"mealCOB":0,"slopeFromMaxDeviation":-0.40839999999999993,"slopeFromMinDeviation":0,"lastBolusTime":1702893506960,"lastCarbTime":1702882100580},"microBolusAllowed":true,"currentTime":1702895301741,"flatBGsDetected":false,"tdd1D":22.354166475186748,"tdd7D":26.782783919711285,"tddLast24H":21.958333164205154,"tddLast4H":1.087500011920929,"tddLast8to4H":3.9250000476837155},"output":{"temp":"absolute","bg":106,"tick":-1,"eventualBG":85,"targetBG":90,"insulinReq":0,"deliverAt":"2023-12-18T10:28:21.741Z","sensitivityRatio":1,"variable_sens":100.5,"predBGs":{"IOB":[106,105,103,102,100,99,98,97,96,94,93,92,91,90,90,89,88,87,87,86,86,85,85,85,84,84,84,83,83,83,83,82,82,82,82,82,82,82,82,81],"ZT":[106,104,102,101,99,98,96,95,94,93,93,92,91,91,91,91,91,91,91,91,92,92,93,94,94,95,96,97,98,99,99],"UAM":[106,104,102,101,99,98,96,95,93,92,91,90,89,88,87,86,86,85,84,84,83,83,82,82,82,81,81,81,81,80,80,80,80,80,79]},"reason":"COB: 0, Dev: 3, BGI: -2, ISF: 101, CR: 12.6, Target: 90, minPredBG 85, minGuardBG 79, IOBpredBG 81, UAMpredBG 79; minGuardBG 79<95 45m left and 0 ~ req 0U\/hr: no temp required","COB":0,"IOB":0.241,"timestamp":"2023-12-18T10:28:21.758Z"}}