{"algorithm":"OpenAPSSMBDynamicISFPlugin","input":{"glucoseStatus":{"glucose":127,"noise":0,"delta":-1,"short_avgdelta":-1.39,"long_avgdelta":-1.88,"date":1703035977000},"currenttemp":{"temp":"absolute","duration":25,"rate":0,"minutesrunning":5},"iob_data":[{"iob":0.284,"basaliob":0.028,"bolussnooze":0,"activity":0.0052,"lastBolusTime":1703032414978,"time":"2023-12-20T01:33:28.223Z","iobWithZeroTemp":{"iob":0.284,"basaliob":0.028,"bolussnooze":0,"activity":0.0052,"lastBolusTime":1703032414978,"time":"2023-12-20T01:33:28.223Z"}},{"iob":0.258,"basaliob":0.026,"bolussnooze":0,"activity":0.0048,"lastBolusTime":1703032414978,"time":"2023-12-20T01:38:28.223Z","iobWithZeroTemp":{"iob":0.245,"basaliob":0.013,"bolussnooze":0,"activity":0.0048,"lastBolusTime":1703032414978,"time":"2023-12-20T01:38:28.223Z"}},{"iob":0.235,"basaliob":0.025,"bolussnooze":0,"activity":0.0045,"lastBolusTime":1703032414978,"time":"2023-12-20T01:43:28.223Z","iobWithZeroTemp":{"iob":0.205,"basaliob":-0.005,"bolussnooze":0,"activity":0.0044,"lastBolusTime":1703032414978,"time":"2023-12-20T01:43:28.223Z"}},{"iob":0.213,"basaliob":0.023,"bolussnooze":0,"activity":0.0041,"lastBolusTime":1703032414978,"time":"2023-12-20T01:48:28.223Z","iobWithZeroTemp":{"iob":0.167,"basaliob":-0.023,"bolussnooze":0,"activity":0.004,"lastBolusTime":1703032414978,"time":"2023-12-20T01:48:28.223Z"}},{"iob":0.193,"basaliob":0.021,"bolussnooze":0,"activity":0.0038,"lastBolusTime":1703032414978,"time":"2023-12-20T01:53:28.223Z","iobWithZeroTemp":{"iob":0.131,"basaliob":-0.041,"bolussnooze":0,"activity":0.0036,"lastBolusTime":1703032414978,"time":"2023-12-20T01:53:28.223Z"}},{"iob":0.175,"basaliob":0.02,"bolussnooze":0,"activity":0.0035,"lastBolusTime":1703032414978,"time":"2023-12-20T01:58:28.223Z","iobWithZeroTemp":{"iob":0.098,"basaliob":-0.057,"bolussnooze":0,"activity":0.0032,"lastBolusTime":1703032414978,"time":"2023-12-20T01:58:28.223Z"}},{"iob":0.158,"basaliob":0.018,"bolussnooze":0,"activity":0.0032,"lastBolusTime":1703032414978,"time":"2023-12-20T02:03:28.223Z","iobWithZeroTemp":{"iob":0.066,"basaliob":-0.074,"bolussnooze":0,"activity":0.0027,"lastBolusTime":1703032414978,"time":"2023-12-20T02:03:28.223Z"}},{"iob":0.143,"basaliob":0.017,"bolussnooze":0,"activity":0.003,"lastBolusTime":1703032414978,"time":"2023-12-20T02:08:28.223Z","iobWithZeroTemp":{"iob":0.037,"basaliob":-0.089,"bolussnooze":0,"activity":0.0024,"lastBolusTime":1703032414978,"time":"2023-12-20T02:08:28.223Z"}},{"iob":0.129,"basaliob":0.016,"bolussnooze":0,"activity":0.0027,"lastBolusTime":1703032414978,"time":"2023-12-20T02:13:28.223Z","iobWithZeroTemp":{"iob":0.01,"basaliob":-0.103,"bolussnooze":0,"activity":0.002,"lastBolusTime":1703032414978,"time":"2023-12-20T02:13:28.223Z"}},{"iob":0.116,"basaliob":0.015,"bolussnooze":0,"activity":0.0024,"lastBolusTime":1703032414978,"time":"2023-12-20T02:18:28.223Z","iobWithZeroTemp":{"iob":-0.015,"basaliob":-0.116,"bolussnooze":0,"activity":0.0015,"lastBolusTime":1703032414978,"time":"2023-12-20T02:18:28.223Z"}},{"iob":0.104,"basaliob":0.013,"bolussnooze":0,"activity":0.0022,"lastBolusTime":1703032414978,"time":"2023-12-20T02:23:28.223Z","iobWithZeroTemp":{"iob":-0.039,"basaliob":-0.13,"bolussnooze":0,"activity":0.0012,"lastBolusTime":1703032414978,"time":"2023-12-20T02:23:28.223Z"}},{"iob":0.093,"basaliob":0.012,"bolussnooze":0,"activity":0.002,"lastBolusTime":1703032414978,"time":"2023-12-20T02:28:28.223Z","iobWithZeroTemp":{"iob":-0.061,"basaliob":-0.142,"bolussnooze":0,"activity":8.0E-4,"lastBolusTime":1703032414978,"time":"2023-12-20T02:28:28.223Z"}},{"iob":0.084,"basaliob":0.011,"bolussnooze":0,"activity":0.0019,"lastBolusTime":1703032414978,"time":"2023-12-20T02:33:28.223Z","iobWithZeroTemp":{"iob":-0.081,"basaliob":-0.154,"bolussnooze":0,"activity":6.0E-4,"lastBolusTime":1703032414978,"time":"2023-12-20T02:33:28.223Z"}},{"iob":0.075,"basaliob":0.01,"bolussnooze":0,"activity":0.0017,"lastBolusTime":1703032414978,"time":"2023-12-20T02:38:28.223Z","iobWithZeroTemp":{"iob":-0.1,"basaliob":-0.165,"bolussnooze":0,"activity":3.0E-4,"lastBolusTime":1703032414978,"time":"2023-12-20T02:38:28.223Z"}},{"iob":0.067,"basaliob":0.009,"bolussnooze":0,"activity":0.0016,"lastBolusTime":1703032414978,"time":"2023-12-20T02:43:28.223Z","iobWithZeroTemp":{"iob":-0.117,"basaliob":-0.175,"bolussnooze":0,"activity":0,"lastBolusTime":1703032414978,"time":"2023-12-20T02:43:28.223Z"}},{"iob":0.06,"basaliob":0.009,"bolussnooze":0,"activity":0.0014,"lastBolusTime":1703032414978,"time":"2023-12-20T02:48:28.223Z","iobWithZeroTemp":{"iob":-0.132,"basaliob":-0.183,"bolussnooze":0,"activity":-3.0E-4,"lastBolusTime":1703032414978,"time":"2023-12-20T02:48:28.223Z"}},{"iob":0.053,"basaliob":0.008,"bolussnooze":0,"activity":0.0012,"lastBolusTime":1703032414978,"time":"2023-12-20T02:53:28.223Z","iobWithZeroTemp":{"iob":-0.147,"basaliob":-0.192,"bolussnooze":0,"activity":-6.0E-4,"lastBolusTime":1703032414978,"time":"2023-12-20T02:53:28.223Z"}},{"iob":0.047,"basaliob":0.007,"bolussnooze":0,"activity":0.0011,"lastBolusTime":1703032414978,"time":"2023-12-20T02:58:28.223Z","iobWithZeroTemp":{"iob":-0.16,"basaliob":-0.2,"bolussnooze":0,"activity":-8.0E-4,"lastBolusTime":1703032414978,"time":"2023-12-20T02:58:28.223Z"}},{"iob":0.041,"basaliob":0.006,"bolussnooze":0,"activity":0.001,"lastBolusTime":1703032414978,"time":"2023-12-20T03:03:28.223Z","iobWithZeroTemp":{"iob":-0.169,"basaliob":-0.204,"bolussnooze":0,"activity":-0.001,"lastBolusTime":1703032414978,"time":"2023-12-20T03:03:28.223Z"}},{"iob":0.037,"basaliob":0.006,"bolussnooze":0,"activity":9.0E-4,"lastBolusTime":1703032414978,"time":"2023-12-20T03:08:28.223Z","iobWithZeroTemp":{"iob":-0.175,"basaliob":-0.206,"bolussnooze":0,"activity":-0.0012,"lastBolusTime":1703032414978,"time":"2023-12-20T03:08:28.223Z"}},{"iob":0.032,"basaliob":0.005,"bolussnooze":0,"activity":8.0E-4,"lastBolusTime":1703032414978,"time":"2023-12-20T03:13:28.223Z","iobWithZeroTemp":{"iob":-0.182,"basaliob":-0.209,"bolussnooze":0,"activity":-0.0014,"lastBolusTime":1703032414978,"time":"2023-12-20T03:13:28.223Z"}},{"iob":0.029,"basaliob":0.005,"bolussnooze":0,"activity":7.0E-4,"lastBolusTime":1703032414978,"time":"2023-12-20T03:18:28.223Z","iobWithZeroTemp":{"iob":-0.186,"basaliob":-0.21,"bolussnooze":0,"activity":-0.0016,"lastBolusTime":1703032414978,"time":"2023-12-20T03:18:28.223Z"}},{"iob":0.025,"basaliob":0.004,"bolussnooze":0,"activity":7.0E-4,"lastBolusTime":1703032414978,"time":"2023-12-20T03:23:28.223Z","iobWithZeroTemp":{"iob":-0.191,"basaliob":-0.212,"bolussnooze":0,"activity":-0.0016,"lastBolusTime":1703032414978,"time":"2023-12-20T03:23:28.223Z"}},{"iob":0.022,"basaliob":0.004,"bolussnooze":0,"activity":6.0E-4,"lastBolusTime":1703032414978,"time":"2023-12-20T03:28:28.223Z","iobWithZeroTemp":{"iob":-0.195,"basaliob":-0.213,"bolussnooze":0,"activity":-0.0018,"lastBolusTime":1703032414978,"time":"2023-12-20T03:28:28.223Z"}},{"iob":0.019,"basaliob":0.003,"bolussnooze":0,"activity":6.0E-4,"lastBolusTime":1703032414978,"time":"2023-12-20T03:33:28.223Z","iobWithZeroTemp":{"iob":-0.199,"basaliob":-0.215,"bolussnooze":0,"activity":-0.0018,"lastBolusTime":1703032414978,"time":"2023-12-20T03:33:28.223Z"}},{"iob":0.017,"basaliob":0.003,"bolussnooze":0,"activity":5.0E-4,"lastBolusTime":1703032414978,"time":"2023-12-20T03:38:28.223Z","iobWithZeroTemp":{"iob":-0.201,"basaliob":-0.215,"bolussnooze":0,"activity":-0.0019,"lastBolusTime":1703032414978,"time":"2023-12-20T03:38:28.223Z"}},{"iob":0.015,"basaliob":0.003,"bolussnooze":0,"activity":5.0E-4,"lastBolusTime":1703032414978,"time":"2023-12-20T03:43:28.223Z","iobWithZeroTemp":{"iob":-0.203,"basaliob":-0.215,"bolussnooze":0,"activity":-0.002,"lastBolusTime":1703032414978,"time":"2023-12-20T03:43:28.223Z"}},{"iob":0.012,"basaliob":0.002,"bolussnooze":0,"activity":4.0E-4,"lastBolusTime":1703032414978,"time":"2023-12-20T03:48:28.223Z","iobWithZeroTemp":{"iob":-0.206,"basaliob":-0.216,"bolussnooze":0,"activity":-0.0021,"lastBolusTime":1703032414978,"time":"2023-12-20T03:48:28.223Z"}},{"iob":0.011,"basaliob":0.002,"bolussnooze":0,"activity":3.0E-4,"lastBolusTime":1703032414978,"time":"2023-12-20T03:53:28.223Z","iobWithZeroTemp":{"iob":-0.207,"basaliob":-0.216,"bolussnooze":0,"activity":-0.0022,"lastBolusTime":1703032414978,"time":"2023-12-20T03:53:28.223Z"}},{"iob":0.009,"basaliob":0.002,"bolussnooze":0,"activity":2.0E-4,"lastBolusTime":1703032414978,"time":"2023-12-20T03:58:28.223Z","iobWithZeroTemp":{"iob":-0.209,"basaliob":-0.216,"bolussnooze":0,"activity":-0.0023,"lastBolusTime":1703032414978,"time":"2023-12-20T03:58:28.223Z"}},{"iob":0.008,"basaliob":0.002,"bolussnooze":0,"activity":2.0E-4,"lastBolusTime":1703032414978,"time":"2023-12-20T04:03:28.223Z","iobWithZeroTemp":{"iob":-0.218,"basaliob":-0.224,"bolussnooze":0,"activity":-0.0023,"lastBolusTime":1703032414978,"time":"2023-12-20T04:03:28.223Z"}},{"iob":0.007,"basaliob":0.002,"bolussnooze":0,"activity":2.0E-4,"lastBolusTime":1703032414978,"time":"2023-12-20T04:08:28.223Z","iobWithZeroTemp":{"iob":-0.227,"basaliob":-0.232,"bolussnooze":0,"activity":-0.0024,"lastBolusTime":1703032414978,"time":"2023-12-20T04:08:28.223Z"}},{"iob":0.006,"basaliob":0.001,"bolussnooze":0,"activity":2.0E-4,"lastBolusTime":1703032414978,"time":"2023-12-20T04:13:28.223Z","iobWithZeroTemp":{"iob":-0.236,"basaliob":-0.241,"bolussnooze":0,"activity":-0.0024,"lastBolusTime":1703032414978,"time":"2023-12-20T04:13:28.223Z"}},{"iob":0.005,"basaliob":0.001,"bolussnooze":0,"activity":1.0E-4,"lastBolusTime":1703032414978,"time":"2023-12-20T04:18:28.223Z","iobWithZeroTemp":{"iob":-0.245,"basaliob":-0.249,"bolussnooze":0,"activity":-0.0026,"lastBolusTime":1703032414978,"time":"2023-12-20T04:18:28.223Z"}},{"iob":0.004,"basaliob":0.001,"bolussnooze":0,"activity":1.0E-4,"lastBolusTime":1703032414978,"time":"2023-12-20T04:23:28.223Z","iobWithZeroTemp":{"iob":-0.253,"basaliob":-0.256,"bolussnooze":0,"activity":-0.0026,"lastBolusTime":1703032414978,"time":"2023-12-20T04:23:28.223Z"}},{"iob":0.004,"basaliob":0.001,"bolussnooze":0,"activity":1.0E-4,"lastBolusTime":1703032414978,"time":"2023-12-20T04:28:28.223Z","iobWithZeroTemp":{"iob":-0.26,"basaliob":-0.263,"bolussnooze":0,"activity":-0.0027,"lastBolusTime":1703032414978,"time":"2023-12-20T04:28:28.223Z"}},{"iob":0.003,"basaliob":0.001,"bolussnooze":0,"activity":1.0E-4,"lastBolusTime":1703032414978,"time":"2023-12-20T04:33:28.223Z","iobWithZeroTemp":{"iob":-0.267,"basaliob":-0.269,"bolussnooze":0,"activity":-0.0028,"lastBolusTime":1703032414978,"time":"2023-12-20T04:33:28.223Z"}},{"iob":0.003,"basaliob":0.001,"bolussnooze":0,"activity":1.0E-4,"lastBolusTime":1703032414978,"time":"2023-12-20T04:38:28.223Z","iobWithZeroTemp":{"iob":-0.274,"basaliob":-0.276,"bolussnooze":0,"activity":-0.0029,"lastBolusTime":1703032414978,"time":"2023-12-20T04:38:28.223Z"}},{"iob":0.003,"basaliob":0.001,"bolussnooze":0,"activity":1.0E-4,"lastBolusTime":1703032414978,"time":"2023-12-20T04:43:28.223Z","iobWithZeroTemp":{"iob":-0.279,"basaliob":-0.281,"bolussnooze":0,"activity":-0.0029,"lastBolusTime":1703032414978,"time":"2023-12-20T04:43:28.223Z"}},{"iob":0.002,"basaliob":0.001,"bolussnooze":0,"activity":0,"lastBolusTime":1703032414978,"time":"2023-12-20T04:48:28.223Z","iobWithZeroTemp":{"iob":-0.286,"basaliob":-0.287,"bolussnooze":0,"activity":-0.0031,"lastBolusTime":1703032414978,"time":"2023-12-20T04:48:28.223Z"}},{"iob":0.002,"basaliob":0.001,"bolussnooze":0,"activity":0,"lastBolusTime":1703032414978,"time":"2023-12-20T04:53:28.223Z","iobWithZeroTemp":{"iob":-0.291,"basaliob":-0.292,"bolussnooze":0,"activity":-0.0032,"lastBolusTime":1703032414978,"time":"2023-12-20T04:53:28.223Z"}},{"iob":0.002,"basaliob":0.001,"bolussnooze":0,"activity":0,"lastBolusTime":1703032414978,"time":"2023-12-20T04:58:28.223Z","iobWithZeroTemp":{"iob":-0.296,"basaliob":-0.297,"bolussnooze":0,"activity":-0.0032,"lastBolusTime":1703032414978,"time":"2023-12-20T04:58:28.223Z"}},{"iob":0.001,"basaliob":0,"bolussnooze":0,"activity":0,"lastBolusTime":1703032414978,"time":"2023-12-20T05:03:28.223Z","iobWithZeroTemp":{"iob":-0.297,"basaliob":-0.298,"bolussnooze":0,"activity":-0.0033,"lastBolusTime":1703032414978,"time":"2023-12-20T05:03:28.223Z"}},{"iob":0.001,"basaliob":0,"bolussnooze":0,"activity":0,"lastBolusTime":1703032414978,"time":"2023-12-20T05:08:28.223Z","iobWithZeroTemp":{"iob":-0.297,"basaliob":-0.298,"bolussnooze":0,"activity":-0.0033,"lastBolusTime":1703032414978,"time":"2023-12-20T05:08:28.223Z"}},{"iob":0,"basaliob":0,"bolussnooze":0,"activity":0,"lastBolusTime":1703032414978,"time":"2023-12-20T05:13:28.223Z","iobWithZeroTemp":{"iob":-0.298,"basaliob":-0.298,"bolussnooze":0,"activity":-0.0034,"lastBolusTime":1703032414978,"time":"2023-12-20T05:13:28.223Z"}},{"iob":0,"basaliob":0,"bolussnooze":0,"activity":0,"lastBolusTime":1703032414978,"time":"2023-12-20T05:18:28.223Z","iobWithZeroTemp":{"iob":-0.298,"basaliob":-0.298,"bolussnooze":0,"activity":-0.0034,"lastBolusTime":1703032414978,"time":"2023-12-20T05:18:28.223Z"}},{"iob":0,"basaliob":0,"bolussnooze":0,"activity":0,"lastBolusTime":1703032414978,"time":"2023-12-20T05:23:28.223Z","iobWithZeroTemp":{"iob":-0.298,"basaliob":-0.298,"bolussnooze":0,"activity":-0.0034,"lastBolusTime":1703032414978,"time":"2023-12-20T05:23:28.223Z"}},{"iob":0,"basaliob":0,"bolussnooze":0,"activity":0,"lastBolusTime":1703032414978,"time":"2023-12-20T05:28:28.223Z","iobWithZeroTemp":{"iob":-0.297,"basaliob":-0.297,"bolussnooze":0,"activity":-0.0035,"lastBolusTime":1703032414978,"time":"2023-12-20T05:28:28.223Z"}}],"profile":{"max_iob":10,"type":"current","max_daily_basal":0.25,"max_basal":1,"min_bg":90,"max_bg":90,"target_bg":90,"carb_ratio":15.6,"sens":84,"max_daily_safety_multiplier":5,"current_basal_safety_multiplier":5,"lgsThreshold":95,"high_temptarget_raises_sensitivity":false,"low_temptarget_lowers_sensitivity":false,"sensitivity_raises_target":true,"resistance_lowers_target":true,"adv_target_adjustments":false,"exercise_mode":false,"half_basal_exercise_target":160,"maxCOB":120,"skip_neutral_temps":false,"remainingCarbsCap":90,"enableUAM":true,"A52_risk_enable":false,"SMBInterval":5,"enableSMB_with_COB":true,"enableSMB_with_temptarget":false,"allowSMB_with_high_temptarget":false,"enableSMB_always":false,"enableSMB_after_carbs":true,"maxSMBBasalMinutes":120,"maxUAMSMBBasalMinutes":120,"bolus_increment":0.05,"carbsReqThreshold":1,"current_basal":0.20000000298023224,"temptargetSet":false,"autosens_max":1.2,"autosens_min":0.7,"variable_sens":96.2,"insulinDivisor":75,"TDD":18.876009651206154},"autosens_data":{"ratio":1},"meal_data":{"carbs":0,"mealCOB":0,"slopeFromMaxDeviation":-0.2289090909090909,"slopeFromMinDeviation":0.16500000000000004,"lastBolusTime":1703032414978,"lastCarbTime":0},"microBolusAllowed":true,"currentTime":1703036010212,"flatBGsDetected":false,"tdd1D":18.86250000521541,"tdd7D":20.877380982715465,"tddLast24H":19.1041666696469,"tddLast4H":2.7333333750565845,"tddLast8to4H":2.970833430190881},"output":{"temp":"absolute","bg":127,"tick":-1,"eventualBG":107,"targetBG":90,"insulinReq":0.14,"deliverAt":"2023-12-20T01:33:30.212Z","sensitivityRatio":1,"variable_sens":96.2,"predBGs":{"IOB":[127,126,124,123,121,120,119,118,117,116,115,114,113,112,111,110,109,108,108,107,107,106,106,106,105,105,105,104,104,104,104,104,104,104,104,103],"ZT":[127,125,122,120,118,116,115,113,112,111,110,109,109,109,109,109,109,109,109,110,111,111],"UAM":[127,125,124,122,120,118,116,115,113,112,111,109,108,107,106,106,105,104,104,103,102,102,102,101,101,101,100,100,100,100,100,99]},"reason":"COB: 0, Dev: 7, BGI: -2, ISF: 96, CR: 15.6, Target: 90, minPredBG 104, minGuardBG 99, IOBpredBG 103, UAMpredBG 99; Eventual BG 107 >= 90, temp 0.00 < 0.48U\/hr. ","COB":0,"IOB":0.284,"duration":30,"rate":0.48000000298023227,"timestamp":"2023-12-20T01:33:30.238Z"}}