{"algorithm":"OpenAPSSMBDynamicISFPlugin","input":{"glucoseStatus":{"glucose":87,"noise":0,"delta":-1,"short_avgdelta":-1.39,"long_avgdelta":-1.72,"date":1702920172000},"currenttemp":{"temp":"absolute","duration":95,"rate":0,"minutesrunning":25},"iob_data":[{"iob":0.183,"basaliob":-0.238,"bolussnooze":0,"activity":0.0058,"lastBolusTime":1702916312788,"time":"2023-12-18T17:23:21.552Z","iobWithZeroTemp":{"iob":0.183,"basaliob":-0.238,"bolussnooze":0,"activity":0.0058,"lastBolusTime":1702916312788,"time":"2023-12-18T17:23:21.552Z"}},{"iob":0.155,"basaliob":-0.225,"bolussnooze":0,"activity":0.0051,"lastBolusTime":1702916312788,"time":"2023-12-18T17:28:21.552Z","iobWithZeroTemp":{"iob":0.142,"basaliob":-0.238,"bolussnooze":0,"activity":0.0051,"lastBolusTime":1702916312788,"time":"2023-12-18T17:28:21.552Z"}},{"iob":0.131,"basaliob":-0.211,"bolussnooze":0,"activity":0.0045,"lastBolusTime":1702916312788,"time":"2023-12-18T17:33:21.552Z","iobWithZeroTemp":{"iob":0.101,"basaliob":-0.241,"bolussnooze":0,"activity":0.0044,"lastBolusTime":1702916312788,"time":"2023-12-18T17:33:21.552Z"}},{"iob":0.11,"basaliob":-0.198,"bolussnooze":0,"activity":0.004,"lastBolusTime":1702916312788,"time":"2023-12-18T17:38:21.552Z","iobWithZeroTemp":{"iob":0.064,"basaliob":-0.244,"bolussnooze":0,"activity":0.0039,"lastBolusTime":1702916312788,"time":"2023-12-18T17:38:21.552Z"}},{"iob":0.092,"basaliob":-0.185,"bolussnooze":0,"activity":0.0034,"lastBolusTime":1702916312788,"time":"2023-12-18T17:43:21.552Z","iobWithZeroTemp":{"iob":0.03,"basaliob":-0.247,"bolussnooze":0,"activity":0.0032,"lastBolusTime":1702916312788,"time":"2023-12-18T17:43:21.552Z"}},{"iob":0.075,"basaliob":-0.173,"bolussnooze":0,"activity":0.0029,"lastBolusTime":1702916312788,"time":"2023-12-18T17:48:21.552Z","iobWithZeroTemp":{"iob":-0.002,"basaliob":-0.25,"bolussnooze":0,"activity":0.0026,"lastBolusTime":1702916312788,"time":"2023-12-18T17:48:21.552Z"}},{"iob":0.062,"basaliob":-0.16,"bolussnooze":0,"activity":0.0026,"lastBolusTime":1702916312788,"time":"2023-12-18T17:53:21.552Z","iobWithZeroTemp":{"iob":-0.03,"basaliob":-0.252,"bolussnooze":0,"activity":0.0021,"lastBolusTime":1702916312788,"time":"2023-12-18T17:53:21.552Z"}},{"iob":0.05,"basaliob":-0.149,"bolussnooze":0,"activity":0.0022,"lastBolusTime":1702916312788,"time":"2023-12-18T17:58:21.552Z","iobWithZeroTemp":{"iob":-0.056,"basaliob":-0.255,"bolussnooze":0,"activity":0.0016,"lastBolusTime":1702916312788,"time":"2023-12-18T17:58:21.552Z"}},{"iob":0.039,"basaliob":-0.138,"bolussnooze":0,"activity":0.0019,"lastBolusTime":1702916312788,"time":"2023-12-18T18:03:21.552Z","iobWithZeroTemp":{"iob":-0.08,"basaliob":-0.257,"bolussnooze":0,"activity":0.0012,"lastBolusTime":1702916312788,"time":"2023-12-18T18:03:21.552Z"}},{"iob":0.031,"basaliob":-0.127,"bolussnooze":0,"activity":0.0016,"lastBolusTime":1702916312788,"time":"2023-12-18T18:08:21.552Z","iobWithZeroTemp":{"iob":-0.1,"basaliob":-0.258,"bolussnooze":0,"activity":7.0E-4,"lastBolusTime":1702916312788,"time":"2023-12-18T18:08:21.552Z"}},{"iob":0.023,"basaliob":-0.117,"bolussnooze":0,"activity":0.0014,"lastBolusTime":1702916312788,"time":"2023-12-18T18:13:21.552Z","iobWithZeroTemp":{"iob":-0.12,"basaliob":-0.26,"bolussnooze":0,"activity":4.0E-4,"lastBolusTime":1702916312788,"time":"2023-12-18T18:13:21.552Z"}},{"iob":0.017,"basaliob":-0.108,"bolussnooze":0,"activity":0.0012,"lastBolusTime":1702916312788,"time":"2023-12-18T18:18:21.552Z","iobWithZeroTemp":{"iob":-0.137,"basaliob":-0.262,"bolussnooze":0,"activity":0,"lastBolusTime":1702916312788,"time":"2023-12-18T18:18:21.552Z"}},{"iob":0.011,"basaliob":-0.099,"bolussnooze":0,"activity":0.001,"lastBolusTime":1702916312788,"time":"2023-12-18T18:23:21.552Z","iobWithZeroTemp":{"iob":-0.154,"basaliob":-0.264,"bolussnooze":0,"activity":-3.0E-4,"lastBolusTime":1702916312788,"time":"2023-12-18T18:23:21.552Z"}},{"iob":0.007,"basaliob":-0.091,"bolussnooze":0,"activity":8.0E-4,"lastBolusTime":1702916312788,"time":"2023-12-18T18:28:21.552Z","iobWithZeroTemp":{"iob":-0.168,"basaliob":-0.266,"bolussnooze":0,"activity":-6.0E-4,"lastBolusTime":1702916312788,"time":"2023-12-18T18:28:21.552Z"}},{"iob":0.003,"basaliob":-0.083,"bolussnooze":0,"activity":7.0E-4,"lastBolusTime":1702916312788,"time":"2023-12-18T18:33:21.552Z","iobWithZeroTemp":{"iob":-0.181,"basaliob":-0.267,"bolussnooze":0,"activity":-9.0E-4,"lastBolusTime":1702916312788,"time":"2023-12-18T18:33:21.552Z"}},{"iob":0,"basaliob":-0.076,"bolussnooze":0,"activity":5.0E-4,"lastBolusTime":1702916312788,"time":"2023-12-18T18:38:21.552Z","iobWithZeroTemp":{"iob":-0.192,"basaliob":-0.268,"bolussnooze":0,"activity":-0.0012,"lastBolusTime":1702916312788,"time":"2023-12-18T18:38:21.552Z"}},{"iob":-0.002,"basaliob":-0.069,"bolussnooze":0,"activity":4.0E-4,"lastBolusTime":1702916312788,"time":"2023-12-18T18:43:21.552Z","iobWithZeroTemp":{"iob":-0.202,"basaliob":-0.269,"bolussnooze":0,"activity":-0.0014,"lastBolusTime":1702916312788,"time":"2023-12-18T18:43:21.552Z"}},{"iob":-0.004,"basaliob":-0.063,"bolussnooze":0,"activity":3.0E-4,"lastBolusTime":1702916312788,"time":"2023-12-18T18:48:21.552Z","iobWithZeroTemp":{"iob":-0.211,"basaliob":-0.27,"bolussnooze":0,"activity":-0.0016,"lastBolusTime":1702916312788,"time":"2023-12-18T18:48:21.552Z"}},{"iob":-0.006,"basaliob":-0.057,"bolussnooze":0,"activity":3.0E-4,"lastBolusTime":1702916312788,"time":"2023-12-18T18:53:21.552Z","iobWithZeroTemp":{"iob":-0.22,"basaliob":-0.271,"bolussnooze":0,"activity":-0.0017,"lastBolusTime":1702916312788,"time":"2023-12-18T18:53:21.552Z"}},{"iob":-0.007,"basaliob":-0.052,"bolussnooze":0,"activity":2.0E-4,"lastBolusTime":1702916312788,"time":"2023-12-18T18:58:21.552Z","iobWithZeroTemp":{"iob":-0.227,"basaliob":-0.272,"bolussnooze":0,"activity":-0.0019,"lastBolusTime":1702916312788,"time":"2023-12-18T18:58:21.552Z"}},{"iob":-0.008,"basaliob":-0.047,"bolussnooze":0,"activity":2.0E-4,"lastBolusTime":1702916312788,"time":"2023-12-18T19:03:21.552Z","iobWithZeroTemp":{"iob":-0.23,"basaliob":-0.269,"bolussnooze":0,"activity":-0.002,"lastBolusTime":1702916312788,"time":"2023-12-18T19:03:21.552Z"}},{"iob":-0.008,"basaliob":-0.042,"bolussnooze":0,"activity":0,"lastBolusTime":1702916312788,"time":"2023-12-18T19:08:21.552Z","iobWithZeroTemp":{"iob":-0.231,"basaliob":-0.265,"bolussnooze":0,"activity":-0.0023,"lastBolusTime":1702916312788,"time":"2023-12-18T19:08:21.552Z"}},{"iob":-0.008,"basaliob":-0.038,"bolussnooze":0,"activity":0,"lastBolusTime":1702916312788,"time":"2023-12-18T19:13:21.552Z","iobWithZeroTemp":{"iob":-0.232,"basaliob":-0.262,"bolussnooze":0,"activity":-0.0024,"lastBolusTime":1702916312788,"time":"2023-12-18T19:13:21.552Z"}},{"iob":-0.009,"basaliob":-0.035,"bolussnooze":0,"activity":0,"lastBolusTime":1702916312788,"time":"2023-12-18T19:18:21.552Z","iobWithZeroTemp":{"iob":-0.233,"basaliob":-0.259,"bolussnooze":0,"activity":-0.0024,"lastBolusTime":1702916312788,"time":"2023-12-18T19:18:21.552Z"}},{"iob":-0.008,"basaliob":-0.031,"bolussnooze":0,"activity":-1.0E-4,"lastBolusTime":1702916312788,"time":"2023-12-18T19:23:21.552Z","iobWithZeroTemp":{"iob":-0.233,"basaliob":-0.256,"bolussnooze":0,"activity":-0.0026,"lastBolusTime":1702916312788,"time":"2023-12-18T19:23:21.552Z"}},{"iob":-0.008,"basaliob":-0.028,"bolussnooze":0,"activity":-1.0E-4,"lastBolusTime":1702916312788,"time":"2023-12-18T19:28:21.552Z","iobWithZeroTemp":{"iob":-0.233,"basaliob":-0.253,"bolussnooze":0,"activity":-0.0026,"lastBolusTime":1702916312788,"time":"2023-12-18T19:28:21.552Z"}},{"iob":-0.008,"basaliob":-0.025,"bolussnooze":0,"activity":0,"lastBolusTime":1702916312788,"time":"2023-12-18T19:33:21.552Z","iobWithZeroTemp":{"iob":-0.233,"basaliob":-0.25,"bolussnooze":0,"activity":-0.0025,"lastBolusTime":1702916312788,"time":"2023-12-18T19:33:21.552Z"}},{"iob":-0.007,"basaliob":-0.022,"bolussnooze":0,"activity":-1.0E-4,"lastBolusTime":1702916312788,"time":"2023-12-18T19:38:21.552Z","iobWithZeroTemp":{"iob":-0.231,"basaliob":-0.246,"bolussnooze":0,"activity":-0.0027,"lastBolusTime":1702916312788,"time":"2023-12-18T19:38:21.552Z"}},{"iob":-0.007,"basaliob":-0.02,"bolussnooze":0,"activity":-1.0E-4,"lastBolusTime":1702916312788,"time":"2023-12-18T19:43:21.552Z","iobWithZeroTemp":{"iob":-0.231,"basaliob":-0.244,"bolussnooze":0,"activity":-0.0027,"lastBolusTime":1702916312788,"time":"2023-12-18T19:43:21.552Z"}},{"iob":-0.007,"basaliob":-0.018,"bolussnooze":0,"activity":-1.0E-4,"lastBolusTime":1702916312788,"time":"2023-12-18T19:48:21.552Z","iobWithZeroTemp":{"iob":-0.231,"basaliob":-0.242,"bolussnooze":0,"activity":-0.0027,"lastBolusTime":1702916312788,"time":"2023-12-18T19:48:21.552Z"}},{"iob":-0.006,"basaliob":-0.016,"bolussnooze":0,"activity":-1.0E-4,"lastBolusTime":1702916312788,"time":"2023-12-18T19:53:21.552Z","iobWithZeroTemp":{"iob":-0.229,"basaliob":-0.239,"bolussnooze":0,"activity":-0.0027,"lastBolusTime":1702916312788,"time":"2023-12-18T19:53:21.552Z"}},{"iob":-0.006,"basaliob":-0.014,"bolussnooze":0,"activity":0,"lastBolusTime":1702916312788,"time":"2023-12-18T19:58:21.552Z","iobWithZeroTemp":{"iob":-0.229,"basaliob":-0.237,"bolussnooze":0,"activity":-0.0026,"lastBolusTime":1702916312788,"time":"2023-12-18T19:58:21.552Z"}},{"iob":-0.006,"basaliob":-0.013,"bolussnooze":0,"activity":-1.0E-4,"lastBolusTime":1702916312788,"time":"2023-12-18T20:03:21.552Z","iobWithZeroTemp":{"iob":-0.228,"basaliob":-0.235,"bolussnooze":0,"activity":-0.0027,"lastBolusTime":1702916312788,"time":"2023-12-18T20:03:21.552Z"}},{"iob":-0.005,"basaliob":-0.011,"bolussnooze":0,"activity":-1.0E-4,"lastBolusTime":1702916312788,"time":"2023-12-18T20:08:21.552Z","iobWithZeroTemp":{"iob":-0.226,"basaliob":-0.232,"bolussnooze":0,"activity":-0.0027,"lastBolusTime":1702916312788,"time":"2023-12-18T20:08:21.552Z"}},{"iob":-0.005,"basaliob":-0.01,"bolussnooze":0,"activity":0,"lastBolusTime":1702916312788,"time":"2023-12-18T20:13:21.552Z","iobWithZeroTemp":{"iob":-0.226,"basaliob":-0.231,"bolussnooze":0,"activity":-0.0026,"lastBolusTime":1702916312788,"time":"2023-12-18T20:13:21.552Z"}},{"iob":-0.005,"basaliob":-0.009,"bolussnooze":0,"activity":-1.0E-4,"lastBolusTime":1702916312788,"time":"2023-12-18T20:18:21.552Z","iobWithZeroTemp":{"iob":-0.225,"basaliob":-0.229,"bolussnooze":0,"activity":-0.0027,"lastBolusTime":1702916312788,"time":"2023-12-18T20:18:21.552Z"}},{"iob":-0.003,"basaliob":-0.007,"bolussnooze":0,"activity":-1.0E-4,"lastBolusTime":1702916312788,"time":"2023-12-18T20:23:21.552Z","iobWithZeroTemp":{"iob":-0.223,"basaliob":-0.227,"bolussnooze":0,"activity":-0.0027,"lastBolusTime":1702916312788,"time":"2023-12-18T20:23:21.552Z"}},{"iob":-0.003,"basaliob":-0.006,"bolussnooze":0,"activity":-1.0E-4,"lastBolusTime":1702916312788,"time":"2023-12-18T20:28:21.552Z","iobWithZeroTemp":{"iob":-0.222,"basaliob":-0.225,"bolussnooze":0,"activity":-0.0027,"lastBolusTime":1702916312788,"time":"2023-12-18T20:28:21.552Z"}},{"iob":-0.003,"basaliob":-0.006,"bolussnooze":0,"activity":0,"lastBolusTime":1702916312788,"time":"2023-12-18T20:33:21.552Z","iobWithZeroTemp":{"iob":-0.221,"basaliob":-0.224,"bolussnooze":0,"activity":-0.0026,"lastBolusTime":1702916312788,"time":"2023-12-18T20:33:21.552Z"}},{"iob":-0.003,"basaliob":-0.005,"bolussnooze":0,"activity":0,"lastBolusTime":1702916312788,"time":"2023-12-18T20:38:21.552Z","iobWithZeroTemp":{"iob":-0.221,"basaliob":-0.223,"bolussnooze":0,"activity":-0.0026,"lastBolusTime":1702916312788,"time":"2023-12-18T20:38:21.552Z"}},{"iob":-0.002,"basaliob":-0.004,"bolussnooze":0,"activity":0,"lastBolusTime":1702916312788,"time":"2023-12-18T20:43:21.552Z","iobWithZeroTemp":{"iob":-0.219,"basaliob":-0.221,"bolussnooze":0,"activity":-0.0026,"lastBolusTime":1702916312788,"time":"2023-12-18T20:43:21.552Z"}},{"iob":-0.003,"basaliob":-0.004,"bolussnooze":0,"activity":0,"lastBolusTime":1702916312788,"time":"2023-12-18T20:48:21.552Z","iobWithZeroTemp":{"iob":-0.22,"basaliob":-0.221,"bolussnooze":0,"activity":-0.0026,"lastBolusTime":1702916312788,"time":"2023-12-18T20:48:21.552Z"}},{"iob":-0.002,"basaliob":-0.003,"bolussnooze":0,"activity":0,"lastBolusTime":1702916312788,"time":"2023-12-18T20:53:21.552Z","iobWithZeroTemp":{"iob":-0.218,"basaliob":-0.219,"bolussnooze":0,"activity":-0.0026,"lastBolusTime":1702916312788,"time":"2023-12-18T20:53:21.552Z"}},{"iob":-0.002,"basaliob":-0.003,"bolussnooze":0,"activity":-1.0E-4,"lastBolusTime":1702916312788,"time":"2023-12-18T20:58:21.552Z","iobWithZeroTemp":{"iob":-0.218,"basaliob":-0.219,"bolussnooze":0,"activity":-0.0027,"lastBolusTime":1702916312788,"time":"2023-12-18T20:58:21.552Z"}},{"iob":-0.001,"basaliob":-0.002,"bolussnooze":0,"activity":-1.0E-4,"lastBolusTime":1702916312788,"time":"2023-12-18T21:03:21.552Z","iobWithZeroTemp":{"iob":-0.216,"basaliob":-0.217,"bolussnooze":0,"activity":-0.0027,"lastBolusTime":1702916312788,"time":"2023-12-18T21:03:21.552Z"}},{"iob":-0.001,"basaliob":-0.002,"bolussnooze":0,"activity":-1.0E-4,"lastBolusTime":1702916312788,"time":"2023-12-18T21:08:21.552Z","iobWithZeroTemp":{"iob":-0.216,"basaliob":-0.217,"bolussnooze":0,"activity":-0.0027,"lastBolusTime":1702916312788,"time":"2023-12-18T21:08:21.552Z"}},{"iob":-0.002,"basaliob":-0.002,"bolussnooze":0,"activity":-1.0E-4,"lastBolusTime":1702916312788,"time":"2023-12-18T21:13:21.552Z","iobWithZeroTemp":{"iob":-0.217,"basaliob":-0.217,"bolussnooze":0,"activity":-0.0027,"lastBolusTime":1702916312788,"time":"2023-12-18T21:13:21.552Z"}},{"iob":-0.002,"basaliob":-0.002,"bolussnooze":0,"activity":0,"lastBolusTime":1702916312788,"time":"2023-12-18T21:18:21.552Z","iobWithZeroTemp":{"iob":-0.216,"basaliob":-0.216,"bolussnooze":0,"activity":-0.0026,"lastBolusTime":1702916312788,"time":"2023-12-18T21:18:21.552Z"}}],"profile":{"max_iob":10,"type":"current","max_daily_basal":0.25,"max_basal":1,"min_bg":105,"max_bg":105,"target_bg":105,"carb_ratio":12.4,"sens":84,"max_daily_safety_multiplier":5,"current_basal_safety_multiplier":5,"lgsThreshold":95,"high_temptarget_raises_sensitivity":false,"low_temptarget_lowers_sensitivity":false,"sensitivity_raises_target":true,"resistance_lowers_target":true,"adv_target_adjustments":false,"exercise_mode":false,"half_basal_exercise_target":160,"maxCOB":120,"skip_neutral_temps":false,"remainingCarbsCap":90,"enableUAM":true,"A52_risk_enable":false,"SMBInterval":5,"enableSMB_with_COB":true,"enableSMB_with_temptarget":false,"allowSMB_with_high_temptarget":false,"enableSMB_always":false,"enableSMB_after_carbs":true,"maxSMBBasalMinutes":120,"maxUAMSMBBasalMinutes":120,"bolus_increment":0.05,"carbsReqThreshold":1,"current_basal":0.20000000298023224,"temptargetSet":true,"autosens_max":1.2,"autosens_min":0.7,"variable_sens":90.9,"insulinDivisor":75,"TDD":25.72219648765861},"autosens_data":{"ratio":1},"meal_data":{"carbs":86,"mealCOB":0,"slopeFromMaxDeviation":-0.2759090909090909,"slopeFromMinDeviation":0.56975,"lastBolusTime":1702916312788,"lastCarbTime":1702908490573},"microBolusAllowed":true,"currentTime":1702920202500,"flatBGsDetected":false,"tdd1D":22.354166475186748,"tdd7D":26.782783919711285,"tddLast24H":20.46666668454806,"tddLast4H":4.262500091642141,"tddLast8to4H":5.6083331500490505},"output":{"temp":"absolute","bg":87,"tick":-1,"eventualBG":78,"targetBG":105,"insulinReq":0,"deliverAt":"2023-12-18T17:23:22.500Z","sensitivityRatio":1,"variable_sens":90.9,"predBGs":{"IOB":[87,86,84,83,82,81,81,80,79,79,78,78,77,76,76,76,75],"ZT":[87,84,82,80,78,76,75,74,73,73,72,72,72,72,73,73,74,74,75,76,77,78,79,80,81,83,84,85,86,88,89,90,91,92,94,95,96,97,98,99,100,101,102,103,105],"UAM":[87,85,84,82,80,79,77,76,75,74,73,73,72,71,71,71,70]},"reason":"COB: 0, Dev: 8, BGI: -3, ISF: 91, CR: 12.4, Target: 105, minPredBG 71, minGuardBG 70, IOBpredBG 75, UAMpredBG 70; 3 add'l carbs req w\/in 0m; minGuardBG 70<95","COB":0,"IOB":0.183,"carbsReq":3,"carbsReqWithin":0,"duration":120,"rate":0,"timestamp":"2023-12-18T17:23:22.522Z"}}