{"algorithm":"OpenAPSSMBDynamicISFPlugin","input":{"glucoseStatus":{"glucose":107,"noise":0,"delta":-2,"short_avgdelta":-1.89,"long_avgdelta":-0.83,"date":1702894971000},"currenttemp":{"temp":"absolute","duration":50,"rate":0,"minutesrunning":10},"iob_data":[{"iob":0.271,"basaliob":-0.006,"bolussnooze":0,"activity":0.0038,"lastBolusTime":1702893506960,"time":"2023-12-18T10:23:21.651Z","iobWithZeroTemp":{"iob":0.271,"basaliob":-0.006,"bolussnooze":0,"activity":0.0038,"lastBolusTime":1702893506960,"time":"2023-12-18T10:23:21.651Z"}},{"iob":0.253,"basaliob":-0.005,"bolussnooze":0,"activity":0.0036,"lastBolusTime":1702893506960,"time":"2023-12-18T10:28:21.651Z","iobWithZeroTemp":{"iob":0.243,"basaliob":-0.015,"bolussnooze":0,"activity":0.0036,"lastBolusTime":1702893506960,"time":"2023-12-18T10:28:21.651Z"}},{"iob":0.235,"basaliob":-0.004,"bolussnooze":0,"activity":0.0036,"lastBolusTime":1702893506960,"time":"2023-12-18T10:33:21.651Z","iobWithZeroTemp":{"iob":0.213,"basaliob":-0.026,"bolussnooze":0,"activity":0.0036,"lastBolusTime":1702893506960,"time":"2023-12-18T10:33:21.651Z"}},{"iob":0.218,"basaliob":-0.003,"bolussnooze":0,"activity":0.0034,"lastBolusTime":1702893506960,"time":"2023-12-18T10:38:21.651Z","iobWithZeroTemp":{"iob":0.183,"basaliob":-0.038,"bolussnooze":0,"activity":0.0033,"lastBolusTime":1702893506960,"time":"2023-12-18T10:38:21.651Z"}},{"iob":0.201,"basaliob":-0.003,"bolussnooze":0,"activity":0.0032,"lastBolusTime":1702893506960,"time":"2023-12-18T10:43:21.651Z","iobWithZeroTemp":{"iob":0.155,"basaliob":-0.049,"bolussnooze":0,"activity":0.003,"lastBolusTime":1702893506960,"time":"2023-12-18T10:43:21.651Z"}},{"iob":0.186,"basaliob":-0.002,"bolussnooze":0,"activity":0.003,"lastBolusTime":1702893506960,"time":"2023-12-18T10:48:21.651Z","iobWithZeroTemp":{"iob":0.128,"basaliob":-0.06,"bolussnooze":0,"activity":0.0027,"lastBolusTime":1702893506960,"time":"2023-12-18T10:48:21.651Z"}},{"iob":0.171,"basaliob":-0.002,"bolussnooze":0,"activity":0.0028,"lastBolusTime":1702893506960,"time":"2023-12-18T10:53:21.651Z","iobWithZeroTemp":{"iob":0.102,"basaliob":-0.071,"bolussnooze":0,"activity":0.0024,"lastBolusTime":1702893506960,"time":"2023-12-18T10:53:21.651Z"}},{"iob":0.158,"basaliob":-0.001,"bolussnooze":0,"activity":0.0027,"lastBolusTime":1702893506960,"time":"2023-12-18T10:58:21.651Z","iobWithZeroTemp":{"iob":0.079,"basaliob":-0.08,"bolussnooze":0,"activity":0.0022,"lastBolusTime":1702893506960,"time":"2023-12-18T10:58:21.651Z"}},{"iob":0.145,"basaliob":-0.001,"bolussnooze":0,"activity":0.0025,"lastBolusTime":1702893506960,"time":"2023-12-18T11:03:21.651Z","iobWithZeroTemp":{"iob":0.056,"basaliob":-0.09,"bolussnooze":0,"activity":0.0019,"lastBolusTime":1702893506960,"time":"2023-12-18T11:03:21.651Z"}},{"iob":0.132,"basaliob":-0.001,"bolussnooze":0,"activity":0.0023,"lastBolusTime":1702893506960,"time":"2023-12-18T11:08:21.651Z","iobWithZeroTemp":{"iob":0.033,"basaliob":-0.1,"bolussnooze":0,"activity":0.0016,"lastBolusTime":1702893506960,"time":"2023-12-18T11:08:21.651Z"}},{"iob":0.122,"basaliob":0,"bolussnooze":0,"activity":0.0022,"lastBolusTime":1702893506960,"time":"2023-12-18T11:13:21.651Z","iobWithZeroTemp":{"iob":0.015,"basaliob":-0.107,"bolussnooze":0,"activity":0.0014,"lastBolusTime":1702893506960,"time":"2023-12-18T11:13:21.651Z"}},{"iob":0.111,"basaliob":0,"bolussnooze":0,"activity":0.0021,"lastBolusTime":1702893506960,"time":"2023-12-18T11:18:21.651Z","iobWithZeroTemp":{"iob":-0.005,"basaliob":-0.116,"bolussnooze":0,"activity":0.0012,"lastBolusTime":1702893506960,"time":"2023-12-18T11:18:21.651Z"}},{"iob":0.101,"basaliob":0,"bolussnooze":0,"activity":0.0019,"lastBolusTime":1702893506960,"time":"2023-12-18T11:23:21.651Z","iobWithZeroTemp":{"iob":-0.023,"basaliob":-0.124,"bolussnooze":0,"activity":9.0E-4,"lastBolusTime":1702893506960,"time":"2023-12-18T11:23:21.651Z"}},{"iob":0.092,"basaliob":0,"bolussnooze":0,"activity":0.0018,"lastBolusTime":1702893506960,"time":"2023-12-18T11:28:21.651Z","iobWithZeroTemp":{"iob":-0.039,"basaliob":-0.131,"bolussnooze":0,"activity":7.0E-4,"lastBolusTime":1702893506960,"time":"2023-12-18T11:28:21.651Z"}},{"iob":0.083,"basaliob":0,"bolussnooze":0,"activity":0.0016,"lastBolusTime":1702893506960,"time":"2023-12-18T11:33:21.651Z","iobWithZeroTemp":{"iob":-0.055,"basaliob":-0.138,"bolussnooze":0,"activity":4.0E-4,"lastBolusTime":1702893506960,"time":"2023-12-18T11:33:21.651Z"}},{"iob":0.075,"basaliob":0,"bolussnooze":0,"activity":0.0015,"lastBolusTime":1702893506960,"time":"2023-12-18T11:38:21.651Z","iobWithZeroTemp":{"iob":-0.069,"basaliob":-0.144,"bolussnooze":0,"activity":2.0E-4,"lastBolusTime":1702893506960,"time":"2023-12-18T11:38:21.651Z"}},{"iob":0.068,"basaliob":0,"bolussnooze":0,"activity":0.0014,"lastBolusTime":1702893506960,"time":"2023-12-18T11:43:21.651Z","iobWithZeroTemp":{"iob":-0.082,"basaliob":-0.15,"bolussnooze":0,"activity":0,"lastBolusTime":1702893506960,"time":"2023-12-18T11:43:21.651Z"}},{"iob":0.062,"basaliob":0,"bolussnooze":0,"activity":0.0013,"lastBolusTime":1702893506960,"time":"2023-12-18T11:48:21.651Z","iobWithZeroTemp":{"iob":-0.094,"basaliob":-0.156,"bolussnooze":0,"activity":-2.0E-4,"lastBolusTime":1702893506960,"time":"2023-12-18T11:48:21.651Z"}},{"iob":0.056,"basaliob":0,"bolussnooze":0,"activity":0.0011,"lastBolusTime":1702893506960,"time":"2023-12-18T11:53:21.651Z","iobWithZeroTemp":{"iob":-0.105,"basaliob":-0.161,"bolussnooze":0,"activity":-4.0E-4,"lastBolusTime":1702893506960,"time":"2023-12-18T11:53:21.651Z"}},{"iob":0.05,"basaliob":0,"bolussnooze":0,"activity":0.001,"lastBolusTime":1702893506960,"time":"2023-12-18T11:58:21.651Z","iobWithZeroTemp":{"iob":-0.115,"basaliob":-0.165,"bolussnooze":0,"activity":-6.0E-4,"lastBolusTime":1702893506960,"time":"2023-12-18T11:58:21.651Z"}},{"iob":0.045,"basaliob":0,"bolussnooze":0,"activity":9.0E-4,"lastBolusTime":1702893506960,"time":"2023-12-18T12:03:21.651Z","iobWithZeroTemp":{"iob":-0.124,"basaliob":-0.169,"bolussnooze":0,"activity":-8.0E-4,"lastBolusTime":1702893506960,"time":"2023-12-18T12:03:21.651Z"}},{"iob":0.041,"basaliob":0,"bolussnooze":0,"activity":9.0E-4,"lastBolusTime":1702893506960,"time":"2023-12-18T12:08:21.651Z","iobWithZeroTemp":{"iob":-0.132,"basaliob":-0.173,"bolussnooze":0,"activity":-8.0E-4,"lastBolusTime":1702893506960,"time":"2023-12-18T12:08:21.651Z"}},{"iob":0.037,"basaliob":0,"bolussnooze":0,"activity":8.0E-4,"lastBolusTime":1702893506960,"time":"2023-12-18T12:13:21.651Z","iobWithZeroTemp":{"iob":-0.14,"basaliob":-0.177,"bolussnooze":0,"activity":-0.001,"lastBolusTime":1702893506960,"time":"2023-12-18T12:13:21.651Z"}},{"iob":0.033,"basaliob":0,"bolussnooze":0,"activity":7.0E-4,"lastBolusTime":1702893506960,"time":"2023-12-18T12:18:21.651Z","iobWithZeroTemp":{"iob":-0.147,"basaliob":-0.18,"bolussnooze":0,"activity":-0.0012,"lastBolusTime":1702893506960,"time":"2023-12-18T12:18:21.651Z"}},{"iob":0.03,"basaliob":0,"bolussnooze":0,"activity":6.0E-4,"lastBolusTime":1702893506960,"time":"2023-12-18T12:23:21.651Z","iobWithZeroTemp":{"iob":-0.153,"basaliob":-0.183,"bolussnooze":0,"activity":-0.0013,"lastBolusTime":1702893506960,"time":"2023-12-18T12:23:21.651Z"}},{"iob":0.027,"basaliob":0,"bolussnooze":0,"activity":6.0E-4,"lastBolusTime":1702893506960,"time":"2023-12-18T12:28:21.651Z","iobWithZeroTemp":{"iob":-0.159,"basaliob":-0.186,"bolussnooze":0,"activity":-0.0014,"lastBolusTime":1702893506960,"time":"2023-12-18T12:28:21.651Z"}},{"iob":0.024,"basaliob":0,"bolussnooze":0,"activity":5.0E-4,"lastBolusTime":1702893506960,"time":"2023-12-18T12:33:21.651Z","iobWithZeroTemp":{"iob":-0.165,"basaliob":-0.189,"bolussnooze":0,"activity":-0.0015,"lastBolusTime":1702893506960,"time":"2023-12-18T12:33:21.651Z"}},{"iob":0.021,"basaliob":0,"bolussnooze":0,"activity":5.0E-4,"lastBolusTime":1702893506960,"time":"2023-12-18T12:38:21.651Z","iobWithZeroTemp":{"iob":-0.17,"basaliob":-0.191,"bolussnooze":0,"activity":-0.0016,"lastBolusTime":1702893506960,"time":"2023-12-18T12:38:21.651Z"}},{"iob":0.019,"basaliob":0,"bolussnooze":0,"activity":4.0E-4,"lastBolusTime":1702893506960,"time":"2023-12-18T12:43:21.651Z","iobWithZeroTemp":{"iob":-0.174,"basaliob":-0.193,"bolussnooze":0,"activity":-0.0017,"lastBolusTime":1702893506960,"time":"2023-12-18T12:43:21.651Z"}},{"iob":0.017,"basaliob":0,"bolussnooze":0,"activity":4.0E-4,"lastBolusTime":1702893506960,"time":"2023-12-18T12:48:21.651Z","iobWithZeroTemp":{"iob":-0.178,"basaliob":-0.195,"bolussnooze":0,"activity":-0.0017,"lastBolusTime":1702893506960,"time":"2023-12-18T12:48:21.651Z"}},{"iob":0.015,"basaliob":0,"bolussnooze":0,"activity":4.0E-4,"lastBolusTime":1702893506960,"time":"2023-12-18T12:53:21.651Z","iobWithZeroTemp":{"iob":-0.182,"basaliob":-0.197,"bolussnooze":0,"activity":-0.0018,"lastBolusTime":1702893506960,"time":"2023-12-18T12:53:21.651Z"}},{"iob":0.013,"basaliob":0,"bolussnooze":0,"activity":3.0E-4,"lastBolusTime":1702893506960,"time":"2023-12-18T12:58:21.651Z","iobWithZeroTemp":{"iob":-0.185,"basaliob":-0.198,"bolussnooze":0,"activity":-0.0019,"lastBolusTime":1702893506960,"time":"2023-12-18T12:58:21.651Z"}},{"iob":0.012,"basaliob":0,"bolussnooze":0,"activity":3.0E-4,"lastBolusTime":1702893506960,"time":"2023-12-18T13:03:21.651Z","iobWithZeroTemp":{"iob":-0.187,"basaliob":-0.199,"bolussnooze":0,"activity":-0.0019,"lastBolusTime":1702893506960,"time":"2023-12-18T13:03:21.651Z"}},{"iob":0.011,"basaliob":0,"bolussnooze":0,"activity":3.0E-4,"lastBolusTime":1702893506960,"time":"2023-12-18T13:08:21.651Z","iobWithZeroTemp":{"iob":-0.19,"basaliob":-0.201,"bolussnooze":0,"activity":-0.002,"lastBolusTime":1702893506960,"time":"2023-12-18T13:08:21.651Z"}},{"iob":0.009,"basaliob":0,"bolussnooze":0,"activity":2.0E-4,"lastBolusTime":1702893506960,"time":"2023-12-18T13:13:21.651Z","iobWithZeroTemp":{"iob":-0.193,"basaliob":-0.202,"bolussnooze":0,"activity":-0.0021,"lastBolusTime":1702893506960,"time":"2023-12-18T13:13:21.651Z"}},{"iob":0.008,"basaliob":0,"bolussnooze":0,"activity":2.0E-4,"lastBolusTime":1702893506960,"time":"2023-12-18T13:18:21.651Z","iobWithZeroTemp":{"iob":-0.195,"basaliob":-0.203,"bolussnooze":0,"activity":-0.0021,"lastBolusTime":1702893506960,"time":"2023-12-18T13:18:21.651Z"}},{"iob":0.007,"basaliob":0,"bolussnooze":0,"activity":2.0E-4,"lastBolusTime":1702893506960,"time":"2023-12-18T13:23:21.651Z","iobWithZeroTemp":{"iob":-0.197,"basaliob":-0.204,"bolussnooze":0,"activity":-0.0021,"lastBolusTime":1702893506960,"time":"2023-12-18T13:23:21.651Z"}},{"iob":0.006,"basaliob":0,"bolussnooze":0,"activity":2.0E-4,"lastBolusTime":1702893506960,"time":"2023-12-18T13:28:21.651Z","iobWithZeroTemp":{"iob":-0.199,"basaliob":-0.205,"bolussnooze":0,"activity":-0.0021,"lastBolusTime":1702893506960,"time":"2023-12-18T13:28:21.651Z"}},{"iob":0.006,"basaliob":0,"bolussnooze":0,"activity":1.0E-4,"lastBolusTime":1702893506960,"time":"2023-12-18T13:33:21.651Z","iobWithZeroTemp":{"iob":-0.199,"basaliob":-0.205,"bolussnooze":0,"activity":-0.0023,"lastBolusTime":1702893506960,"time":"2023-12-18T13:33:21.651Z"}},{"iob":0.005,"basaliob":0,"bolussnooze":0,"activity":1.0E-4,"lastBolusTime":1702893506960,"time":"2023-12-18T13:38:21.651Z","iobWithZeroTemp":{"iob":-0.201,"basaliob":-0.206,"bolussnooze":0,"activity":-0.0023,"lastBolusTime":1702893506960,"time":"2023-12-18T13:38:21.651Z"}},{"iob":0.004,"basaliob":0,"bolussnooze":0,"activity":1.0E-4,"lastBolusTime":1702893506960,"time":"2023-12-18T13:43:21.651Z","iobWithZeroTemp":{"iob":-0.202,"basaliob":-0.206,"bolussnooze":0,"activity":-0.0023,"lastBolusTime":1702893506960,"time":"2023-12-18T13:43:21.651Z"}},{"iob":0.004,"basaliob":0,"bolussnooze":0,"activity":1.0E-4,"lastBolusTime":1702893506960,"time":"2023-12-18T13:48:21.651Z","iobWithZeroTemp":{"iob":-0.203,"basaliob":-0.207,"bolussnooze":0,"activity":-0.0023,"lastBolusTime":1702893506960,"time":"2023-12-18T13:48:21.651Z"}},{"iob":0.003,"basaliob":0,"bolussnooze":0,"activity":1.0E-4,"lastBolusTime":1702893506960,"time":"2023-12-18T13:53:21.651Z","iobWithZeroTemp":{"iob":-0.204,"basaliob":-0.207,"bolussnooze":0,"activity":-0.0023,"lastBolusTime":1702893506960,"time":"2023-12-18T13:53:21.651Z"}},{"iob":0.003,"basaliob":0,"bolussnooze":0,"activity":1.0E-4,"lastBolusTime":1702893506960,"time":"2023-12-18T13:58:21.651Z","iobWithZeroTemp":{"iob":-0.205,"basaliob":-0.208,"bolussnooze":0,"activity":-0.0023,"lastBolusTime":1702893506960,"time":"2023-12-18T13:58:21.651Z"}},{"iob":0.002,"basaliob":0,"bolussnooze":0,"activity":1.0E-4,"lastBolusTime":1702893506960,"time":"2023-12-18T14:03:21.651Z","iobWithZeroTemp":{"iob":-0.21,"basaliob":-0.212,"bolussnooze":0,"activity":-0.0023,"lastBolusTime":1702893506960,"time":"2023-12-18T14:03:21.651Z"}},{"iob":0.002,"basaliob":0,"bolussnooze":0,"activity":1.0E-4,"lastBolusTime":1702893506960,"time":"2023-12-18T14:08:21.651Z","iobWithZeroTemp":{"iob":-0.215,"basaliob":-0.217,"bolussnooze":0,"activity":-0.0024,"lastBolusTime":1702893506960,"time":"2023-12-18T14:08:21.651Z"}},{"iob":0.002,"basaliob":0,"bolussnooze":0,"activity":1.0E-4,"lastBolusTime":1702893506960,"time":"2023-12-18T14:13:21.651Z","iobWithZeroTemp":{"iob":-0.219,"basaliob":-0.221,"bolussnooze":0,"activity":-0.0024,"lastBolusTime":1702893506960,"time":"2023-12-18T14:13:21.651Z"}},{"iob":0.001,"basaliob":0,"bolussnooze":0,"activity":0,"lastBolusTime":1702893506960,"time":"2023-12-18T14:18:21.651Z","iobWithZeroTemp":{"iob":-0.224,"basaliob":-0.225,"bolussnooze":0,"activity":-0.0025,"lastBolusTime":1702893506960,"time":"2023-12-18T14:18:21.651Z"}}],"profile":{"max_iob":10,"type":"current","max_daily_basal":0.25,"max_basal":0.75,"min_bg":90,"max_bg":90,"target_bg":90,"carb_ratio":12.6,"sens":84,"max_daily_safety_multiplier":5,"current_basal_safety_multiplier":5,"lgsThreshold":95,"high_temptarget_raises_sensitivity":false,"low_temptarget_lowers_sensitivity":false,"sensitivity_raises_target":true,"resistance_lowers_target":true,"adv_target_adjustments":false,"exercise_mode":false,"half_basal_exercise_target":160,"maxCOB":120,"skip_neutral_temps":false,"remainingCarbsCap":90,"enableUAM":true,"A52_risk_enable":false,"SMBInterval":5,"enableSMB_with_COB":true,"enableSMB_with_temptarget":false,"allowSMB_with_high_temptarget":false,"enableSMB_always":false,"enableSMB_after_carbs":true,"maxSMBBasalMinutes":120,"maxUAMSMBBasalMinutes":120,"bolus_increment":0.05,"carbsReqThreshold":1,"current_basal":0.15000000596046448,"temptargetSet":false,"autosens_max":1.2,"autosens_min":0.7,"variable_sens":90.3,"insulinDivisor":75,"TDD":22.4832465521255},"autosens_data":{"ratio":1},"meal_data":{"carbs":33,"mealCOB":0,"slopeFromMaxDeviation":-0.4895,"slopeFromMinDeviation":0,"lastBolusTime":1702893506960,"lastCarbTime":1702882100580},"microBolusAllowed":true,"currentTime":1702895003000,"flatBGsDetected":false,"tdd1D":22.354166475186748,"tdd7D":26.782783919711285,"tddLast24H":21.958333164205154,"tddLast4H":3.816666726271311,"tddLast8to4H":1.1958333333333333},"output":{"temp":"absolute","bg":107,"tick":-2,"eventualBG":88,"targetBG":90,"insulinReq":0,"deliverAt":"2023-12-18T10:23:23.000Z","sensitivityRatio":1,"variable_sens":90.3,"predBGs":{"IOB":[107,105,103,101,99,98,96,95,93,92,91,90,89,88,87,86,85,84,84,83,82,82,81,81,81,80,80,80,79,79,79,79,79,78,78,78,78,78,78,78,78,78,78,77],"ZT":[107,105,104,102,100,99,98,97,96,95,94,93,93,92,92,92,91,91,92,92,92,92,93,93,94,95,95,96,97,98,98]},"reason":"COB: 0, Dev: 5, BGI: -2, ISF: 90, CR: 12.6, Target: 90, minPredBG 84, minGuardBG 77, IOBpredBG 77; minGuardBG 77<95","COB":0,"IOB":0.271,"duration":60,"rate":0,"timestamp":"2023-12-18T10:23:23.006Z"}}