{"algorithm":"OpenAPSSMBDynamicISFPlugin","input":{"glucoseStatus":{"glucose":83,"noise":0,"delta":3,"short_avgdelta":2.39,"long_avgdelta":-1.05,"date":1702882970000},"currenttemp":{"temp":"absolute","duration":85,"rate":0,"minutesrunning":35},"iob_data":[{"iob":2.01,"basaliob":-0.123,"bolussnooze":1.3107,"activity":0.0221,"lastBolusTime":1702880761631,"time":"2023-12-18T07:03:18.739Z","iobWithZeroTemp":{"iob":2.01,"basaliob":-0.123,"bolussnooze":1.3107,"activity":0.0221,"lastBolusTime":1702880761631,"time":"2023-12-18T07:03:18.739Z"}},{"iob":1.899,"basaliob":-0.12,"bolussnooze":1.1228,"activity":0.0223,"lastBolusTime":1702880761631,"time":"2023-12-18T07:08:18.739Z","iobWithZeroTemp":{"iob":1.889,"basaliob":-0.13,"bolussnooze":1.1228,"activity":0.0223,"lastBolusTime":1702880761631,"time":"2023-12-18T07:08:18.739Z"}},{"iob":1.787,"basaliob":-0.116,"bolussnooze":0.9542,"activity":0.0221,"lastBolusTime":1702880761631,"time":"2023-12-18T07:13:18.739Z","iobWithZeroTemp":{"iob":1.765,"basaliob":-0.138,"bolussnooze":0.9542,"activity":0.0221,"lastBolusTime":1702880761631,"time":"2023-12-18T07:13:18.739Z"}},{"iob":1.677,"basaliob":-0.112,"bolussnooze":0.8049,"activity":0.0219,"lastBolusTime":1702880761631,"time":"2023-12-18T07:18:18.739Z","iobWithZeroTemp":{"iob":1.642,"basaliob":-0.147,"bolussnooze":0.8049,"activity":0.0218,"lastBolusTime":1702880761631,"time":"2023-12-18T07:18:18.739Z"}},{"iob":1.569,"basaliob":-0.107,"bolussnooze":0.6744,"activity":0.0213,"lastBolusTime":1702880761631,"time":"2023-12-18T07:23:18.739Z","iobWithZeroTemp":{"iob":1.523,"basaliob":-0.153,"bolussnooze":0.6744,"activity":0.0211,"lastBolusTime":1702880761631,"time":"2023-12-18T07:23:18.739Z"}},{"iob":1.465,"basaliob":-0.101,"bolussnooze":0.5613,"activity":0.0206,"lastBolusTime":1702880761631,"time":"2023-12-18T07:28:18.739Z","iobWithZeroTemp":{"iob":1.407,"basaliob":-0.159,"bolussnooze":0.5613,"activity":0.0203,"lastBolusTime":1702880761631,"time":"2023-12-18T07:28:18.739Z"}},{"iob":1.363,"basaliob":-0.096,"bolussnooze":0.4642,"activity":0.0199,"lastBolusTime":1702880761631,"time":"2023-12-18T07:33:18.739Z","iobWithZeroTemp":{"iob":1.294,"basaliob":-0.165,"bolussnooze":0.4642,"activity":0.0195,"lastBolusTime":1702880761631,"time":"2023-12-18T07:33:18.739Z"}},{"iob":1.265,"basaliob":-0.091,"bolussnooze":0.3815,"activity":0.019,"lastBolusTime":1702880761631,"time":"2023-12-18T07:38:18.739Z","iobWithZeroTemp":{"iob":1.186,"basaliob":-0.17,"bolussnooze":0.3815,"activity":0.0185,"lastBolusTime":1702880761631,"time":"2023-12-18T07:38:18.739Z"}},{"iob":1.173,"basaliob":-0.085,"bolussnooze":0.3115,"activity":0.0181,"lastBolusTime":1702880761631,"time":"2023-12-18T07:43:18.739Z","iobWithZeroTemp":{"iob":1.084,"basaliob":-0.174,"bolussnooze":0.3115,"activity":0.0175,"lastBolusTime":1702880761631,"time":"2023-12-18T07:43:18.739Z"}},{"iob":1.084,"basaliob":-0.08,"bolussnooze":0.2528,"activity":0.0173,"lastBolusTime":1702880761631,"time":"2023-12-18T07:48:18.739Z","iobWithZeroTemp":{"iob":0.985,"basaliob":-0.179,"bolussnooze":0.2528,"activity":0.0166,"lastBolusTime":1702880761631,"time":"2023-12-18T07:48:18.739Z"}},{"iob":1,"basaliob":-0.075,"bolussnooze":0.2037,"activity":0.0163,"lastBolusTime":1702880761631,"time":"2023-12-18T07:53:18.739Z","iobWithZeroTemp":{"iob":0.893,"basaliob":-0.182,"bolussnooze":0.2037,"activity":0.0155,"lastBolusTime":1702880761631,"time":"2023-12-18T07:53:18.739Z"}},{"iob":0.921,"basaliob":-0.07,"bolussnooze":0.1631,"activity":0.0153,"lastBolusTime":1702880761631,"time":"2023-12-18T07:58:18.739Z","iobWithZeroTemp":{"iob":0.805,"basaliob":-0.186,"bolussnooze":0.1631,"activity":0.0144,"lastBolusTime":1702880761631,"time":"2023-12-18T07:58:18.739Z"}},{"iob":0.847,"basaliob":-0.065,"bolussnooze":0.1295,"activity":0.0144,"lastBolusTime":1702880761631,"time":"2023-12-18T08:03:18.739Z","iobWithZeroTemp":{"iob":0.723,"basaliob":-0.189,"bolussnooze":0.1295,"activity":0.0134,"lastBolusTime":1702880761631,"time":"2023-12-18T08:03:18.739Z"}},{"iob":0.777,"basaliob":-0.06,"bolussnooze":0.1021,"activity":0.0135,"lastBolusTime":1702880761631,"time":"2023-12-18T08:08:18.739Z","iobWithZeroTemp":{"iob":0.646,"basaliob":-0.191,"bolussnooze":0.1021,"activity":0.0124,"lastBolusTime":1702880761631,"time":"2023-12-18T08:08:18.739Z"}},{"iob":0.712,"basaliob":-0.056,"bolussnooze":0.0797,"activity":0.0126,"lastBolusTime":1702880761631,"time":"2023-12-18T08:13:18.739Z","iobWithZeroTemp":{"iob":0.574,"basaliob":-0.194,"bolussnooze":0.0797,"activity":0.0114,"lastBolusTime":1702880761631,"time":"2023-12-18T08:13:18.739Z"}},{"iob":0.651,"basaliob":-0.052,"bolussnooze":0.0617,"activity":0.0118,"lastBolusTime":1702880761631,"time":"2023-12-18T08:18:18.739Z","iobWithZeroTemp":{"iob":0.507,"basaliob":-0.196,"bolussnooze":0.0617,"activity":0.0105,"lastBolusTime":1702880761631,"time":"2023-12-18T08:18:18.739Z"}},{"iob":0.594,"basaliob":-0.048,"bolussnooze":0.0471,"activity":0.0109,"lastBolusTime":1702880761631,"time":"2023-12-18T08:23:18.739Z","iobWithZeroTemp":{"iob":0.444,"basaliob":-0.198,"bolussnooze":0.0471,"activity":0.0095,"lastBolusTime":1702880761631,"time":"2023-12-18T08:23:18.739Z"}},{"iob":0.542,"basaliob":-0.044,"bolussnooze":0.0356,"activity":0.0102,"lastBolusTime":1702880761631,"time":"2023-12-18T08:28:18.739Z","iobWithZeroTemp":{"iob":0.386,"basaliob":-0.2,"bolussnooze":0.0356,"activity":0.0087,"lastBolusTime":1702880761631,"time":"2023-12-18T08:28:18.739Z"}},{"iob":0.493,"basaliob":-0.04,"bolussnooze":0.0265,"activity":0.0094,"lastBolusTime":1702880761631,"time":"2023-12-18T08:33:18.739Z","iobWithZeroTemp":{"iob":0.332,"basaliob":-0.201,"bolussnooze":0.0265,"activity":0.0079,"lastBolusTime":1702880761631,"time":"2023-12-18T08:33:18.739Z"}},{"iob":0.448,"basaliob":-0.037,"bolussnooze":0.0193,"activity":0.0087,"lastBolusTime":1702880761631,"time":"2023-12-18T08:38:18.739Z","iobWithZeroTemp":{"iob":0.283,"basaliob":-0.202,"bolussnooze":0.0193,"activity":0.0071,"lastBolusTime":1702880761631,"time":"2023-12-18T08:38:18.739Z"}},{"iob":0.406,"basaliob":-0.034,"bolussnooze":0.0138,"activity":0.008,"lastBolusTime":1702880761631,"time":"2023-12-18T08:43:18.739Z","iobWithZeroTemp":{"iob":0.237,"basaliob":-0.203,"bolussnooze":0.0138,"activity":0.0063,"lastBolusTime":1702880761631,"time":"2023-12-18T08:43:18.739Z"}},{"iob":0.368,"basaliob":-0.031,"bolussnooze":0.0096,"activity":0.0073,"lastBolusTime":1702880761631,"time":"2023-12-18T08:48:18.739Z","iobWithZeroTemp":{"iob":0.195,"basaliob":-0.204,"bolussnooze":0.0096,"activity":0.0056,"lastBolusTime":1702880761631,"time":"2023-12-18T08:48:18.739Z"}},{"iob":0.333,"basaliob":-0.028,"bolussnooze":0.0064,"activity":0.0068,"lastBolusTime":1702880761631,"time":"2023-12-18T08:53:18.739Z","iobWithZeroTemp":{"iob":0.156,"basaliob":-0.205,"bolussnooze":0.0064,"activity":0.005,"lastBolusTime":1702880761631,"time":"2023-12-18T08:53:18.739Z"}},{"iob":0.3,"basaliob":-0.026,"bolussnooze":0.0041,"activity":0.0062,"lastBolusTime":1702880761631,"time":"2023-12-18T08:58:18.739Z","iobWithZeroTemp":{"iob":0.12,"basaliob":-0.206,"bolussnooze":0.0041,"activity":0.0043,"lastBolusTime":1702880761631,"time":"2023-12-18T08:58:18.739Z"}},{"iob":0.272,"basaliob":-0.023,"bolussnooze":0.0025,"activity":0.0057,"lastBolusTime":1702880761631,"time":"2023-12-18T09:03:18.739Z","iobWithZeroTemp":{"iob":0.085,"basaliob":-0.21,"bolussnooze":0.0025,"activity":0.0038,"lastBolusTime":1702880761631,"time":"2023-12-18T09:03:18.739Z"}},{"iob":0.244,"basaliob":-0.021,"bolussnooze":0.0013,"activity":0.0052,"lastBolusTime":1702880761631,"time":"2023-12-18T09:08:18.739Z","iobWithZeroTemp":{"iob":0.05,"basaliob":-0.215,"bolussnooze":0.0013,"activity":0.0032,"lastBolusTime":1702880761631,"time":"2023-12-18T09:08:18.739Z"}},{"iob":0.22,"basaliob":-0.019,"bolussnooze":6.0E-4,"activity":0.0047,"lastBolusTime":1702880761631,"time":"2023-12-18T09:13:18.739Z","iobWithZeroTemp":{"iob":0.019,"basaliob":-0.22,"bolussnooze":6.0E-4,"activity":0.0026,"lastBolusTime":1702880761631,"time":"2023-12-18T09:13:18.739Z"}},{"iob":0.197,"basaliob":-0.017,"bolussnooze":2.0E-4,"activity":0.0043,"lastBolusTime":1702880761631,"time":"2023-12-18T09:18:18.739Z","iobWithZeroTemp":{"iob":-0.01,"basaliob":-0.224,"bolussnooze":2.0E-4,"activity":0.0022,"lastBolusTime":1702880761631,"time":"2023-12-18T09:18:18.739Z"}},{"iob":0.176,"basaliob":-0.016,"bolussnooze":0,"activity":0.0039,"lastBolusTime":1702880761631,"time":"2023-12-18T09:23:18.739Z","iobWithZeroTemp":{"iob":-0.037,"basaliob":-0.229,"bolussnooze":0,"activity":0.0017,"lastBolusTime":1702880761631,"time":"2023-12-18T09:23:18.739Z"}},{"iob":0.158,"basaliob":-0.014,"bolussnooze":0,"activity":0.0036,"lastBolusTime":1702880761631,"time":"2023-12-18T09:28:18.739Z","iobWithZeroTemp":{"iob":-0.06,"basaliob":-0.232,"bolussnooze":0,"activity":0.0013,"lastBolusTime":1702880761631,"time":"2023-12-18T09:28:18.739Z"}},{"iob":0.14,"basaliob":-0.013,"bolussnooze":0,"activity":0.0032,"lastBolusTime":1702880761631,"time":"2023-12-18T09:33:18.739Z","iobWithZeroTemp":{"iob":-0.083,"basaliob":-0.236,"bolussnooze":0,"activity":9.0E-4,"lastBolusTime":1702880761631,"time":"2023-12-18T09:33:18.739Z"}},{"iob":0.125,"basaliob":-0.012,"bolussnooze":0,"activity":0.0029,"lastBolusTime":1702880761631,"time":"2023-12-18T09:38:18.739Z","iobWithZeroTemp":{"iob":-0.103,"basaliob":-0.24,"bolussnooze":0,"activity":5.0E-4,"lastBolusTime":1702880761631,"time":"2023-12-18T09:38:18.739Z"}},{"iob":0.112,"basaliob":-0.01,"bolussnooze":0,"activity":0.0027,"lastBolusTime":1702880761631,"time":"2023-12-18T09:43:18.739Z","iobWithZeroTemp":{"iob":-0.121,"basaliob":-0.243,"bolussnooze":0,"activity":2.0E-4,"lastBolusTime":1702880761631,"time":"2023-12-18T09:43:18.739Z"}},{"iob":0.099,"basaliob":-0.009,"bolussnooze":0,"activity":0.0024,"lastBolusTime":1702880761631,"time":"2023-12-18T09:48:18.739Z","iobWithZeroTemp":{"iob":-0.138,"basaliob":-0.246,"bolussnooze":0,"activity":-1.0E-4,"lastBolusTime":1702880761631,"time":"2023-12-18T09:48:18.739Z"}},{"iob":0.088,"basaliob":-0.008,"bolussnooze":0,"activity":0.0021,"lastBolusTime":1702880761631,"time":"2023-12-18T09:53:18.739Z","iobWithZeroTemp":{"iob":-0.153,"basaliob":-0.249,"bolussnooze":0,"activity":-5.0E-4,"lastBolusTime":1702880761631,"time":"2023-12-18T09:53:18.739Z"}},{"iob":0.077,"basaliob":-0.007,"bolussnooze":0,"activity":0.0019,"lastBolusTime":1702880761631,"time":"2023-12-18T09:58:18.739Z","iobWithZeroTemp":{"iob":-0.167,"basaliob":-0.251,"bolussnooze":0,"activity":-7.0E-4,"lastBolusTime":1702880761631,"time":"2023-12-18T09:58:18.739Z"}},{"iob":0.067,"basaliob":-0.007,"bolussnooze":0,"activity":0.0017,"lastBolusTime":1702880761631,"time":"2023-12-18T10:03:18.739Z","iobWithZeroTemp":{"iob":-0.177,"basaliob":-0.251,"bolussnooze":0,"activity":-0.001,"lastBolusTime":1702880761631,"time":"2023-12-18T10:03:18.739Z"}},{"iob":0.059,"basaliob":-0.006,"bolussnooze":0,"activity":0.0016,"lastBolusTime":1702880761631,"time":"2023-12-18T10:08:18.739Z","iobWithZeroTemp":{"iob":-0.184,"basaliob":-0.249,"bolussnooze":0,"activity":-0.0011,"lastBolusTime":1702880761631,"time":"2023-12-18T10:08:18.739Z"}},{"iob":0.052,"basaliob":-0.005,"bolussnooze":0,"activity":0.0014,"lastBolusTime":1702880761631,"time":"2023-12-18T10:13:18.739Z","iobWithZeroTemp":{"iob":-0.189,"basaliob":-0.246,"bolussnooze":0,"activity":-0.0014,"lastBolusTime":1702880761631,"time":"2023-12-18T10:13:18.739Z"}},{"iob":0.045,"basaliob":-0.005,"bolussnooze":0,"activity":0.0013,"lastBolusTime":1702880761631,"time":"2023-12-18T10:18:18.739Z","iobWithZeroTemp":{"iob":-0.195,"basaliob":-0.245,"bolussnooze":0,"activity":-0.0015,"lastBolusTime":1702880761631,"time":"2023-12-18T10:18:18.739Z"}},{"iob":0.04,"basaliob":-0.004,"bolussnooze":0,"activity":0.0011,"lastBolusTime":1702880761631,"time":"2023-12-18T10:23:18.739Z","iobWithZeroTemp":{"iob":-0.199,"basaliob":-0.243,"bolussnooze":0,"activity":-0.0017,"lastBolusTime":1702880761631,"time":"2023-12-18T10:23:18.739Z"}},{"iob":0.034,"basaliob":-0.004,"bolussnooze":0,"activity":0.001,"lastBolusTime":1702880761631,"time":"2023-12-18T10:28:18.739Z","iobWithZeroTemp":{"iob":-0.203,"basaliob":-0.241,"bolussnooze":0,"activity":-0.0018,"lastBolusTime":1702880761631,"time":"2023-12-18T10:28:18.739Z"}},{"iob":0.03,"basaliob":-0.003,"bolussnooze":0,"activity":9.0E-4,"lastBolusTime":1702880761631,"time":"2023-12-18T10:33:18.739Z","iobWithZeroTemp":{"iob":-0.206,"basaliob":-0.239,"bolussnooze":0,"activity":-0.0019,"lastBolusTime":1702880761631,"time":"2023-12-18T10:33:18.739Z"}},{"iob":0.025,"basaliob":-0.003,"bolussnooze":0,"activity":8.0E-4,"lastBolusTime":1702880761631,"time":"2023-12-18T10:38:18.739Z","iobWithZeroTemp":{"iob":-0.209,"basaliob":-0.237,"bolussnooze":0,"activity":-0.002,"lastBolusTime":1702880761631,"time":"2023-12-18T10:38:18.739Z"}},{"iob":0.022,"basaliob":-0.002,"bolussnooze":0,"activity":7.0E-4,"lastBolusTime":1702880761631,"time":"2023-12-18T10:43:18.739Z","iobWithZeroTemp":{"iob":-0.211,"basaliob":-0.235,"bolussnooze":0,"activity":-0.0021,"lastBolusTime":1702880761631,"time":"2023-12-18T10:43:18.739Z"}},{"iob":0.019,"basaliob":-0.002,"bolussnooze":0,"activity":6.0E-4,"lastBolusTime":1702880761631,"time":"2023-12-18T10:48:18.739Z","iobWithZeroTemp":{"iob":-0.212,"basaliob":-0.233,"bolussnooze":0,"activity":-0.0022,"lastBolusTime":1702880761631,"time":"2023-12-18T10:48:18.739Z"}},{"iob":0.016,"basaliob":-0.002,"bolussnooze":0,"activity":5.0E-4,"lastBolusTime":1702880761631,"time":"2023-12-18T10:53:18.739Z","iobWithZeroTemp":{"iob":-0.214,"basaliob":-0.232,"bolussnooze":0,"activity":-0.0023,"lastBolusTime":1702880761631,"time":"2023-12-18T10:53:18.739Z"}},{"iob":0.013,"basaliob":-0.002,"bolussnooze":0,"activity":5.0E-4,"lastBolusTime":1702880761631,"time":"2023-12-18T10:58:18.739Z","iobWithZeroTemp":{"iob":-0.216,"basaliob":-0.231,"bolussnooze":0,"activity":-0.0023,"lastBolusTime":1702880761631,"time":"2023-12-18T10:58:18.739Z"}}],"profile":{"max_iob":10,"type":"current","max_daily_basal":0.25,"max_basal":0.75,"min_bg":90,"max_bg":90,"target_bg":90,"carb_ratio":12.6,"sens":84,"max_daily_safety_multiplier":5,"current_basal_safety_multiplier":5,"lgsThreshold":95,"high_temptarget_raises_sensitivity":false,"low_temptarget_lowers_sensitivity":false,"sensitivity_raises_target":true,"resistance_lowers_target":true,"adv_target_adjustments":false,"exercise_mode":false,"half_basal_exercise_target":160,"maxCOB":120,"skip_neutral_temps":false,"remainingCarbsCap":90,"enableUAM":true,"A52_risk_enable":false,"SMBInterval":5,"enableSMB_with_COB":true,"enableSMB_with_temptarget":false,"allowSMB_with_high_temptarget":false,"enableSMB_always":false,"enableSMB_after_carbs":true,"maxSMBBasalMinutes":120,"maxUAMSMBBasalMinutes":120,"bolus_increment":0.05,"carbsReqThreshold":1,"current_basal":0.15000000596046448,"temptargetSet":false,"autosens_max":1.2,"autosens_min":0.7,"variable_sens":106.4,"insulinDivisor":75,"TDD":22.710946535603096},"autosens_data":{"ratio":1},"meal_data":{"carbs":33,"mealCOB":29.496900000000004,"slopeFromMaxDeviation":0,"slopeFromMinDeviation":1.1578181818181819,"lastBolusTime":1702880761631,"lastCarbTime":1702882100580},"microBolusAllowed":true,"currentTime":1702883000467,"flatBGsDetected":false,"tdd1D":22.354166475186748,"tdd7D":26.782783919711285,"tddLast24H":24.695833152284223,"tddLast4H":3.754166714350382,"tddLast8to4H":1.7249999999999999},"output":{"temp":"absolute","bg":83,"tick":"+3","eventualBG":144,"targetBG":90,"insulinReq":0,"deliverAt":"2023-12-18T07:03:20.467Z","sensitivityRatio":1,"variable_sens":106.4,"predBGs":{"IOB":[83,84,84,83,81,78,74,68,61,53,42,39,39],"ZT":[83,71,58,43,39,39,39,39,39,39,39,39,39,39,39,39,39,39,39,39,39,39,39,39,39,39,39,39,39,39,39,39,39,39,39,39,39,39,39,39,39,39,39,39,39,39,39,39],"COB":[83,85,87,88,89,90,90,91,92,93,94,95,96,97,99,100,102,103,105,106,108,109,111,112,113,114,115,116,116,117,117,117,116,116,115,114,113,112,111,110,110,109,109,108,108,107],"UAM":[83,85,87,88,90,91,93,95,97,98,101,103,105,108,111,113,116,119,122,125,127,130,133,135,138,140,142,144,145,147,148,148,149,149,149,149,148,147,147,146,146,145,145,145,144]},"reason":"COB: 29.5, Dev: 85, BGI: -12, ISF: 106, CR: 12.6, Target: 90, minPredBG 105, minGuardBG 85, IOBpredBG 39, COBpredBG 107, UAMpredBG 144; 6 add'l carbs req w\/in 0m; minGuardBG 85<95 85m left and 0 ~ req 0U\/hr: no temp required","COB":29.496900000000004,"IOB":2.01,"carbsReq":6,"carbsReqWithin":0,"timestamp":"2023-12-18T07:03:20.484Z"}}