{"algorithm":"OpenAPSSMBDynamicISFPlugin","input":{"glucoseStatus":{"glucose":127,"noise":0,"delta":-2,"short_avgdelta":-1,"long_avgdelta":1.47,"date":1702872170000},"currenttemp":{"temp":"absolute","duration":25,"rate":0.55,"minutesrunning":5},"iob_data":[{"iob":0.367,"basaliob":0.367,"bolussnooze":0,"activity":0.0033,"lastBolusTime":1702853609765,"time":"2023-12-18T04:03:20.419Z","iobWithZeroTemp":{"iob":0.367,"basaliob":0.367,"bolussnooze":0,"activity":0.0033,"lastBolusTime":1702853609765,"time":"2023-12-18T04:03:20.419Z"}},{"iob":0.35,"basaliob":0.35,"bolussnooze":0,"activity":0.0035,"lastBolusTime":1702853609765,"time":"2023-12-18T04:08:20.419Z","iobWithZeroTemp":{"iob":0.333,"basaliob":0.333,"bolussnooze":0,"activity":0.0035,"lastBolusTime":1702853609765,"time":"2023-12-18T04:08:20.419Z"}},{"iob":0.332,"basaliob":0.332,"bolussnooze":0,"activity":0.0036,"lastBolusTime":1702853609765,"time":"2023-12-18T04:13:20.419Z","iobWithZeroTemp":{"iob":0.295,"basaliob":0.295,"bolussnooze":0,"activity":0.0035,"lastBolusTime":1702853609765,"time":"2023-12-18T04:13:20.419Z"}},{"iob":0.314,"basaliob":0.314,"bolussnooze":0,"activity":0.0037,"lastBolusTime":1702853609765,"time":"2023-12-18T04:18:20.419Z","iobWithZeroTemp":{"iob":0.256,"basaliob":0.256,"bolussnooze":0,"activity":0.0035,"lastBolusTime":1702853609765,"time":"2023-12-18T04:18:20.419Z"}},{"iob":0.295,"basaliob":0.295,"bolussnooze":0,"activity":0.0036,"lastBolusTime":1702853609765,"time":"2023-12-18T04:23:20.419Z","iobWithZeroTemp":{"iob":0.218,"basaliob":0.218,"bolussnooze":0,"activity":0.0033,"lastBolusTime":1702853609765,"time":"2023-12-18T04:23:20.419Z"}},{"iob":0.277,"basaliob":0.277,"bolussnooze":0,"activity":0.0036,"lastBolusTime":1702853609765,"time":"2023-12-18T04:28:20.419Z","iobWithZeroTemp":{"iob":0.181,"basaliob":0.181,"bolussnooze":0,"activity":0.0032,"lastBolusTime":1702853609765,"time":"2023-12-18T04:28:20.419Z"}},{"iob":0.26,"basaliob":0.26,"bolussnooze":0,"activity":0.0035,"lastBolusTime":1702853609765,"time":"2023-12-18T04:33:20.419Z","iobWithZeroTemp":{"iob":0.146,"basaliob":0.146,"bolussnooze":0,"activity":0.0029,"lastBolusTime":1702853609765,"time":"2023-12-18T04:33:20.419Z"}},{"iob":0.242,"basaliob":0.242,"bolussnooze":0,"activity":0.0034,"lastBolusTime":1702853609765,"time":"2023-12-18T04:38:20.419Z","iobWithZeroTemp":{"iob":0.11,"basaliob":0.11,"bolussnooze":0,"activity":0.0026,"lastBolusTime":1702853609765,"time":"2023-12-18T04:38:20.419Z"}},{"iob":0.226,"basaliob":0.226,"bolussnooze":0,"activity":0.0033,"lastBolusTime":1702853609765,"time":"2023-12-18T04:43:20.419Z","iobWithZeroTemp":{"iob":0.077,"basaliob":0.077,"bolussnooze":0,"activity":0.0024,"lastBolusTime":1702853609765,"time":"2023-12-18T04:43:20.419Z"}},{"iob":0.209,"basaliob":0.209,"bolussnooze":0,"activity":0.0032,"lastBolusTime":1702853609765,"time":"2023-12-18T04:48:20.419Z","iobWithZeroTemp":{"iob":0.045,"basaliob":0.045,"bolussnooze":0,"activity":0.0021,"lastBolusTime":1702853609765,"time":"2023-12-18T04:48:20.419Z"}},{"iob":0.194,"basaliob":0.194,"bolussnooze":0,"activity":0.003,"lastBolusTime":1702853609765,"time":"2023-12-18T04:53:20.419Z","iobWithZeroTemp":{"iob":0.015,"basaliob":0.015,"bolussnooze":0,"activity":0.0017,"lastBolusTime":1702853609765,"time":"2023-12-18T04:53:20.419Z"}},{"iob":0.179,"basaliob":0.179,"bolussnooze":0,"activity":0.0029,"lastBolusTime":0,"time":"2023-12-18T04:58:20.419Z","iobWithZeroTemp":{"iob":-0.014,"basaliob":-0.014,"bolussnooze":0,"activity":0.0014,"lastBolusTime":0,"time":"2023-12-18T04:58:20.419Z"}},{"iob":0.165,"basaliob":0.165,"bolussnooze":0,"activity":0.0027,"lastBolusTime":0,"time":"2023-12-18T05:03:20.419Z","iobWithZeroTemp":{"iob":-0.037,"basaliob":-0.037,"bolussnooze":0,"activity":0.0011,"lastBolusTime":0,"time":"2023-12-18T05:03:20.419Z"}},{"iob":0.152,"basaliob":0.152,"bolussnooze":0,"activity":0.0025,"lastBolusTime":0,"time":"2023-12-18T05:08:20.419Z","iobWithZeroTemp":{"iob":-0.058,"basaliob":-0.058,"bolussnooze":0,"activity":7.0E-4,"lastBolusTime":0,"time":"2023-12-18T05:08:20.419Z"}},{"iob":0.14,"basaliob":0.14,"bolussnooze":0,"activity":0.0024,"lastBolusTime":0,"time":"2023-12-18T05:13:20.419Z","iobWithZeroTemp":{"iob":-0.078,"basaliob":-0.078,"bolussnooze":0,"activity":5.0E-4,"lastBolusTime":0,"time":"2023-12-18T05:13:20.419Z"}},{"iob":0.129,"basaliob":0.129,"bolussnooze":0,"activity":0.0022,"lastBolusTime":0,"time":"2023-12-18T05:18:20.419Z","iobWithZeroTemp":{"iob":-0.095,"basaliob":-0.095,"bolussnooze":0,"activity":1.0E-4,"lastBolusTime":0,"time":"2023-12-18T05:18:20.419Z"}},{"iob":0.118,"basaliob":0.118,"bolussnooze":0,"activity":0.0021,"lastBolusTime":0,"time":"2023-12-18T05:23:20.419Z","iobWithZeroTemp":{"iob":-0.112,"basaliob":-0.112,"bolussnooze":0,"activity":-1.0E-4,"lastBolusTime":0,"time":"2023-12-18T05:23:20.419Z"}},{"iob":0.108,"basaliob":0.108,"bolussnooze":0,"activity":0.0019,"lastBolusTime":0,"time":"2023-12-18T05:28:20.419Z","iobWithZeroTemp":{"iob":-0.128,"basaliob":-0.128,"bolussnooze":0,"activity":-4.0E-4,"lastBolusTime":0,"time":"2023-12-18T05:28:20.419Z"}},{"iob":0.098,"basaliob":0.098,"bolussnooze":0,"activity":0.0018,"lastBolusTime":0,"time":"2023-12-18T05:33:20.419Z","iobWithZeroTemp":{"iob":-0.143,"basaliob":-0.143,"bolussnooze":0,"activity":-6.0E-4,"lastBolusTime":0,"time":"2023-12-18T05:33:20.419Z"}},{"iob":0.09,"basaliob":0.09,"bolussnooze":0,"activity":0.0017,"lastBolusTime":0,"time":"2023-12-18T05:38:20.419Z","iobWithZeroTemp":{"iob":-0.155,"basaliob":-0.155,"bolussnooze":0,"activity":-8.0E-4,"lastBolusTime":0,"time":"2023-12-18T05:38:20.419Z"}},{"iob":0.082,"basaliob":0.082,"bolussnooze":0,"activity":0.0015,"lastBolusTime":0,"time":"2023-12-18T05:43:20.419Z","iobWithZeroTemp":{"iob":-0.167,"basaliob":-0.167,"bolussnooze":0,"activity":-0.0011,"lastBolusTime":0,"time":"2023-12-18T05:43:20.419Z"}},{"iob":0.074,"basaliob":0.074,"bolussnooze":0,"activity":0.0014,"lastBolusTime":0,"time":"2023-12-18T05:48:20.419Z","iobWithZeroTemp":{"iob":-0.179,"basaliob":-0.179,"bolussnooze":0,"activity":-0.0013,"lastBolusTime":0,"time":"2023-12-18T05:48:20.419Z"}},{"iob":0.067,"basaliob":0.067,"bolussnooze":0,"activity":0.0013,"lastBolusTime":0,"time":"2023-12-18T05:53:20.419Z","iobWithZeroTemp":{"iob":-0.189,"basaliob":-0.189,"bolussnooze":0,"activity":-0.0014,"lastBolusTime":0,"time":"2023-12-18T05:53:20.419Z"}},{"iob":0.061,"basaliob":0.061,"bolussnooze":0,"activity":0.0012,"lastBolusTime":0,"time":"2023-12-18T05:58:20.419Z","iobWithZeroTemp":{"iob":-0.198,"basaliob":-0.198,"bolussnooze":0,"activity":-0.0016,"lastBolusTime":0,"time":"2023-12-18T05:58:20.419Z"}},{"iob":0.055,"basaliob":0.055,"bolussnooze":0,"activity":0.0011,"lastBolusTime":0,"time":"2023-12-18T06:03:20.419Z","iobWithZeroTemp":{"iob":-0.211,"basaliob":-0.211,"bolussnooze":0,"activity":-0.0017,"lastBolusTime":0,"time":"2023-12-18T06:03:20.419Z"}},{"iob":0.05,"basaliob":0.05,"bolussnooze":0,"activity":0.001,"lastBolusTime":0,"time":"2023-12-18T06:08:20.419Z","iobWithZeroTemp":{"iob":-0.222,"basaliob":-0.222,"bolussnooze":0,"activity":-0.0019,"lastBolusTime":0,"time":"2023-12-18T06:08:20.419Z"}},{"iob":0.045,"basaliob":0.045,"bolussnooze":0,"activity":9.0E-4,"lastBolusTime":0,"time":"2023-12-18T06:13:20.419Z","iobWithZeroTemp":{"iob":-0.233,"basaliob":-0.233,"bolussnooze":0,"activity":-0.0021,"lastBolusTime":0,"time":"2023-12-18T06:13:20.419Z"}},{"iob":0.04,"basaliob":0.04,"bolussnooze":0,"activity":9.0E-4,"lastBolusTime":0,"time":"2023-12-18T06:18:20.419Z","iobWithZeroTemp":{"iob":-0.244,"basaliob":-0.244,"bolussnooze":0,"activity":-0.0022,"lastBolusTime":0,"time":"2023-12-18T06:18:20.419Z"}},{"iob":0.036,"basaliob":0.036,"bolussnooze":0,"activity":8.0E-4,"lastBolusTime":0,"time":"2023-12-18T06:23:20.419Z","iobWithZeroTemp":{"iob":-0.253,"basaliob":-0.253,"bolussnooze":0,"activity":-0.0023,"lastBolusTime":0,"time":"2023-12-18T06:23:20.419Z"}},{"iob":0.033,"basaliob":0.033,"bolussnooze":0,"activity":7.0E-4,"lastBolusTime":0,"time":"2023-12-18T06:28:20.419Z","iobWithZeroTemp":{"iob":-0.262,"basaliob":-0.262,"bolussnooze":0,"activity":-0.0025,"lastBolusTime":0,"time":"2023-12-18T06:28:20.419Z"}},{"iob":0.029,"basaliob":0.029,"bolussnooze":0,"activity":6.0E-4,"lastBolusTime":0,"time":"2023-12-18T06:33:20.419Z","iobWithZeroTemp":{"iob":-0.27,"basaliob":-0.27,"bolussnooze":0,"activity":-0.0026,"lastBolusTime":0,"time":"2023-12-18T06:33:20.419Z"}},{"iob":0.026,"basaliob":0.026,"bolussnooze":0,"activity":6.0E-4,"lastBolusTime":0,"time":"2023-12-18T06:38:20.419Z","iobWithZeroTemp":{"iob":-0.278,"basaliob":-0.278,"bolussnooze":0,"activity":-0.0027,"lastBolusTime":0,"time":"2023-12-18T06:38:20.419Z"}},{"iob":0.023,"basaliob":0.023,"bolussnooze":0,"activity":5.0E-4,"lastBolusTime":0,"time":"2023-12-18T06:43:20.419Z","iobWithZeroTemp":{"iob":-0.285,"basaliob":-0.285,"bolussnooze":0,"activity":-0.0029,"lastBolusTime":0,"time":"2023-12-18T06:43:20.419Z"}},{"iob":0.021,"basaliob":0.021,"bolussnooze":0,"activity":5.0E-4,"lastBolusTime":0,"time":"2023-12-18T06:48:20.419Z","iobWithZeroTemp":{"iob":-0.291,"basaliob":-0.291,"bolussnooze":0,"activity":-0.0029,"lastBolusTime":0,"time":"2023-12-18T06:48:20.419Z"}},{"iob":0.019,"basaliob":0.019,"bolussnooze":0,"activity":4.0E-4,"lastBolusTime":0,"time":"2023-12-18T06:53:20.419Z","iobWithZeroTemp":{"iob":-0.296,"basaliob":-0.296,"bolussnooze":0,"activity":-0.0031,"lastBolusTime":0,"time":"2023-12-18T06:53:20.419Z"}},{"iob":0.016,"basaliob":0.016,"bolussnooze":0,"activity":4.0E-4,"lastBolusTime":0,"time":"2023-12-18T06:58:20.419Z","iobWithZeroTemp":{"iob":-0.302,"basaliob":-0.302,"bolussnooze":0,"activity":-0.0031,"lastBolusTime":0,"time":"2023-12-18T06:58:20.419Z"}},{"iob":0.015,"basaliob":0.015,"bolussnooze":0,"activity":4.0E-4,"lastBolusTime":0,"time":"2023-12-18T07:03:20.419Z","iobWithZeroTemp":{"iob":-0.298,"basaliob":-0.298,"bolussnooze":0,"activity":-0.0032,"lastBolusTime":0,"time":"2023-12-18T07:03:20.419Z"}},{"iob":0.013,"basaliob":0.013,"bolussnooze":0,"activity":3.0E-4,"lastBolusTime":0,"time":"2023-12-18T07:08:20.419Z","iobWithZeroTemp":{"iob":-0.295,"basaliob":-0.295,"bolussnooze":0,"activity":-0.0033,"lastBolusTime":0,"time":"2023-12-18T07:08:20.419Z"}},{"iob":0.011,"basaliob":0.011,"bolussnooze":0,"activity":3.0E-4,"lastBolusTime":0,"time":"2023-12-18T07:13:20.419Z","iobWithZeroTemp":{"iob":-0.291,"basaliob":-0.291,"bolussnooze":0,"activity":-0.0033,"lastBolusTime":0,"time":"2023-12-18T07:13:20.419Z"}},{"iob":0.01,"basaliob":0.01,"bolussnooze":0,"activity":3.0E-4,"lastBolusTime":0,"time":"2023-12-18T07:18:20.419Z","iobWithZeroTemp":{"iob":-0.287,"basaliob":-0.287,"bolussnooze":0,"activity":-0.0033,"lastBolusTime":0,"time":"2023-12-18T07:18:20.419Z"}},{"iob":0.009,"basaliob":0.009,"bolussnooze":0,"activity":2.0E-4,"lastBolusTime":0,"time":"2023-12-18T07:23:20.419Z","iobWithZeroTemp":{"iob":-0.282,"basaliob":-0.282,"bolussnooze":0,"activity":-0.0034,"lastBolusTime":0,"time":"2023-12-18T07:23:20.419Z"}},{"iob":0.008,"basaliob":0.008,"bolussnooze":0,"activity":2.0E-4,"lastBolusTime":0,"time":"2023-12-18T07:28:20.419Z","iobWithZeroTemp":{"iob":-0.278,"basaliob":-0.278,"bolussnooze":0,"activity":-0.0033,"lastBolusTime":0,"time":"2023-12-18T07:28:20.419Z"}},{"iob":0.007,"basaliob":0.007,"bolussnooze":0,"activity":2.0E-4,"lastBolusTime":0,"time":"2023-12-18T07:33:20.419Z","iobWithZeroTemp":{"iob":-0.274,"basaliob":-0.274,"bolussnooze":0,"activity":-0.0033,"lastBolusTime":0,"time":"2023-12-18T07:33:20.419Z"}},{"iob":0.006,"basaliob":0.006,"bolussnooze":0,"activity":2.0E-4,"lastBolusTime":0,"time":"2023-12-18T07:38:20.419Z","iobWithZeroTemp":{"iob":-0.27,"basaliob":-0.27,"bolussnooze":0,"activity":-0.0033,"lastBolusTime":0,"time":"2023-12-18T07:38:20.419Z"}},{"iob":0.005,"basaliob":0.005,"bolussnooze":0,"activity":1.0E-4,"lastBolusTime":0,"time":"2023-12-18T07:43:20.419Z","iobWithZeroTemp":{"iob":-0.266,"basaliob":-0.266,"bolussnooze":0,"activity":-0.0033,"lastBolusTime":0,"time":"2023-12-18T07:43:20.419Z"}},{"iob":0.004,"basaliob":0.004,"bolussnooze":0,"activity":1.0E-4,"lastBolusTime":0,"time":"2023-12-18T07:48:20.419Z","iobWithZeroTemp":{"iob":-0.263,"basaliob":-0.263,"bolussnooze":0,"activity":-0.0033,"lastBolusTime":0,"time":"2023-12-18T07:48:20.419Z"}},{"iob":0.004,"basaliob":0.004,"bolussnooze":0,"activity":1.0E-4,"lastBolusTime":0,"time":"2023-12-18T07:53:20.419Z","iobWithZeroTemp":{"iob":-0.259,"basaliob":-0.259,"bolussnooze":0,"activity":-0.0032,"lastBolusTime":0,"time":"2023-12-18T07:53:20.419Z"}},{"iob":0.003,"basaliob":0.003,"bolussnooze":0,"activity":1.0E-4,"lastBolusTime":0,"time":"2023-12-18T07:58:20.419Z","iobWithZeroTemp":{"iob":-0.255,"basaliob":-0.255,"bolussnooze":0,"activity":-0.0032,"lastBolusTime":0,"time":"2023-12-18T07:58:20.419Z"}}],"profile":{"max_iob":10,"type":"current","max_daily_basal":0.25,"max_basal":1.25,"min_bg":90,"max_bg":90,"target_bg":90,"carb_ratio":15.6,"sens":84,"max_daily_safety_multiplier":5,"current_basal_safety_multiplier":5,"lgsThreshold":95,"high_temptarget_raises_sensitivity":false,"low_temptarget_lowers_sensitivity":false,"sensitivity_raises_target":true,"resistance_lowers_target":true,"adv_target_adjustments":false,"exercise_mode":false,"half_basal_exercise_target":160,"maxCOB":120,"skip_neutral_temps":false,"remainingCarbsCap":90,"enableUAM":true,"A52_risk_enable":false,"SMBInterval":5,"enableSMB_with_COB":true,"enableSMB_with_temptarget":false,"allowSMB_with_high_temptarget":false,"enableSMB_always":false,"enableSMB_after_carbs":true,"maxSMBBasalMinutes":120,"maxUAMSMBBasalMinutes":120,"bolus_increment":0.05,"carbsReqThreshold":1,"current_basal":0.25,"temptargetSet":false,"autosens_max":1.2,"autosens_min":0.7,"variable_sens":89.8,"insulinDivisor":75,"TDD":20.229346491199127},"autosens_data":{"ratio":1},"meal_data":{"carbs":0,"mealCOB":0,"slopeFromMaxDeviation":-1.027,"slopeFromMinDeviation":0.15744444444444444,"lastBolusTime":1702853609765,"lastCarbTime":0},"microBolusAllowed":true,"currentTime":1702872202261,"flatBGsDetected":false,"tdd1D":22.354166475186748,"tdd7D":26.782783919711285,"tddLast24H":22.516666437933843,"tddLast4H":1.6458333333333341,"tddLast8to4H":2.4666667031745115},"output":{"temp":"absolute","bg":127,"tick":-2,"eventualBG":97,"targetBG":90,"insulinReq":0,"deliverAt":"2023-12-18T04:03:22.261Z","sensitivityRatio":1,"variable_sens":89.8,"predBGs":{"IOB":[127,125,123,121,119,117,115,113,111,110,108,106,105,104,102,101,100,99,98,97,96,95,94,94,93,92,92,91,91,90,90,90,89,89,89,89,88,88,88,88,88,87],"ZT":[127,126,124,122,121,119,118,116,115,114,113,112,111,111,111,110,110,110,110,111,111,112,112]},"reason":"COB: 0, Dev: 3, BGI: -1, ISF: 90, CR: 15.6, Target: 90, minPredBG 99, minGuardBG 87, IOBpredBG 87; minGuardBG 87<95","COB":0,"IOB":0.367,"duration":30,"rate":0,"timestamp":"2023-12-18T04:03:22.288Z"}}