{"algorithm":"OpenAPSSMBDynamicISFPlugin","input":{"glucoseStatus":{"glucose":124,"noise":0,"delta":-3,"short_avgdelta":-2.22,"long_avgdelta":-2.25,"date":1702945973000},"currenttemp":{"temp":"absolute","duration":95,"rate":0,"minutesrunning":25},"iob_data":[{"iob":0.678,"basaliob":0.069,"bolussnooze":0,"activity":0.0098,"lastBolusTime":1702944224267,"time":"2023-12-19T00:33:29.399Z","iobWithZeroTemp":{"iob":0.678,"basaliob":0.069,"bolussnooze":0,"activity":0.0098,"lastBolusTime":1702944224267,"time":"2023-12-19T00:33:29.399Z"}},{"iob":0.63,"basaliob":0.064,"bolussnooze":0,"activity":0.0094,"lastBolusTime":1702944224267,"time":"2023-12-19T00:38:29.399Z","iobWithZeroTemp":{"iob":0.62,"basaliob":0.054,"bolussnooze":0,"activity":0.0094,"lastBolusTime":1702944224267,"time":"2023-12-19T00:38:29.399Z"}},{"iob":0.584,"basaliob":0.059,"bolussnooze":0,"activity":0.009,"lastBolusTime":1702944224267,"time":"2023-12-19T00:43:29.399Z","iobWithZeroTemp":{"iob":0.562,"basaliob":0.037,"bolussnooze":0,"activity":0.009,"lastBolusTime":1702944224267,"time":"2023-12-19T00:43:29.399Z"}},{"iob":0.54,"basaliob":0.054,"bolussnooze":0,"activity":0.0085,"lastBolusTime":1702944224267,"time":"2023-12-19T00:48:29.399Z","iobWithZeroTemp":{"iob":0.505,"basaliob":0.019,"bolussnooze":0,"activity":0.0084,"lastBolusTime":1702944224267,"time":"2023-12-19T00:48:29.399Z"}},{"iob":0.499,"basaliob":0.05,"bolussnooze":0,"activity":0.008,"lastBolusTime":1702944224267,"time":"2023-12-19T00:53:29.399Z","iobWithZeroTemp":{"iob":0.453,"basaliob":0.004,"bolussnooze":0,"activity":0.0078,"lastBolusTime":1702944224267,"time":"2023-12-19T00:53:29.399Z"}},{"iob":0.459,"basaliob":0.046,"bolussnooze":0,"activity":0.0076,"lastBolusTime":1702944224267,"time":"2023-12-19T00:58:29.399Z","iobWithZeroTemp":{"iob":0.401,"basaliob":-0.012,"bolussnooze":0,"activity":0.0073,"lastBolusTime":1702944224267,"time":"2023-12-19T00:58:29.399Z"}},{"iob":0.422,"basaliob":0.042,"bolussnooze":0,"activity":0.0071,"lastBolusTime":1702944224267,"time":"2023-12-19T01:03:29.399Z","iobWithZeroTemp":{"iob":0.349,"basaliob":-0.031,"bolussnooze":0,"activity":0.0067,"lastBolusTime":1702944224267,"time":"2023-12-19T01:03:29.399Z"}},{"iob":0.388,"basaliob":0.039,"bolussnooze":0,"activity":0.0067,"lastBolusTime":1702944224267,"time":"2023-12-19T01:08:29.399Z","iobWithZeroTemp":{"iob":0.301,"basaliob":-0.048,"bolussnooze":0,"activity":0.0062,"lastBolusTime":1702944224267,"time":"2023-12-19T01:08:29.399Z"}},{"iob":0.355,"basaliob":0.035,"bolussnooze":0,"activity":0.0062,"lastBolusTime":1702944224267,"time":"2023-12-19T01:13:29.399Z","iobWithZeroTemp":{"iob":0.254,"basaliob":-0.066,"bolussnooze":0,"activity":0.0056,"lastBolusTime":1702944224267,"time":"2023-12-19T01:13:29.399Z"}},{"iob":0.325,"basaliob":0.032,"bolussnooze":0,"activity":0.0059,"lastBolusTime":1702944224267,"time":"2023-12-19T01:18:29.399Z","iobWithZeroTemp":{"iob":0.211,"basaliob":-0.082,"bolussnooze":0,"activity":0.0052,"lastBolusTime":1702944224267,"time":"2023-12-19T01:18:29.399Z"}},{"iob":0.296,"basaliob":0.029,"bolussnooze":0,"activity":0.0054,"lastBolusTime":1702944224267,"time":"2023-12-19T01:23:29.399Z","iobWithZeroTemp":{"iob":0.169,"basaliob":-0.098,"bolussnooze":0,"activity":0.0045,"lastBolusTime":1702944224267,"time":"2023-12-19T01:23:29.399Z"}},{"iob":0.271,"basaliob":0.027,"bolussnooze":0,"activity":0.005,"lastBolusTime":1702944224267,"time":"2023-12-19T01:28:29.399Z","iobWithZeroTemp":{"iob":0.132,"basaliob":-0.112,"bolussnooze":0,"activity":0.004,"lastBolusTime":1702944224267,"time":"2023-12-19T01:28:29.399Z"}},{"iob":0.246,"basaliob":0.024,"bolussnooze":0,"activity":0.0047,"lastBolusTime":1702944224267,"time":"2023-12-19T01:33:29.399Z","iobWithZeroTemp":{"iob":0.096,"basaliob":-0.126,"bolussnooze":0,"activity":0.0036,"lastBolusTime":1702944224267,"time":"2023-12-19T01:33:29.399Z"}},{"iob":0.224,"basaliob":0.022,"bolussnooze":0,"activity":0.0043,"lastBolusTime":1702944224267,"time":"2023-12-19T01:38:29.399Z","iobWithZeroTemp":{"iob":0.063,"basaliob":-0.139,"bolussnooze":0,"activity":0.003,"lastBolusTime":1702944224267,"time":"2023-12-19T01:38:29.399Z"}},{"iob":0.203,"basaliob":0.02,"bolussnooze":0,"activity":0.004,"lastBolusTime":1702944224267,"time":"2023-12-19T01:43:29.399Z","iobWithZeroTemp":{"iob":0.032,"basaliob":-0.151,"bolussnooze":0,"activity":0.0026,"lastBolusTime":1702944224267,"time":"2023-12-19T01:43:29.399Z"}},{"iob":0.184,"basaliob":0.018,"bolussnooze":0,"activity":0.0037,"lastBolusTime":1702944224267,"time":"2023-12-19T01:48:29.399Z","iobWithZeroTemp":{"iob":0.004,"basaliob":-0.162,"bolussnooze":0,"activity":0.0022,"lastBolusTime":1702944224267,"time":"2023-12-19T01:48:29.399Z"}},{"iob":0.166,"basaliob":0.016,"bolussnooze":0,"activity":0.0033,"lastBolusTime":1702944224267,"time":"2023-12-19T01:53:29.399Z","iobWithZeroTemp":{"iob":-0.023,"basaliob":-0.173,"bolussnooze":0,"activity":0.0016,"lastBolusTime":1702944224267,"time":"2023-12-19T01:53:29.399Z"}},{"iob":0.151,"basaliob":0.015,"bolussnooze":0,"activity":0.0031,"lastBolusTime":1702944224267,"time":"2023-12-19T01:58:29.399Z","iobWithZeroTemp":{"iob":-0.046,"basaliob":-0.182,"bolussnooze":0,"activity":0.0013,"lastBolusTime":1702944224267,"time":"2023-12-19T01:58:29.399Z"}},{"iob":0.136,"basaliob":0.013,"bolussnooze":0,"activity":0.0028,"lastBolusTime":1702944224267,"time":"2023-12-19T02:03:29.399Z","iobWithZeroTemp":{"iob":-0.068,"basaliob":-0.191,"bolussnooze":0,"activity":9.0E-4,"lastBolusTime":1702944224267,"time":"2023-12-19T02:03:29.399Z"}},{"iob":0.122,"basaliob":0.012,"bolussnooze":0,"activity":0.0026,"lastBolusTime":1702944224267,"time":"2023-12-19T02:08:29.399Z","iobWithZeroTemp":{"iob":-0.089,"basaliob":-0.199,"bolussnooze":0,"activity":6.0E-4,"lastBolusTime":1702944224267,"time":"2023-12-19T02:08:29.399Z"}},{"iob":0.11,"basaliob":0.011,"bolussnooze":0,"activity":0.0023,"lastBolusTime":1702944224267,"time":"2023-12-19T02:13:29.399Z","iobWithZeroTemp":{"iob":-0.108,"basaliob":-0.207,"bolussnooze":0,"activity":2.0E-4,"lastBolusTime":1702944224267,"time":"2023-12-19T02:13:29.399Z"}},{"iob":0.099,"basaliob":0.01,"bolussnooze":0,"activity":0.0021,"lastBolusTime":1702944224267,"time":"2023-12-19T02:18:29.399Z","iobWithZeroTemp":{"iob":-0.125,"basaliob":-0.214,"bolussnooze":0,"activity":-1.0E-4,"lastBolusTime":1702944224267,"time":"2023-12-19T02:18:29.399Z"}},{"iob":0.088,"basaliob":0.008,"bolussnooze":0,"activity":0.002,"lastBolusTime":1702944224267,"time":"2023-12-19T02:23:29.399Z","iobWithZeroTemp":{"iob":-0.141,"basaliob":-0.221,"bolussnooze":0,"activity":-3.0E-4,"lastBolusTime":1702944224267,"time":"2023-12-19T02:23:29.399Z"}},{"iob":0.08,"basaliob":0.008,"bolussnooze":0,"activity":0.0018,"lastBolusTime":1702944224267,"time":"2023-12-19T02:28:29.399Z","iobWithZeroTemp":{"iob":-0.154,"basaliob":-0.226,"bolussnooze":0,"activity":-6.0E-4,"lastBolusTime":1702944224267,"time":"2023-12-19T02:28:29.399Z"}},{"iob":0.071,"basaliob":0.007,"bolussnooze":0,"activity":0.0016,"lastBolusTime":1702944224267,"time":"2023-12-19T02:33:29.399Z","iobWithZeroTemp":{"iob":-0.167,"basaliob":-0.231,"bolussnooze":0,"activity":-9.0E-4,"lastBolusTime":1702944224267,"time":"2023-12-19T02:33:29.399Z"}},{"iob":0.063,"basaliob":0.006,"bolussnooze":0,"activity":0.0014,"lastBolusTime":1702944224267,"time":"2023-12-19T02:38:29.399Z","iobWithZeroTemp":{"iob":-0.18,"basaliob":-0.237,"bolussnooze":0,"activity":-0.0011,"lastBolusTime":1702944224267,"time":"2023-12-19T02:38:29.399Z"}},{"iob":0.056,"basaliob":0.005,"bolussnooze":0,"activity":0.0013,"lastBolusTime":1702944224267,"time":"2023-12-19T02:43:29.399Z","iobWithZeroTemp":{"iob":-0.19,"basaliob":-0.241,"bolussnooze":0,"activity":-0.0013,"lastBolusTime":1702944224267,"time":"2023-12-19T02:43:29.399Z"}},{"iob":0.05,"basaliob":0.005,"bolussnooze":0,"activity":0.0012,"lastBolusTime":1702944224267,"time":"2023-12-19T02:48:29.399Z","iobWithZeroTemp":{"iob":-0.2,"basaliob":-0.245,"bolussnooze":0,"activity":-0.0015,"lastBolusTime":1702944224267,"time":"2023-12-19T02:48:29.399Z"}},{"iob":0.044,"basaliob":0.004,"bolussnooze":0,"activity":0.0011,"lastBolusTime":1702944224267,"time":"2023-12-19T02:53:29.399Z","iobWithZeroTemp":{"iob":-0.209,"basaliob":-0.249,"bolussnooze":0,"activity":-0.0016,"lastBolusTime":1702944224267,"time":"2023-12-19T02:53:29.399Z"}},{"iob":0.04,"basaliob":0.004,"bolussnooze":0,"activity":0.001,"lastBolusTime":1702944224267,"time":"2023-12-19T02:58:29.399Z","iobWithZeroTemp":{"iob":-0.216,"basaliob":-0.252,"bolussnooze":0,"activity":-0.0018,"lastBolusTime":1702944224267,"time":"2023-12-19T02:58:29.399Z"}},{"iob":0.034,"basaliob":0.003,"bolussnooze":0,"activity":9.0E-4,"lastBolusTime":1702944224267,"time":"2023-12-19T03:03:29.399Z","iobWithZeroTemp":{"iob":-0.22,"basaliob":-0.251,"bolussnooze":0,"activity":-0.0019,"lastBolusTime":1702944224267,"time":"2023-12-19T03:03:29.399Z"}},{"iob":0.031,"basaliob":0.003,"bolussnooze":0,"activity":8.0E-4,"lastBolusTime":1702944224267,"time":"2023-12-19T03:08:29.399Z","iobWithZeroTemp":{"iob":-0.222,"basaliob":-0.25,"bolussnooze":0,"activity":-0.0021,"lastBolusTime":1702944224267,"time":"2023-12-19T03:08:29.399Z"}},{"iob":0.026,"basaliob":0.002,"bolussnooze":0,"activity":7.0E-4,"lastBolusTime":1702944224267,"time":"2023-12-19T03:13:29.399Z","iobWithZeroTemp":{"iob":-0.225,"basaliob":-0.249,"bolussnooze":0,"activity":-0.0022,"lastBolusTime":1702944224267,"time":"2023-12-19T03:13:29.399Z"}},{"iob":0.023,"basaliob":0.002,"bolussnooze":0,"activity":7.0E-4,"lastBolusTime":1702944224267,"time":"2023-12-19T03:18:29.399Z","iobWithZeroTemp":{"iob":-0.226,"basaliob":-0.247,"bolussnooze":0,"activity":-0.0022,"lastBolusTime":1702944224267,"time":"2023-12-19T03:18:29.399Z"}},{"iob":0.021,"basaliob":0.002,"bolussnooze":0,"activity":6.0E-4,"lastBolusTime":1702944224267,"time":"2023-12-19T03:23:29.399Z","iobWithZeroTemp":{"iob":-0.226,"basaliob":-0.245,"bolussnooze":0,"activity":-0.0023,"lastBolusTime":1702944224267,"time":"2023-12-19T03:23:29.399Z"}},{"iob":0.018,"basaliob":0.002,"bolussnooze":0,"activity":4.0E-4,"lastBolusTime":1702944224267,"time":"2023-12-19T03:28:29.399Z","iobWithZeroTemp":{"iob":-0.227,"basaliob":-0.243,"bolussnooze":0,"activity":-0.0025,"lastBolusTime":1702944224267,"time":"2023-12-19T03:28:29.399Z"}},{"iob":0.015,"basaliob":0.001,"bolussnooze":0,"activity":4.0E-4,"lastBolusTime":1702944224267,"time":"2023-12-19T03:33:29.399Z","iobWithZeroTemp":{"iob":-0.228,"basaliob":-0.242,"bolussnooze":0,"activity":-0.0025,"lastBolusTime":1702944224267,"time":"2023-12-19T03:33:29.399Z"}},{"iob":0.013,"basaliob":0.001,"bolussnooze":0,"activity":4.0E-4,"lastBolusTime":1702944224267,"time":"2023-12-19T03:38:29.399Z","iobWithZeroTemp":{"iob":-0.228,"basaliob":-0.24,"bolussnooze":0,"activity":-0.0025,"lastBolusTime":1702944224267,"time":"2023-12-19T03:38:29.399Z"}},{"iob":0.012,"basaliob":0.001,"bolussnooze":0,"activity":3.0E-4,"lastBolusTime":1702944224267,"time":"2023-12-19T03:43:29.399Z","iobWithZeroTemp":{"iob":-0.227,"basaliob":-0.238,"bolussnooze":0,"activity":-0.0026,"lastBolusTime":1702944224267,"time":"2023-12-19T03:43:29.399Z"}},{"iob":0.01,"basaliob":0.001,"bolussnooze":0,"activity":3.0E-4,"lastBolusTime":1702944224267,"time":"2023-12-19T03:48:29.399Z","iobWithZeroTemp":{"iob":-0.227,"basaliob":-0.236,"bolussnooze":0,"activity":-0.0026,"lastBolusTime":1702944224267,"time":"2023-12-19T03:48:29.399Z"}},{"iob":0.009,"basaliob":0.001,"bolussnooze":0,"activity":2.0E-4,"lastBolusTime":1702944224267,"time":"2023-12-19T03:53:29.399Z","iobWithZeroTemp":{"iob":-0.226,"basaliob":-0.234,"bolussnooze":0,"activity":-0.0027,"lastBolusTime":1702944224267,"time":"2023-12-19T03:53:29.399Z"}},{"iob":0.008,"basaliob":0.001,"bolussnooze":0,"activity":2.0E-4,"lastBolusTime":1702944224267,"time":"2023-12-19T03:58:29.399Z","iobWithZeroTemp":{"iob":-0.225,"basaliob":-0.232,"bolussnooze":0,"activity":-0.0026,"lastBolusTime":1702944224267,"time":"2023-12-19T03:58:29.399Z"}},{"iob":0.006,"basaliob":0,"bolussnooze":0,"activity":2.0E-4,"lastBolusTime":1702944224267,"time":"2023-12-19T04:03:29.399Z","iobWithZeroTemp":{"iob":-0.234,"basaliob":-0.24,"bolussnooze":0,"activity":-0.0026,"lastBolusTime":1702944224267,"time":"2023-12-19T04:03:29.399Z"}},{"iob":0.005,"basaliob":0,"bolussnooze":0,"activity":2.0E-4,"lastBolusTime":1702944224267,"time":"2023-12-19T04:08:29.399Z","iobWithZeroTemp":{"iob":-0.242,"basaliob":-0.247,"bolussnooze":0,"activity":-0.0027,"lastBolusTime":1702944224267,"time":"2023-12-19T04:08:29.399Z"}},{"iob":0.004,"basaliob":0,"bolussnooze":0,"activity":1.0E-4,"lastBolusTime":1702944224267,"time":"2023-12-19T04:13:29.399Z","iobWithZeroTemp":{"iob":-0.249,"basaliob":-0.253,"bolussnooze":0,"activity":-0.0028,"lastBolusTime":1702944224267,"time":"2023-12-19T04:13:29.399Z"}},{"iob":0.004,"basaliob":0,"bolussnooze":0,"activity":1.0E-4,"lastBolusTime":1702944224267,"time":"2023-12-19T04:18:29.399Z","iobWithZeroTemp":{"iob":-0.255,"basaliob":-0.259,"bolussnooze":0,"activity":-0.0028,"lastBolusTime":1702944224267,"time":"2023-12-19T04:18:29.399Z"}},{"iob":0.003,"basaliob":0,"bolussnooze":0,"activity":1.0E-4,"lastBolusTime":1702944224267,"time":"2023-12-19T04:23:29.399Z","iobWithZeroTemp":{"iob":-0.263,"basaliob":-0.266,"bolussnooze":0,"activity":-0.0029,"lastBolusTime":1702944224267,"time":"2023-12-19T04:23:29.399Z"}},{"iob":0.003,"basaliob":0,"bolussnooze":0,"activity":1.0E-4,"lastBolusTime":1702944224267,"time":"2023-12-19T04:28:29.399Z","iobWithZeroTemp":{"iob":-0.268,"basaliob":-0.271,"bolussnooze":0,"activity":-0.0029,"lastBolusTime":1702944224267,"time":"2023-12-19T04:28:29.399Z"}}],"profile":{"max_iob":10,"type":"current","max_daily_basal":0.25,"max_basal":0.75,"min_bg":90,"max_bg":90,"target_bg":90,"carb_ratio":15.6,"sens":84,"max_daily_safety_multiplier":5,"current_basal_safety_multiplier":5,"lgsThreshold":95,"high_temptarget_raises_sensitivity":false,"low_temptarget_lowers_sensitivity":false,"sensitivity_raises_target":true,"resistance_lowers_target":true,"adv_target_adjustments":false,"exercise_mode":false,"half_basal_exercise_target":160,"maxCOB":120,"skip_neutral_temps":false,"remainingCarbsCap":90,"enableUAM":true,"A52_risk_enable":false,"SMBInterval":5,"enableSMB_with_COB":true,"enableSMB_with_temptarget":false,"allowSMB_with_high_temptarget":false,"enableSMB_always":false,"enableSMB_after_carbs":true,"maxSMBBasalMinutes":120,"maxUAMSMBBasalMinutes":120,"bolus_increment":0.05,"carbsReqThreshold":1,"current_basal":0.15000000596046448,"temptargetSet":false,"autosens_max":1.2,"autosens_min":0.7,"variable_sens":87.8,"insulinDivisor":75,"TDD":21.016685415498713},"autosens_data":{"ratio":1},"meal_data":{"carbs":14,"mealCOB":0,"slopeFromMaxDeviation":-0.369,"slopeFromMinDeviation":0.5966666666666667,"lastBolusTime":1702944224267,"lastCarbTime":1702935386937},"microBolusAllowed":true,"currentTime":1702946010986,"flatBGsDetected":false,"tdd1D":20.141666612277426,"tdd7D":26.78606000595613,"tddLast24H":20.237499956786632,"tddLast4H":2.816666709134976,"tddLast8to4H":2.2874999538064005},"output":{"temp":"absolute","bg":124,"tick":-3,"eventualBG":72,"targetBG":90,"insulinReq":0,"deliverAt":"2023-12-19T00:33:30.986Z","sensitivityRatio":1,"variable_sens":87.8,"predBGs":{"IOB":[124,121,118,115,112,109,106,103,100,97,94,91,89,86,84,82,79,77,76,74,72,71,69,68,67,66,65,64,63,62,62,61,60,60,59,59,59,58,58,58,58,57],"ZT":[124,120,115,111,107,104,100,97,93,90,88,85,83,81,79,78,76,75,74,74,73,73,73,74,74,75,75,76,77,78,79,80,81,83,84,85,87,88,89],"UAM":[124,121,117,113,109,105,102,98,95,91,88,85,82,80,77,75,72,70,68,67,65,63,62,60,59,58,57,56,55,54,53,52,52,51,51,50,50,49,49,49,49,48]},"reason":"COB: 0, Dev: 8, BGI: -4, ISF: 88, CR: 15.6, Target: 90, minPredBG 61, minGuardBG 48, IOBpredBG 57, UAMpredBG 48; minGuardBG 48<95","COB":0,"IOB":0.678,"duration":120,"rate":0,"timestamp":"2023-12-19T00:33:31.015Z"}}