{"algorithm":"OpenAPSSMBDynamicISFPlugin","input":{"glucoseStatus":{"glucose":94,"noise":0,"delta":-2,"short_avgdelta":-2.28,"long_avgdelta":-4.1,"date":1702956174000},"currenttemp":{"temp":"absolute","duration":100,"rate":0,"minutesrunning":20},"iob_data":[{"iob":0.002,"basaliob":-0.017,"bolussnooze":0,"activity":0,"lastBolusTime":1702944224267,"time":"2023-12-19T03:23:25.331Z","iobWithZeroTemp":{"iob":0.002,"basaliob":-0.017,"bolussnooze":0,"activity":0,"lastBolusTime":1702944224267,"time":"2023-12-19T03:23:25.331Z"}},{"iob":0.001,"basaliob":-0.015,"bolussnooze":0,"activity":0,"lastBolusTime":1702944224267,"time":"2023-12-19T03:28:25.331Z","iobWithZeroTemp":{"iob":-0.009,"basaliob":-0.025,"bolussnooze":0,"activity":0,"lastBolusTime":1702944224267,"time":"2023-12-19T03:28:25.331Z"}},{"iob":0.001,"basaliob":-0.013,"bolussnooze":0,"activity":0,"lastBolusTime":1702944224267,"time":"2023-12-19T03:33:25.331Z","iobWithZeroTemp":{"iob":-0.021,"basaliob":-0.035,"bolussnooze":0,"activity":0,"lastBolusTime":1702944224267,"time":"2023-12-19T03:33:25.331Z"}},{"iob":0.001,"basaliob":-0.011,"bolussnooze":0,"activity":1.0E-4,"lastBolusTime":1702944224267,"time":"2023-12-19T03:38:25.331Z","iobWithZeroTemp":{"iob":-0.034,"basaliob":-0.046,"bolussnooze":0,"activity":0,"lastBolusTime":1702944224267,"time":"2023-12-19T03:38:25.331Z"}},{"iob":0.002,"basaliob":-0.009,"bolussnooze":0,"activity":0,"lastBolusTime":1702944224267,"time":"2023-12-19T03:43:25.331Z","iobWithZeroTemp":{"iob":-0.044,"basaliob":-0.055,"bolussnooze":0,"activity":-2.0E-4,"lastBolusTime":1702944224267,"time":"2023-12-19T03:43:25.331Z"}},{"iob":0.001,"basaliob":-0.008,"bolussnooze":0,"activity":0,"lastBolusTime":1702944224267,"time":"2023-12-19T03:48:25.331Z","iobWithZeroTemp":{"iob":-0.057,"basaliob":-0.066,"bolussnooze":0,"activity":-3.0E-4,"lastBolusTime":1702944224267,"time":"2023-12-19T03:48:25.331Z"}},{"iob":0.001,"basaliob":-0.007,"bolussnooze":0,"activity":0,"lastBolusTime":1702944224267,"time":"2023-12-19T03:53:25.331Z","iobWithZeroTemp":{"iob":-0.068,"basaliob":-0.076,"bolussnooze":0,"activity":-4.0E-4,"lastBolusTime":1702944224267,"time":"2023-12-19T03:53:25.331Z"}},{"iob":0.001,"basaliob":-0.006,"bolussnooze":0,"activity":0,"lastBolusTime":1702944224267,"time":"2023-12-19T03:58:25.331Z","iobWithZeroTemp":{"iob":-0.078,"basaliob":-0.085,"bolussnooze":0,"activity":-5.0E-4,"lastBolusTime":1702944224267,"time":"2023-12-19T03:58:25.331Z"}},{"iob":0.001,"basaliob":-0.005,"bolussnooze":0,"activity":0,"lastBolusTime":1702944224267,"time":"2023-12-19T04:03:25.331Z","iobWithZeroTemp":{"iob":-0.096,"basaliob":-0.102,"bolussnooze":0,"activity":-6.0E-4,"lastBolusTime":1702944224267,"time":"2023-12-19T04:03:25.331Z"}},{"iob":0.001,"basaliob":-0.004,"bolussnooze":0,"activity":0,"lastBolusTime":1702944224267,"time":"2023-12-19T04:08:25.331Z","iobWithZeroTemp":{"iob":-0.114,"basaliob":-0.119,"bolussnooze":0,"activity":-7.0E-4,"lastBolusTime":1702944224267,"time":"2023-12-19T04:08:25.331Z"}},{"iob":0.001,"basaliob":-0.003,"bolussnooze":0,"activity":0,"lastBolusTime":1702944224267,"time":"2023-12-19T04:13:25.331Z","iobWithZeroTemp":{"iob":-0.131,"basaliob":-0.135,"bolussnooze":0,"activity":-9.0E-4,"lastBolusTime":1702944224267,"time":"2023-12-19T04:13:25.331Z"}},{"iob":0.001,"basaliob":-0.003,"bolussnooze":0,"activity":0,"lastBolusTime":1702944224267,"time":"2023-12-19T04:18:25.331Z","iobWithZeroTemp":{"iob":-0.147,"basaliob":-0.151,"bolussnooze":0,"activity":-0.001,"lastBolusTime":1702944224267,"time":"2023-12-19T04:18:25.331Z"}},{"iob":0.001,"basaliob":-0.002,"bolussnooze":0,"activity":0,"lastBolusTime":1702944224267,"time":"2023-12-19T04:23:25.331Z","iobWithZeroTemp":{"iob":-0.162,"basaliob":-0.165,"bolussnooze":0,"activity":-0.0012,"lastBolusTime":1702944224267,"time":"2023-12-19T04:23:25.331Z"}},{"iob":0.001,"basaliob":-0.002,"bolussnooze":0,"activity":0,"lastBolusTime":1702944224267,"time":"2023-12-19T04:28:25.331Z","iobWithZeroTemp":{"iob":-0.177,"basaliob":-0.18,"bolussnooze":0,"activity":-0.0013,"lastBolusTime":1702944224267,"time":"2023-12-19T04:28:25.331Z"}},{"iob":0.001,"basaliob":-0.001,"bolussnooze":0,"activity":0,"lastBolusTime":1702944224267,"time":"2023-12-19T04:33:25.331Z","iobWithZeroTemp":{"iob":-0.19,"basaliob":-0.192,"bolussnooze":0,"activity":-0.0015,"lastBolusTime":1702944224267,"time":"2023-12-19T04:33:25.331Z"}},{"iob":0.001,"basaliob":-0.001,"bolussnooze":0,"activity":0,"lastBolusTime":1702944224267,"time":"2023-12-19T04:38:25.331Z","iobWithZeroTemp":{"iob":-0.203,"basaliob":-0.205,"bolussnooze":0,"activity":-0.0017,"lastBolusTime":1702944224267,"time":"2023-12-19T04:38:25.331Z"}},{"iob":0,"basaliob":-0.001,"bolussnooze":0,"activity":0,"lastBolusTime":1702944224267,"time":"2023-12-19T04:43:25.331Z","iobWithZeroTemp":{"iob":-0.216,"basaliob":-0.217,"bolussnooze":0,"activity":-0.0018,"lastBolusTime":1702944224267,"time":"2023-12-19T04:43:25.331Z"}},{"iob":0.001,"basaliob":0,"bolussnooze":0,"activity":0,"lastBolusTime":1702944224267,"time":"2023-12-19T04:48:25.331Z","iobWithZeroTemp":{"iob":-0.227,"basaliob":-0.228,"bolussnooze":0,"activity":-0.002,"lastBolusTime":1702944224267,"time":"2023-12-19T04:48:25.331Z"}},{"iob":0.001,"basaliob":0,"bolussnooze":0,"activity":0,"lastBolusTime":1702944224267,"time":"2023-12-19T04:53:25.331Z","iobWithZeroTemp":{"iob":-0.237,"basaliob":-0.238,"bolussnooze":0,"activity":-0.0021,"lastBolusTime":1702944224267,"time":"2023-12-19T04:53:25.331Z"}},{"iob":0.001,"basaliob":0,"bolussnooze":0,"activity":0,"lastBolusTime":1702944224267,"time":"2023-12-19T04:58:25.331Z","iobWithZeroTemp":{"iob":-0.247,"basaliob":-0.248,"bolussnooze":0,"activity":-0.0023,"lastBolusTime":1702944224267,"time":"2023-12-19T04:58:25.331Z"}},{"iob":0.001,"basaliob":0,"bolussnooze":0,"activity":0,"lastBolusTime":1702944224267,"time":"2023-12-19T05:03:25.331Z","iobWithZeroTemp":{"iob":-0.252,"basaliob":-0.253,"bolussnooze":0,"activity":-0.0024,"lastBolusTime":1702944224267,"time":"2023-12-19T05:03:25.331Z"}},{"iob":0,"basaliob":0,"bolussnooze":0,"activity":0,"lastBolusTime":1702944224267,"time":"2023-12-19T05:08:25.331Z","iobWithZeroTemp":{"iob":-0.257,"basaliob":-0.257,"bolussnooze":0,"activity":-0.0025,"lastBolusTime":1702944224267,"time":"2023-12-19T05:08:25.331Z"}},{"iob":0,"basaliob":0,"bolussnooze":0,"activity":0,"lastBolusTime":1702944224267,"time":"2023-12-19T05:13:25.331Z","iobWithZeroTemp":{"iob":-0.261,"basaliob":-0.261,"bolussnooze":0,"activity":-0.0026,"lastBolusTime":1702944224267,"time":"2023-12-19T05:13:25.331Z"}},{"iob":0.001,"basaliob":0.001,"bolussnooze":0,"activity":0,"lastBolusTime":1702944224267,"time":"2023-12-19T05:18:25.331Z","iobWithZeroTemp":{"iob":-0.264,"basaliob":-0.264,"bolussnooze":0,"activity":-0.0027,"lastBolusTime":1702944224267,"time":"2023-12-19T05:18:25.331Z"}},{"iob":0.001,"basaliob":0.001,"bolussnooze":0,"activity":0,"lastBolusTime":1702944224267,"time":"2023-12-19T05:23:25.331Z","iobWithZeroTemp":{"iob":-0.266,"basaliob":-0.266,"bolussnooze":0,"activity":-0.0028,"lastBolusTime":1702944224267,"time":"2023-12-19T05:23:25.331Z"}},{"iob":0.001,"basaliob":0.001,"bolussnooze":0,"activity":0,"lastBolusTime":1702944224267,"time":"2023-12-19T05:28:25.331Z","iobWithZeroTemp":{"iob":-0.269,"basaliob":-0.269,"bolussnooze":0,"activity":-0.0029,"lastBolusTime":1702944224267,"time":"2023-12-19T05:28:25.331Z"}},{"iob":0.001,"basaliob":0.001,"bolussnooze":0,"activity":0,"lastBolusTime":1702944224267,"time":"2023-12-19T05:33:25.331Z","iobWithZeroTemp":{"iob":-0.271,"basaliob":-0.271,"bolussnooze":0,"activity":-0.0029,"lastBolusTime":1702944224267,"time":"2023-12-19T05:33:25.331Z"}},{"iob":0.001,"basaliob":0.001,"bolussnooze":0,"activity":0,"lastBolusTime":1702944224267,"time":"2023-12-19T05:38:25.331Z","iobWithZeroTemp":{"iob":-0.273,"basaliob":-0.273,"bolussnooze":0,"activity":-0.003,"lastBolusTime":1702944224267,"time":"2023-12-19T05:38:25.331Z"}},{"iob":0.001,"basaliob":0.001,"bolussnooze":0,"activity":0,"lastBolusTime":1702944224267,"time":"2023-12-19T05:43:25.331Z","iobWithZeroTemp":{"iob":-0.274,"basaliob":-0.274,"bolussnooze":0,"activity":-0.003,"lastBolusTime":1702944224267,"time":"2023-12-19T05:43:25.331Z"}},{"iob":0.001,"basaliob":0.001,"bolussnooze":0,"activity":0,"lastBolusTime":1702944224267,"time":"2023-12-19T05:48:25.331Z","iobWithZeroTemp":{"iob":-0.276,"basaliob":-0.276,"bolussnooze":0,"activity":-0.0031,"lastBolusTime":1702944224267,"time":"2023-12-19T05:48:25.331Z"}},{"iob":0.001,"basaliob":0.001,"bolussnooze":0,"activity":0,"lastBolusTime":1702944224267,"time":"2023-12-19T05:53:25.331Z","iobWithZeroTemp":{"iob":-0.277,"basaliob":-0.277,"bolussnooze":0,"activity":-0.0031,"lastBolusTime":1702944224267,"time":"2023-12-19T05:53:25.331Z"}},{"iob":0.001,"basaliob":0.001,"bolussnooze":0,"activity":0,"lastBolusTime":1702944224267,"time":"2023-12-19T05:58:25.331Z","iobWithZeroTemp":{"iob":-0.278,"basaliob":-0.278,"bolussnooze":0,"activity":-0.0032,"lastBolusTime":1702944224267,"time":"2023-12-19T05:58:25.331Z"}},{"iob":0.001,"basaliob":0.001,"bolussnooze":0,"activity":0,"lastBolusTime":1702944224267,"time":"2023-12-19T06:03:25.331Z","iobWithZeroTemp":{"iob":-0.283,"basaliob":-0.283,"bolussnooze":0,"activity":-0.0032,"lastBolusTime":1702944224267,"time":"2023-12-19T06:03:25.331Z"}},{"iob":0.001,"basaliob":0.001,"bolussnooze":0,"activity":0,"lastBolusTime":0,"time":"2023-12-19T06:08:25.331Z","iobWithZeroTemp":{"iob":-0.288,"basaliob":-0.288,"bolussnooze":0,"activity":-0.0032,"lastBolusTime":0,"time":"2023-12-19T06:08:25.331Z"}},{"iob":0.001,"basaliob":0.001,"bolussnooze":0,"activity":0,"lastBolusTime":0,"time":"2023-12-19T06:13:25.331Z","iobWithZeroTemp":{"iob":-0.292,"basaliob":-0.292,"bolussnooze":0,"activity":-0.0033,"lastBolusTime":0,"time":"2023-12-19T06:13:25.331Z"}},{"iob":0.001,"basaliob":0.001,"bolussnooze":0,"activity":0,"lastBolusTime":0,"time":"2023-12-19T06:18:25.331Z","iobWithZeroTemp":{"iob":-0.296,"basaliob":-0.296,"bolussnooze":0,"activity":-0.0033,"lastBolusTime":0,"time":"2023-12-19T06:18:25.331Z"}},{"iob":0.001,"basaliob":0.001,"bolussnooze":0,"activity":0,"lastBolusTime":0,"time":"2023-12-19T06:23:25.331Z","iobWithZeroTemp":{"iob":-0.301,"basaliob":-0.301,"bolussnooze":0,"activity":-0.0034,"lastBolusTime":0,"time":"2023-12-19T06:23:25.331Z"}},{"iob":0.001,"basaliob":0.001,"bolussnooze":0,"activity":0,"lastBolusTime":0,"time":"2023-12-19T06:28:25.331Z","iobWithZeroTemp":{"iob":-0.304,"basaliob":-0.304,"bolussnooze":0,"activity":-0.0034,"lastBolusTime":0,"time":"2023-12-19T06:28:25.331Z"}},{"iob":0,"basaliob":0,"bolussnooze":0,"activity":0,"lastBolusTime":0,"time":"2023-12-19T06:33:25.331Z","iobWithZeroTemp":{"iob":-0.309,"basaliob":-0.309,"bolussnooze":0,"activity":-0.0035,"lastBolusTime":0,"time":"2023-12-19T06:33:25.331Z"}},{"iob":0,"basaliob":0,"bolussnooze":0,"activity":0,"lastBolusTime":0,"time":"2023-12-19T06:38:25.331Z","iobWithZeroTemp":{"iob":-0.313,"basaliob":-0.313,"bolussnooze":0,"activity":-0.0035,"lastBolusTime":0,"time":"2023-12-19T06:38:25.331Z"}},{"iob":0.001,"basaliob":0.001,"bolussnooze":0,"activity":0,"lastBolusTime":0,"time":"2023-12-19T06:43:25.331Z","iobWithZeroTemp":{"iob":-0.315,"basaliob":-0.315,"bolussnooze":0,"activity":-0.0035,"lastBolusTime":0,"time":"2023-12-19T06:43:25.331Z"}},{"iob":0.001,"basaliob":0.001,"bolussnooze":0,"activity":0,"lastBolusTime":0,"time":"2023-12-19T06:48:25.331Z","iobWithZeroTemp":{"iob":-0.318,"basaliob":-0.318,"bolussnooze":0,"activity":-0.0036,"lastBolusTime":0,"time":"2023-12-19T06:48:25.331Z"}},{"iob":0.001,"basaliob":0.001,"bolussnooze":0,"activity":0,"lastBolusTime":0,"time":"2023-12-19T06:53:25.331Z","iobWithZeroTemp":{"iob":-0.32,"basaliob":-0.32,"bolussnooze":0,"activity":-0.0036,"lastBolusTime":0,"time":"2023-12-19T06:53:25.331Z"}},{"iob":0,"basaliob":0,"bolussnooze":0,"activity":0,"lastBolusTime":0,"time":"2023-12-19T06:58:25.331Z","iobWithZeroTemp":{"iob":-0.324,"basaliob":-0.324,"bolussnooze":0,"activity":-0.0037,"lastBolusTime":0,"time":"2023-12-19T06:58:25.331Z"}},{"iob":0,"basaliob":0,"bolussnooze":0,"activity":0,"lastBolusTime":0,"time":"2023-12-19T07:03:25.331Z","iobWithZeroTemp":{"iob":-0.318,"basaliob":-0.318,"bolussnooze":0,"activity":-0.0037,"lastBolusTime":0,"time":"2023-12-19T07:03:25.331Z"}},{"iob":0,"basaliob":0,"bolussnooze":0,"activity":0,"lastBolusTime":0,"time":"2023-12-19T07:08:25.331Z","iobWithZeroTemp":{"iob":-0.312,"basaliob":-0.312,"bolussnooze":0,"activity":-0.0037,"lastBolusTime":0,"time":"2023-12-19T07:08:25.331Z"}},{"iob":0,"basaliob":0,"bolussnooze":0,"activity":0,"lastBolusTime":0,"time":"2023-12-19T07:13:25.331Z","iobWithZeroTemp":{"iob":-0.306,"basaliob":-0.306,"bolussnooze":0,"activity":-0.0037,"lastBolusTime":0,"time":"2023-12-19T07:13:25.331Z"}},{"iob":0,"basaliob":0,"bolussnooze":0,"activity":0,"lastBolusTime":0,"time":"2023-12-19T07:18:25.331Z","iobWithZeroTemp":{"iob":-0.3,"basaliob":-0.3,"bolussnooze":0,"activity":-0.0037,"lastBolusTime":0,"time":"2023-12-19T07:18:25.331Z"}}],"profile":{"max_iob":10,"type":"current","max_daily_basal":0.25,"max_basal":0.75,"min_bg":125,"max_bg":125,"target_bg":125,"carb_ratio":15.6,"sens":84,"max_daily_safety_multiplier":5,"current_basal_safety_multiplier":5,"lgsThreshold":95,"high_temptarget_raises_sensitivity":false,"low_temptarget_lowers_sensitivity":false,"sensitivity_raises_target":true,"resistance_lowers_target":true,"adv_target_adjustments":false,"exercise_mode":false,"half_basal_exercise_target":160,"maxCOB":120,"skip_neutral_temps":false,"remainingCarbsCap":90,"enableUAM":true,"A52_risk_enable":false,"SMBInterval":5,"enableSMB_with_COB":true,"enableSMB_with_temptarget":false,"allowSMB_with_high_temptarget":false,"enableSMB_always":false,"enableSMB_after_carbs":true,"maxSMBBasalMinutes":120,"maxUAMSMBBasalMinutes":120,"bolus_increment":0.05,"carbsReqThreshold":1,"current_basal":0.15000000596046448,"temptargetSet":true,"autosens_max":1.2,"autosens_min":0.7,"variable_sens":112.3,"insulinDivisor":75,"TDD":19.722260390715103},"autosens_data":{"ratio":1},"meal_data":{"carbs":5,"mealCOB":0,"slopeFromMaxDeviation":-2.4101428571428576,"slopeFromMinDeviation":2.1879999999999997,"lastBolusTime":1702944224267,"lastCarbTime":1702952702000},"microBolusAllowed":true,"currentTime":1702956206796,"flatBGsDetected":false,"tdd1D":20.141666612277426,"tdd7D":26.78606000595613,"tddLast24H":19.474999956786633,"tddLast4H":1.1416666778425375,"tddLast8to4H":4.016666651765505},"output":{"temp":"absolute","bg":94,"tick":-2,"eventualBG":69,"targetBG":125,"insulinReq":0,"deliverAt":"2023-12-19T03:23:26.796Z","sensitivityRatio":1,"variable_sens":112.3,"predBGs":{"IOB":[94,92,90,88,87,85,84,83,82,82,81,81,81],"ZT":[94,94,94,94,94,94,94,95,95,95,96,96,97,97,98,99,100,101,102,103,104,105,107,108,109,111,112,114,115,117,118,120,121,123,124]},"reason":"COB: 0, Dev: -25, BGI: 0, ISF: 112, CR: 15.6, Target: 125, minPredBG 88, minGuardBG 81, IOBpredBG 81; minGuardBG 81<95","COB":0,"IOB":0.002,"duration":120,"rate":0,"timestamp":"2023-12-19T03:23:26.819Z"}}