{"algorithm":"OpenAPSSMBDynamicISFPlugin","input":{"glucoseStatus":{"glucose":117,"noise":0,"delta":0,"short_avgdelta":-0.22,"long_avgdelta":-1.16,"date":1702874871000},"currenttemp":{"temp":"absolute","duration":25,"rate":0.45,"minutesrunning":5},"iob_data":[{"iob":0.176,"basaliob":0.176,"bolussnooze":0,"activity":0.0028,"lastBolusTime":1702853609765,"time":"2023-12-18T04:48:20.970Z","iobWithZeroTemp":{"iob":0.176,"basaliob":0.176,"bolussnooze":0,"activity":0.0028,"lastBolusTime":1702853609765,"time":"2023-12-18T04:48:20.970Z"}},{"iob":0.162,"basaliob":0.162,"bolussnooze":0,"activity":0.0027,"lastBolusTime":1702853609765,"time":"2023-12-18T04:53:20.970Z","iobWithZeroTemp":{"iob":0.145,"basaliob":0.145,"bolussnooze":0,"activity":0.0027,"lastBolusTime":1702853609765,"time":"2023-12-18T04:53:20.970Z"}},{"iob":0.149,"basaliob":0.149,"bolussnooze":0,"activity":0.0025,"lastBolusTime":0,"time":"2023-12-18T04:58:20.970Z","iobWithZeroTemp":{"iob":0.112,"basaliob":0.112,"bolussnooze":0,"activity":0.0024,"lastBolusTime":0,"time":"2023-12-18T04:58:20.970Z"}},{"iob":0.137,"basaliob":0.137,"bolussnooze":0,"activity":0.0024,"lastBolusTime":0,"time":"2023-12-18T05:03:20.970Z","iobWithZeroTemp":{"iob":0.083,"basaliob":0.083,"bolussnooze":0,"activity":0.0022,"lastBolusTime":0,"time":"2023-12-18T05:03:20.970Z"}},{"iob":0.125,"basaliob":0.125,"bolussnooze":0,"activity":0.0022,"lastBolusTime":0,"time":"2023-12-18T05:08:20.970Z","iobWithZeroTemp":{"iob":0.056,"basaliob":0.056,"bolussnooze":0,"activity":0.0019,"lastBolusTime":0,"time":"2023-12-18T05:08:20.970Z"}},{"iob":0.115,"basaliob":0.115,"bolussnooze":0,"activity":0.0021,"lastBolusTime":0,"time":"2023-12-18T05:13:20.970Z","iobWithZeroTemp":{"iob":0.031,"basaliob":0.031,"bolussnooze":0,"activity":0.0017,"lastBolusTime":0,"time":"2023-12-18T05:13:20.970Z"}},{"iob":0.105,"basaliob":0.105,"bolussnooze":0,"activity":0.0019,"lastBolusTime":0,"time":"2023-12-18T05:18:20.970Z","iobWithZeroTemp":{"iob":0.006,"basaliob":0.006,"bolussnooze":0,"activity":0.0014,"lastBolusTime":0,"time":"2023-12-18T05:18:20.970Z"}},{"iob":0.095,"basaliob":0.095,"bolussnooze":0,"activity":0.0018,"lastBolusTime":0,"time":"2023-12-18T05:23:20.970Z","iobWithZeroTemp":{"iob":-0.017,"basaliob":-0.017,"bolussnooze":0,"activity":0.0011,"lastBolusTime":0,"time":"2023-12-18T05:23:20.970Z"}},{"iob":0.087,"basaliob":0.087,"bolussnooze":0,"activity":0.0016,"lastBolusTime":0,"time":"2023-12-18T05:28:20.970Z","iobWithZeroTemp":{"iob":-0.038,"basaliob":-0.038,"bolussnooze":0,"activity":8.0E-4,"lastBolusTime":0,"time":"2023-12-18T05:28:20.970Z"}},{"iob":0.079,"basaliob":0.079,"bolussnooze":0,"activity":0.0015,"lastBolusTime":0,"time":"2023-12-18T05:33:20.970Z","iobWithZeroTemp":{"iob":-0.059,"basaliob":-0.059,"bolussnooze":0,"activity":5.0E-4,"lastBolusTime":0,"time":"2023-12-18T05:33:20.970Z"}},{"iob":0.072,"basaliob":0.072,"bolussnooze":0,"activity":0.0014,"lastBolusTime":0,"time":"2023-12-18T05:38:20.970Z","iobWithZeroTemp":{"iob":-0.077,"basaliob":-0.077,"bolussnooze":0,"activity":3.0E-4,"lastBolusTime":0,"time":"2023-12-18T05:38:20.970Z"}},{"iob":0.065,"basaliob":0.065,"bolussnooze":0,"activity":0.0013,"lastBolusTime":0,"time":"2023-12-18T05:43:20.970Z","iobWithZeroTemp":{"iob":-0.095,"basaliob":-0.095,"bolussnooze":0,"activity":1.0E-4,"lastBolusTime":0,"time":"2023-12-18T05:43:20.970Z"}},{"iob":0.059,"basaliob":0.059,"bolussnooze":0,"activity":0.0012,"lastBolusTime":0,"time":"2023-12-18T05:48:20.970Z","iobWithZeroTemp":{"iob":-0.111,"basaliob":-0.111,"bolussnooze":0,"activity":-2.0E-4,"lastBolusTime":0,"time":"2023-12-18T05:48:20.970Z"}},{"iob":0.053,"basaliob":0.053,"bolussnooze":0,"activity":0.0011,"lastBolusTime":0,"time":"2023-12-18T05:53:20.970Z","iobWithZeroTemp":{"iob":-0.127,"basaliob":-0.127,"bolussnooze":0,"activity":-4.0E-4,"lastBolusTime":0,"time":"2023-12-18T05:53:20.970Z"}},{"iob":0.048,"basaliob":0.048,"bolussnooze":0,"activity":0.001,"lastBolusTime":0,"time":"2023-12-18T05:58:20.970Z","iobWithZeroTemp":{"iob":-0.14,"basaliob":-0.14,"bolussnooze":0,"activity":-6.0E-4,"lastBolusTime":0,"time":"2023-12-18T05:58:20.970Z"}},{"iob":0.043,"basaliob":0.043,"bolussnooze":0,"activity":9.0E-4,"lastBolusTime":0,"time":"2023-12-18T06:03:20.970Z","iobWithZeroTemp":{"iob":-0.158,"basaliob":-0.158,"bolussnooze":0,"activity":-9.0E-4,"lastBolusTime":0,"time":"2023-12-18T06:03:20.970Z"}},{"iob":0.039,"basaliob":0.039,"bolussnooze":0,"activity":8.0E-4,"lastBolusTime":0,"time":"2023-12-18T06:08:20.970Z","iobWithZeroTemp":{"iob":-0.173,"basaliob":-0.173,"bolussnooze":0,"activity":-0.0011,"lastBolusTime":0,"time":"2023-12-18T06:08:20.970Z"}},{"iob":0.035,"basaliob":0.035,"bolussnooze":0,"activity":8.0E-4,"lastBolusTime":0,"time":"2023-12-18T06:13:20.970Z","iobWithZeroTemp":{"iob":-0.188,"basaliob":-0.188,"bolussnooze":0,"activity":-0.0012,"lastBolusTime":0,"time":"2023-12-18T06:13:20.970Z"}},{"iob":0.031,"basaliob":0.031,"bolussnooze":0,"activity":7.0E-4,"lastBolusTime":0,"time":"2023-12-18T06:18:20.970Z","iobWithZeroTemp":{"iob":-0.203,"basaliob":-0.203,"bolussnooze":0,"activity":-0.0015,"lastBolusTime":0,"time":"2023-12-18T06:18:20.970Z"}},{"iob":0.028,"basaliob":0.028,"bolussnooze":0,"activity":6.0E-4,"lastBolusTime":0,"time":"2023-12-18T06:23:20.970Z","iobWithZeroTemp":{"iob":-0.215,"basaliob":-0.215,"bolussnooze":0,"activity":-0.0017,"lastBolusTime":0,"time":"2023-12-18T06:23:20.970Z"}},{"iob":0.025,"basaliob":0.025,"bolussnooze":0,"activity":6.0E-4,"lastBolusTime":0,"time":"2023-12-18T06:28:20.970Z","iobWithZeroTemp":{"iob":-0.227,"basaliob":-0.227,"bolussnooze":0,"activity":-0.0018,"lastBolusTime":0,"time":"2023-12-18T06:28:20.970Z"}},{"iob":0.022,"basaliob":0.022,"bolussnooze":0,"activity":5.0E-4,"lastBolusTime":0,"time":"2023-12-18T06:33:20.970Z","iobWithZeroTemp":{"iob":-0.239,"basaliob":-0.239,"bolussnooze":0,"activity":-0.002,"lastBolusTime":0,"time":"2023-12-18T06:33:20.970Z"}},{"iob":0.02,"basaliob":0.02,"bolussnooze":0,"activity":5.0E-4,"lastBolusTime":0,"time":"2023-12-18T06:38:20.970Z","iobWithZeroTemp":{"iob":-0.249,"basaliob":-0.249,"bolussnooze":0,"activity":-0.0022,"lastBolusTime":0,"time":"2023-12-18T06:38:20.970Z"}},{"iob":0.018,"basaliob":0.018,"bolussnooze":0,"activity":4.0E-4,"lastBolusTime":0,"time":"2023-12-18T06:43:20.970Z","iobWithZeroTemp":{"iob":-0.258,"basaliob":-0.258,"bolussnooze":0,"activity":-0.0024,"lastBolusTime":0,"time":"2023-12-18T06:43:20.970Z"}},{"iob":0.016,"basaliob":0.016,"bolussnooze":0,"activity":4.0E-4,"lastBolusTime":0,"time":"2023-12-18T06:48:20.970Z","iobWithZeroTemp":{"iob":-0.267,"basaliob":-0.267,"bolussnooze":0,"activity":-0.0025,"lastBolusTime":0,"time":"2023-12-18T06:48:20.970Z"}},{"iob":0.014,"basaliob":0.014,"bolussnooze":0,"activity":3.0E-4,"lastBolusTime":0,"time":"2023-12-18T06:53:20.970Z","iobWithZeroTemp":{"iob":-0.275,"basaliob":-0.275,"bolussnooze":0,"activity":-0.0027,"lastBolusTime":0,"time":"2023-12-18T06:53:20.970Z"}},{"iob":0.012,"basaliob":0.012,"bolussnooze":0,"activity":3.0E-4,"lastBolusTime":0,"time":"2023-12-18T06:58:20.970Z","iobWithZeroTemp":{"iob":-0.283,"basaliob":-0.283,"bolussnooze":0,"activity":-0.0028,"lastBolusTime":0,"time":"2023-12-18T06:58:20.970Z"}},{"iob":0.011,"basaliob":0.011,"bolussnooze":0,"activity":3.0E-4,"lastBolusTime":0,"time":"2023-12-18T07:03:20.970Z","iobWithZeroTemp":{"iob":-0.281,"basaliob":-0.281,"bolussnooze":0,"activity":-0.0028,"lastBolusTime":0,"time":"2023-12-18T07:03:20.970Z"}},{"iob":0.01,"basaliob":0.01,"bolussnooze":0,"activity":2.0E-4,"lastBolusTime":0,"time":"2023-12-18T07:08:20.970Z","iobWithZeroTemp":{"iob":-0.278,"basaliob":-0.278,"bolussnooze":0,"activity":-0.003,"lastBolusTime":0,"time":"2023-12-18T07:08:20.970Z"}},{"iob":0.008,"basaliob":0.008,"bolussnooze":0,"activity":2.0E-4,"lastBolusTime":0,"time":"2023-12-18T07:13:20.970Z","iobWithZeroTemp":{"iob":-0.277,"basaliob":-0.277,"bolussnooze":0,"activity":-0.003,"lastBolusTime":0,"time":"2023-12-18T07:13:20.970Z"}},{"iob":0.007,"basaliob":0.007,"bolussnooze":0,"activity":2.0E-4,"lastBolusTime":0,"time":"2023-12-18T07:18:20.970Z","iobWithZeroTemp":{"iob":-0.274,"basaliob":-0.274,"bolussnooze":0,"activity":-0.0031,"lastBolusTime":0,"time":"2023-12-18T07:18:20.970Z"}},{"iob":0.006,"basaliob":0.006,"bolussnooze":0,"activity":2.0E-4,"lastBolusTime":0,"time":"2023-12-18T07:23:20.970Z","iobWithZeroTemp":{"iob":-0.271,"basaliob":-0.271,"bolussnooze":0,"activity":-0.0031,"lastBolusTime":0,"time":"2023-12-18T07:23:20.970Z"}},{"iob":0.006,"basaliob":0.006,"bolussnooze":0,"activity":2.0E-4,"lastBolusTime":0,"time":"2023-12-18T07:28:20.970Z","iobWithZeroTemp":{"iob":-0.268,"basaliob":-0.268,"bolussnooze":0,"activity":-0.0031,"lastBolusTime":0,"time":"2023-12-18T07:28:20.970Z"}},{"iob":0.005,"basaliob":0.005,"bolussnooze":0,"activity":1.0E-4,"lastBolusTime":0,"time":"2023-12-18T07:33:20.970Z","iobWithZeroTemp":{"iob":-0.265,"basaliob":-0.265,"bolussnooze":0,"activity":-0.0032,"lastBolusTime":0,"time":"2023-12-18T07:33:20.970Z"}},{"iob":0.004,"basaliob":0.004,"bolussnooze":0,"activity":1.0E-4,"lastBolusTime":0,"time":"2023-12-18T07:38:20.970Z","iobWithZeroTemp":{"iob":-0.262,"basaliob":-0.262,"bolussnooze":0,"activity":-0.0031,"lastBolusTime":0,"time":"2023-12-18T07:38:20.970Z"}},{"iob":0.004,"basaliob":0.004,"bolussnooze":0,"activity":1.0E-4,"lastBolusTime":0,"time":"2023-12-18T07:43:20.970Z","iobWithZeroTemp":{"iob":-0.258,"basaliob":-0.258,"bolussnooze":0,"activity":-0.0031,"lastBolusTime":0,"time":"2023-12-18T07:43:20.970Z"}},{"iob":0.003,"basaliob":0.003,"bolussnooze":0,"activity":1.0E-4,"lastBolusTime":0,"time":"2023-12-18T07:48:20.970Z","iobWithZeroTemp":{"iob":-0.256,"basaliob":-0.256,"bolussnooze":0,"activity":-0.0031,"lastBolusTime":0,"time":"2023-12-18T07:48:20.970Z"}},{"iob":0.003,"basaliob":0.003,"bolussnooze":0,"activity":1.0E-4,"lastBolusTime":0,"time":"2023-12-18T07:53:20.970Z","iobWithZeroTemp":{"iob":-0.253,"basaliob":-0.253,"bolussnooze":0,"activity":-0.0031,"lastBolusTime":0,"time":"2023-12-18T07:53:20.970Z"}},{"iob":0.002,"basaliob":0.002,"bolussnooze":0,"activity":1.0E-4,"lastBolusTime":0,"time":"2023-12-18T07:58:20.970Z","iobWithZeroTemp":{"iob":-0.25,"basaliob":-0.25,"bolussnooze":0,"activity":-0.003,"lastBolusTime":0,"time":"2023-12-18T07:58:20.970Z"}},{"iob":0.002,"basaliob":0.002,"bolussnooze":0,"activity":1.0E-4,"lastBolusTime":0,"time":"2023-12-18T08:03:20.970Z","iobWithZeroTemp":{"iob":-0.247,"basaliob":-0.247,"bolussnooze":0,"activity":-0.003,"lastBolusTime":0,"time":"2023-12-18T08:03:20.970Z"}},{"iob":0.002,"basaliob":0.002,"bolussnooze":0,"activity":1.0E-4,"lastBolusTime":0,"time":"2023-12-18T08:08:20.970Z","iobWithZeroTemp":{"iob":-0.244,"basaliob":-0.244,"bolussnooze":0,"activity":-0.003,"lastBolusTime":0,"time":"2023-12-18T08:08:20.970Z"}},{"iob":0.001,"basaliob":0.001,"bolussnooze":0,"activity":0,"lastBolusTime":0,"time":"2023-12-18T08:13:20.970Z","iobWithZeroTemp":{"iob":-0.242,"basaliob":-0.242,"bolussnooze":0,"activity":-0.003,"lastBolusTime":0,"time":"2023-12-18T08:13:20.970Z"}},{"iob":0.001,"basaliob":0.001,"bolussnooze":0,"activity":0,"lastBolusTime":0,"time":"2023-12-18T08:18:20.970Z","iobWithZeroTemp":{"iob":-0.24,"basaliob":-0.24,"bolussnooze":0,"activity":-0.003,"lastBolusTime":0,"time":"2023-12-18T08:18:20.970Z"}},{"iob":0.001,"basaliob":0.001,"bolussnooze":0,"activity":0,"lastBolusTime":0,"time":"2023-12-18T08:23:20.970Z","iobWithZeroTemp":{"iob":-0.237,"basaliob":-0.237,"bolussnooze":0,"activity":-0.003,"lastBolusTime":0,"time":"2023-12-18T08:23:20.970Z"}},{"iob":0.001,"basaliob":0.001,"bolussnooze":0,"activity":0,"lastBolusTime":0,"time":"2023-12-18T08:28:20.970Z","iobWithZeroTemp":{"iob":-0.235,"basaliob":-0.235,"bolussnooze":0,"activity":-0.003,"lastBolusTime":0,"time":"2023-12-18T08:28:20.970Z"}},{"iob":0.001,"basaliob":0.001,"bolussnooze":0,"activity":0,"lastBolusTime":0,"time":"2023-12-18T08:33:20.970Z","iobWithZeroTemp":{"iob":-0.233,"basaliob":-0.233,"bolussnooze":0,"activity":-0.0029,"lastBolusTime":0,"time":"2023-12-18T08:33:20.970Z"}},{"iob":0,"basaliob":0,"bolussnooze":0,"activity":0,"lastBolusTime":0,"time":"2023-12-18T08:38:20.970Z","iobWithZeroTemp":{"iob":-0.232,"basaliob":-0.232,"bolussnooze":0,"activity":-0.0029,"lastBolusTime":0,"time":"2023-12-18T08:38:20.970Z"}},{"iob":0,"basaliob":0,"bolussnooze":0,"activity":0,"lastBolusTime":0,"time":"2023-12-18T08:43:20.970Z","iobWithZeroTemp":{"iob":-0.23,"basaliob":-0.23,"bolussnooze":0,"activity":-0.0029,"lastBolusTime":0,"time":"2023-12-18T08:43:20.970Z"}}],"profile":{"max_iob":10,"type":"current","max_daily_basal":0.25,"max_basal":1.25,"min_bg":90,"max_bg":90,"target_bg":90,"carb_ratio":15.6,"sens":84,"max_daily_safety_multiplier":5,"current_basal_safety_multiplier":5,"lgsThreshold":95,"high_temptarget_raises_sensitivity":false,"low_temptarget_lowers_sensitivity":false,"sensitivity_raises_target":true,"resistance_lowers_target":true,"adv_target_adjustments":false,"exercise_mode":false,"half_basal_exercise_target":160,"maxCOB":120,"skip_neutral_temps":false,"remainingCarbsCap":90,"enableUAM":true,"A52_risk_enable":false,"SMBInterval":5,"enableSMB_with_COB":true,"enableSMB_with_temptarget":false,"allowSMB_with_high_temptarget":false,"enableSMB_always":false,"enableSMB_after_carbs":true,"maxSMBBasalMinutes":120,"maxUAMSMBBasalMinutes":120,"bolus_increment":0.05,"carbsReqThreshold":1,"current_basal":0.25,"temptargetSet":false,"autosens_max":1.2,"autosens_min":0.7,"variable_sens":97.9,"insulinDivisor":75,"TDD":19.55367147305398},"autosens_data":{"ratio":1},"meal_data":{"carbs":0,"mealCOB":0,"slopeFromMaxDeviation":-0.29927272727272725,"slopeFromMinDeviation":0.7699999999999998,"lastBolusTime":1702853609765,"lastCarbTime":0},"microBolusAllowed":true,"currentTime":1702874902734,"flatBGsDetected":false,"tdd1D":22.354166475186748,"tdd7D":26.782783919711285,"tddLast24H":22.10416643793384,"tddLast4H":1.5583333333333336,"tddLast8to4H":1.5333333392937978},"output":{"temp":"absolute","bg":117,"tick":"+0","eventualBG":107,"targetBG":90,"insulinReq":0.15,"deliverAt":"2023-12-18T04:48:22.734Z","sensitivityRatio":1,"variable_sens":97.9,"predBGs":{"IOB":[117,117,116,116,116,115,115,114,114,113,113,112,112,111,110,110,109,109,109,108,108,108,107,107,107,107,107,106,106,106,106,106,106,106,106,106,106,106,106,105],"ZT":[117,116,114,113,112,111,110,109,109,109,108,108,108,108,108,109,109,110,110],"UAM":[117,117,116,115,114,113,112,111,110,109,108,107,107,106,105,105,105,104,104,103,103,103,102,102,102,102,102,101,101,101,101,101,101,101,101,101,101,100]},"reason":"COB: 0, Dev: 7, BGI: -1, ISF: 98, CR: 15.6, Target: 90, minPredBG 105, minGuardBG 100, IOBpredBG 105, UAMpredBG 100; Eventual BG 107 >= 90, temp 0.45 < 0.55U\/hr. ","COB":0,"IOB":0.176,"duration":30,"rate":0.55,"timestamp":"2023-12-18T04:48:22.762Z"}}