{"algorithm":"OpenAPSSMBDynamicISFPlugin","input":{"glucoseStatus":{"glucose":107,"noise":0,"delta":4,"short_avgdelta":3.5,"long_avgdelta":2.36,"date":1703020376000},"currenttemp":{"temp":"absolute","duration":76,"rate":0,"minutesrunning":44},"iob_data":[{"iob":1.884,"basaliob":-0.159,"bolussnooze":1.026,"activity":0.0216,"lastBolusTime":1703020111946,"time":"2023-12-19T21:13:28.254Z","iobWithZeroTemp":{"iob":1.884,"basaliob":-0.159,"bolussnooze":1.026,"activity":0.0216,"lastBolusTime":1703020111946,"time":"2023-12-19T21:13:28.254Z"}},{"iob":1.775,"basaliob":-0.15,"bolussnooze":0.869,"activity":0.0216,"lastBolusTime":1703020111946,"time":"2023-12-19T21:18:28.254Z","iobWithZeroTemp":{"iob":1.765,"basaliob":-0.16,"bolussnooze":0.869,"activity":0.0216,"lastBolusTime":1703020111946,"time":"2023-12-19T21:18:28.254Z"}},{"iob":1.668,"basaliob":-0.141,"bolussnooze":0.7308,"activity":0.0214,"lastBolusTime":1703020111946,"time":"2023-12-19T21:23:28.254Z","iobWithZeroTemp":{"iob":1.646,"basaliob":-0.163,"bolussnooze":0.7308,"activity":0.0214,"lastBolusTime":1703020111946,"time":"2023-12-19T21:23:28.254Z"}},{"iob":1.562,"basaliob":-0.132,"bolussnooze":0.6105,"activity":0.0209,"lastBolusTime":1703020111946,"time":"2023-12-19T21:28:28.254Z","iobWithZeroTemp":{"iob":1.527,"basaliob":-0.167,"bolussnooze":0.6105,"activity":0.0208,"lastBolusTime":1703020111946,"time":"2023-12-19T21:28:28.254Z"}},{"iob":1.459,"basaliob":-0.123,"bolussnooze":0.5067,"activity":0.0203,"lastBolusTime":1703020111946,"time":"2023-12-19T21:33:28.254Z","iobWithZeroTemp":{"iob":1.413,"basaliob":-0.169,"bolussnooze":0.5067,"activity":0.0201,"lastBolusTime":1703020111946,"time":"2023-12-19T21:33:28.254Z"}},{"iob":1.359,"basaliob":-0.115,"bolussnooze":0.4178,"activity":0.0196,"lastBolusTime":1703020111946,"time":"2023-12-19T21:38:28.254Z","iobWithZeroTemp":{"iob":1.301,"basaliob":-0.173,"bolussnooze":0.4178,"activity":0.0193,"lastBolusTime":1703020111946,"time":"2023-12-19T21:38:28.254Z"}},{"iob":1.264,"basaliob":-0.106,"bolussnooze":0.3424,"activity":0.0188,"lastBolusTime":1703020111946,"time":"2023-12-19T21:43:28.254Z","iobWithZeroTemp":{"iob":1.195,"basaliob":-0.175,"bolussnooze":0.3424,"activity":0.0184,"lastBolusTime":1703020111946,"time":"2023-12-19T21:43:28.254Z"}},{"iob":1.171,"basaliob":-0.099,"bolussnooze":0.2789,"activity":0.018,"lastBolusTime":1703020111946,"time":"2023-12-19T21:48:28.254Z","iobWithZeroTemp":{"iob":1.092,"basaliob":-0.178,"bolussnooze":0.2789,"activity":0.0175,"lastBolusTime":1703020111946,"time":"2023-12-19T21:48:28.254Z"}},{"iob":1.084,"basaliob":-0.091,"bolussnooze":0.2256,"activity":0.0171,"lastBolusTime":1703020111946,"time":"2023-12-19T21:53:28.254Z","iobWithZeroTemp":{"iob":0.995,"basaliob":-0.18,"bolussnooze":0.2256,"activity":0.0165,"lastBolusTime":1703020111946,"time":"2023-12-19T21:53:28.254Z"}},{"iob":1.001,"basaliob":-0.084,"bolussnooze":0.1813,"activity":0.0161,"lastBolusTime":1703020111946,"time":"2023-12-19T21:58:28.254Z","iobWithZeroTemp":{"iob":0.902,"basaliob":-0.183,"bolussnooze":0.1813,"activity":0.0154,"lastBolusTime":1703020111946,"time":"2023-12-19T21:58:28.254Z"}},{"iob":0.923,"basaliob":-0.077,"bolussnooze":0.1446,"activity":0.0152,"lastBolusTime":1703020111946,"time":"2023-12-19T22:03:28.254Z","iobWithZeroTemp":{"iob":0.811,"basaliob":-0.189,"bolussnooze":0.1446,"activity":0.0144,"lastBolusTime":1703020111946,"time":"2023-12-19T22:03:28.254Z"}},{"iob":0.849,"basaliob":-0.071,"bolussnooze":0.1145,"activity":0.0143,"lastBolusTime":1703020111946,"time":"2023-12-19T22:08:28.254Z","iobWithZeroTemp":{"iob":0.725,"basaliob":-0.195,"bolussnooze":0.1145,"activity":0.0134,"lastBolusTime":1703020111946,"time":"2023-12-19T22:08:28.254Z"}},{"iob":0.78,"basaliob":-0.065,"bolussnooze":0.0899,"activity":0.0135,"lastBolusTime":1703020111946,"time":"2023-12-19T22:13:28.254Z","iobWithZeroTemp":{"iob":0.644,"basaliob":-0.201,"bolussnooze":0.0899,"activity":0.0125,"lastBolusTime":1703020111946,"time":"2023-12-19T22:13:28.254Z"}},{"iob":0.714,"basaliob":-0.06,"bolussnooze":0.0699,"activity":0.0125,"lastBolusTime":1703020111946,"time":"2023-12-19T22:18:28.254Z","iobWithZeroTemp":{"iob":0.567,"basaliob":-0.207,"bolussnooze":0.0699,"activity":0.0114,"lastBolusTime":1703020111946,"time":"2023-12-19T22:18:28.254Z"}},{"iob":0.654,"basaliob":-0.055,"bolussnooze":0.0538,"activity":0.0117,"lastBolusTime":1703020111946,"time":"2023-12-19T22:23:28.254Z","iobWithZeroTemp":{"iob":0.496,"basaliob":-0.213,"bolussnooze":0.0538,"activity":0.0104,"lastBolusTime":1703020111946,"time":"2023-12-19T22:23:28.254Z"}},{"iob":0.597,"basaliob":-0.05,"bolussnooze":0.0409,"activity":0.0109,"lastBolusTime":1703020111946,"time":"2023-12-19T22:28:28.254Z","iobWithZeroTemp":{"iob":0.43,"basaliob":-0.217,"bolussnooze":0.0409,"activity":0.0095,"lastBolusTime":1703020111946,"time":"2023-12-19T22:28:28.254Z"}},{"iob":0.544,"basaliob":-0.046,"bolussnooze":0.0307,"activity":0.0101,"lastBolusTime":1703020111946,"time":"2023-12-19T22:33:28.254Z","iobWithZeroTemp":{"iob":0.367,"basaliob":-0.223,"bolussnooze":0.0307,"activity":0.0086,"lastBolusTime":1703020111946,"time":"2023-12-19T22:33:28.254Z"}},{"iob":0.497,"basaliob":-0.041,"bolussnooze":0.0226,"activity":0.0093,"lastBolusTime":1703020111946,"time":"2023-12-19T22:38:28.254Z","iobWithZeroTemp":{"iob":0.311,"basaliob":-0.227,"bolussnooze":0.0226,"activity":0.0077,"lastBolusTime":1703020111946,"time":"2023-12-19T22:38:28.254Z"}},{"iob":0.451,"basaliob":-0.038,"bolussnooze":0.0164,"activity":0.0087,"lastBolusTime":1703020111946,"time":"2023-12-19T22:43:28.254Z","iobWithZeroTemp":{"iob":0.257,"basaliob":-0.232,"bolussnooze":0.0164,"activity":0.0069,"lastBolusTime":1703020111946,"time":"2023-12-19T22:43:28.254Z"}},{"iob":0.41,"basaliob":-0.034,"bolussnooze":0.0116,"activity":0.008,"lastBolusTime":1703020111946,"time":"2023-12-19T22:48:28.254Z","iobWithZeroTemp":{"iob":0.209,"basaliob":-0.235,"bolussnooze":0.0116,"activity":0.0061,"lastBolusTime":1703020111946,"time":"2023-12-19T22:48:28.254Z"}},{"iob":0.371,"basaliob":-0.031,"bolussnooze":0.0079,"activity":0.0074,"lastBolusTime":1703020111946,"time":"2023-12-19T22:53:28.254Z","iobWithZeroTemp":{"iob":0.163,"basaliob":-0.239,"bolussnooze":0.0079,"activity":0.0054,"lastBolusTime":1703020111946,"time":"2023-12-19T22:53:28.254Z"}},{"iob":0.336,"basaliob":-0.028,"bolussnooze":0.0052,"activity":0.0067,"lastBolusTime":1703020111946,"time":"2023-12-19T22:58:28.254Z","iobWithZeroTemp":{"iob":0.121,"basaliob":-0.243,"bolussnooze":0.0052,"activity":0.0046,"lastBolusTime":1703020111946,"time":"2023-12-19T22:58:28.254Z"}},{"iob":0.304,"basaliob":-0.025,"bolussnooze":0.0033,"activity":0.0062,"lastBolusTime":1703020111946,"time":"2023-12-19T23:03:28.254Z","iobWithZeroTemp":{"iob":0.083,"basaliob":-0.246,"bolussnooze":0.0033,"activity":0.004,"lastBolusTime":1703020111946,"time":"2023-12-19T23:03:28.254Z"}},{"iob":0.274,"basaliob":-0.023,"bolussnooze":0.0019,"activity":0.0057,"lastBolusTime":1703020111946,"time":"2023-12-19T23:08:28.254Z","iobWithZeroTemp":{"iob":0.048,"basaliob":-0.249,"bolussnooze":0.0019,"activity":0.0034,"lastBolusTime":1703020111946,"time":"2023-12-19T23:08:28.254Z"}},{"iob":0.247,"basaliob":-0.02,"bolussnooze":0.001,"activity":0.0052,"lastBolusTime":1703020111946,"time":"2023-12-19T23:13:28.254Z","iobWithZeroTemp":{"iob":0.015,"basaliob":-0.252,"bolussnooze":0.001,"activity":0.0028,"lastBolusTime":1703020111946,"time":"2023-12-19T23:13:28.254Z"}},{"iob":0.222,"basaliob":-0.018,"bolussnooze":4.0E-4,"activity":0.0047,"lastBolusTime":1703020111946,"time":"2023-12-19T23:18:28.254Z","iobWithZeroTemp":{"iob":-0.014,"basaliob":-0.254,"bolussnooze":4.0E-4,"activity":0.0023,"lastBolusTime":1703020111946,"time":"2023-12-19T23:18:28.254Z"}},{"iob":0.2,"basaliob":-0.016,"bolussnooze":1.0E-4,"activity":0.0043,"lastBolusTime":1703020111946,"time":"2023-12-19T23:23:28.254Z","iobWithZeroTemp":{"iob":-0.041,"basaliob":-0.257,"bolussnooze":1.0E-4,"activity":0.0018,"lastBolusTime":1703020111946,"time":"2023-12-19T23:23:28.254Z"}},{"iob":0.178,"basaliob":-0.015,"bolussnooze":0,"activity":0.004,"lastBolusTime":1703020111946,"time":"2023-12-19T23:28:28.254Z","iobWithZeroTemp":{"iob":-0.067,"basaliob":-0.26,"bolussnooze":0,"activity":0.0014,"lastBolusTime":1703020111946,"time":"2023-12-19T23:28:28.254Z"}},{"iob":0.16,"basaliob":-0.013,"bolussnooze":0,"activity":0.0036,"lastBolusTime":1703020111946,"time":"2023-12-19T23:33:28.254Z","iobWithZeroTemp":{"iob":-0.088,"basaliob":-0.261,"bolussnooze":0,"activity":0.001,"lastBolusTime":1703020111946,"time":"2023-12-19T23:33:28.254Z"}},{"iob":0.143,"basaliob":-0.012,"bolussnooze":0,"activity":0.0032,"lastBolusTime":1703020111946,"time":"2023-12-19T23:38:28.254Z","iobWithZeroTemp":{"iob":-0.108,"basaliob":-0.263,"bolussnooze":0,"activity":5.0E-4,"lastBolusTime":1703020111946,"time":"2023-12-19T23:38:28.254Z"}},{"iob":0.128,"basaliob":-0.01,"bolussnooze":0,"activity":0.003,"lastBolusTime":1703020111946,"time":"2023-12-19T23:43:28.254Z","iobWithZeroTemp":{"iob":-0.126,"basaliob":-0.264,"bolussnooze":0,"activity":2.0E-4,"lastBolusTime":1703020111946,"time":"2023-12-19T23:43:28.254Z"}},{"iob":0.113,"basaliob":-0.009,"bolussnooze":0,"activity":0.0027,"lastBolusTime":1703020111946,"time":"2023-12-19T23:48:28.254Z","iobWithZeroTemp":{"iob":-0.144,"basaliob":-0.266,"bolussnooze":0,"activity":-1.0E-4,"lastBolusTime":1703020111946,"time":"2023-12-19T23:48:28.254Z"}},{"iob":0.101,"basaliob":-0.008,"bolussnooze":0,"activity":0.0024,"lastBolusTime":1703020111946,"time":"2023-12-19T23:53:28.254Z","iobWithZeroTemp":{"iob":-0.159,"basaliob":-0.268,"bolussnooze":0,"activity":-5.0E-4,"lastBolusTime":1703020111946,"time":"2023-12-19T23:53:28.254Z"}},{"iob":0.089,"basaliob":-0.007,"bolussnooze":0,"activity":0.0022,"lastBolusTime":1703020111946,"time":"2023-12-19T23:58:28.254Z","iobWithZeroTemp":{"iob":-0.173,"basaliob":-0.269,"bolussnooze":0,"activity":-7.0E-4,"lastBolusTime":1703020111946,"time":"2023-12-19T23:58:28.254Z"}},{"iob":0.079,"basaliob":-0.006,"bolussnooze":0,"activity":0.0019,"lastBolusTime":1703020111946,"time":"2023-12-20T00:03:28.254Z","iobWithZeroTemp":{"iob":-0.181,"basaliob":-0.266,"bolussnooze":0,"activity":-0.001,"lastBolusTime":1703020111946,"time":"2023-12-20T00:03:28.254Z"}},{"iob":0.069,"basaliob":-0.006,"bolussnooze":0,"activity":0.0018,"lastBolusTime":1703020111946,"time":"2023-12-20T00:08:28.254Z","iobWithZeroTemp":{"iob":-0.189,"basaliob":-0.264,"bolussnooze":0,"activity":-0.0012,"lastBolusTime":1703020111946,"time":"2023-12-20T00:08:28.254Z"}},{"iob":0.061,"basaliob":-0.005,"bolussnooze":0,"activity":0.0016,"lastBolusTime":1703020111946,"time":"2023-12-20T00:13:28.254Z","iobWithZeroTemp":{"iob":-0.194,"basaliob":-0.26,"bolussnooze":0,"activity":-0.0014,"lastBolusTime":1703020111946,"time":"2023-12-20T00:13:28.254Z"}},{"iob":0.054,"basaliob":-0.004,"bolussnooze":0,"activity":0.0014,"lastBolusTime":1703020111946,"time":"2023-12-20T00:18:28.254Z","iobWithZeroTemp":{"iob":-0.199,"basaliob":-0.257,"bolussnooze":0,"activity":-0.0016,"lastBolusTime":1703020111946,"time":"2023-12-20T00:18:28.254Z"}},{"iob":0.047,"basaliob":-0.004,"bolussnooze":0,"activity":0.0013,"lastBolusTime":1703020111946,"time":"2023-12-20T00:23:28.254Z","iobWithZeroTemp":{"iob":-0.203,"basaliob":-0.254,"bolussnooze":0,"activity":-0.0017,"lastBolusTime":1703020111946,"time":"2023-12-20T00:23:28.254Z"}},{"iob":0.041,"basaliob":-0.003,"bolussnooze":0,"activity":0.0011,"lastBolusTime":1703020111946,"time":"2023-12-20T00:28:28.254Z","iobWithZeroTemp":{"iob":-0.207,"basaliob":-0.251,"bolussnooze":0,"activity":-0.0019,"lastBolusTime":1703020111946,"time":"2023-12-20T00:28:28.254Z"}},{"iob":0.035,"basaliob":-0.003,"bolussnooze":0,"activity":0.001,"lastBolusTime":1703020111946,"time":"2023-12-20T00:33:28.254Z","iobWithZeroTemp":{"iob":-0.211,"basaliob":-0.249,"bolussnooze":0,"activity":-0.002,"lastBolusTime":1703020111946,"time":"2023-12-20T00:33:28.254Z"}},{"iob":0.03,"basaliob":-0.003,"bolussnooze":0,"activity":9.0E-4,"lastBolusTime":1703020111946,"time":"2023-12-20T00:38:28.254Z","iobWithZeroTemp":{"iob":-0.213,"basaliob":-0.246,"bolussnooze":0,"activity":-0.0021,"lastBolusTime":1703020111946,"time":"2023-12-20T00:38:28.254Z"}},{"iob":0.027,"basaliob":-0.002,"bolussnooze":0,"activity":8.0E-4,"lastBolusTime":1703020111946,"time":"2023-12-20T00:43:28.254Z","iobWithZeroTemp":{"iob":-0.214,"basaliob":-0.243,"bolussnooze":0,"activity":-0.0021,"lastBolusTime":1703020111946,"time":"2023-12-20T00:43:28.254Z"}},{"iob":0.023,"basaliob":-0.002,"bolussnooze":0,"activity":7.0E-4,"lastBolusTime":1703020111946,"time":"2023-12-20T00:48:28.254Z","iobWithZeroTemp":{"iob":-0.216,"basaliob":-0.241,"bolussnooze":0,"activity":-0.0022,"lastBolusTime":1703020111946,"time":"2023-12-20T00:48:28.254Z"}},{"iob":0.019,"basaliob":-0.002,"bolussnooze":0,"activity":7.0E-4,"lastBolusTime":1703020111946,"time":"2023-12-20T00:53:28.254Z","iobWithZeroTemp":{"iob":-0.218,"basaliob":-0.239,"bolussnooze":0,"activity":-0.0022,"lastBolusTime":1703020111946,"time":"2023-12-20T00:53:28.254Z"}},{"iob":0.017,"basaliob":-0.001,"bolussnooze":0,"activity":6.0E-4,"lastBolusTime":1703020111946,"time":"2023-12-20T00:58:28.254Z","iobWithZeroTemp":{"iob":-0.218,"basaliob":-0.236,"bolussnooze":0,"activity":-0.0023,"lastBolusTime":1703020111946,"time":"2023-12-20T00:58:28.254Z"}},{"iob":0.014,"basaliob":-0.001,"bolussnooze":0,"activity":5.0E-4,"lastBolusTime":1703020111946,"time":"2023-12-20T01:03:28.254Z","iobWithZeroTemp":{"iob":-0.223,"basaliob":-0.238,"bolussnooze":0,"activity":-0.0024,"lastBolusTime":1703020111946,"time":"2023-12-20T01:03:28.254Z"}},{"iob":0.012,"basaliob":-0.001,"bolussnooze":0,"activity":5.0E-4,"lastBolusTime":1703020111946,"time":"2023-12-20T01:08:28.254Z","iobWithZeroTemp":{"iob":-0.227,"basaliob":-0.24,"bolussnooze":0,"activity":-0.0024,"lastBolusTime":1703020111946,"time":"2023-12-20T01:08:28.254Z"}}],"profile":{"max_iob":10,"type":"current","max_daily_basal":0.25,"max_basal":0.75,"min_bg":90,"max_bg":90,"target_bg":90,"carb_ratio":14.8,"sens":84,"max_daily_safety_multiplier":5,"current_basal_safety_multiplier":5,"lgsThreshold":95,"high_temptarget_raises_sensitivity":false,"low_temptarget_lowers_sensitivity":false,"sensitivity_raises_target":true,"resistance_lowers_target":true,"adv_target_adjustments":false,"exercise_mode":false,"half_basal_exercise_target":160,"maxCOB":120,"skip_neutral_temps":false,"remainingCarbsCap":90,"enableUAM":true,"A52_risk_enable":false,"SMBInterval":5,"enableSMB_with_COB":true,"enableSMB_with_temptarget":false,"allowSMB_with_high_temptarget":false,"enableSMB_always":false,"enableSMB_after_carbs":true,"maxSMBBasalMinutes":120,"maxUAMSMBBasalMinutes":120,"bolus_increment":0.05,"carbsReqThreshold":1,"current_basal":0.15000000596046448,"temptargetSet":false,"autosens_max":1.2,"autosens_min":0.7,"variable_sens":93.7,"insulinDivisor":75,"TDD":21.65853553027044},"autosens_data":{"ratio":1},"meal_data":{"carbs":38,"mealCOB":28.037133333333337,"slopeFromMaxDeviation":0,"slopeFromMinDeviation":0.8552727272727272,"lastBolusTime":1703020111946,"lastCarbTime":1703018782022},"microBolusAllowed":true,"currentTime":1703020409541,"flatBGsDetected":false,"tdd1D":20.141666612277426,"tdd7D":26.78606000595613,"tddLast24H":19.033333336313568,"tddLast4H":3.595833430190881,"tddLast8to4H":1.5500000201165676},"output":{"temp":"absolute","bg":107,"tick":"+4","eventualBG":191,"targetBG":90,"insulinReq":0.07,"deliverAt":"2023-12-19T21:13:29.541Z","sensitivityRatio":1,"variable_sens":93.7,"predBGs":{"IOB":[107,109,111,111,111,109,107,104,100,95,89,82,74,66,57,49,40,39],"ZT":[107,97,86,74,62,48,39,39,39,39,39,39,39,39,39,39,39,39,39,39,39,39,39,39,39,39,39,39,39,39,39,39,39,39,39,39,39,39,39,39,39,39,39,39,39,39,39,39],"COB":[107,110,112,114,116,118,119,120,121,122,123,124,124,125,125,125,126,126,125,125,125,124,123,121,120,118,116,114,112,110,109,107,106,105,104,103,102,101,101,100,100,99,99,98,98,98,97],"UAM":[107,110,113,116,119,121,124,127,130,133,137,140,143,147,150,154,157,161,164,168,171,174,177,180,182,185,187,189,191,192,193,194,195,195,195,195,194,194,193,193,193,192,192,192,191]},"reason":"COB: 28, Dev: 82, BGI: -10, ISF: 94, CR: 14.8, Target: 90, minPredBG 97, minGuardBG 100, IOBpredBG 39, COBpredBG 97, UAMpredBG 191; Eventual BG 191 >= 90,  insulinReq 0.07. Waiting 0m 0s to microbolus again. temp 0.00 < 0.29U\/hr. ","COB":28.037133333333337,"IOB":1.884,"duration":30,"rate":0.2900000059604645,"timestamp":"2023-12-19T21:13:29.553Z"}}