{"algorithm":"OpenAPSSMBDynamicISFPlugin","input":{"glucoseStatus":{"glucose":97,"noise":0,"delta":3,"short_avgdelta":2.89,"long_avgdelta":1.34,"date":1702921372000},"currenttemp":{"temp":"absolute","duration":0,"rate":0},"iob_data":[{"iob":0.044,"basaliob":-0.233,"bolussnooze":0,"activity":0.0032,"lastBolusTime":1702916312788,"time":"2023-12-18T17:43:21.788Z","iobWithZeroTemp":{"iob":0.044,"basaliob":-0.233,"bolussnooze":0,"activity":0.0032,"lastBolusTime":1702916312788,"time":"2023-12-18T17:43:21.788Z"}},{"iob":0.029,"basaliob":-0.219,"bolussnooze":0,"activity":0.0026,"lastBolusTime":1702916312788,"time":"2023-12-18T17:48:21.788Z","iobWithZeroTemp":{"iob":0.016,"basaliob":-0.232,"bolussnooze":0,"activity":0.0026,"lastBolusTime":1702916312788,"time":"2023-12-18T17:48:21.788Z"}},{"iob":0.016,"basaliob":-0.206,"bolussnooze":0,"activity":0.0023,"lastBolusTime":1702916312788,"time":"2023-12-18T17:53:21.788Z","iobWithZeroTemp":{"iob":-0.014,"basaliob":-0.236,"bolussnooze":0,"activity":0.0022,"lastBolusTime":1702916312788,"time":"2023-12-18T17:53:21.788Z"}},{"iob":0.007,"basaliob":-0.192,"bolussnooze":0,"activity":0.0018,"lastBolusTime":1702916312788,"time":"2023-12-18T17:58:21.788Z","iobWithZeroTemp":{"iob":-0.039,"basaliob":-0.238,"bolussnooze":0,"activity":0.0017,"lastBolusTime":1702916312788,"time":"2023-12-18T17:58:21.788Z"}},{"iob":-0.002,"basaliob":-0.179,"bolussnooze":0,"activity":0.0015,"lastBolusTime":1702916312788,"time":"2023-12-18T18:03:21.788Z","iobWithZeroTemp":{"iob":-0.064,"basaliob":-0.241,"bolussnooze":0,"activity":0.0013,"lastBolusTime":1702916312788,"time":"2023-12-18T18:03:21.788Z"}},{"iob":-0.009,"basaliob":-0.167,"bolussnooze":0,"activity":0.0012,"lastBolusTime":1702916312788,"time":"2023-12-18T18:08:21.788Z","iobWithZeroTemp":{"iob":-0.086,"basaliob":-0.244,"bolussnooze":0,"activity":9.0E-4,"lastBolusTime":1702916312788,"time":"2023-12-18T18:08:21.788Z"}},{"iob":-0.014,"basaliob":-0.154,"bolussnooze":0,"activity":9.0E-4,"lastBolusTime":1702916312788,"time":"2023-12-18T18:13:21.788Z","iobWithZeroTemp":{"iob":-0.106,"basaliob":-0.246,"bolussnooze":0,"activity":4.0E-4,"lastBolusTime":1702916312788,"time":"2023-12-18T18:13:21.788Z"}},{"iob":-0.019,"basaliob":-0.143,"bolussnooze":0,"activity":8.0E-4,"lastBolusTime":1702916312788,"time":"2023-12-18T18:18:21.788Z","iobWithZeroTemp":{"iob":-0.125,"basaliob":-0.249,"bolussnooze":0,"activity":2.0E-4,"lastBolusTime":1702916312788,"time":"2023-12-18T18:18:21.788Z"}},{"iob":-0.022,"basaliob":-0.132,"bolussnooze":0,"activity":6.0E-4,"lastBolusTime":1702916312788,"time":"2023-12-18T18:23:21.788Z","iobWithZeroTemp":{"iob":-0.141,"basaliob":-0.251,"bolussnooze":0,"activity":-1.0E-4,"lastBolusTime":1702916312788,"time":"2023-12-18T18:23:21.788Z"}},{"iob":-0.024,"basaliob":-0.122,"bolussnooze":0,"activity":4.0E-4,"lastBolusTime":1702916312788,"time":"2023-12-18T18:28:21.788Z","iobWithZeroTemp":{"iob":-0.155,"basaliob":-0.253,"bolussnooze":0,"activity":-5.0E-4,"lastBolusTime":1702916312788,"time":"2023-12-18T18:28:21.788Z"}},{"iob":-0.026,"basaliob":-0.112,"bolussnooze":0,"activity":3.0E-4,"lastBolusTime":1702916312788,"time":"2023-12-18T18:33:21.788Z","iobWithZeroTemp":{"iob":-0.169,"basaliob":-0.255,"bolussnooze":0,"activity":-7.0E-4,"lastBolusTime":1702916312788,"time":"2023-12-18T18:33:21.788Z"}},{"iob":-0.027,"basaliob":-0.103,"bolussnooze":0,"activity":1.0E-4,"lastBolusTime":1702916312788,"time":"2023-12-18T18:38:21.788Z","iobWithZeroTemp":{"iob":-0.181,"basaliob":-0.257,"bolussnooze":0,"activity":-0.0011,"lastBolusTime":1702916312788,"time":"2023-12-18T18:38:21.788Z"}},{"iob":-0.027,"basaliob":-0.094,"bolussnooze":0,"activity":0,"lastBolusTime":1702916312788,"time":"2023-12-18T18:43:21.788Z","iobWithZeroTemp":{"iob":-0.192,"basaliob":-0.259,"bolussnooze":0,"activity":-0.0013,"lastBolusTime":1702916312788,"time":"2023-12-18T18:43:21.788Z"}},{"iob":-0.027,"basaliob":-0.086,"bolussnooze":0,"activity":0,"lastBolusTime":1702916312788,"time":"2023-12-18T18:48:21.788Z","iobWithZeroTemp":{"iob":-0.202,"basaliob":-0.261,"bolussnooze":0,"activity":-0.0014,"lastBolusTime":1702916312788,"time":"2023-12-18T18:48:21.788Z"}},{"iob":-0.028,"basaliob":-0.079,"bolussnooze":0,"activity":0,"lastBolusTime":1702916312788,"time":"2023-12-18T18:53:21.788Z","iobWithZeroTemp":{"iob":-0.212,"basaliob":-0.263,"bolussnooze":0,"activity":-0.0016,"lastBolusTime":1702916312788,"time":"2023-12-18T18:53:21.788Z"}},{"iob":-0.027,"basaliob":-0.072,"bolussnooze":0,"activity":-1.0E-4,"lastBolusTime":1702916312788,"time":"2023-12-18T18:58:21.788Z","iobWithZeroTemp":{"iob":-0.219,"basaliob":-0.264,"bolussnooze":0,"activity":-0.0018,"lastBolusTime":1702916312788,"time":"2023-12-18T18:58:21.788Z"}},{"iob":-0.026,"basaliob":-0.065,"bolussnooze":0,"activity":-1.0E-4,"lastBolusTime":1702916312788,"time":"2023-12-18T19:03:21.788Z","iobWithZeroTemp":{"iob":-0.222,"basaliob":-0.261,"bolussnooze":0,"activity":-0.0019,"lastBolusTime":1702916312788,"time":"2023-12-18T19:03:21.788Z"}},{"iob":-0.025,"basaliob":-0.059,"bolussnooze":0,"activity":-2.0E-4,"lastBolusTime":1702916312788,"time":"2023-12-18T19:08:21.788Z","iobWithZeroTemp":{"iob":-0.224,"basaliob":-0.258,"bolussnooze":0,"activity":-0.0021,"lastBolusTime":1702916312788,"time":"2023-12-18T19:08:21.788Z"}},{"iob":-0.024,"basaliob":-0.054,"bolussnooze":0,"activity":-3.0E-4,"lastBolusTime":1702916312788,"time":"2023-12-18T19:13:21.788Z","iobWithZeroTemp":{"iob":-0.226,"basaliob":-0.256,"bolussnooze":0,"activity":-0.0023,"lastBolusTime":1702916312788,"time":"2023-12-18T19:13:21.788Z"}},{"iob":-0.023,"basaliob":-0.049,"bolussnooze":0,"activity":-3.0E-4,"lastBolusTime":1702916312788,"time":"2023-12-18T19:18:21.788Z","iobWithZeroTemp":{"iob":-0.227,"basaliob":-0.253,"bolussnooze":0,"activity":-0.0024,"lastBolusTime":1702916312788,"time":"2023-12-18T19:18:21.788Z"}},{"iob":-0.021,"basaliob":-0.044,"bolussnooze":0,"activity":-3.0E-4,"lastBolusTime":1702916312788,"time":"2023-12-18T19:23:21.788Z","iobWithZeroTemp":{"iob":-0.227,"basaliob":-0.25,"bolussnooze":0,"activity":-0.0024,"lastBolusTime":1702916312788,"time":"2023-12-18T19:23:21.788Z"}},{"iob":-0.02,"basaliob":-0.04,"bolussnooze":0,"activity":-3.0E-4,"lastBolusTime":1702916312788,"time":"2023-12-18T19:28:21.788Z","iobWithZeroTemp":{"iob":-0.228,"basaliob":-0.248,"bolussnooze":0,"activity":-0.0025,"lastBolusTime":1702916312788,"time":"2023-12-18T19:28:21.788Z"}},{"iob":-0.019,"basaliob":-0.036,"bolussnooze":0,"activity":-2.0E-4,"lastBolusTime":1702916312788,"time":"2023-12-18T19:33:21.788Z","iobWithZeroTemp":{"iob":-0.228,"basaliob":-0.245,"bolussnooze":0,"activity":-0.0025,"lastBolusTime":1702916312788,"time":"2023-12-18T19:33:21.788Z"}},{"iob":-0.017,"basaliob":-0.032,"bolussnooze":0,"activity":-3.0E-4,"lastBolusTime":1702916312788,"time":"2023-12-18T19:38:21.788Z","iobWithZeroTemp":{"iob":-0.227,"basaliob":-0.242,"bolussnooze":0,"activity":-0.0026,"lastBolusTime":1702916312788,"time":"2023-12-18T19:38:21.788Z"}},{"iob":-0.016,"basaliob":-0.029,"bolussnooze":0,"activity":-2.0E-4,"lastBolusTime":1702916312788,"time":"2023-12-18T19:43:21.788Z","iobWithZeroTemp":{"iob":-0.227,"basaliob":-0.24,"bolussnooze":0,"activity":-0.0025,"lastBolusTime":1702916312788,"time":"2023-12-18T19:43:21.788Z"}},{"iob":-0.015,"basaliob":-0.026,"bolussnooze":0,"activity":-3.0E-4,"lastBolusTime":1702916312788,"time":"2023-12-18T19:48:21.788Z","iobWithZeroTemp":{"iob":-0.227,"basaliob":-0.238,"bolussnooze":0,"activity":-0.0027,"lastBolusTime":1702916312788,"time":"2023-12-18T19:48:21.788Z"}},{"iob":-0.013,"basaliob":-0.023,"bolussnooze":0,"activity":-2.0E-4,"lastBolusTime":1702916312788,"time":"2023-12-18T19:53:21.788Z","iobWithZeroTemp":{"iob":-0.226,"basaliob":-0.236,"bolussnooze":0,"activity":-0.0026,"lastBolusTime":1702916312788,"time":"2023-12-18T19:53:21.788Z"}},{"iob":-0.013,"basaliob":-0.021,"bolussnooze":0,"activity":-2.0E-4,"lastBolusTime":1702916312788,"time":"2023-12-18T19:58:21.788Z","iobWithZeroTemp":{"iob":-0.226,"basaliob":-0.234,"bolussnooze":0,"activity":-0.0026,"lastBolusTime":1702916312788,"time":"2023-12-18T19:58:21.788Z"}},{"iob":-0.012,"basaliob":-0.019,"bolussnooze":0,"activity":-2.0E-4,"lastBolusTime":1702916312788,"time":"2023-12-18T20:03:21.788Z","iobWithZeroTemp":{"iob":-0.225,"basaliob":-0.232,"bolussnooze":0,"activity":-0.0026,"lastBolusTime":1702916312788,"time":"2023-12-18T20:03:21.788Z"}},{"iob":-0.011,"basaliob":-0.017,"bolussnooze":0,"activity":-2.0E-4,"lastBolusTime":1702916312788,"time":"2023-12-18T20:08:21.788Z","iobWithZeroTemp":{"iob":-0.225,"basaliob":-0.231,"bolussnooze":0,"activity":-0.0027,"lastBolusTime":1702916312788,"time":"2023-12-18T20:08:21.788Z"}},{"iob":-0.01,"basaliob":-0.015,"bolussnooze":0,"activity":-1.0E-4,"lastBolusTime":1702916312788,"time":"2023-12-18T20:13:21.788Z","iobWithZeroTemp":{"iob":-0.224,"basaliob":-0.229,"bolussnooze":0,"activity":-0.0026,"lastBolusTime":1702916312788,"time":"2023-12-18T20:13:21.788Z"}},{"iob":-0.009,"basaliob":-0.013,"bolussnooze":0,"activity":-2.0E-4,"lastBolusTime":1702916312788,"time":"2023-12-18T20:18:21.788Z","iobWithZeroTemp":{"iob":-0.223,"basaliob":-0.227,"bolussnooze":0,"activity":-0.0027,"lastBolusTime":1702916312788,"time":"2023-12-18T20:18:21.788Z"}},{"iob":-0.007,"basaliob":-0.011,"bolussnooze":0,"activity":-2.0E-4,"lastBolusTime":1702916312788,"time":"2023-12-18T20:23:21.788Z","iobWithZeroTemp":{"iob":-0.221,"basaliob":-0.225,"bolussnooze":0,"activity":-0.0027,"lastBolusTime":1702916312788,"time":"2023-12-18T20:23:21.788Z"}},{"iob":-0.007,"basaliob":-0.01,"bolussnooze":0,"activity":-1.0E-4,"lastBolusTime":1702916312788,"time":"2023-12-18T20:28:21.788Z","iobWithZeroTemp":{"iob":-0.221,"basaliob":-0.224,"bolussnooze":0,"activity":-0.0026,"lastBolusTime":1702916312788,"time":"2023-12-18T20:28:21.788Z"}},{"iob":-0.006,"basaliob":-0.009,"bolussnooze":0,"activity":-1.0E-4,"lastBolusTime":1702916312788,"time":"2023-12-18T20:33:21.788Z","iobWithZeroTemp":{"iob":-0.22,"basaliob":-0.223,"bolussnooze":0,"activity":-0.0026,"lastBolusTime":1702916312788,"time":"2023-12-18T20:33:21.788Z"}},{"iob":-0.006,"basaliob":-0.008,"bolussnooze":0,"activity":-1.0E-4,"lastBolusTime":1702916312788,"time":"2023-12-18T20:38:21.788Z","iobWithZeroTemp":{"iob":-0.22,"basaliob":-0.222,"bolussnooze":0,"activity":-0.0026,"lastBolusTime":1702916312788,"time":"2023-12-18T20:38:21.788Z"}},{"iob":-0.005,"basaliob":-0.007,"bolussnooze":0,"activity":-1.0E-4,"lastBolusTime":1702916312788,"time":"2023-12-18T20:43:21.788Z","iobWithZeroTemp":{"iob":-0.219,"basaliob":-0.221,"bolussnooze":0,"activity":-0.0026,"lastBolusTime":1702916312788,"time":"2023-12-18T20:43:21.788Z"}},{"iob":-0.005,"basaliob":-0.006,"bolussnooze":0,"activity":-1.0E-4,"lastBolusTime":1702916312788,"time":"2023-12-18T20:48:21.788Z","iobWithZeroTemp":{"iob":-0.219,"basaliob":-0.22,"bolussnooze":0,"activity":-0.0026,"lastBolusTime":1702916312788,"time":"2023-12-18T20:48:21.788Z"}},{"iob":-0.004,"basaliob":-0.005,"bolussnooze":0,"activity":0,"lastBolusTime":1702916312788,"time":"2023-12-18T20:53:21.788Z","iobWithZeroTemp":{"iob":-0.217,"basaliob":-0.218,"bolussnooze":0,"activity":-0.0025,"lastBolusTime":1702916312788,"time":"2023-12-18T20:53:21.788Z"}},{"iob":-0.004,"basaliob":-0.005,"bolussnooze":0,"activity":-1.0E-4,"lastBolusTime":1702916312788,"time":"2023-12-18T20:58:21.788Z","iobWithZeroTemp":{"iob":-0.217,"basaliob":-0.218,"bolussnooze":0,"activity":-0.0026,"lastBolusTime":1702916312788,"time":"2023-12-18T20:58:21.788Z"}},{"iob":-0.003,"basaliob":-0.004,"bolussnooze":0,"activity":-1.0E-4,"lastBolusTime":1702916312788,"time":"2023-12-18T21:03:21.788Z","iobWithZeroTemp":{"iob":-0.216,"basaliob":-0.217,"bolussnooze":0,"activity":-0.0026,"lastBolusTime":1702916312788,"time":"2023-12-18T21:03:21.788Z"}},{"iob":-0.003,"basaliob":-0.004,"bolussnooze":0,"activity":-1.0E-4,"lastBolusTime":1702916312788,"time":"2023-12-18T21:08:21.788Z","iobWithZeroTemp":{"iob":-0.216,"basaliob":-0.217,"bolussnooze":0,"activity":-0.0026,"lastBolusTime":1702916312788,"time":"2023-12-18T21:08:21.788Z"}},{"iob":-0.003,"basaliob":-0.003,"bolussnooze":0,"activity":-1.0E-4,"lastBolusTime":1702916312788,"time":"2023-12-18T21:13:21.788Z","iobWithZeroTemp":{"iob":-0.216,"basaliob":-0.216,"bolussnooze":0,"activity":-0.0026,"lastBolusTime":1702916312788,"time":"2023-12-18T21:13:21.788Z"}},{"iob":-0.003,"basaliob":-0.003,"bolussnooze":0,"activity":-1.0E-4,"lastBolusTime":1702916312788,"time":"2023-12-18T21:18:21.788Z","iobWithZeroTemp":{"iob":-0.216,"basaliob":-0.216,"bolussnooze":0,"activity":-0.0026,"lastBolusTime":1702916312788,"time":"2023-12-18T21:18:21.788Z"}},{"iob":-0.002,"basaliob":-0.002,"bolussnooze":0,"activity":-1.0E-4,"lastBolusTime":1702916312788,"time":"2023-12-18T21:23:21.788Z","iobWithZeroTemp":{"iob":-0.215,"basaliob":-0.215,"bolussnooze":0,"activity":-0.0026,"lastBolusTime":1702916312788,"time":"2023-12-18T21:23:21.788Z"}},{"iob":-0.002,"basaliob":-0.002,"bolussnooze":0,"activity":-1.0E-4,"lastBolusTime":1702916312788,"time":"2023-12-18T21:28:21.788Z","iobWithZeroTemp":{"iob":-0.214,"basaliob":-0.214,"bolussnooze":0,"activity":-0.0026,"lastBolusTime":1702916312788,"time":"2023-12-18T21:28:21.788Z"}},{"iob":-0.002,"basaliob":-0.002,"bolussnooze":0,"activity":-1.0E-4,"lastBolusTime":1702916312788,"time":"2023-12-18T21:33:21.788Z","iobWithZeroTemp":{"iob":-0.214,"basaliob":-0.214,"bolussnooze":0,"activity":-0.0026,"lastBolusTime":1702916312788,"time":"2023-12-18T21:33:21.788Z"}},{"iob":-0.001,"basaliob":-0.001,"bolussnooze":0,"activity":0,"lastBolusTime":1702916312788,"time":"2023-12-18T21:38:21.788Z","iobWithZeroTemp":{"iob":-0.213,"basaliob":-0.213,"bolussnooze":0,"activity":-0.0025,"lastBolusTime":1702916312788,"time":"2023-12-18T21:38:21.788Z"}}],"profile":{"max_iob":10,"type":"current","max_daily_basal":0.25,"max_basal":1,"min_bg":105,"max_bg":105,"target_bg":105,"carb_ratio":12.4,"sens":84,"max_daily_safety_multiplier":5,"current_basal_safety_multiplier":5,"lgsThreshold":95,"high_temptarget_raises_sensitivity":false,"low_temptarget_lowers_sensitivity":false,"sensitivity_raises_target":true,"resistance_lowers_target":true,"adv_target_adjustments":false,"exercise_mode":false,"half_basal_exercise_target":160,"maxCOB":120,"skip_neutral_temps":false,"remainingCarbsCap":90,"enableUAM":true,"A52_risk_enable":false,"SMBInterval":5,"enableSMB_with_COB":true,"enableSMB_with_temptarget":false,"allowSMB_with_high_temptarget":false,"enableSMB_always":false,"enableSMB_after_carbs":true,"maxSMBBasalMinutes":120,"maxUAMSMBBasalMinutes":120,"bolus_increment":0.05,"carbsReqThreshold":1,"current_basal":0.20000000298023224,"temptargetSet":true,"autosens_max":1.2,"autosens_min":0.7,"variable_sens":91.8,"insulinDivisor":75,"TDD":23.636596449450543},"autosens_data":{"ratio":1},"meal_data":{"carbs":86,"mealCOB":0,"slopeFromMaxDeviation":0,"slopeFromMinDeviation":0.6867272727272729,"lastBolusTime":1702916312788,"lastCarbTime":1702908490573},"microBolusAllowed":true,"currentTime":1702921402818,"flatBGsDetected":false,"tdd1D":22.354166475186748,"tdd7D":26.782783919711285,"tddLast24H":20.21666668454806,"tddLast4H":1.7666667106250922,"tddLast8to4H":7.920833196987709},"output":{"temp":"absolute","bg":97,"tick":"+3","eventualBG":132,"targetBG":105,"insulinReq":0.03,"deliverAt":"2023-12-18T17:43:22.818Z","sensitivityRatio":1,"variable_sens":91.8,"predBGs":{"IOB":[97,100,102,104,106,108,110,112,113,114,114,114,114,114,114,114,114,114,114,115,115,115,115,115,115,115,115,115,116],"ZT":[97,96,94,93,92,92,91,91,91,91,91,92,92,93,94,94,95,96,97,98,99,100,101,102,104,105],"UAM":[97,100,102,105,108,110,113,115,118,120,122,123,125,126,128,129,129,130,130,130,130,131,131,131,131,131,131,131,131,131,131,131,131,132]},"reason":"COB: 0, Dev: 26, BGI: -1, ISF: 92, CR: 12.4, Target: 105, minPredBG 108, minGuardBG 100, IOBpredBG 116, UAMpredBG 132; Eventual BG 132 >= 105, no temp, setting 0.26U\/hr. ","COB":0,"IOB":0.044,"duration":30,"rate":0.26000000298023224,"timestamp":"2023-12-18T17:43:22.886Z"}}