{"algorithm":"OpenAPSSMBDynamicISFPlugin","input":{"glucoseStatus":{"glucose":127,"noise":0,"delta":-1,"short_avgdelta":-1.11,"long_avgdelta":-2.11,"date":1702945672000},"currenttemp":{"temp":"absolute","duration":100,"rate":0,"minutesrunning":20},"iob_data":[{"iob":0.74,"basaliob":0.087,"bolussnooze":0,"activity":0.0101,"lastBolusTime":1702944224267,"time":"2023-12-19T00:28:35.338Z","iobWithZeroTemp":{"iob":0.74,"basaliob":0.087,"bolussnooze":0,"activity":0.0101,"lastBolusTime":1702944224267,"time":"2023-12-19T00:28:35.338Z"}},{"iob":0.689,"basaliob":0.081,"bolussnooze":0,"activity":0.0098,"lastBolusTime":1702944224267,"time":"2023-12-19T00:33:35.338Z","iobWithZeroTemp":{"iob":0.679,"basaliob":0.071,"bolussnooze":0,"activity":0.0098,"lastBolusTime":1702944224267,"time":"2023-12-19T00:33:35.338Z"}},{"iob":0.641,"basaliob":0.076,"bolussnooze":0,"activity":0.0095,"lastBolusTime":1702944224267,"time":"2023-12-19T00:38:35.338Z","iobWithZeroTemp":{"iob":0.619,"basaliob":0.054,"bolussnooze":0,"activity":0.0095,"lastBolusTime":1702944224267,"time":"2023-12-19T00:38:35.338Z"}},{"iob":0.595,"basaliob":0.071,"bolussnooze":0,"activity":0.009,"lastBolusTime":1702944224267,"time":"2023-12-19T00:43:35.338Z","iobWithZeroTemp":{"iob":0.56,"basaliob":0.036,"bolussnooze":0,"activity":0.0089,"lastBolusTime":1702944224267,"time":"2023-12-19T00:43:35.338Z"}},{"iob":0.551,"basaliob":0.066,"bolussnooze":0,"activity":0.0086,"lastBolusTime":1702944224267,"time":"2023-12-19T00:48:35.338Z","iobWithZeroTemp":{"iob":0.505,"basaliob":0.02,"bolussnooze":0,"activity":0.0084,"lastBolusTime":1702944224267,"time":"2023-12-19T00:48:35.338Z"}},{"iob":0.509,"basaliob":0.061,"bolussnooze":0,"activity":0.0081,"lastBolusTime":1702944224267,"time":"2023-12-19T00:53:35.338Z","iobWithZeroTemp":{"iob":0.451,"basaliob":0.003,"bolussnooze":0,"activity":0.0078,"lastBolusTime":1702944224267,"time":"2023-12-19T00:53:35.338Z"}},{"iob":0.47,"basaliob":0.057,"bolussnooze":0,"activity":0.0077,"lastBolusTime":1702944224267,"time":"2023-12-19T00:58:35.338Z","iobWithZeroTemp":{"iob":0.401,"basaliob":-0.012,"bolussnooze":0,"activity":0.0073,"lastBolusTime":1702944224267,"time":"2023-12-19T00:58:35.338Z"}},{"iob":0.432,"basaliob":0.052,"bolussnooze":0,"activity":0.0072,"lastBolusTime":1702944224267,"time":"2023-12-19T01:03:35.338Z","iobWithZeroTemp":{"iob":0.349,"basaliob":-0.031,"bolussnooze":0,"activity":0.0067,"lastBolusTime":1702944224267,"time":"2023-12-19T01:03:35.338Z"}},{"iob":0.397,"basaliob":0.048,"bolussnooze":0,"activity":0.0068,"lastBolusTime":1702944224267,"time":"2023-12-19T01:08:35.338Z","iobWithZeroTemp":{"iob":0.3,"basaliob":-0.049,"bolussnooze":0,"activity":0.0062,"lastBolusTime":1702944224267,"time":"2023-12-19T01:08:35.338Z"}},{"iob":0.363,"basaliob":0.044,"bolussnooze":0,"activity":0.0063,"lastBolusTime":1702944224267,"time":"2023-12-19T01:13:35.338Z","iobWithZeroTemp":{"iob":0.252,"basaliob":-0.067,"bolussnooze":0,"activity":0.0056,"lastBolusTime":1702944224267,"time":"2023-12-19T01:13:35.338Z"}},{"iob":0.333,"basaliob":0.041,"bolussnooze":0,"activity":0.006,"lastBolusTime":1702944224267,"time":"2023-12-19T01:18:35.338Z","iobWithZeroTemp":{"iob":0.21,"basaliob":-0.082,"bolussnooze":0,"activity":0.0052,"lastBolusTime":1702944224267,"time":"2023-12-19T01:18:35.338Z"}},{"iob":0.304,"basaliob":0.037,"bolussnooze":0,"activity":0.0056,"lastBolusTime":1702944224267,"time":"2023-12-19T01:23:35.338Z","iobWithZeroTemp":{"iob":0.169,"basaliob":-0.098,"bolussnooze":0,"activity":0.0046,"lastBolusTime":1702944224267,"time":"2023-12-19T01:23:35.338Z"}},{"iob":0.277,"basaliob":0.034,"bolussnooze":0,"activity":0.0051,"lastBolusTime":1702944224267,"time":"2023-12-19T01:28:35.338Z","iobWithZeroTemp":{"iob":0.13,"basaliob":-0.113,"bolussnooze":0,"activity":0.004,"lastBolusTime":1702944224267,"time":"2023-12-19T01:28:35.338Z"}},{"iob":0.253,"basaliob":0.031,"bolussnooze":0,"activity":0.0048,"lastBolusTime":1702944224267,"time":"2023-12-19T01:33:35.338Z","iobWithZeroTemp":{"iob":0.095,"basaliob":-0.127,"bolussnooze":0,"activity":0.0036,"lastBolusTime":1702944224267,"time":"2023-12-19T01:33:35.338Z"}},{"iob":0.23,"basaliob":0.029,"bolussnooze":0,"activity":0.0044,"lastBolusTime":1702944224267,"time":"2023-12-19T01:38:35.338Z","iobWithZeroTemp":{"iob":0.062,"basaliob":-0.139,"bolussnooze":0,"activity":0.003,"lastBolusTime":1702944224267,"time":"2023-12-19T01:38:35.338Z"}},{"iob":0.209,"basaliob":0.026,"bolussnooze":0,"activity":0.0041,"lastBolusTime":1702944224267,"time":"2023-12-19T01:43:35.338Z","iobWithZeroTemp":{"iob":0.032,"basaliob":-0.151,"bolussnooze":0,"activity":0.0026,"lastBolusTime":1702944224267,"time":"2023-12-19T01:43:35.338Z"}},{"iob":0.19,"basaliob":0.024,"bolussnooze":0,"activity":0.0038,"lastBolusTime":1702944224267,"time":"2023-12-19T01:48:35.338Z","iobWithZeroTemp":{"iob":0.004,"basaliob":-0.162,"bolussnooze":0,"activity":0.0022,"lastBolusTime":1702944224267,"time":"2023-12-19T01:48:35.338Z"}},{"iob":0.172,"basaliob":0.022,"bolussnooze":0,"activity":0.0034,"lastBolusTime":1702944224267,"time":"2023-12-19T01:53:35.338Z","iobWithZeroTemp":{"iob":-0.022,"basaliob":-0.172,"bolussnooze":0,"activity":0.0017,"lastBolusTime":1702944224267,"time":"2023-12-19T01:53:35.338Z"}},{"iob":0.155,"basaliob":0.02,"bolussnooze":0,"activity":0.0032,"lastBolusTime":1702944224267,"time":"2023-12-19T01:58:35.338Z","iobWithZeroTemp":{"iob":-0.047,"basaliob":-0.182,"bolussnooze":0,"activity":0.0013,"lastBolusTime":1702944224267,"time":"2023-12-19T01:58:35.338Z"}},{"iob":0.14,"basaliob":0.018,"bolussnooze":0,"activity":0.0029,"lastBolusTime":1702944224267,"time":"2023-12-19T02:03:35.338Z","iobWithZeroTemp":{"iob":-0.069,"basaliob":-0.191,"bolussnooze":0,"activity":9.0E-4,"lastBolusTime":1702944224267,"time":"2023-12-19T02:03:35.338Z"}},{"iob":0.126,"basaliob":0.016,"bolussnooze":0,"activity":0.0026,"lastBolusTime":1702944224267,"time":"2023-12-19T02:08:35.338Z","iobWithZeroTemp":{"iob":-0.09,"basaliob":-0.2,"bolussnooze":0,"activity":5.0E-4,"lastBolusTime":1702944224267,"time":"2023-12-19T02:08:35.338Z"}},{"iob":0.113,"basaliob":0.014,"bolussnooze":0,"activity":0.0024,"lastBolusTime":1702944224267,"time":"2023-12-19T02:13:35.338Z","iobWithZeroTemp":{"iob":-0.109,"basaliob":-0.208,"bolussnooze":0,"activity":2.0E-4,"lastBolusTime":1702944224267,"time":"2023-12-19T02:13:35.338Z"}},{"iob":0.102,"basaliob":0.013,"bolussnooze":0,"activity":0.0022,"lastBolusTime":1702944224267,"time":"2023-12-19T02:18:35.338Z","iobWithZeroTemp":{"iob":-0.125,"basaliob":-0.214,"bolussnooze":0,"activity":-1.0E-4,"lastBolusTime":1702944224267,"time":"2023-12-19T02:18:35.338Z"}},{"iob":0.092,"basaliob":0.012,"bolussnooze":0,"activity":0.0021,"lastBolusTime":1702944224267,"time":"2023-12-19T02:23:35.338Z","iobWithZeroTemp":{"iob":-0.14,"basaliob":-0.22,"bolussnooze":0,"activity":-3.0E-4,"lastBolusTime":1702944224267,"time":"2023-12-19T02:23:35.338Z"}},{"iob":0.082,"basaliob":0.011,"bolussnooze":0,"activity":0.0018,"lastBolusTime":1702944224267,"time":"2023-12-19T02:28:35.338Z","iobWithZeroTemp":{"iob":-0.155,"basaliob":-0.226,"bolussnooze":0,"activity":-6.0E-4,"lastBolusTime":1702944224267,"time":"2023-12-19T02:28:35.338Z"}},{"iob":0.073,"basaliob":0.009,"bolussnooze":0,"activity":0.0016,"lastBolusTime":1702944224267,"time":"2023-12-19T02:33:35.338Z","iobWithZeroTemp":{"iob":-0.168,"basaliob":-0.232,"bolussnooze":0,"activity":-9.0E-4,"lastBolusTime":1702944224267,"time":"2023-12-19T02:33:35.338Z"}},{"iob":0.065,"basaliob":0.008,"bolussnooze":0,"activity":0.0015,"lastBolusTime":1702944224267,"time":"2023-12-19T02:38:35.338Z","iobWithZeroTemp":{"iob":-0.18,"basaliob":-0.237,"bolussnooze":0,"activity":-0.0011,"lastBolusTime":1702944224267,"time":"2023-12-19T02:38:35.338Z"}},{"iob":0.059,"basaliob":0.008,"bolussnooze":0,"activity":0.0014,"lastBolusTime":1702944224267,"time":"2023-12-19T02:43:35.338Z","iobWithZeroTemp":{"iob":-0.19,"basaliob":-0.241,"bolussnooze":0,"activity":-0.0013,"lastBolusTime":1702944224267,"time":"2023-12-19T02:43:35.338Z"}},{"iob":0.052,"basaliob":0.007,"bolussnooze":0,"activity":0.0013,"lastBolusTime":1702944224267,"time":"2023-12-19T02:48:35.338Z","iobWithZeroTemp":{"iob":-0.2,"basaliob":-0.245,"bolussnooze":0,"activity":-0.0014,"lastBolusTime":1702944224267,"time":"2023-12-19T02:48:35.338Z"}},{"iob":0.046,"basaliob":0.006,"bolussnooze":0,"activity":0.0011,"lastBolusTime":1702944224267,"time":"2023-12-19T02:53:35.338Z","iobWithZeroTemp":{"iob":-0.209,"basaliob":-0.249,"bolussnooze":0,"activity":-0.0017,"lastBolusTime":1702944224267,"time":"2023-12-19T02:53:35.338Z"}},{"iob":0.04,"basaliob":0.005,"bolussnooze":0,"activity":0.001,"lastBolusTime":1702944224267,"time":"2023-12-19T02:58:35.338Z","iobWithZeroTemp":{"iob":-0.218,"basaliob":-0.253,"bolussnooze":0,"activity":-0.0018,"lastBolusTime":1702944224267,"time":"2023-12-19T02:58:35.338Z"}},{"iob":0.036,"basaliob":0.005,"bolussnooze":0,"activity":9.0E-4,"lastBolusTime":1702944224267,"time":"2023-12-19T03:03:35.338Z","iobWithZeroTemp":{"iob":-0.22,"basaliob":-0.251,"bolussnooze":0,"activity":-0.002,"lastBolusTime":1702944224267,"time":"2023-12-19T03:03:35.338Z"}},{"iob":0.032,"basaliob":0.004,"bolussnooze":0,"activity":8.0E-4,"lastBolusTime":1702944224267,"time":"2023-12-19T03:08:35.338Z","iobWithZeroTemp":{"iob":-0.222,"basaliob":-0.25,"bolussnooze":0,"activity":-0.0021,"lastBolusTime":1702944224267,"time":"2023-12-19T03:08:35.338Z"}},{"iob":0.028,"basaliob":0.004,"bolussnooze":0,"activity":7.0E-4,"lastBolusTime":1702944224267,"time":"2023-12-19T03:13:35.338Z","iobWithZeroTemp":{"iob":-0.224,"basaliob":-0.248,"bolussnooze":0,"activity":-0.0022,"lastBolusTime":1702944224267,"time":"2023-12-19T03:13:35.338Z"}},{"iob":0.024,"basaliob":0.003,"bolussnooze":0,"activity":7.0E-4,"lastBolusTime":1702944224267,"time":"2023-12-19T03:18:35.338Z","iobWithZeroTemp":{"iob":-0.226,"basaliob":-0.247,"bolussnooze":0,"activity":-0.0022,"lastBolusTime":1702944224267,"time":"2023-12-19T03:18:35.338Z"}},{"iob":0.022,"basaliob":0.003,"bolussnooze":0,"activity":6.0E-4,"lastBolusTime":1702944224267,"time":"2023-12-19T03:23:35.338Z","iobWithZeroTemp":{"iob":-0.226,"basaliob":-0.245,"bolussnooze":0,"activity":-0.0023,"lastBolusTime":1702944224267,"time":"2023-12-19T03:23:35.338Z"}},{"iob":0.018,"basaliob":0.002,"bolussnooze":0,"activity":5.0E-4,"lastBolusTime":1702944224267,"time":"2023-12-19T03:28:35.338Z","iobWithZeroTemp":{"iob":-0.228,"basaliob":-0.244,"bolussnooze":0,"activity":-0.0024,"lastBolusTime":1702944224267,"time":"2023-12-19T03:28:35.338Z"}},{"iob":0.016,"basaliob":0.002,"bolussnooze":0,"activity":5.0E-4,"lastBolusTime":1702944224267,"time":"2023-12-19T03:33:35.338Z","iobWithZeroTemp":{"iob":-0.228,"basaliob":-0.242,"bolussnooze":0,"activity":-0.0024,"lastBolusTime":1702944224267,"time":"2023-12-19T03:33:35.338Z"}},{"iob":0.014,"basaliob":0.002,"bolussnooze":0,"activity":4.0E-4,"lastBolusTime":1702944224267,"time":"2023-12-19T03:38:35.338Z","iobWithZeroTemp":{"iob":-0.228,"basaliob":-0.24,"bolussnooze":0,"activity":-0.0025,"lastBolusTime":1702944224267,"time":"2023-12-19T03:38:35.338Z"}},{"iob":0.013,"basaliob":0.002,"bolussnooze":0,"activity":3.0E-4,"lastBolusTime":1702944224267,"time":"2023-12-19T03:43:35.338Z","iobWithZeroTemp":{"iob":-0.227,"basaliob":-0.238,"bolussnooze":0,"activity":-0.0026,"lastBolusTime":1702944224267,"time":"2023-12-19T03:43:35.338Z"}},{"iob":0.01,"basaliob":0.001,"bolussnooze":0,"activity":3.0E-4,"lastBolusTime":1702944224267,"time":"2023-12-19T03:48:35.338Z","iobWithZeroTemp":{"iob":-0.228,"basaliob":-0.237,"bolussnooze":0,"activity":-0.0026,"lastBolusTime":1702944224267,"time":"2023-12-19T03:48:35.338Z"}},{"iob":0.009,"basaliob":0.001,"bolussnooze":0,"activity":2.0E-4,"lastBolusTime":1702944224267,"time":"2023-12-19T03:53:35.338Z","iobWithZeroTemp":{"iob":-0.227,"basaliob":-0.235,"bolussnooze":0,"activity":-0.0027,"lastBolusTime":1702944224267,"time":"2023-12-19T03:53:35.338Z"}},{"iob":0.008,"basaliob":0.001,"bolussnooze":0,"activity":2.0E-4,"lastBolusTime":1702944224267,"time":"2023-12-19T03:58:35.338Z","iobWithZeroTemp":{"iob":-0.226,"basaliob":-0.233,"bolussnooze":0,"activity":-0.0027,"lastBolusTime":1702944224267,"time":"2023-12-19T03:58:35.338Z"}},{"iob":0.007,"basaliob":0.001,"bolussnooze":0,"activity":2.0E-4,"lastBolusTime":1702944224267,"time":"2023-12-19T04:03:35.338Z","iobWithZeroTemp":{"iob":-0.233,"basaliob":-0.239,"bolussnooze":0,"activity":-0.0027,"lastBolusTime":1702944224267,"time":"2023-12-19T04:03:35.338Z"}},{"iob":0.006,"basaliob":0.001,"bolussnooze":0,"activity":2.0E-4,"lastBolusTime":1702944224267,"time":"2023-12-19T04:08:35.338Z","iobWithZeroTemp":{"iob":-0.241,"basaliob":-0.246,"bolussnooze":0,"activity":-0.0027,"lastBolusTime":1702944224267,"time":"2023-12-19T04:08:35.338Z"}},{"iob":0.005,"basaliob":0.001,"bolussnooze":0,"activity":1.0E-4,"lastBolusTime":1702944224267,"time":"2023-12-19T04:13:35.338Z","iobWithZeroTemp":{"iob":-0.248,"basaliob":-0.252,"bolussnooze":0,"activity":-0.0028,"lastBolusTime":1702944224267,"time":"2023-12-19T04:13:35.338Z"}},{"iob":0.005,"basaliob":0.001,"bolussnooze":0,"activity":1.0E-4,"lastBolusTime":1702944224267,"time":"2023-12-19T04:18:35.338Z","iobWithZeroTemp":{"iob":-0.255,"basaliob":-0.259,"bolussnooze":0,"activity":-0.0028,"lastBolusTime":1702944224267,"time":"2023-12-19T04:18:35.338Z"}},{"iob":0.003,"basaliob":0,"bolussnooze":0,"activity":1.0E-4,"lastBolusTime":1702944224267,"time":"2023-12-19T04:23:35.338Z","iobWithZeroTemp":{"iob":-0.263,"basaliob":-0.266,"bolussnooze":0,"activity":-0.0029,"lastBolusTime":1702944224267,"time":"2023-12-19T04:23:35.338Z"}}],"profile":{"max_iob":10,"type":"current","max_daily_basal":0.25,"max_basal":0.75,"min_bg":90,"max_bg":90,"target_bg":90,"carb_ratio":15.6,"sens":84,"max_daily_safety_multiplier":5,"current_basal_safety_multiplier":5,"lgsThreshold":95,"high_temptarget_raises_sensitivity":false,"low_temptarget_lowers_sensitivity":false,"sensitivity_raises_target":true,"resistance_lowers_target":true,"adv_target_adjustments":false,"exercise_mode":false,"half_basal_exercise_target":160,"maxCOB":120,"skip_neutral_temps":false,"remainingCarbsCap":90,"enableUAM":true,"A52_risk_enable":false,"SMBInterval":5,"enableSMB_with_COB":true,"enableSMB_with_temptarget":false,"allowSMB_with_high_temptarget":false,"enableSMB_always":false,"enableSMB_after_carbs":true,"maxSMBBasalMinutes":120,"maxUAMSMBBasalMinutes":120,"bolus_increment":0.05,"carbsReqThreshold":1,"current_basal":0.15000000596046448,"temptargetSet":false,"autosens_max":1.2,"autosens_min":0.7,"variable_sens":86.4,"insulinDivisor":75,"TDD":21.016685415498713},"autosens_data":{"ratio":1},"meal_data":{"carbs":14,"mealCOB":0,"slopeFromMaxDeviation":-0.23881818181818182,"slopeFromMinDeviation":1.1039999999999999,"lastBolusTime":1702944224267,"lastCarbTime":1702935386937},"microBolusAllowed":true,"currentTime":1702945716985,"flatBGsDetected":false,"tdd1D":20.141666612277426,"tdd7D":26.78606000595613,"tddLast24H":20.237499956786632,"tddLast4H":2.816666709134976,"tddLast8to4H":2.2874999538064005},"output":{"temp":"absolute","bg":127,"tick":-1,"eventualBG":83,"targetBG":90,"insulinReq":0,"deliverAt":"2023-12-19T00:28:36.985Z","sensitivityRatio":1,"variable_sens":86.4,"predBGs":{"IOB":[127,126,124,122,121,119,117,115,112,110,108,105,102,100,97,95,93,91,89,87,86,84,83,82,80,79,78,77,77,76,75,74,74,73,73,73,72,72,72,71,71,71,71,71,71,70],"ZT":[127,123,118,114,110,106,102,98,95,92,89,86,83,81,79,77,76,74,73,72,72,72,71,71,72,72,73,73,74,75,76,77,78,80,81,82,84,85,86,88,89,90],"UAM":[127,126,124,122,120,117,115,112,109,106,103,100,97,94,92,89,87,85,83,81,79,78,76,75,74,73,72,71,70,69,68,68,67,66,66,66,65,65,64,64,64,64,64,63]},"reason":"COB: 0, Dev: 20, BGI: -4, ISF: 86, CR: 15.6, Target: 90, minPredBG 67, minGuardBG 63, IOBpredBG 70, UAMpredBG 63; minGuardBG 63<95","COB":0,"IOB":0.74,"duration":120,"rate":0,"timestamp":"2023-12-19T00:28:37.014Z"}}