{"algorithm":"OpenAPSSMBDynamicISFPlugin","input":{"glucoseStatus":{"glucose":90,"noise":0,"delta":4,"short_avgdelta":3.61,"long_avgdelta":2.64,"date":1703017376000},"currenttemp":{"temp":"absolute","duration":0,"rate":0},"iob_data":[{"iob":-0.106,"basaliob":-0.158,"bolussnooze":0,"activity":-0.001,"lastBolusTime":1703006930326,"time":"2023-12-19T20:23:29.682Z","iobWithZeroTemp":{"iob":-0.106,"basaliob":-0.158,"bolussnooze":0,"activity":-0.001,"lastBolusTime":1703006930326,"time":"2023-12-19T20:23:29.682Z"}},{"iob":-0.102,"basaliob":-0.148,"bolussnooze":0,"activity":-0.001,"lastBolusTime":1703006930326,"time":"2023-12-19T20:28:29.682Z","iobWithZeroTemp":{"iob":-0.112,"basaliob":-0.158,"bolussnooze":0,"activity":-0.001,"lastBolusTime":1703006930326,"time":"2023-12-19T20:28:29.682Z"}},{"iob":-0.096,"basaliob":-0.137,"bolussnooze":0,"activity":-0.001,"lastBolusTime":1703006930326,"time":"2023-12-19T20:33:29.682Z","iobWithZeroTemp":{"iob":-0.118,"basaliob":-0.159,"bolussnooze":0,"activity":-0.001,"lastBolusTime":1703006930326,"time":"2023-12-19T20:33:29.682Z"}},{"iob":-0.091,"basaliob":-0.127,"bolussnooze":0,"activity":-0.001,"lastBolusTime":1703006930326,"time":"2023-12-19T20:38:29.682Z","iobWithZeroTemp":{"iob":-0.126,"basaliob":-0.162,"bolussnooze":0,"activity":-0.0011,"lastBolusTime":1703006930326,"time":"2023-12-19T20:38:29.682Z"}},{"iob":-0.086,"basaliob":-0.118,"bolussnooze":0,"activity":-0.001,"lastBolusTime":1703006930326,"time":"2023-12-19T20:43:29.682Z","iobWithZeroTemp":{"iob":-0.132,"basaliob":-0.164,"bolussnooze":0,"activity":-0.0012,"lastBolusTime":1703006930326,"time":"2023-12-19T20:43:29.682Z"}},{"iob":-0.081,"basaliob":-0.109,"bolussnooze":0,"activity":-0.001,"lastBolusTime":1703006930326,"time":"2023-12-19T20:48:29.682Z","iobWithZeroTemp":{"iob":-0.139,"basaliob":-0.167,"bolussnooze":0,"activity":-0.0013,"lastBolusTime":1703006930326,"time":"2023-12-19T20:48:29.682Z"}},{"iob":-0.076,"basaliob":-0.101,"bolussnooze":0,"activity":-9.0E-4,"lastBolusTime":1703006930326,"time":"2023-12-19T20:53:29.682Z","iobWithZeroTemp":{"iob":-0.145,"basaliob":-0.17,"bolussnooze":0,"activity":-0.0013,"lastBolusTime":1703006930326,"time":"2023-12-19T20:53:29.682Z"}},{"iob":-0.071,"basaliob":-0.093,"bolussnooze":0,"activity":-0.001,"lastBolusTime":1703006930326,"time":"2023-12-19T20:58:29.682Z","iobWithZeroTemp":{"iob":-0.15,"basaliob":-0.172,"bolussnooze":0,"activity":-0.0015,"lastBolusTime":1703006930326,"time":"2023-12-19T20:58:29.682Z"}},{"iob":-0.066,"basaliob":-0.085,"bolussnooze":0,"activity":-0.001,"lastBolusTime":1703006930326,"time":"2023-12-19T21:03:29.682Z","iobWithZeroTemp":{"iob":-0.155,"basaliob":-0.174,"bolussnooze":0,"activity":-0.0016,"lastBolusTime":1703006930326,"time":"2023-12-19T21:03:29.682Z"}},{"iob":-0.061,"basaliob":-0.078,"bolussnooze":0,"activity":-9.0E-4,"lastBolusTime":1703006930326,"time":"2023-12-19T21:08:29.682Z","iobWithZeroTemp":{"iob":-0.16,"basaliob":-0.177,"bolussnooze":0,"activity":-0.0016,"lastBolusTime":1703006930326,"time":"2023-12-19T21:08:29.682Z"}},{"iob":-0.057,"basaliob":-0.071,"bolussnooze":0,"activity":-9.0E-4,"lastBolusTime":1703006930326,"time":"2023-12-19T21:13:29.682Z","iobWithZeroTemp":{"iob":-0.164,"basaliob":-0.178,"bolussnooze":0,"activity":-0.0017,"lastBolusTime":1703006930326,"time":"2023-12-19T21:13:29.682Z"}},{"iob":-0.053,"basaliob":-0.065,"bolussnooze":0,"activity":-8.0E-4,"lastBolusTime":1703006930326,"time":"2023-12-19T21:18:29.682Z","iobWithZeroTemp":{"iob":-0.169,"basaliob":-0.181,"bolussnooze":0,"activity":-0.0017,"lastBolusTime":1703006930326,"time":"2023-12-19T21:18:29.682Z"}},{"iob":-0.049,"basaliob":-0.06,"bolussnooze":0,"activity":-8.0E-4,"lastBolusTime":1703006930326,"time":"2023-12-19T21:23:29.682Z","iobWithZeroTemp":{"iob":-0.173,"basaliob":-0.184,"bolussnooze":0,"activity":-0.0018,"lastBolusTime":1703006930326,"time":"2023-12-19T21:23:29.682Z"}},{"iob":-0.045,"basaliob":-0.054,"bolussnooze":0,"activity":-7.0E-4,"lastBolusTime":1703006930326,"time":"2023-12-19T21:28:29.682Z","iobWithZeroTemp":{"iob":-0.176,"basaliob":-0.185,"bolussnooze":0,"activity":-0.0018,"lastBolusTime":1703006930326,"time":"2023-12-19T21:28:29.682Z"}},{"iob":-0.041,"basaliob":-0.049,"bolussnooze":0,"activity":-7.0E-4,"lastBolusTime":1703006930326,"time":"2023-12-19T21:33:29.682Z","iobWithZeroTemp":{"iob":-0.179,"basaliob":-0.187,"bolussnooze":0,"activity":-0.0019,"lastBolusTime":1703006930326,"time":"2023-12-19T21:33:29.682Z"}},{"iob":-0.038,"basaliob":-0.045,"bolussnooze":0,"activity":-7.0E-4,"lastBolusTime":1703006930326,"time":"2023-12-19T21:38:29.682Z","iobWithZeroTemp":{"iob":-0.182,"basaliob":-0.189,"bolussnooze":0,"activity":-0.002,"lastBolusTime":1703006930326,"time":"2023-12-19T21:38:29.682Z"}},{"iob":-0.035,"basaliob":-0.041,"bolussnooze":0,"activity":-6.0E-4,"lastBolusTime":1703006930326,"time":"2023-12-19T21:43:29.682Z","iobWithZeroTemp":{"iob":-0.185,"basaliob":-0.191,"bolussnooze":0,"activity":-0.002,"lastBolusTime":1703006930326,"time":"2023-12-19T21:43:29.682Z"}},{"iob":-0.032,"basaliob":-0.037,"bolussnooze":0,"activity":-5.0E-4,"lastBolusTime":1703006930326,"time":"2023-12-19T21:48:29.682Z","iobWithZeroTemp":{"iob":-0.188,"basaliob":-0.193,"bolussnooze":0,"activity":-0.002,"lastBolusTime":1703006930326,"time":"2023-12-19T21:48:29.682Z"}},{"iob":-0.029,"basaliob":-0.033,"bolussnooze":0,"activity":-6.0E-4,"lastBolusTime":1703006930326,"time":"2023-12-19T21:53:29.682Z","iobWithZeroTemp":{"iob":-0.19,"basaliob":-0.194,"bolussnooze":0,"activity":-0.0021,"lastBolusTime":1703006930326,"time":"2023-12-19T21:53:29.682Z"}},{"iob":-0.027,"basaliob":-0.03,"bolussnooze":0,"activity":-5.0E-4,"lastBolusTime":1703006930326,"time":"2023-12-19T21:58:29.682Z","iobWithZeroTemp":{"iob":-0.192,"basaliob":-0.195,"bolussnooze":0,"activity":-0.0021,"lastBolusTime":1703006930326,"time":"2023-12-19T21:58:29.682Z"}},{"iob":-0.024,"basaliob":-0.027,"bolussnooze":0,"activity":-5.0E-4,"lastBolusTime":1703006930326,"time":"2023-12-19T22:03:29.682Z","iobWithZeroTemp":{"iob":-0.198,"basaliob":-0.201,"bolussnooze":0,"activity":-0.0022,"lastBolusTime":1703006930326,"time":"2023-12-19T22:03:29.682Z"}},{"iob":-0.022,"basaliob":-0.024,"bolussnooze":0,"activity":-4.0E-4,"lastBolusTime":1703006930326,"time":"2023-12-19T22:08:29.682Z","iobWithZeroTemp":{"iob":-0.204,"basaliob":-0.206,"bolussnooze":0,"activity":-0.0022,"lastBolusTime":1703006930326,"time":"2023-12-19T22:08:29.682Z"}},{"iob":-0.02,"basaliob":-0.022,"bolussnooze":0,"activity":-4.0E-4,"lastBolusTime":1703006930326,"time":"2023-12-19T22:13:29.682Z","iobWithZeroTemp":{"iob":-0.209,"basaliob":-0.211,"bolussnooze":0,"activity":-0.0022,"lastBolusTime":1703006930326,"time":"2023-12-19T22:13:29.682Z"}},{"iob":-0.019,"basaliob":-0.02,"bolussnooze":0,"activity":-3.0E-4,"lastBolusTime":1703006930326,"time":"2023-12-19T22:18:29.682Z","iobWithZeroTemp":{"iob":-0.215,"basaliob":-0.216,"bolussnooze":0,"activity":-0.0022,"lastBolusTime":1703006930326,"time":"2023-12-19T22:18:29.682Z"}},{"iob":-0.016,"basaliob":-0.017,"bolussnooze":0,"activity":-3.0E-4,"lastBolusTime":1703006930326,"time":"2023-12-19T22:23:29.682Z","iobWithZeroTemp":{"iob":-0.219,"basaliob":-0.22,"bolussnooze":0,"activity":-0.0023,"lastBolusTime":1703006930326,"time":"2023-12-19T22:23:29.682Z"}},{"iob":-0.015,"basaliob":-0.016,"bolussnooze":0,"activity":-4.0E-4,"lastBolusTime":1703006930326,"time":"2023-12-19T22:28:29.682Z","iobWithZeroTemp":{"iob":-0.225,"basaliob":-0.226,"bolussnooze":0,"activity":-0.0025,"lastBolusTime":1703006930326,"time":"2023-12-19T22:28:29.682Z"}},{"iob":-0.013,"basaliob":-0.014,"bolussnooze":0,"activity":-3.0E-4,"lastBolusTime":1703006930326,"time":"2023-12-19T22:33:29.682Z","iobWithZeroTemp":{"iob":-0.228,"basaliob":-0.229,"bolussnooze":0,"activity":-0.0025,"lastBolusTime":1703006930326,"time":"2023-12-19T22:33:29.682Z"}},{"iob":-0.011,"basaliob":-0.012,"bolussnooze":0,"activity":-3.0E-4,"lastBolusTime":1703006930326,"time":"2023-12-19T22:38:29.682Z","iobWithZeroTemp":{"iob":-0.232,"basaliob":-0.233,"bolussnooze":0,"activity":-0.0026,"lastBolusTime":1703006930326,"time":"2023-12-19T22:38:29.682Z"}},{"iob":-0.011,"basaliob":-0.011,"bolussnooze":0,"activity":-3.0E-4,"lastBolusTime":1703006930326,"time":"2023-12-19T22:43:29.682Z","iobWithZeroTemp":{"iob":-0.237,"basaliob":-0.237,"bolussnooze":0,"activity":-0.0026,"lastBolusTime":1703006930326,"time":"2023-12-19T22:43:29.682Z"}},{"iob":-0.01,"basaliob":-0.01,"bolussnooze":0,"activity":-2.0E-4,"lastBolusTime":1703006930326,"time":"2023-12-19T22:48:29.682Z","iobWithZeroTemp":{"iob":-0.241,"basaliob":-0.241,"bolussnooze":0,"activity":-0.0026,"lastBolusTime":1703006930326,"time":"2023-12-19T22:48:29.682Z"}},{"iob":-0.009,"basaliob":-0.009,"bolussnooze":0,"activity":-2.0E-4,"lastBolusTime":1703006930326,"time":"2023-12-19T22:53:29.682Z","iobWithZeroTemp":{"iob":-0.244,"basaliob":-0.244,"bolussnooze":0,"activity":-0.0027,"lastBolusTime":1703006930326,"time":"2023-12-19T22:53:29.682Z"}},{"iob":-0.008,"basaliob":-0.008,"bolussnooze":0,"activity":-2.0E-4,"lastBolusTime":1703006930326,"time":"2023-12-19T22:58:29.682Z","iobWithZeroTemp":{"iob":-0.248,"basaliob":-0.248,"bolussnooze":0,"activity":-0.0027,"lastBolusTime":1703006930326,"time":"2023-12-19T22:58:29.682Z"}},{"iob":-0.007,"basaliob":-0.007,"bolussnooze":0,"activity":-2.0E-4,"lastBolusTime":1703006930326,"time":"2023-12-19T23:03:29.682Z","iobWithZeroTemp":{"iob":-0.25,"basaliob":-0.25,"bolussnooze":0,"activity":-0.0028,"lastBolusTime":1703006930326,"time":"2023-12-19T23:03:29.682Z"}},{"iob":-0.006,"basaliob":-0.006,"bolussnooze":0,"activity":-2.0E-4,"lastBolusTime":1703006930326,"time":"2023-12-19T23:08:29.682Z","iobWithZeroTemp":{"iob":-0.253,"basaliob":-0.253,"bolussnooze":0,"activity":-0.0029,"lastBolusTime":1703006930326,"time":"2023-12-19T23:08:29.682Z"}},{"iob":-0.005,"basaliob":-0.005,"bolussnooze":0,"activity":-1.0E-4,"lastBolusTime":1703006930326,"time":"2023-12-19T23:13:29.682Z","iobWithZeroTemp":{"iob":-0.255,"basaliob":-0.255,"bolussnooze":0,"activity":-0.0028,"lastBolusTime":1703006930326,"time":"2023-12-19T23:13:29.682Z"}},{"iob":-0.004,"basaliob":-0.004,"bolussnooze":0,"activity":-1.0E-4,"lastBolusTime":1703006930326,"time":"2023-12-19T23:18:29.682Z","iobWithZeroTemp":{"iob":-0.257,"basaliob":-0.257,"bolussnooze":0,"activity":-0.0029,"lastBolusTime":1703006930326,"time":"2023-12-19T23:18:29.682Z"}},{"iob":-0.004,"basaliob":-0.004,"bolussnooze":0,"activity":-1.0E-4,"lastBolusTime":1703006930326,"time":"2023-12-19T23:23:29.682Z","iobWithZeroTemp":{"iob":-0.26,"basaliob":-0.26,"bolussnooze":0,"activity":-0.0029,"lastBolusTime":1703006930326,"time":"2023-12-19T23:23:29.682Z"}},{"iob":-0.003,"basaliob":-0.003,"bolussnooze":0,"activity":-1.0E-4,"lastBolusTime":1703006930326,"time":"2023-12-19T23:28:29.682Z","iobWithZeroTemp":{"iob":-0.261,"basaliob":-0.261,"bolussnooze":0,"activity":-0.003,"lastBolusTime":1703006930326,"time":"2023-12-19T23:28:29.682Z"}},{"iob":-0.003,"basaliob":-0.003,"bolussnooze":0,"activity":-1.0E-4,"lastBolusTime":0,"time":"2023-12-19T23:33:29.682Z","iobWithZeroTemp":{"iob":-0.263,"basaliob":-0.263,"bolussnooze":0,"activity":-0.003,"lastBolusTime":0,"time":"2023-12-19T23:33:29.682Z"}},{"iob":-0.003,"basaliob":-0.003,"bolussnooze":0,"activity":-1.0E-4,"lastBolusTime":0,"time":"2023-12-19T23:38:29.682Z","iobWithZeroTemp":{"iob":-0.266,"basaliob":-0.266,"bolussnooze":0,"activity":-0.003,"lastBolusTime":0,"time":"2023-12-19T23:38:29.682Z"}},{"iob":-0.002,"basaliob":-0.002,"bolussnooze":0,"activity":-1.0E-4,"lastBolusTime":0,"time":"2023-12-19T23:43:29.682Z","iobWithZeroTemp":{"iob":-0.266,"basaliob":-0.266,"bolussnooze":0,"activity":-0.0031,"lastBolusTime":0,"time":"2023-12-19T23:43:29.682Z"}},{"iob":-0.002,"basaliob":-0.002,"bolussnooze":0,"activity":-1.0E-4,"lastBolusTime":0,"time":"2023-12-19T23:48:29.682Z","iobWithZeroTemp":{"iob":-0.268,"basaliob":-0.268,"bolussnooze":0,"activity":-0.0031,"lastBolusTime":0,"time":"2023-12-19T23:48:29.682Z"}},{"iob":-0.002,"basaliob":-0.002,"bolussnooze":0,"activity":-1.0E-4,"lastBolusTime":0,"time":"2023-12-19T23:53:29.682Z","iobWithZeroTemp":{"iob":-0.27,"basaliob":-0.27,"bolussnooze":0,"activity":-0.0031,"lastBolusTime":0,"time":"2023-12-19T23:53:29.682Z"}},{"iob":-0.001,"basaliob":-0.001,"bolussnooze":0,"activity":0,"lastBolusTime":0,"time":"2023-12-19T23:58:29.682Z","iobWithZeroTemp":{"iob":-0.27,"basaliob":-0.27,"bolussnooze":0,"activity":-0.0031,"lastBolusTime":0,"time":"2023-12-19T23:58:29.682Z"}},{"iob":-0.001,"basaliob":-0.001,"bolussnooze":0,"activity":0,"lastBolusTime":0,"time":"2023-12-20T00:03:29.682Z","iobWithZeroTemp":{"iob":-0.267,"basaliob":-0.267,"bolussnooze":0,"activity":-0.0031,"lastBolusTime":0,"time":"2023-12-20T00:03:29.682Z"}},{"iob":-0.001,"basaliob":-0.001,"bolussnooze":0,"activity":0,"lastBolusTime":0,"time":"2023-12-20T00:08:29.682Z","iobWithZeroTemp":{"iob":-0.264,"basaliob":-0.264,"bolussnooze":0,"activity":-0.0031,"lastBolusTime":0,"time":"2023-12-20T00:08:29.682Z"}},{"iob":-0.001,"basaliob":-0.001,"bolussnooze":0,"activity":0,"lastBolusTime":0,"time":"2023-12-20T00:13:29.682Z","iobWithZeroTemp":{"iob":-0.261,"basaliob":-0.261,"bolussnooze":0,"activity":-0.0031,"lastBolusTime":0,"time":"2023-12-20T00:13:29.682Z"}},{"iob":-0.001,"basaliob":-0.001,"bolussnooze":0,"activity":0,"lastBolusTime":0,"time":"2023-12-20T00:18:29.682Z","iobWithZeroTemp":{"iob":-0.258,"basaliob":-0.258,"bolussnooze":0,"activity":-0.0031,"lastBolusTime":0,"time":"2023-12-20T00:18:29.682Z"}}],"profile":{"max_iob":10,"type":"current","max_daily_basal":0.25,"max_basal":0.75,"min_bg":105,"max_bg":105,"target_bg":105,"carb_ratio":14.8,"sens":84,"max_daily_safety_multiplier":5,"current_basal_safety_multiplier":5,"lgsThreshold":95,"high_temptarget_raises_sensitivity":false,"low_temptarget_lowers_sensitivity":false,"sensitivity_raises_target":true,"resistance_lowers_target":true,"adv_target_adjustments":false,"exercise_mode":false,"half_basal_exercise_target":160,"maxCOB":120,"skip_neutral_temps":false,"remainingCarbsCap":90,"enableUAM":true,"A52_risk_enable":false,"SMBInterval":5,"enableSMB_with_COB":true,"enableSMB_with_temptarget":false,"allowSMB_with_high_temptarget":false,"enableSMB_always":false,"enableSMB_after_carbs":true,"maxSMBBasalMinutes":120,"maxUAMSMBBasalMinutes":120,"bolus_increment":0.05,"carbsReqThreshold":1,"current_basal":0.15000000596046448,"temptargetSet":true,"autosens_max":1.2,"autosens_min":0.7,"variable_sens":108.4,"insulinDivisor":75,"TDD":21.05133529305587},"autosens_data":{"ratio":1},"meal_data":{"carbs":7,"mealCOB":0,"slopeFromMaxDeviation":0,"slopeFromMinDeviation":0.48549999999999993,"lastBolusTime":1703006930326,"lastCarbTime":1703005061965},"microBolusAllowed":true,"currentTime":1703017410883,"flatBGsDetected":false,"tdd1D":20.141666612277426,"tdd7D":26.78606000595613,"tddLast24H":16.437499908357857,"tddLast4H":1.4041666785875957,"tddLast8to4H":5.6416664856175585},"output":{"temp":"absolute","bg":90,"tick":"+4","eventualBG":128,"targetBG":105,"insulinReq":0.01,"deliverAt":"2023-12-19T20:23:30.883Z","sensitivityRatio":1,"variable_sens":108.4,"predBGs":{"IOB":[90,93,96,99,102,104,106,108,110,111,112,112,113,113,113,114,114,114,115,115,115,115,116,116,116,116,116,116,116,117],"ZT":[90,91,91,92,92,93,94,94,95,96,97,98,98,99,100,101,102,103,104,105],"UAM":[90,93,97,100,103,106,108,111,113,115,117,119,120,121,123,124,124,125,125,126,126,126,126,126,126,127,127,127,127,127,127,127,127,127,128]},"reason":"COB: 0, Dev: 18, BGI: 1, ISF: 108, CR: 14.8, Target: 105, minPredBG 106, minGuardBG 93, IOBpredBG 117, UAMpredBG 128; IOB -0.106 < -0.05 and minDelta 4 > expectedDelta 0; Eventual BG 128 >= 105, no temp, setting 0.17U\/hr. ","COB":0,"IOB":-0.106,"duration":30,"rate":0.17000000596046447,"timestamp":"2023-12-19T20:23:30.964Z"}}