{"algorithm":"OpenAPSSMBDynamicISFPlugin","input":{"glucoseStatus":{"glucose":123,"noise":0,"delta":-5,"short_avgdelta":-5,"long_avgdelta":-4.04,"date":1703059077000},"currenttemp":{"temp":"absolute","duration":110,"rate":0,"minutesrunning":10},"iob_data":[{"iob":0.564,"basaliob":-0.068,"bolussnooze":0.0066,"activity":0.0107,"lastBolusTime":1703056127234,"time":"2023-12-20T07:58:25.118Z","iobWithZeroTemp":{"iob":0.564,"basaliob":-0.068,"bolussnooze":0.0066,"activity":0.0107,"lastBolusTime":1703056127234,"time":"2023-12-20T07:58:25.118Z"}},{"iob":0.513,"basaliob":-0.066,"bolussnooze":0.0042,"activity":0.0099,"lastBolusTime":1703056127234,"time":"2023-12-20T08:03:25.118Z","iobWithZeroTemp":{"iob":0.503,"basaliob":-0.076,"bolussnooze":0.0042,"activity":0.0099,"lastBolusTime":1703056127234,"time":"2023-12-20T08:03:25.118Z"}},{"iob":0.466,"basaliob":-0.064,"bolussnooze":0.0025,"activity":0.0091,"lastBolusTime":1703056127234,"time":"2023-12-20T08:08:25.118Z","iobWithZeroTemp":{"iob":0.444,"basaliob":-0.086,"bolussnooze":0.0025,"activity":0.0091,"lastBolusTime":1703056127234,"time":"2023-12-20T08:08:25.118Z"}},{"iob":0.422,"basaliob":-0.062,"bolussnooze":0.0014,"activity":0.0084,"lastBolusTime":1703056127234,"time":"2023-12-20T08:13:25.118Z","iobWithZeroTemp":{"iob":0.387,"basaliob":-0.097,"bolussnooze":0.0014,"activity":0.0083,"lastBolusTime":1703056127234,"time":"2023-12-20T08:13:25.118Z"}},{"iob":0.382,"basaliob":-0.059,"bolussnooze":6.0E-4,"activity":0.0077,"lastBolusTime":1703056127234,"time":"2023-12-20T08:18:25.118Z","iobWithZeroTemp":{"iob":0.336,"basaliob":-0.105,"bolussnooze":6.0E-4,"activity":0.0075,"lastBolusTime":1703056127234,"time":"2023-12-20T08:18:25.118Z"}},{"iob":0.344,"basaliob":-0.057,"bolussnooze":2.0E-4,"activity":0.007,"lastBolusTime":1703056127234,"time":"2023-12-20T08:23:25.118Z","iobWithZeroTemp":{"iob":0.286,"basaliob":-0.115,"bolussnooze":2.0E-4,"activity":0.0067,"lastBolusTime":1703056127234,"time":"2023-12-20T08:23:25.118Z"}},{"iob":0.31,"basaliob":-0.054,"bolussnooze":0,"activity":0.0064,"lastBolusTime":1703056127234,"time":"2023-12-20T08:28:25.118Z","iobWithZeroTemp":{"iob":0.241,"basaliob":-0.123,"bolussnooze":0,"activity":0.006,"lastBolusTime":1703056127234,"time":"2023-12-20T08:28:25.118Z"}},{"iob":0.28,"basaliob":-0.051,"bolussnooze":0,"activity":0.0059,"lastBolusTime":1703056127234,"time":"2023-12-20T08:33:25.118Z","iobWithZeroTemp":{"iob":0.201,"basaliob":-0.13,"bolussnooze":0,"activity":0.0054,"lastBolusTime":1703056127234,"time":"2023-12-20T08:33:25.118Z"}},{"iob":0.251,"basaliob":-0.048,"bolussnooze":0,"activity":0.0054,"lastBolusTime":1703056127234,"time":"2023-12-20T08:38:25.118Z","iobWithZeroTemp":{"iob":0.162,"basaliob":-0.137,"bolussnooze":0,"activity":0.0048,"lastBolusTime":1703056127234,"time":"2023-12-20T08:38:25.118Z"}},{"iob":0.226,"basaliob":-0.045,"bolussnooze":0,"activity":0.0049,"lastBolusTime":1703056127234,"time":"2023-12-20T08:43:25.118Z","iobWithZeroTemp":{"iob":0.127,"basaliob":-0.144,"bolussnooze":0,"activity":0.0042,"lastBolusTime":1703056127234,"time":"2023-12-20T08:43:25.118Z"}},{"iob":0.202,"basaliob":-0.042,"bolussnooze":0,"activity":0.0044,"lastBolusTime":1703056127234,"time":"2023-12-20T08:48:25.118Z","iobWithZeroTemp":{"iob":0.095,"basaliob":-0.149,"bolussnooze":0,"activity":0.0036,"lastBolusTime":1703056127234,"time":"2023-12-20T08:48:25.118Z"}},{"iob":0.18,"basaliob":-0.04,"bolussnooze":0,"activity":0.0041,"lastBolusTime":1703056127234,"time":"2023-12-20T08:53:25.118Z","iobWithZeroTemp":{"iob":0.064,"basaliob":-0.156,"bolussnooze":0,"activity":0.0032,"lastBolusTime":1703056127234,"time":"2023-12-20T08:53:25.118Z"}},{"iob":0.161,"basaliob":-0.037,"bolussnooze":0,"activity":0.0037,"lastBolusTime":1703056127234,"time":"2023-12-20T08:58:25.118Z","iobWithZeroTemp":{"iob":0.037,"basaliob":-0.161,"bolussnooze":0,"activity":0.0027,"lastBolusTime":1703056127234,"time":"2023-12-20T08:58:25.118Z"}},{"iob":0.144,"basaliob":-0.034,"bolussnooze":0,"activity":0.0034,"lastBolusTime":1703056127234,"time":"2023-12-20T09:03:25.118Z","iobWithZeroTemp":{"iob":0.009,"basaliob":-0.169,"bolussnooze":0,"activity":0.0023,"lastBolusTime":1703056127234,"time":"2023-12-20T09:03:25.118Z"}},{"iob":0.128,"basaliob":-0.032,"bolussnooze":0,"activity":0.003,"lastBolusTime":1703056127234,"time":"2023-12-20T09:08:25.118Z","iobWithZeroTemp":{"iob":-0.018,"basaliob":-0.178,"bolussnooze":0,"activity":0.0018,"lastBolusTime":1703056127234,"time":"2023-12-20T09:08:25.118Z"}},{"iob":0.114,"basaliob":-0.029,"bolussnooze":0,"activity":0.0027,"lastBolusTime":1703056127234,"time":"2023-12-20T09:13:25.118Z","iobWithZeroTemp":{"iob":-0.042,"basaliob":-0.185,"bolussnooze":0,"activity":0.0014,"lastBolusTime":1703056127234,"time":"2023-12-20T09:13:25.118Z"}},{"iob":0.101,"basaliob":-0.027,"bolussnooze":0,"activity":0.0025,"lastBolusTime":1703056127234,"time":"2023-12-20T09:18:25.118Z","iobWithZeroTemp":{"iob":-0.065,"basaliob":-0.193,"bolussnooze":0,"activity":0.0011,"lastBolusTime":1703056127234,"time":"2023-12-20T09:18:25.118Z"}},{"iob":0.089,"basaliob":-0.025,"bolussnooze":0,"activity":0.0022,"lastBolusTime":1703056127234,"time":"2023-12-20T09:23:25.118Z","iobWithZeroTemp":{"iob":-0.086,"basaliob":-0.2,"bolussnooze":0,"activity":7.0E-4,"lastBolusTime":1703056127234,"time":"2023-12-20T09:23:25.118Z"}},{"iob":0.078,"basaliob":-0.023,"bolussnooze":0,"activity":0.002,"lastBolusTime":1703056127234,"time":"2023-12-20T09:28:25.118Z","iobWithZeroTemp":{"iob":-0.106,"basaliob":-0.207,"bolussnooze":0,"activity":3.0E-4,"lastBolusTime":1703056127234,"time":"2023-12-20T09:28:25.118Z"}},{"iob":0.069,"basaliob":-0.021,"bolussnooze":0,"activity":0.0018,"lastBolusTime":1703056127234,"time":"2023-12-20T09:33:25.118Z","iobWithZeroTemp":{"iob":-0.123,"basaliob":-0.213,"bolussnooze":0,"activity":0,"lastBolusTime":1703056127234,"time":"2023-12-20T09:33:25.118Z"}},{"iob":0.061,"basaliob":-0.019,"bolussnooze":0,"activity":0.0016,"lastBolusTime":1703056127234,"time":"2023-12-20T09:38:25.118Z","iobWithZeroTemp":{"iob":-0.139,"basaliob":-0.219,"bolussnooze":0,"activity":-3.0E-4,"lastBolusTime":1703056127234,"time":"2023-12-20T09:38:25.118Z"}},{"iob":0.052,"basaliob":-0.018,"bolussnooze":0,"activity":0.0014,"lastBolusTime":1703056127234,"time":"2023-12-20T09:43:25.118Z","iobWithZeroTemp":{"iob":-0.155,"basaliob":-0.225,"bolussnooze":0,"activity":-6.0E-4,"lastBolusTime":1703056127234,"time":"2023-12-20T09:43:25.118Z"}},{"iob":0.046,"basaliob":-0.016,"bolussnooze":0,"activity":0.0013,"lastBolusTime":1703056127234,"time":"2023-12-20T09:48:25.118Z","iobWithZeroTemp":{"iob":-0.167,"basaliob":-0.229,"bolussnooze":0,"activity":-8.0E-4,"lastBolusTime":1703056127234,"time":"2023-12-20T09:48:25.118Z"}},{"iob":0.04,"basaliob":-0.015,"bolussnooze":0,"activity":0.0011,"lastBolusTime":1703056127234,"time":"2023-12-20T09:53:25.118Z","iobWithZeroTemp":{"iob":-0.179,"basaliob":-0.234,"bolussnooze":0,"activity":-0.0011,"lastBolusTime":1703056127234,"time":"2023-12-20T09:53:25.118Z"}},{"iob":0.035,"basaliob":-0.013,"bolussnooze":0,"activity":0.001,"lastBolusTime":1703056127234,"time":"2023-12-20T09:58:25.118Z","iobWithZeroTemp":{"iob":-0.19,"basaliob":-0.238,"bolussnooze":0,"activity":-0.0013,"lastBolusTime":1703056127234,"time":"2023-12-20T09:58:25.118Z"}},{"iob":0.03,"basaliob":-0.012,"bolussnooze":0,"activity":9.0E-4,"lastBolusTime":1703056127234,"time":"2023-12-20T10:03:25.118Z","iobWithZeroTemp":{"iob":-0.196,"basaliob":-0.238,"bolussnooze":0,"activity":-0.0014,"lastBolusTime":1703056127234,"time":"2023-12-20T10:03:25.118Z"}},{"iob":0.026,"basaliob":-0.011,"bolussnooze":0,"activity":8.0E-4,"lastBolusTime":1703056127234,"time":"2023-12-20T10:08:25.118Z","iobWithZeroTemp":{"iob":-0.201,"basaliob":-0.238,"bolussnooze":0,"activity":-0.0016,"lastBolusTime":1703056127234,"time":"2023-12-20T10:08:25.118Z"}},{"iob":0.022,"basaliob":-0.01,"bolussnooze":0,"activity":7.0E-4,"lastBolusTime":1703056127234,"time":"2023-12-20T10:13:25.118Z","iobWithZeroTemp":{"iob":-0.205,"basaliob":-0.237,"bolussnooze":0,"activity":-0.0018,"lastBolusTime":1703056127234,"time":"2023-12-20T10:13:25.118Z"}},{"iob":0.019,"basaliob":-0.009,"bolussnooze":0,"activity":6.0E-4,"lastBolusTime":1703056127234,"time":"2023-12-20T10:18:25.118Z","iobWithZeroTemp":{"iob":-0.208,"basaliob":-0.236,"bolussnooze":0,"activity":-0.0019,"lastBolusTime":1703056127234,"time":"2023-12-20T10:18:25.118Z"}},{"iob":0.016,"basaliob":-0.008,"bolussnooze":0,"activity":5.0E-4,"lastBolusTime":1703056127234,"time":"2023-12-20T10:23:25.118Z","iobWithZeroTemp":{"iob":-0.211,"basaliob":-0.235,"bolussnooze":0,"activity":-0.002,"lastBolusTime":1703056127234,"time":"2023-12-20T10:23:25.118Z"}},{"iob":0.014,"basaliob":-0.007,"bolussnooze":0,"activity":4.0E-4,"lastBolusTime":1703056127234,"time":"2023-12-20T10:28:25.118Z","iobWithZeroTemp":{"iob":-0.213,"basaliob":-0.234,"bolussnooze":0,"activity":-0.0022,"lastBolusTime":1703056127234,"time":"2023-12-20T10:28:25.118Z"}},{"iob":0.011,"basaliob":-0.007,"bolussnooze":0,"activity":4.0E-4,"lastBolusTime":1703056127234,"time":"2023-12-20T10:33:25.118Z","iobWithZeroTemp":{"iob":-0.215,"basaliob":-0.233,"bolussnooze":0,"activity":-0.0022,"lastBolusTime":1703056127234,"time":"2023-12-20T10:33:25.118Z"}},{"iob":0.009,"basaliob":-0.006,"bolussnooze":0,"activity":4.0E-4,"lastBolusTime":1703056127234,"time":"2023-12-20T10:38:25.118Z","iobWithZeroTemp":{"iob":-0.217,"basaliob":-0.232,"bolussnooze":0,"activity":-0.0022,"lastBolusTime":1703056127234,"time":"2023-12-20T10:38:25.118Z"}},{"iob":0.008,"basaliob":-0.005,"bolussnooze":0,"activity":3.0E-4,"lastBolusTime":1703056127234,"time":"2023-12-20T10:43:25.118Z","iobWithZeroTemp":{"iob":-0.217,"basaliob":-0.23,"bolussnooze":0,"activity":-0.0023,"lastBolusTime":1703056127234,"time":"2023-12-20T10:43:25.118Z"}},{"iob":0.006,"basaliob":-0.005,"bolussnooze":0,"activity":3.0E-4,"lastBolusTime":1703056127234,"time":"2023-12-20T10:48:25.118Z","iobWithZeroTemp":{"iob":-0.219,"basaliob":-0.23,"bolussnooze":0,"activity":-0.0023,"lastBolusTime":1703056127234,"time":"2023-12-20T10:48:25.118Z"}},{"iob":0.005,"basaliob":-0.004,"bolussnooze":0,"activity":2.0E-4,"lastBolusTime":1703056127234,"time":"2023-12-20T10:53:25.118Z","iobWithZeroTemp":{"iob":-0.219,"basaliob":-0.228,"bolussnooze":0,"activity":-0.0024,"lastBolusTime":1703056127234,"time":"2023-12-20T10:53:25.118Z"}},{"iob":0.004,"basaliob":-0.004,"bolussnooze":0,"activity":2.0E-4,"lastBolusTime":1703056127234,"time":"2023-12-20T10:58:25.118Z","iobWithZeroTemp":{"iob":-0.219,"basaliob":-0.227,"bolussnooze":0,"activity":-0.0024,"lastBolusTime":1703056127234,"time":"2023-12-20T10:58:25.118Z"}},{"iob":0.004,"basaliob":-0.003,"bolussnooze":0,"activity":1.0E-4,"lastBolusTime":1703056127234,"time":"2023-12-20T11:03:25.118Z","iobWithZeroTemp":{"iob":-0.219,"basaliob":-0.226,"bolussnooze":0,"activity":-0.0025,"lastBolusTime":1703056127234,"time":"2023-12-20T11:03:25.118Z"}},{"iob":0.003,"basaliob":-0.003,"bolussnooze":0,"activity":1.0E-4,"lastBolusTime":1703056127234,"time":"2023-12-20T11:08:25.118Z","iobWithZeroTemp":{"iob":-0.219,"basaliob":-0.225,"bolussnooze":0,"activity":-0.0025,"lastBolusTime":1703056127234,"time":"2023-12-20T11:08:25.118Z"}},{"iob":0.002,"basaliob":-0.003,"bolussnooze":0,"activity":1.0E-4,"lastBolusTime":1703056127234,"time":"2023-12-20T11:13:25.118Z","iobWithZeroTemp":{"iob":-0.219,"basaliob":-0.224,"bolussnooze":0,"activity":-0.0025,"lastBolusTime":1703056127234,"time":"2023-12-20T11:13:25.118Z"}},{"iob":0.002,"basaliob":-0.002,"bolussnooze":0,"activity":0,"lastBolusTime":1703056127234,"time":"2023-12-20T11:18:25.118Z","iobWithZeroTemp":{"iob":-0.219,"basaliob":-0.223,"bolussnooze":0,"activity":-0.0026,"lastBolusTime":1703056127234,"time":"2023-12-20T11:18:25.118Z"}},{"iob":0.001,"basaliob":-0.002,"bolussnooze":0,"activity":0,"lastBolusTime":1703056127234,"time":"2023-12-20T11:23:25.118Z","iobWithZeroTemp":{"iob":-0.219,"basaliob":-0.222,"bolussnooze":0,"activity":-0.0026,"lastBolusTime":1703056127234,"time":"2023-12-20T11:23:25.118Z"}},{"iob":0.001,"basaliob":-0.002,"bolussnooze":0,"activity":1.0E-4,"lastBolusTime":1703056127234,"time":"2023-12-20T11:28:25.118Z","iobWithZeroTemp":{"iob":-0.218,"basaliob":-0.221,"bolussnooze":0,"activity":-0.0025,"lastBolusTime":1703056127234,"time":"2023-12-20T11:28:25.118Z"}},{"iob":0.001,"basaliob":-0.001,"bolussnooze":0,"activity":1.0E-4,"lastBolusTime":1703056127234,"time":"2023-12-20T11:33:25.118Z","iobWithZeroTemp":{"iob":-0.218,"basaliob":-0.22,"bolussnooze":0,"activity":-0.0025,"lastBolusTime":1703056127234,"time":"2023-12-20T11:33:25.118Z"}},{"iob":0.001,"basaliob":-0.001,"bolussnooze":0,"activity":1.0E-4,"lastBolusTime":1703056127234,"time":"2023-12-20T11:38:25.118Z","iobWithZeroTemp":{"iob":-0.217,"basaliob":-0.219,"bolussnooze":0,"activity":-0.0025,"lastBolusTime":1703056127234,"time":"2023-12-20T11:38:25.118Z"}},{"iob":0.001,"basaliob":-0.001,"bolussnooze":0,"activity":1.0E-4,"lastBolusTime":1703056127234,"time":"2023-12-20T11:43:25.118Z","iobWithZeroTemp":{"iob":-0.216,"basaliob":-0.218,"bolussnooze":0,"activity":-0.0025,"lastBolusTime":1703056127234,"time":"2023-12-20T11:43:25.118Z"}},{"iob":0,"basaliob":-0.001,"bolussnooze":0,"activity":1.0E-4,"lastBolusTime":1703056127234,"time":"2023-12-20T11:48:25.118Z","iobWithZeroTemp":{"iob":-0.217,"basaliob":-0.218,"bolussnooze":0,"activity":-0.0025,"lastBolusTime":1703056127234,"time":"2023-12-20T11:48:25.118Z"}},{"iob":0,"basaliob":-0.001,"bolussnooze":0,"activity":0,"lastBolusTime":1703056127234,"time":"2023-12-20T11:53:25.118Z","iobWithZeroTemp":{"iob":-0.216,"basaliob":-0.217,"bolussnooze":0,"activity":-0.0026,"lastBolusTime":1703056127234,"time":"2023-12-20T11:53:25.118Z"}}],"profile":{"max_iob":10,"type":"current","max_daily_basal":0.25,"max_basal":0.75,"min_bg":90,"max_bg":90,"target_bg":90,"carb_ratio":12.6,"sens":84,"max_daily_safety_multiplier":5,"current_basal_safety_multiplier":5,"lgsThreshold":95,"high_temptarget_raises_sensitivity":false,"low_temptarget_lowers_sensitivity":false,"sensitivity_raises_target":true,"resistance_lowers_target":true,"adv_target_adjustments":false,"exercise_mode":false,"half_basal_exercise_target":160,"maxCOB":120,"skip_neutral_temps":false,"remainingCarbsCap":90,"enableUAM":true,"A52_risk_enable":false,"SMBInterval":5,"enableSMB_with_COB":true,"enableSMB_with_temptarget":false,"allowSMB_with_high_temptarget":false,"enableSMB_always":false,"enableSMB_after_carbs":true,"maxSMBBasalMinutes":120,"maxUAMSMBBasalMinutes":120,"bolus_increment":0.05,"carbsReqThreshold":1,"current_basal":0.15000000596046448,"temptargetSet":false,"autosens_max":1.2,"autosens_min":0.7,"variable_sens":94.6,"insulinDivisor":75,"TDD":19.596234546465894},"autosens_data":{"ratio":1},"meal_data":{"carbs":34,"mealCOB":0,"slopeFromMaxDeviation":-1.2939999999999998,"slopeFromMinDeviation":0,"lastBolusTime":1703056127234,"lastCarbTime":1703051607356},"microBolusAllowed":true,"currentTime":1703059107094,"flatBGsDetected":false,"tdd1D":18.86250000521541,"tdd7D":20.877380982715465,"tddLast24H":19.154166660706203,"tddLast4H":4.183333340038856,"tddLast8to4H":0.8000000022351745},"output":{"temp":"absolute","bg":123,"tick":-5,"eventualBG":70,"targetBG":90,"insulinReq":0,"deliverAt":"2023-12-20T07:58:27.094Z","sensitivityRatio":1,"variable_sens":94.6,"predBGs":{"IOB":[123,118,113,109,105,101,97,93,90,87,84,81,79,76,74,72,70,69,67,66,64,63,62,61,60,59,59,58,58,57,57,56,56,56,55,55,55,55,55,55,55,55,55,55,54],"ZT":[123,118,113,109,104,100,97,93,90,88,85,83,81,79,78,77,76,75,75,74,74,75,75,75,76,77,78,79,80,81,83,84,85,87,88,89],"UAM":[123,118,113,109,104,100,96,93,90,86,83,81,78,76,74,71,70,68,66,65,64,62,61,60,59,59,58,57,57,56,56,55,55,55,55,54,54,54,54,54,54,54,54,54,54,53]},"reason":"COB: 0, Dev: 0, BGI: -5, ISF: 95, CR: 12.6, Target: 90, minPredBG 64, minGuardBG 53, IOBpredBG 54, UAMpredBG 53; 2 add'l carbs req w\/in 35m; minGuardBG 53<95","COB":0,"IOB":0.564,"carbsReq":2,"carbsReqWithin":35,"duration":120,"rate":0,"timestamp":"2023-12-20T07:58:27.117Z"}}