{"algorithm":"OpenAPSSMBDynamicISFPlugin","input":{"glucoseStatus":{"glucose":109,"noise":0,"delta":-1,"short_avgdelta":-0.5,"long_avgdelta":-0.18,"date":1702878471000},"currenttemp":{"temp":"absolute","duration":15,"rate":0.45,"minutesrunning":15},"iob_data":[{"iob":0.138,"basaliob":0.138,"bolussnooze":0,"activity":0.0017,"lastBolusTime":0,"time":"2023-12-18T05:48:20.848Z","iobWithZeroTemp":{"iob":0.138,"basaliob":0.138,"bolussnooze":0,"activity":0.0017,"lastBolusTime":0,"time":"2023-12-18T05:48:20.848Z"}},{"iob":0.13,"basaliob":0.13,"bolussnooze":0,"activity":0.0017,"lastBolusTime":0,"time":"2023-12-18T05:53:20.848Z","iobWithZeroTemp":{"iob":0.117,"basaliob":0.117,"bolussnooze":0,"activity":0.0017,"lastBolusTime":0,"time":"2023-12-18T05:53:20.848Z"}},{"iob":0.121,"basaliob":0.121,"bolussnooze":0,"activity":0.0017,"lastBolusTime":0,"time":"2023-12-18T05:58:20.848Z","iobWithZeroTemp":{"iob":0.091,"basaliob":0.091,"bolussnooze":0,"activity":0.0016,"lastBolusTime":0,"time":"2023-12-18T05:58:20.848Z"}},{"iob":0.113,"basaliob":0.113,"bolussnooze":0,"activity":0.0016,"lastBolusTime":0,"time":"2023-12-18T06:03:20.848Z","iobWithZeroTemp":{"iob":0.063,"basaliob":0.063,"bolussnooze":0,"activity":0.0015,"lastBolusTime":0,"time":"2023-12-18T06:03:20.848Z"}},{"iob":0.105,"basaliob":0.105,"bolussnooze":0,"activity":0.0016,"lastBolusTime":0,"time":"2023-12-18T06:08:20.848Z","iobWithZeroTemp":{"iob":0.035,"basaliob":0.035,"bolussnooze":0,"activity":0.0013,"lastBolusTime":0,"time":"2023-12-18T06:08:20.848Z"}},{"iob":0.098,"basaliob":0.098,"bolussnooze":0,"activity":0.0015,"lastBolusTime":0,"time":"2023-12-18T06:13:20.848Z","iobWithZeroTemp":{"iob":0.009,"basaliob":0.009,"bolussnooze":0,"activity":0.0011,"lastBolusTime":0,"time":"2023-12-18T06:13:20.848Z"}},{"iob":0.09,"basaliob":0.09,"bolussnooze":0,"activity":0.0014,"lastBolusTime":0,"time":"2023-12-18T06:18:20.848Z","iobWithZeroTemp":{"iob":-0.017,"basaliob":-0.017,"bolussnooze":0,"activity":9.0E-4,"lastBolusTime":0,"time":"2023-12-18T06:18:20.848Z"}},{"iob":0.083,"basaliob":0.083,"bolussnooze":0,"activity":0.0013,"lastBolusTime":0,"time":"2023-12-18T06:23:20.848Z","iobWithZeroTemp":{"iob":-0.042,"basaliob":-0.042,"bolussnooze":0,"activity":6.0E-4,"lastBolusTime":0,"time":"2023-12-18T06:23:20.848Z"}},{"iob":0.077,"basaliob":0.077,"bolussnooze":0,"activity":0.0013,"lastBolusTime":0,"time":"2023-12-18T06:28:20.848Z","iobWithZeroTemp":{"iob":-0.065,"basaliob":-0.065,"bolussnooze":0,"activity":4.0E-4,"lastBolusTime":0,"time":"2023-12-18T06:28:20.848Z"}},{"iob":0.071,"basaliob":0.071,"bolussnooze":0,"activity":0.0012,"lastBolusTime":0,"time":"2023-12-18T06:33:20.848Z","iobWithZeroTemp":{"iob":-0.087,"basaliob":-0.087,"bolussnooze":0,"activity":2.0E-4,"lastBolusTime":0,"time":"2023-12-18T06:33:20.848Z"}},{"iob":0.065,"basaliob":0.065,"bolussnooze":0,"activity":0.0011,"lastBolusTime":0,"time":"2023-12-18T06:38:20.848Z","iobWithZeroTemp":{"iob":-0.108,"basaliob":-0.108,"bolussnooze":0,"activity":-1.0E-4,"lastBolusTime":0,"time":"2023-12-18T06:38:20.848Z"}},{"iob":0.059,"basaliob":0.059,"bolussnooze":0,"activity":0.001,"lastBolusTime":0,"time":"2023-12-18T06:43:20.848Z","iobWithZeroTemp":{"iob":-0.128,"basaliob":-0.128,"bolussnooze":0,"activity":-4.0E-4,"lastBolusTime":0,"time":"2023-12-18T06:43:20.848Z"}},{"iob":0.054,"basaliob":0.054,"bolussnooze":0,"activity":0.001,"lastBolusTime":0,"time":"2023-12-18T06:48:20.848Z","iobWithZeroTemp":{"iob":-0.147,"basaliob":-0.147,"bolussnooze":0,"activity":-6.0E-4,"lastBolusTime":0,"time":"2023-12-18T06:48:20.848Z"}},{"iob":0.05,"basaliob":0.05,"bolussnooze":0,"activity":9.0E-4,"lastBolusTime":0,"time":"2023-12-18T06:53:20.848Z","iobWithZeroTemp":{"iob":-0.163,"basaliob":-0.163,"bolussnooze":0,"activity":-8.0E-4,"lastBolusTime":0,"time":"2023-12-18T06:53:20.848Z"}},{"iob":0.045,"basaliob":0.045,"bolussnooze":0,"activity":8.0E-4,"lastBolusTime":0,"time":"2023-12-18T06:58:20.848Z","iobWithZeroTemp":{"iob":-0.18,"basaliob":-0.18,"bolussnooze":0,"activity":-0.0011,"lastBolusTime":0,"time":"2023-12-18T06:58:20.848Z"}},{"iob":0.041,"basaliob":0.041,"bolussnooze":0,"activity":8.0E-4,"lastBolusTime":0,"time":"2023-12-18T07:03:20.848Z","iobWithZeroTemp":{"iob":-0.187,"basaliob":-0.187,"bolussnooze":0,"activity":-0.0013,"lastBolusTime":0,"time":"2023-12-18T07:03:20.848Z"}},{"iob":0.037,"basaliob":0.037,"bolussnooze":0,"activity":7.0E-4,"lastBolusTime":0,"time":"2023-12-18T07:08:20.848Z","iobWithZeroTemp":{"iob":-0.193,"basaliob":-0.193,"bolussnooze":0,"activity":-0.0015,"lastBolusTime":0,"time":"2023-12-18T07:08:20.848Z"}},{"iob":0.034,"basaliob":0.034,"bolussnooze":0,"activity":7.0E-4,"lastBolusTime":0,"time":"2023-12-18T07:13:20.848Z","iobWithZeroTemp":{"iob":-0.197,"basaliob":-0.197,"bolussnooze":0,"activity":-0.0016,"lastBolusTime":0,"time":"2023-12-18T07:13:20.848Z"}},{"iob":0.031,"basaliob":0.031,"bolussnooze":0,"activity":6.0E-4,"lastBolusTime":0,"time":"2023-12-18T07:18:20.848Z","iobWithZeroTemp":{"iob":-0.201,"basaliob":-0.201,"bolussnooze":0,"activity":-0.0018,"lastBolusTime":0,"time":"2023-12-18T07:18:20.848Z"}},{"iob":0.028,"basaliob":0.028,"bolussnooze":0,"activity":6.0E-4,"lastBolusTime":0,"time":"2023-12-18T07:23:20.848Z","iobWithZeroTemp":{"iob":-0.205,"basaliob":-0.205,"bolussnooze":0,"activity":-0.0018,"lastBolusTime":0,"time":"2023-12-18T07:23:20.848Z"}},{"iob":0.025,"basaliob":0.025,"bolussnooze":0,"activity":5.0E-4,"lastBolusTime":0,"time":"2023-12-18T07:28:20.848Z","iobWithZeroTemp":{"iob":-0.208,"basaliob":-0.208,"bolussnooze":0,"activity":-0.002,"lastBolusTime":0,"time":"2023-12-18T07:28:20.848Z"}},{"iob":0.023,"basaliob":0.023,"bolussnooze":0,"activity":5.0E-4,"lastBolusTime":0,"time":"2023-12-18T07:33:20.848Z","iobWithZeroTemp":{"iob":-0.21,"basaliob":-0.21,"bolussnooze":0,"activity":-0.0021,"lastBolusTime":0,"time":"2023-12-18T07:33:20.848Z"}},{"iob":0.02,"basaliob":0.02,"bolussnooze":0,"activity":4.0E-4,"lastBolusTime":0,"time":"2023-12-18T07:38:20.848Z","iobWithZeroTemp":{"iob":-0.212,"basaliob":-0.212,"bolussnooze":0,"activity":-0.0022,"lastBolusTime":0,"time":"2023-12-18T07:38:20.848Z"}},{"iob":0.018,"basaliob":0.018,"bolussnooze":0,"activity":4.0E-4,"lastBolusTime":0,"time":"2023-12-18T07:43:20.848Z","iobWithZeroTemp":{"iob":-0.214,"basaliob":-0.214,"bolussnooze":0,"activity":-0.0022,"lastBolusTime":0,"time":"2023-12-18T07:43:20.848Z"}},{"iob":0.016,"basaliob":0.016,"bolussnooze":0,"activity":4.0E-4,"lastBolusTime":0,"time":"2023-12-18T07:48:20.848Z","iobWithZeroTemp":{"iob":-0.215,"basaliob":-0.215,"bolussnooze":0,"activity":-0.0022,"lastBolusTime":0,"time":"2023-12-18T07:48:20.848Z"}},{"iob":0.015,"basaliob":0.015,"bolussnooze":0,"activity":3.0E-4,"lastBolusTime":0,"time":"2023-12-18T07:53:20.848Z","iobWithZeroTemp":{"iob":-0.215,"basaliob":-0.215,"bolussnooze":0,"activity":-0.0024,"lastBolusTime":0,"time":"2023-12-18T07:53:20.848Z"}},{"iob":0.013,"basaliob":0.013,"bolussnooze":0,"activity":3.0E-4,"lastBolusTime":0,"time":"2023-12-18T07:58:20.848Z","iobWithZeroTemp":{"iob":-0.217,"basaliob":-0.217,"bolussnooze":0,"activity":-0.0024,"lastBolusTime":0,"time":"2023-12-18T07:58:20.848Z"}},{"iob":0.012,"basaliob":0.012,"bolussnooze":0,"activity":3.0E-4,"lastBolusTime":0,"time":"2023-12-18T08:03:20.848Z","iobWithZeroTemp":{"iob":-0.217,"basaliob":-0.217,"bolussnooze":0,"activity":-0.0024,"lastBolusTime":0,"time":"2023-12-18T08:03:20.848Z"}},{"iob":0.011,"basaliob":0.011,"bolussnooze":0,"activity":2.0E-4,"lastBolusTime":0,"time":"2023-12-18T08:08:20.848Z","iobWithZeroTemp":{"iob":-0.217,"basaliob":-0.217,"bolussnooze":0,"activity":-0.0025,"lastBolusTime":0,"time":"2023-12-18T08:08:20.848Z"}},{"iob":0.009,"basaliob":0.009,"bolussnooze":0,"activity":2.0E-4,"lastBolusTime":0,"time":"2023-12-18T08:13:20.848Z","iobWithZeroTemp":{"iob":-0.218,"basaliob":-0.218,"bolussnooze":0,"activity":-0.0025,"lastBolusTime":0,"time":"2023-12-18T08:13:20.848Z"}},{"iob":0.008,"basaliob":0.008,"bolussnooze":0,"activity":2.0E-4,"lastBolusTime":0,"time":"2023-12-18T08:18:20.848Z","iobWithZeroTemp":{"iob":-0.218,"basaliob":-0.218,"bolussnooze":0,"activity":-0.0025,"lastBolusTime":0,"time":"2023-12-18T08:18:20.848Z"}},{"iob":0.007,"basaliob":0.007,"bolussnooze":0,"activity":2.0E-4,"lastBolusTime":0,"time":"2023-12-18T08:23:20.848Z","iobWithZeroTemp":{"iob":-0.218,"basaliob":-0.218,"bolussnooze":0,"activity":-0.0025,"lastBolusTime":0,"time":"2023-12-18T08:23:20.848Z"}},{"iob":0.007,"basaliob":0.007,"bolussnooze":0,"activity":2.0E-4,"lastBolusTime":0,"time":"2023-12-18T08:28:20.848Z","iobWithZeroTemp":{"iob":-0.217,"basaliob":-0.217,"bolussnooze":0,"activity":-0.0025,"lastBolusTime":0,"time":"2023-12-18T08:28:20.848Z"}},{"iob":0.006,"basaliob":0.006,"bolussnooze":0,"activity":1.0E-4,"lastBolusTime":0,"time":"2023-12-18T08:33:20.848Z","iobWithZeroTemp":{"iob":-0.217,"basaliob":-0.217,"bolussnooze":0,"activity":-0.0026,"lastBolusTime":0,"time":"2023-12-18T08:33:20.848Z"}},{"iob":0.005,"basaliob":0.005,"bolussnooze":0,"activity":1.0E-4,"lastBolusTime":0,"time":"2023-12-18T08:38:20.848Z","iobWithZeroTemp":{"iob":-0.217,"basaliob":-0.217,"bolussnooze":0,"activity":-0.0026,"lastBolusTime":0,"time":"2023-12-18T08:38:20.848Z"}},{"iob":0.004,"basaliob":0.004,"bolussnooze":0,"activity":1.0E-4,"lastBolusTime":0,"time":"2023-12-18T08:43:20.848Z","iobWithZeroTemp":{"iob":-0.218,"basaliob":-0.218,"bolussnooze":0,"activity":-0.0026,"lastBolusTime":0,"time":"2023-12-18T08:43:20.848Z"}},{"iob":0.004,"basaliob":0.004,"bolussnooze":0,"activity":1.0E-4,"lastBolusTime":0,"time":"2023-12-18T08:48:20.848Z","iobWithZeroTemp":{"iob":-0.217,"basaliob":-0.217,"bolussnooze":0,"activity":-0.0026,"lastBolusTime":0,"time":"2023-12-18T08:48:20.848Z"}},{"iob":0.003,"basaliob":0.003,"bolussnooze":0,"activity":1.0E-4,"lastBolusTime":0,"time":"2023-12-18T08:53:20.848Z","iobWithZeroTemp":{"iob":-0.217,"basaliob":-0.217,"bolussnooze":0,"activity":-0.0026,"lastBolusTime":0,"time":"2023-12-18T08:53:20.848Z"}},{"iob":0.003,"basaliob":0.003,"bolussnooze":0,"activity":1.0E-4,"lastBolusTime":0,"time":"2023-12-18T08:58:20.848Z","iobWithZeroTemp":{"iob":-0.216,"basaliob":-0.216,"bolussnooze":0,"activity":-0.0025,"lastBolusTime":0,"time":"2023-12-18T08:58:20.848Z"}},{"iob":0.003,"basaliob":0.003,"bolussnooze":0,"activity":1.0E-4,"lastBolusTime":0,"time":"2023-12-18T09:03:20.848Z","iobWithZeroTemp":{"iob":-0.22,"basaliob":-0.22,"bolussnooze":0,"activity":-0.0025,"lastBolusTime":0,"time":"2023-12-18T09:03:20.848Z"}},{"iob":0.002,"basaliob":0.002,"bolussnooze":0,"activity":1.0E-4,"lastBolusTime":0,"time":"2023-12-18T09:08:20.848Z","iobWithZeroTemp":{"iob":-0.224,"basaliob":-0.224,"bolussnooze":0,"activity":-0.0025,"lastBolusTime":0,"time":"2023-12-18T09:08:20.848Z"}},{"iob":0.002,"basaliob":0.002,"bolussnooze":0,"activity":1.0E-4,"lastBolusTime":0,"time":"2023-12-18T09:13:20.848Z","iobWithZeroTemp":{"iob":-0.228,"basaliob":-0.228,"bolussnooze":0,"activity":-0.0026,"lastBolusTime":0,"time":"2023-12-18T09:13:20.848Z"}},{"iob":0.002,"basaliob":0.002,"bolussnooze":0,"activity":0,"lastBolusTime":0,"time":"2023-12-18T09:18:20.848Z","iobWithZeroTemp":{"iob":-0.231,"basaliob":-0.231,"bolussnooze":0,"activity":-0.0027,"lastBolusTime":0,"time":"2023-12-18T09:18:20.848Z"}},{"iob":0.001,"basaliob":0.001,"bolussnooze":0,"activity":0,"lastBolusTime":0,"time":"2023-12-18T09:23:20.848Z","iobWithZeroTemp":{"iob":-0.235,"basaliob":-0.235,"bolussnooze":0,"activity":-0.0027,"lastBolusTime":0,"time":"2023-12-18T09:23:20.848Z"}},{"iob":0.001,"basaliob":0.001,"bolussnooze":0,"activity":0,"lastBolusTime":0,"time":"2023-12-18T09:28:20.848Z","iobWithZeroTemp":{"iob":-0.238,"basaliob":-0.238,"bolussnooze":0,"activity":-0.0027,"lastBolusTime":0,"time":"2023-12-18T09:28:20.848Z"}},{"iob":0.001,"basaliob":0.001,"bolussnooze":0,"activity":0,"lastBolusTime":0,"time":"2023-12-18T09:33:20.848Z","iobWithZeroTemp":{"iob":-0.241,"basaliob":-0.241,"bolussnooze":0,"activity":-0.0028,"lastBolusTime":0,"time":"2023-12-18T09:33:20.848Z"}},{"iob":0.001,"basaliob":0.001,"bolussnooze":0,"activity":0,"lastBolusTime":0,"time":"2023-12-18T09:38:20.848Z","iobWithZeroTemp":{"iob":-0.244,"basaliob":-0.244,"bolussnooze":0,"activity":-0.0028,"lastBolusTime":0,"time":"2023-12-18T09:38:20.848Z"}},{"iob":0.001,"basaliob":0.001,"bolussnooze":0,"activity":0,"lastBolusTime":0,"time":"2023-12-18T09:43:20.848Z","iobWithZeroTemp":{"iob":-0.247,"basaliob":-0.247,"bolussnooze":0,"activity":-0.0028,"lastBolusTime":0,"time":"2023-12-18T09:43:20.848Z"}}],"profile":{"max_iob":10,"type":"current","max_daily_basal":0.25,"max_basal":1,"min_bg":90,"max_bg":90,"target_bg":90,"carb_ratio":12.6,"sens":84,"max_daily_safety_multiplier":5,"current_basal_safety_multiplier":5,"lgsThreshold":95,"high_temptarget_raises_sensitivity":false,"low_temptarget_lowers_sensitivity":false,"sensitivity_raises_target":true,"resistance_lowers_target":true,"adv_target_adjustments":false,"exercise_mode":false,"half_basal_exercise_target":160,"maxCOB":120,"skip_neutral_temps":false,"remainingCarbsCap":90,"enableUAM":true,"A52_risk_enable":false,"SMBInterval":5,"enableSMB_with_COB":true,"enableSMB_with_temptarget":false,"allowSMB_with_high_temptarget":false,"enableSMB_always":false,"enableSMB_after_carbs":true,"maxSMBBasalMinutes":120,"maxUAMSMBBasalMinutes":120,"bolus_increment":0.05,"carbsReqThreshold":1,"current_basal":0.20000000298023224,"temptargetSet":false,"autosens_max":1.2,"autosens_min":0.7,"variable_sens":102.8,"insulinDivisor":75,"TDD":19.50829647305398},"autosens_data":{"ratio":1},"meal_data":{"carbs":0,"mealCOB":0,"slopeFromMaxDeviation":-0.0988181818181818,"slopeFromMinDeviation":0.34119999999999995,"lastBolusTime":1702853609765,"lastCarbTime":0},"microBolusAllowed":true,"currentTime":1702878502674,"flatBGsDetected":false,"tdd1D":22.354166475186748,"tdd7D":26.782783919711285,"tddLast24H":22.41666643793384,"tddLast4H":1.2666666666666668,"tddLast8to4H":2.1375000059604643},"output":{"temp":"absolute","bg":109,"tick":-1,"eventualBG":97,"targetBG":90,"insulinReq":0,"deliverAt":"2023-12-18T05:48:22.674Z","sensitivityRatio":1,"variable_sens":102.8,"predBGs":{"IOB":[109,108,107,106,105,104,103,103,102,101,101,100,99,99,98,98,97,97,97,96,96,96,95,95,95,95,95,94,94,94,94,94,94,94,94,94,94,94,93],"ZT":[109,108,107,106,106,105,104,104,104,103,103,103,104,104,104,105,106,106]},"reason":"COB: 0, Dev: 2, BGI: -1, ISF: 103, CR: 12.6, Target: 90, minPredBG 98, minGuardBG 93, IOBpredBG 93; minGuardBG 93<95","COB":0,"IOB":0.138,"duration":30,"rate":0,"timestamp":"2023-12-18T05:48:22.695Z"}}