{"algorithm":"OpenAPSSMBDynamicISFPlugin","input":{"glucoseStatus":{"glucose":103,"noise":0,"delta":1,"short_avgdelta":0.89,"long_avgdelta":0.25,"date":1702900971000},"currenttemp":{"temp":"absolute","duration":15,"rate":0.3,"minutesrunning":15},"iob_data":[{"iob":0.072,"basaliob":0.027,"bolussnooze":0,"activity":0.001,"lastBolusTime":1702893506960,"time":"2023-12-18T12:03:23.633Z","iobWithZeroTemp":{"iob":0.072,"basaliob":0.027,"bolussnooze":0,"activity":0.001,"lastBolusTime":1702893506960,"time":"2023-12-18T12:03:23.633Z"}},{"iob":0.068,"basaliob":0.027,"bolussnooze":0,"activity":0.001,"lastBolusTime":1702893506960,"time":"2023-12-18T12:08:23.633Z","iobWithZeroTemp":{"iob":0.058,"basaliob":0.017,"bolussnooze":0,"activity":0.001,"lastBolusTime":1702893506960,"time":"2023-12-18T12:08:23.633Z"}},{"iob":0.063,"basaliob":0.026,"bolussnooze":0,"activity":0.001,"lastBolusTime":1702893506960,"time":"2023-12-18T12:13:23.633Z","iobWithZeroTemp":{"iob":0.041,"basaliob":0.004,"bolussnooze":0,"activity":0.001,"lastBolusTime":1702893506960,"time":"2023-12-18T12:13:23.633Z"}},{"iob":0.058,"basaliob":0.025,"bolussnooze":0,"activity":9.0E-4,"lastBolusTime":1702893506960,"time":"2023-12-18T12:18:23.633Z","iobWithZeroTemp":{"iob":0.023,"basaliob":-0.01,"bolussnooze":0,"activity":8.0E-4,"lastBolusTime":1702893506960,"time":"2023-12-18T12:18:23.633Z"}},{"iob":0.054,"basaliob":0.024,"bolussnooze":0,"activity":8.0E-4,"lastBolusTime":1702893506960,"time":"2023-12-18T12:23:23.633Z","iobWithZeroTemp":{"iob":0.008,"basaliob":-0.022,"bolussnooze":0,"activity":6.0E-4,"lastBolusTime":1702893506960,"time":"2023-12-18T12:23:23.633Z"}},{"iob":0.05,"basaliob":0.023,"bolussnooze":0,"activity":8.0E-4,"lastBolusTime":1702893506960,"time":"2023-12-18T12:28:23.633Z","iobWithZeroTemp":{"iob":-0.008,"basaliob":-0.035,"bolussnooze":0,"activity":5.0E-4,"lastBolusTime":1702893506960,"time":"2023-12-18T12:28:23.633Z"}},{"iob":0.046,"basaliob":0.022,"bolussnooze":0,"activity":7.0E-4,"lastBolusTime":1702893506960,"time":"2023-12-18T12:33:23.633Z","iobWithZeroTemp":{"iob":-0.023,"basaliob":-0.047,"bolussnooze":0,"activity":3.0E-4,"lastBolusTime":1702893506960,"time":"2023-12-18T12:33:23.633Z"}},{"iob":0.042,"basaliob":0.021,"bolussnooze":0,"activity":7.0E-4,"lastBolusTime":1702893506960,"time":"2023-12-18T12:38:23.633Z","iobWithZeroTemp":{"iob":-0.037,"basaliob":-0.058,"bolussnooze":0,"activity":2.0E-4,"lastBolusTime":1702893506960,"time":"2023-12-18T12:38:23.633Z"}},{"iob":0.039,"basaliob":0.02,"bolussnooze":0,"activity":6.0E-4,"lastBolusTime":1702893506960,"time":"2023-12-18T12:43:23.633Z","iobWithZeroTemp":{"iob":-0.05,"basaliob":-0.069,"bolussnooze":0,"activity":0,"lastBolusTime":1702893506960,"time":"2023-12-18T12:43:23.633Z"}},{"iob":0.036,"basaliob":0.019,"bolussnooze":0,"activity":6.0E-4,"lastBolusTime":1702893506960,"time":"2023-12-18T12:48:23.633Z","iobWithZeroTemp":{"iob":-0.063,"basaliob":-0.08,"bolussnooze":0,"activity":-1.0E-4,"lastBolusTime":1702893506960,"time":"2023-12-18T12:48:23.633Z"}},{"iob":0.032,"basaliob":0.017,"bolussnooze":0,"activity":6.0E-4,"lastBolusTime":1702893506960,"time":"2023-12-18T12:53:23.633Z","iobWithZeroTemp":{"iob":-0.075,"basaliob":-0.09,"bolussnooze":0,"activity":-2.0E-4,"lastBolusTime":1702893506960,"time":"2023-12-18T12:53:23.633Z"}},{"iob":0.029,"basaliob":0.016,"bolussnooze":0,"activity":5.0E-4,"lastBolusTime":1702893506960,"time":"2023-12-18T12:58:23.633Z","iobWithZeroTemp":{"iob":-0.087,"basaliob":-0.1,"bolussnooze":0,"activity":-4.0E-4,"lastBolusTime":1702893506960,"time":"2023-12-18T12:58:23.633Z"}},{"iob":0.027,"basaliob":0.015,"bolussnooze":0,"activity":5.0E-4,"lastBolusTime":1702893506960,"time":"2023-12-18T13:03:23.633Z","iobWithZeroTemp":{"iob":-0.097,"basaliob":-0.109,"bolussnooze":0,"activity":-5.0E-4,"lastBolusTime":1702893506960,"time":"2023-12-18T13:03:23.633Z"}},{"iob":0.025,"basaliob":0.014,"bolussnooze":0,"activity":5.0E-4,"lastBolusTime":1702893506960,"time":"2023-12-18T13:08:23.633Z","iobWithZeroTemp":{"iob":-0.106,"basaliob":-0.117,"bolussnooze":0,"activity":-6.0E-4,"lastBolusTime":1702893506960,"time":"2023-12-18T13:08:23.633Z"}},{"iob":0.022,"basaliob":0.013,"bolussnooze":0,"activity":4.0E-4,"lastBolusTime":1702893506960,"time":"2023-12-18T13:13:23.633Z","iobWithZeroTemp":{"iob":-0.116,"basaliob":-0.125,"bolussnooze":0,"activity":-8.0E-4,"lastBolusTime":1702893506960,"time":"2023-12-18T13:13:23.633Z"}},{"iob":0.02,"basaliob":0.012,"bolussnooze":0,"activity":4.0E-4,"lastBolusTime":1702893506960,"time":"2023-12-18T13:18:23.633Z","iobWithZeroTemp":{"iob":-0.124,"basaliob":-0.132,"bolussnooze":0,"activity":-9.0E-4,"lastBolusTime":1702893506960,"time":"2023-12-18T13:18:23.633Z"}},{"iob":0.018,"basaliob":0.011,"bolussnooze":0,"activity":4.0E-4,"lastBolusTime":1702893506960,"time":"2023-12-18T13:23:23.633Z","iobWithZeroTemp":{"iob":-0.132,"basaliob":-0.139,"bolussnooze":0,"activity":-0.001,"lastBolusTime":1702893506960,"time":"2023-12-18T13:23:23.633Z"}},{"iob":0.016,"basaliob":0.01,"bolussnooze":0,"activity":4.0E-4,"lastBolusTime":1702893506960,"time":"2023-12-18T13:28:23.633Z","iobWithZeroTemp":{"iob":-0.14,"basaliob":-0.146,"bolussnooze":0,"activity":-0.0011,"lastBolusTime":1702893506960,"time":"2023-12-18T13:28:23.633Z"}},{"iob":0.016,"basaliob":0.01,"bolussnooze":0,"activity":3.0E-4,"lastBolusTime":1702893506960,"time":"2023-12-18T13:33:23.633Z","iobWithZeroTemp":{"iob":-0.145,"basaliob":-0.151,"bolussnooze":0,"activity":-0.0012,"lastBolusTime":1702893506960,"time":"2023-12-18T13:33:23.633Z"}},{"iob":0.014,"basaliob":0.009,"bolussnooze":0,"activity":2.0E-4,"lastBolusTime":1702893506960,"time":"2023-12-18T13:38:23.633Z","iobWithZeroTemp":{"iob":-0.151,"basaliob":-0.156,"bolussnooze":0,"activity":-0.0014,"lastBolusTime":1702893506960,"time":"2023-12-18T13:38:23.633Z"}},{"iob":0.012,"basaliob":0.008,"bolussnooze":0,"activity":2.0E-4,"lastBolusTime":1702893506960,"time":"2023-12-18T13:43:23.633Z","iobWithZeroTemp":{"iob":-0.157,"basaliob":-0.161,"bolussnooze":0,"activity":-0.0015,"lastBolusTime":1702893506960,"time":"2023-12-18T13:43:23.633Z"}},{"iob":0.011,"basaliob":0.007,"bolussnooze":0,"activity":2.0E-4,"lastBolusTime":1702893506960,"time":"2023-12-18T13:48:23.633Z","iobWithZeroTemp":{"iob":-0.162,"basaliob":-0.166,"bolussnooze":0,"activity":-0.0015,"lastBolusTime":1702893506960,"time":"2023-12-18T13:48:23.633Z"}},{"iob":0.01,"basaliob":0.007,"bolussnooze":0,"activity":2.0E-4,"lastBolusTime":1702893506960,"time":"2023-12-18T13:53:23.633Z","iobWithZeroTemp":{"iob":-0.167,"basaliob":-0.17,"bolussnooze":0,"activity":-0.0016,"lastBolusTime":1702893506960,"time":"2023-12-18T13:53:23.633Z"}},{"iob":0.009,"basaliob":0.006,"bolussnooze":0,"activity":2.0E-4,"lastBolusTime":1702893506960,"time":"2023-12-18T13:58:23.633Z","iobWithZeroTemp":{"iob":-0.171,"basaliob":-0.174,"bolussnooze":0,"activity":-0.0017,"lastBolusTime":1702893506960,"time":"2023-12-18T13:58:23.633Z"}},{"iob":0.008,"basaliob":0.006,"bolussnooze":0,"activity":2.0E-4,"lastBolusTime":1702893506960,"time":"2023-12-18T14:03:23.633Z","iobWithZeroTemp":{"iob":-0.179,"basaliob":-0.181,"bolussnooze":0,"activity":-0.0017,"lastBolusTime":1702893506960,"time":"2023-12-18T14:03:23.633Z"}},{"iob":0.007,"basaliob":0.005,"bolussnooze":0,"activity":2.0E-4,"lastBolusTime":1702893506960,"time":"2023-12-18T14:08:23.633Z","iobWithZeroTemp":{"iob":-0.187,"basaliob":-0.189,"bolussnooze":0,"activity":-0.0018,"lastBolusTime":1702893506960,"time":"2023-12-18T14:08:23.633Z"}},{"iob":0.007,"basaliob":0.005,"bolussnooze":0,"activity":2.0E-4,"lastBolusTime":1702893506960,"time":"2023-12-18T14:13:23.633Z","iobWithZeroTemp":{"iob":-0.194,"basaliob":-0.196,"bolussnooze":0,"activity":-0.0019,"lastBolusTime":1702893506960,"time":"2023-12-18T14:13:23.633Z"}},{"iob":0.005,"basaliob":0.004,"bolussnooze":0,"activity":1.0E-4,"lastBolusTime":1702893506960,"time":"2023-12-18T14:18:23.633Z","iobWithZeroTemp":{"iob":-0.202,"basaliob":-0.203,"bolussnooze":0,"activity":-0.002,"lastBolusTime":1702893506960,"time":"2023-12-18T14:18:23.633Z"}},{"iob":0.005,"basaliob":0.004,"bolussnooze":0,"activity":1.0E-4,"lastBolusTime":1702893506960,"time":"2023-12-18T14:23:23.633Z","iobWithZeroTemp":{"iob":-0.208,"basaliob":-0.209,"bolussnooze":0,"activity":-0.0021,"lastBolusTime":1702893506960,"time":"2023-12-18T14:23:23.633Z"}},{"iob":0.004,"basaliob":0.003,"bolussnooze":0,"activity":1.0E-4,"lastBolusTime":1702893506960,"time":"2023-12-18T14:28:23.633Z","iobWithZeroTemp":{"iob":-0.214,"basaliob":-0.215,"bolussnooze":0,"activity":-0.0022,"lastBolusTime":1702893506960,"time":"2023-12-18T14:28:23.633Z"}},{"iob":0.004,"basaliob":0.003,"bolussnooze":0,"activity":1.0E-4,"lastBolusTime":1702893506960,"time":"2023-12-18T14:33:23.633Z","iobWithZeroTemp":{"iob":-0.219,"basaliob":-0.22,"bolussnooze":0,"activity":-0.0022,"lastBolusTime":1702893506960,"time":"2023-12-18T14:33:23.633Z"}},{"iob":0.004,"basaliob":0.003,"bolussnooze":0,"activity":1.0E-4,"lastBolusTime":1702893506960,"time":"2023-12-18T14:38:23.633Z","iobWithZeroTemp":{"iob":-0.224,"basaliob":-0.225,"bolussnooze":0,"activity":-0.0023,"lastBolusTime":1702893506960,"time":"2023-12-18T14:38:23.633Z"}},{"iob":0.004,"basaliob":0.003,"bolussnooze":0,"activity":1.0E-4,"lastBolusTime":1702893506960,"time":"2023-12-18T14:43:23.633Z","iobWithZeroTemp":{"iob":-0.229,"basaliob":-0.23,"bolussnooze":0,"activity":-0.0024,"lastBolusTime":1702893506960,"time":"2023-12-18T14:43:23.633Z"}},{"iob":0.002,"basaliob":0.002,"bolussnooze":0,"activity":1.0E-4,"lastBolusTime":1702893506960,"time":"2023-12-18T14:48:23.633Z","iobWithZeroTemp":{"iob":-0.235,"basaliob":-0.235,"bolussnooze":0,"activity":-0.0024,"lastBolusTime":1702893506960,"time":"2023-12-18T14:48:23.633Z"}},{"iob":0.002,"basaliob":0.002,"bolussnooze":0,"activity":0,"lastBolusTime":1702893506960,"time":"2023-12-18T14:53:23.633Z","iobWithZeroTemp":{"iob":-0.239,"basaliob":-0.239,"bolussnooze":0,"activity":-0.0026,"lastBolusTime":1702893506960,"time":"2023-12-18T14:53:23.633Z"}},{"iob":0.002,"basaliob":0.002,"bolussnooze":0,"activity":0,"lastBolusTime":1702893506960,"time":"2023-12-18T14:58:23.633Z","iobWithZeroTemp":{"iob":-0.242,"basaliob":-0.242,"bolussnooze":0,"activity":-0.0026,"lastBolusTime":1702893506960,"time":"2023-12-18T14:58:23.633Z"}},{"iob":0.002,"basaliob":0.002,"bolussnooze":0,"activity":0,"lastBolusTime":1702893506960,"time":"2023-12-18T15:03:23.633Z","iobWithZeroTemp":{"iob":-0.246,"basaliob":-0.246,"bolussnooze":0,"activity":-0.0027,"lastBolusTime":1702893506960,"time":"2023-12-18T15:03:23.633Z"}},{"iob":0.001,"basaliob":0.001,"bolussnooze":0,"activity":0,"lastBolusTime":1702893506960,"time":"2023-12-18T15:08:23.633Z","iobWithZeroTemp":{"iob":-0.25,"basaliob":-0.25,"bolussnooze":0,"activity":-0.0027,"lastBolusTime":1702893506960,"time":"2023-12-18T15:08:23.633Z"}},{"iob":0.001,"basaliob":0.001,"bolussnooze":0,"activity":0,"lastBolusTime":1702893506960,"time":"2023-12-18T15:13:23.633Z","iobWithZeroTemp":{"iob":-0.253,"basaliob":-0.253,"bolussnooze":0,"activity":-0.0028,"lastBolusTime":1702893506960,"time":"2023-12-18T15:13:23.633Z"}},{"iob":0.001,"basaliob":0.001,"bolussnooze":0,"activity":0,"lastBolusTime":1702893506960,"time":"2023-12-18T15:18:23.633Z","iobWithZeroTemp":{"iob":-0.255,"basaliob":-0.255,"bolussnooze":0,"activity":-0.0028,"lastBolusTime":1702893506960,"time":"2023-12-18T15:18:23.633Z"}},{"iob":0.001,"basaliob":0.001,"bolussnooze":0,"activity":0,"lastBolusTime":1702893506960,"time":"2023-12-18T15:23:23.633Z","iobWithZeroTemp":{"iob":-0.258,"basaliob":-0.258,"bolussnooze":0,"activity":-0.0029,"lastBolusTime":1702893506960,"time":"2023-12-18T15:23:23.633Z"}},{"iob":0.001,"basaliob":0.001,"bolussnooze":0,"activity":0,"lastBolusTime":1702893506960,"time":"2023-12-18T15:28:23.633Z","iobWithZeroTemp":{"iob":-0.26,"basaliob":-0.26,"bolussnooze":0,"activity":-0.0029,"lastBolusTime":1702893506960,"time":"2023-12-18T15:28:23.633Z"}},{"iob":0.001,"basaliob":0.001,"bolussnooze":0,"activity":0,"lastBolusTime":1702893506960,"time":"2023-12-18T15:33:23.633Z","iobWithZeroTemp":{"iob":-0.262,"basaliob":-0.262,"bolussnooze":0,"activity":-0.003,"lastBolusTime":1702893506960,"time":"2023-12-18T15:33:23.633Z"}},{"iob":0.001,"basaliob":0.001,"bolussnooze":0,"activity":0,"lastBolusTime":1702893506960,"time":"2023-12-18T15:38:23.633Z","iobWithZeroTemp":{"iob":-0.263,"basaliob":-0.263,"bolussnooze":0,"activity":-0.003,"lastBolusTime":1702893506960,"time":"2023-12-18T15:38:23.633Z"}},{"iob":0.001,"basaliob":0.001,"bolussnooze":0,"activity":0,"lastBolusTime":1702893506960,"time":"2023-12-18T15:43:23.633Z","iobWithZeroTemp":{"iob":-0.265,"basaliob":-0.265,"bolussnooze":0,"activity":-0.003,"lastBolusTime":1702893506960,"time":"2023-12-18T15:43:23.633Z"}},{"iob":0.001,"basaliob":0.001,"bolussnooze":0,"activity":0,"lastBolusTime":1702893506960,"time":"2023-12-18T15:48:23.633Z","iobWithZeroTemp":{"iob":-0.267,"basaliob":-0.267,"bolussnooze":0,"activity":-0.003,"lastBolusTime":1702893506960,"time":"2023-12-18T15:48:23.633Z"}},{"iob":0,"basaliob":0,"bolussnooze":0,"activity":0,"lastBolusTime":1702893506960,"time":"2023-12-18T15:53:23.633Z","iobWithZeroTemp":{"iob":-0.269,"basaliob":-0.269,"bolussnooze":0,"activity":-0.0031,"lastBolusTime":1702893506960,"time":"2023-12-18T15:53:23.633Z"}},{"iob":0,"basaliob":0,"bolussnooze":0,"activity":0,"lastBolusTime":1702893506960,"time":"2023-12-18T15:58:23.633Z","iobWithZeroTemp":{"iob":-0.27,"basaliob":-0.27,"bolussnooze":0,"activity":-0.0031,"lastBolusTime":1702893506960,"time":"2023-12-18T15:58:23.633Z"}}],"profile":{"max_iob":10,"type":"current","max_daily_basal":0.25,"max_basal":0.75,"min_bg":90,"max_bg":90,"target_bg":90,"carb_ratio":12.4,"sens":84,"max_daily_safety_multiplier":5,"current_basal_safety_multiplier":5,"lgsThreshold":95,"high_temptarget_raises_sensitivity":false,"low_temptarget_lowers_sensitivity":false,"sensitivity_raises_target":true,"resistance_lowers_target":true,"adv_target_adjustments":false,"exercise_mode":false,"half_basal_exercise_target":160,"maxCOB":120,"skip_neutral_temps":false,"remainingCarbsCap":90,"enableUAM":true,"A52_risk_enable":false,"SMBInterval":5,"enableSMB_with_COB":true,"enableSMB_with_temptarget":false,"allowSMB_with_high_temptarget":false,"enableSMB_always":false,"enableSMB_after_carbs":true,"maxSMBBasalMinutes":120,"maxUAMSMBBasalMinutes":120,"bolus_increment":0.05,"carbsReqThreshold":1,"current_basal":0.15000000596046448,"temptargetSet":false,"autosens_max":1.2,"autosens_min":0.7,"variable_sens":104.2,"insulinDivisor":75,"TDD":19.981021511999657},"autosens_data":{"ratio":1},"meal_data":{"carbs":0,"mealCOB":0,"slopeFromMaxDeviation":-0.08759999999999998,"slopeFromMinDeviation":0.2998,"lastBolusTime":1702893506960,"lastCarbTime":0},"microBolusAllowed":true,"currentTime":1702901004496,"flatBGsDetected":false,"tdd1D":22.354166475186748,"tdd7D":26.782783919711285,"tddLast24H":22.19166649753849,"tddLast4H":0.9791666756073636,"tddLast8to4H":3.6041667173306147},"output":{"temp":"absolute","bg":103,"tick":"+1","eventualBG":105,"targetBG":90,"insulinReq":0.13,"deliverAt":"2023-12-18T12:03:24.496Z","sensitivityRatio":1,"variable_sens":104.2,"predBGs":{"IOB":[103,104,104,105,105,106,106,106,106,106,106,106,106,106,105,105,105,105,105,104,104,104,104,104,104,104,104,104,104,104,103],"ZT":[103,102,102,101,101,101,100,100,100,100,100,100,101,101,101,102,102,103,103,104,104,105,106,107,108,109,109],"UAM":[103,104,104,105,106,106,106,107,107,107,107,107,107,107,107,107,106,106,106,106,106,106,106,106,105]},"reason":"COB: 0, Dev: 8, BGI: -1, ISF: 104, CR: 12.4, Target: 90, minPredBG 104, minGuardBG 104, IOBpredBG 103, UAMpredBG 105; Eventual BG 105 >= 90, temp 0.30 < 0.41U\/hr. ","COB":0,"IOB":0.072,"duration":30,"rate":0.4100000059604645,"timestamp":"2023-12-18T12:03:24.508Z"}}