{"algorithm":"OpenAPSSMBDynamicISFPlugin","input":{"glucoseStatus":{"glucose":99,"noise":0,"delta":-13,"short_avgdelta":-10.5,"long_avgdelta":-0.15,"date":1702955273000},"currenttemp":{"temp":"absolute","duration":115,"rate":0,"minutesrunning":5},"iob_data":[{"iob":0.039,"basaliob":0.011,"bolussnooze":0,"activity":-1.0E-4,"lastBolusTime":1702944224267,"time":"2023-12-19T03:08:22.735Z","iobWithZeroTemp":{"iob":0.039,"basaliob":0.011,"bolussnooze":0,"activity":-1.0E-4,"lastBolusTime":1702944224267,"time":"2023-12-19T03:08:22.735Z"}},{"iob":0.039,"basaliob":0.015,"bolussnooze":0,"activity":-1.0E-4,"lastBolusTime":1702944224267,"time":"2023-12-19T03:13:22.735Z","iobWithZeroTemp":{"iob":0.029,"basaliob":0.005,"bolussnooze":0,"activity":-1.0E-4,"lastBolusTime":1702944224267,"time":"2023-12-19T03:13:22.735Z"}},{"iob":0.039,"basaliob":0.018,"bolussnooze":0,"activity":1.0E-4,"lastBolusTime":1702944224267,"time":"2023-12-19T03:18:22.735Z","iobWithZeroTemp":{"iob":0.017,"basaliob":-0.004,"bolussnooze":0,"activity":1.0E-4,"lastBolusTime":1702944224267,"time":"2023-12-19T03:18:22.735Z"}},{"iob":0.039,"basaliob":0.02,"bolussnooze":0,"activity":1.0E-4,"lastBolusTime":1702944224267,"time":"2023-12-19T03:23:22.735Z","iobWithZeroTemp":{"iob":0.004,"basaliob":-0.015,"bolussnooze":0,"activity":0,"lastBolusTime":1702944224267,"time":"2023-12-19T03:23:22.735Z"}},{"iob":0.038,"basaliob":0.022,"bolussnooze":0,"activity":2.0E-4,"lastBolusTime":1702944224267,"time":"2023-12-19T03:28:22.735Z","iobWithZeroTemp":{"iob":-0.008,"basaliob":-0.024,"bolussnooze":0,"activity":0,"lastBolusTime":1702944224267,"time":"2023-12-19T03:28:22.735Z"}},{"iob":0.037,"basaliob":0.023,"bolussnooze":0,"activity":3.0E-4,"lastBolusTime":1702944224267,"time":"2023-12-19T03:33:22.735Z","iobWithZeroTemp":{"iob":-0.021,"basaliob":-0.035,"bolussnooze":0,"activity":0,"lastBolusTime":1702944224267,"time":"2023-12-19T03:33:22.735Z"}},{"iob":0.036,"basaliob":0.023,"bolussnooze":0,"activity":3.0E-4,"lastBolusTime":1702944224267,"time":"2023-12-19T03:38:22.735Z","iobWithZeroTemp":{"iob":-0.033,"basaliob":-0.046,"bolussnooze":0,"activity":-1.0E-4,"lastBolusTime":1702944224267,"time":"2023-12-19T03:38:22.735Z"}},{"iob":0.034,"basaliob":0.023,"bolussnooze":0,"activity":3.0E-4,"lastBolusTime":1702944224267,"time":"2023-12-19T03:43:22.735Z","iobWithZeroTemp":{"iob":-0.045,"basaliob":-0.056,"bolussnooze":0,"activity":-2.0E-4,"lastBolusTime":1702944224267,"time":"2023-12-19T03:43:22.735Z"}},{"iob":0.032,"basaliob":0.023,"bolussnooze":0,"activity":3.0E-4,"lastBolusTime":1702944224267,"time":"2023-12-19T03:48:22.735Z","iobWithZeroTemp":{"iob":-0.057,"basaliob":-0.066,"bolussnooze":0,"activity":-3.0E-4,"lastBolusTime":1702944224267,"time":"2023-12-19T03:48:22.735Z"}},{"iob":0.031,"basaliob":0.023,"bolussnooze":0,"activity":3.0E-4,"lastBolusTime":1702944224267,"time":"2023-12-19T03:53:22.735Z","iobWithZeroTemp":{"iob":-0.068,"basaliob":-0.076,"bolussnooze":0,"activity":-4.0E-4,"lastBolusTime":1702944224267,"time":"2023-12-19T03:53:22.735Z"}},{"iob":0.029,"basaliob":0.022,"bolussnooze":0,"activity":3.0E-4,"lastBolusTime":1702944224267,"time":"2023-12-19T03:58:22.735Z","iobWithZeroTemp":{"iob":-0.078,"basaliob":-0.085,"bolussnooze":0,"activity":-5.0E-4,"lastBolusTime":1702944224267,"time":"2023-12-19T03:58:22.735Z"}},{"iob":0.028,"basaliob":0.022,"bolussnooze":0,"activity":3.0E-4,"lastBolusTime":1702944224267,"time":"2023-12-19T04:03:22.735Z","iobWithZeroTemp":{"iob":-0.096,"basaliob":-0.102,"bolussnooze":0,"activity":-6.0E-4,"lastBolusTime":1702944224267,"time":"2023-12-19T04:03:22.735Z"}},{"iob":0.026,"basaliob":0.021,"bolussnooze":0,"activity":4.0E-4,"lastBolusTime":1702944224267,"time":"2023-12-19T04:08:22.735Z","iobWithZeroTemp":{"iob":-0.114,"basaliob":-0.119,"bolussnooze":0,"activity":-6.0E-4,"lastBolusTime":1702944224267,"time":"2023-12-19T04:08:22.735Z"}},{"iob":0.024,"basaliob":0.02,"bolussnooze":0,"activity":3.0E-4,"lastBolusTime":1702944224267,"time":"2023-12-19T04:13:22.735Z","iobWithZeroTemp":{"iob":-0.131,"basaliob":-0.135,"bolussnooze":0,"activity":-9.0E-4,"lastBolusTime":1702944224267,"time":"2023-12-19T04:13:22.735Z"}},{"iob":0.023,"basaliob":0.019,"bolussnooze":0,"activity":3.0E-4,"lastBolusTime":1702944224267,"time":"2023-12-19T04:18:22.735Z","iobWithZeroTemp":{"iob":-0.147,"basaliob":-0.151,"bolussnooze":0,"activity":-0.001,"lastBolusTime":1702944224267,"time":"2023-12-19T04:18:22.735Z"}},{"iob":0.021,"basaliob":0.018,"bolussnooze":0,"activity":3.0E-4,"lastBolusTime":1702944224267,"time":"2023-12-19T04:23:22.735Z","iobWithZeroTemp":{"iob":-0.163,"basaliob":-0.166,"bolussnooze":0,"activity":-0.0012,"lastBolusTime":1702944224267,"time":"2023-12-19T04:23:22.735Z"}},{"iob":0.02,"basaliob":0.017,"bolussnooze":0,"activity":3.0E-4,"lastBolusTime":1702944224267,"time":"2023-12-19T04:28:22.735Z","iobWithZeroTemp":{"iob":-0.177,"basaliob":-0.18,"bolussnooze":0,"activity":-0.0013,"lastBolusTime":1702944224267,"time":"2023-12-19T04:28:22.735Z"}},{"iob":0.018,"basaliob":0.016,"bolussnooze":0,"activity":3.0E-4,"lastBolusTime":1702944224267,"time":"2023-12-19T04:33:22.735Z","iobWithZeroTemp":{"iob":-0.191,"basaliob":-0.193,"bolussnooze":0,"activity":-0.0015,"lastBolusTime":1702944224267,"time":"2023-12-19T04:33:22.735Z"}},{"iob":0.017,"basaliob":0.015,"bolussnooze":0,"activity":3.0E-4,"lastBolusTime":1702944224267,"time":"2023-12-19T04:38:22.735Z","iobWithZeroTemp":{"iob":-0.204,"basaliob":-0.206,"bolussnooze":0,"activity":-0.0016,"lastBolusTime":1702944224267,"time":"2023-12-19T04:38:22.735Z"}},{"iob":0.015,"basaliob":0.014,"bolussnooze":0,"activity":3.0E-4,"lastBolusTime":1702944224267,"time":"2023-12-19T04:43:22.735Z","iobWithZeroTemp":{"iob":-0.217,"basaliob":-0.218,"bolussnooze":0,"activity":-0.0018,"lastBolusTime":1702944224267,"time":"2023-12-19T04:43:22.735Z"}},{"iob":0.015,"basaliob":0.014,"bolussnooze":0,"activity":3.0E-4,"lastBolusTime":1702944224267,"time":"2023-12-19T04:48:22.735Z","iobWithZeroTemp":{"iob":-0.227,"basaliob":-0.228,"bolussnooze":0,"activity":-0.0019,"lastBolusTime":1702944224267,"time":"2023-12-19T04:48:22.735Z"}},{"iob":0.014,"basaliob":0.013,"bolussnooze":0,"activity":2.0E-4,"lastBolusTime":1702944224267,"time":"2023-12-19T04:53:22.735Z","iobWithZeroTemp":{"iob":-0.237,"basaliob":-0.238,"bolussnooze":0,"activity":-0.0021,"lastBolusTime":1702944224267,"time":"2023-12-19T04:53:22.735Z"}},{"iob":0.013,"basaliob":0.012,"bolussnooze":0,"activity":2.0E-4,"lastBolusTime":1702944224267,"time":"2023-12-19T04:58:22.735Z","iobWithZeroTemp":{"iob":-0.247,"basaliob":-0.248,"bolussnooze":0,"activity":-0.0023,"lastBolusTime":1702944224267,"time":"2023-12-19T04:58:22.735Z"}},{"iob":0.012,"basaliob":0.011,"bolussnooze":0,"activity":2.0E-4,"lastBolusTime":1702944224267,"time":"2023-12-19T05:03:22.735Z","iobWithZeroTemp":{"iob":-0.252,"basaliob":-0.253,"bolussnooze":0,"activity":-0.0024,"lastBolusTime":1702944224267,"time":"2023-12-19T05:03:22.735Z"}},{"iob":0.01,"basaliob":0.01,"bolussnooze":0,"activity":2.0E-4,"lastBolusTime":1702944224267,"time":"2023-12-19T05:08:22.735Z","iobWithZeroTemp":{"iob":-0.257,"basaliob":-0.257,"bolussnooze":0,"activity":-0.0025,"lastBolusTime":1702944224267,"time":"2023-12-19T05:08:22.735Z"}},{"iob":0.009,"basaliob":0.009,"bolussnooze":0,"activity":1.0E-4,"lastBolusTime":1702944224267,"time":"2023-12-19T05:13:22.735Z","iobWithZeroTemp":{"iob":-0.261,"basaliob":-0.261,"bolussnooze":0,"activity":-0.0027,"lastBolusTime":1702944224267,"time":"2023-12-19T05:13:22.735Z"}},{"iob":0.009,"basaliob":0.009,"bolussnooze":0,"activity":1.0E-4,"lastBolusTime":1702944224267,"time":"2023-12-19T05:18:22.735Z","iobWithZeroTemp":{"iob":-0.264,"basaliob":-0.264,"bolussnooze":0,"activity":-0.0028,"lastBolusTime":1702944224267,"time":"2023-12-19T05:18:22.735Z"}},{"iob":0.008,"basaliob":0.008,"bolussnooze":0,"activity":1.0E-4,"lastBolusTime":1702944224267,"time":"2023-12-19T05:23:22.735Z","iobWithZeroTemp":{"iob":-0.267,"basaliob":-0.267,"bolussnooze":0,"activity":-0.0028,"lastBolusTime":1702944224267,"time":"2023-12-19T05:23:22.735Z"}},{"iob":0.007,"basaliob":0.007,"bolussnooze":0,"activity":1.0E-4,"lastBolusTime":1702944224267,"time":"2023-12-19T05:28:22.735Z","iobWithZeroTemp":{"iob":-0.27,"basaliob":-0.27,"bolussnooze":0,"activity":-0.0029,"lastBolusTime":1702944224267,"time":"2023-12-19T05:28:22.735Z"}},{"iob":0.007,"basaliob":0.007,"bolussnooze":0,"activity":1.0E-4,"lastBolusTime":1702944224267,"time":"2023-12-19T05:33:22.735Z","iobWithZeroTemp":{"iob":-0.271,"basaliob":-0.271,"bolussnooze":0,"activity":-0.003,"lastBolusTime":1702944224267,"time":"2023-12-19T05:33:22.735Z"}},{"iob":0.006,"basaliob":0.006,"bolussnooze":0,"activity":1.0E-4,"lastBolusTime":1702944224267,"time":"2023-12-19T05:38:22.735Z","iobWithZeroTemp":{"iob":-0.274,"basaliob":-0.274,"bolussnooze":0,"activity":-0.003,"lastBolusTime":1702944224267,"time":"2023-12-19T05:38:22.735Z"}},{"iob":0.006,"basaliob":0.006,"bolussnooze":0,"activity":1.0E-4,"lastBolusTime":1702944224267,"time":"2023-12-19T05:43:22.735Z","iobWithZeroTemp":{"iob":-0.275,"basaliob":-0.275,"bolussnooze":0,"activity":-0.0031,"lastBolusTime":1702944224267,"time":"2023-12-19T05:43:22.735Z"}},{"iob":0.005,"basaliob":0.005,"bolussnooze":0,"activity":1.0E-4,"lastBolusTime":1702944224267,"time":"2023-12-19T05:48:22.735Z","iobWithZeroTemp":{"iob":-0.276,"basaliob":-0.276,"bolussnooze":0,"activity":-0.0031,"lastBolusTime":1702944224267,"time":"2023-12-19T05:48:22.735Z"}},{"iob":0.005,"basaliob":0.005,"bolussnooze":0,"activity":1.0E-4,"lastBolusTime":1702944224267,"time":"2023-12-19T05:53:22.735Z","iobWithZeroTemp":{"iob":-0.277,"basaliob":-0.277,"bolussnooze":0,"activity":-0.0031,"lastBolusTime":1702944224267,"time":"2023-12-19T05:53:22.735Z"}},{"iob":0.004,"basaliob":0.004,"bolussnooze":0,"activity":1.0E-4,"lastBolusTime":1702944224267,"time":"2023-12-19T05:58:22.735Z","iobWithZeroTemp":{"iob":-0.279,"basaliob":-0.279,"bolussnooze":0,"activity":-0.0031,"lastBolusTime":1702944224267,"time":"2023-12-19T05:58:22.735Z"}},{"iob":0.004,"basaliob":0.004,"bolussnooze":0,"activity":1.0E-4,"lastBolusTime":1702944224267,"time":"2023-12-19T06:03:22.735Z","iobWithZeroTemp":{"iob":-0.283,"basaliob":-0.283,"bolussnooze":0,"activity":-0.0032,"lastBolusTime":1702944224267,"time":"2023-12-19T06:03:22.735Z"}},{"iob":0.004,"basaliob":0.004,"bolussnooze":0,"activity":1.0E-4,"lastBolusTime":0,"time":"2023-12-19T06:08:22.735Z","iobWithZeroTemp":{"iob":-0.288,"basaliob":-0.288,"bolussnooze":0,"activity":-0.0032,"lastBolusTime":0,"time":"2023-12-19T06:08:22.735Z"}},{"iob":0.003,"basaliob":0.003,"bolussnooze":0,"activity":1.0E-4,"lastBolusTime":0,"time":"2023-12-19T06:13:22.735Z","iobWithZeroTemp":{"iob":-0.293,"basaliob":-0.293,"bolussnooze":0,"activity":-0.0032,"lastBolusTime":0,"time":"2023-12-19T06:13:22.735Z"}},{"iob":0.003,"basaliob":0.003,"bolussnooze":0,"activity":1.0E-4,"lastBolusTime":0,"time":"2023-12-19T06:18:22.735Z","iobWithZeroTemp":{"iob":-0.297,"basaliob":-0.297,"bolussnooze":0,"activity":-0.0033,"lastBolusTime":0,"time":"2023-12-19T06:18:22.735Z"}},{"iob":0.003,"basaliob":0.003,"bolussnooze":0,"activity":1.0E-4,"lastBolusTime":0,"time":"2023-12-19T06:23:22.735Z","iobWithZeroTemp":{"iob":-0.301,"basaliob":-0.301,"bolussnooze":0,"activity":-0.0033,"lastBolusTime":0,"time":"2023-12-19T06:23:22.735Z"}},{"iob":0.002,"basaliob":0.002,"bolussnooze":0,"activity":1.0E-4,"lastBolusTime":0,"time":"2023-12-19T06:28:22.735Z","iobWithZeroTemp":{"iob":-0.305,"basaliob":-0.305,"bolussnooze":0,"activity":-0.0034,"lastBolusTime":0,"time":"2023-12-19T06:28:22.735Z"}},{"iob":0.002,"basaliob":0.002,"bolussnooze":0,"activity":0,"lastBolusTime":0,"time":"2023-12-19T06:33:22.735Z","iobWithZeroTemp":{"iob":-0.309,"basaliob":-0.309,"bolussnooze":0,"activity":-0.0035,"lastBolusTime":0,"time":"2023-12-19T06:33:22.735Z"}},{"iob":0.002,"basaliob":0.002,"bolussnooze":0,"activity":0,"lastBolusTime":0,"time":"2023-12-19T06:38:22.735Z","iobWithZeroTemp":{"iob":-0.312,"basaliob":-0.312,"bolussnooze":0,"activity":-0.0035,"lastBolusTime":0,"time":"2023-12-19T06:38:22.735Z"}},{"iob":0.002,"basaliob":0.002,"bolussnooze":0,"activity":1.0E-4,"lastBolusTime":0,"time":"2023-12-19T06:43:22.735Z","iobWithZeroTemp":{"iob":-0.315,"basaliob":-0.315,"bolussnooze":0,"activity":-0.0035,"lastBolusTime":0,"time":"2023-12-19T06:43:22.735Z"}},{"iob":0.002,"basaliob":0.002,"bolussnooze":0,"activity":1.0E-4,"lastBolusTime":0,"time":"2023-12-19T06:48:22.735Z","iobWithZeroTemp":{"iob":-0.318,"basaliob":-0.318,"bolussnooze":0,"activity":-0.0035,"lastBolusTime":0,"time":"2023-12-19T06:48:22.735Z"}},{"iob":0.002,"basaliob":0.002,"bolussnooze":0,"activity":0,"lastBolusTime":0,"time":"2023-12-19T06:53:22.735Z","iobWithZeroTemp":{"iob":-0.321,"basaliob":-0.321,"bolussnooze":0,"activity":-0.0037,"lastBolusTime":0,"time":"2023-12-19T06:53:22.735Z"}},{"iob":0.001,"basaliob":0.001,"bolussnooze":0,"activity":0,"lastBolusTime":0,"time":"2023-12-19T06:58:22.735Z","iobWithZeroTemp":{"iob":-0.324,"basaliob":-0.324,"bolussnooze":0,"activity":-0.0037,"lastBolusTime":0,"time":"2023-12-19T06:58:22.735Z"}},{"iob":0.001,"basaliob":0.001,"bolussnooze":0,"activity":0,"lastBolusTime":0,"time":"2023-12-19T07:03:22.735Z","iobWithZeroTemp":{"iob":-0.318,"basaliob":-0.318,"bolussnooze":0,"activity":-0.0037,"lastBolusTime":0,"time":"2023-12-19T07:03:22.735Z"}}],"profile":{"max_iob":10,"type":"current","max_daily_basal":0.25,"max_basal":0.75,"min_bg":125,"max_bg":125,"target_bg":125,"carb_ratio":15.6,"sens":84,"max_daily_safety_multiplier":5,"current_basal_safety_multiplier":5,"lgsThreshold":95,"high_temptarget_raises_sensitivity":false,"low_temptarget_lowers_sensitivity":false,"sensitivity_raises_target":true,"resistance_lowers_target":true,"adv_target_adjustments":false,"exercise_mode":false,"half_basal_exercise_target":160,"maxCOB":120,"skip_neutral_temps":false,"remainingCarbsCap":90,"enableUAM":true,"A52_risk_enable":false,"SMBInterval":5,"enableSMB_with_COB":true,"enableSMB_with_temptarget":false,"allowSMB_with_high_temptarget":false,"enableSMB_always":false,"enableSMB_after_carbs":true,"maxSMBBasalMinutes":120,"maxUAMSMBBasalMinutes":120,"bolus_increment":0.05,"carbsReqThreshold":1,"current_basal":0.15000000596046448,"temptargetSet":true,"autosens_max":1.2,"autosens_min":0.7,"variable_sens":108.3,"insulinDivisor":75,"TDD":19.742060390715103},"autosens_data":{"ratio":1},"meal_data":{"carbs":5,"mealCOB":0,"slopeFromMaxDeviation":-5.4055,"slopeFromMinDeviation":0,"lastBolusTime":1702944224267,"lastCarbTime":1702952702000},"microBolusAllowed":true,"currentTime":1702955304264,"flatBGsDetected":false,"tdd1D":20.141666612277426,"tdd7D":26.78606000595613,"tddLast24H":19.5166666234533,"tddLast4H":1.1416666778425375,"tddLast8to4H":4.049999985098839},"output":{"temp":"absolute","bg":99,"tick":-13,"eventualBG":94,"targetBG":125,"insulinReq":0,"deliverAt":"2023-12-19T03:08:24.264Z","sensitivityRatio":1,"variable_sens":108.3,"predBGs":{"IOB":[99,87,76,67,58,50,43,39,39,39,39,39,39],"ZT":[99,99,99,99,99,99,99,99,99,99,100,100,100,100,101,102,102,103,104,104,105,106,107,109,110,111,112,114,115,117,118,120,121,123,124,125]},"reason":"COB: 0, Dev: -1, BGI: 0, ISF: 108, CR: 15.6, Target: 125, minPredBG 65, minGuardBG 19, IOBpredBG 39; minGuardBG 19<95 115m left and 0 ~ req 0U\/hr: no temp required","COB":0,"IOB":0.039,"timestamp":"2023-12-19T03:08:24.291Z"}}