{"algorithm":"OpenAPSSMBDynamicISFPlugin","input":{"glucoseStatus":{"glucose":121,"noise":0,"delta":5,"short_avgdelta":5.28,"long_avgdelta":4.52,"date":1702912673000},"currenttemp":{"temp":"absolute","duration":65,"rate":0,"minutesrunning":55},"iob_data":[{"iob":2.288,"basaliob":-0.183,"bolussnooze":0.3073,"activity":0.0381,"lastBolusTime":1702912112546,"time":"2023-12-18T15:18:23.694Z","iobWithZeroTemp":{"iob":2.288,"basaliob":-0.183,"bolussnooze":0.3073,"activity":0.0381,"lastBolusTime":1702912112546,"time":"2023-12-18T15:18:23.694Z"}},{"iob":2.103,"basaliob":-0.176,"bolussnooze":0.2433,"activity":0.0358,"lastBolusTime":1702912112546,"time":"2023-12-18T15:23:23.694Z","iobWithZeroTemp":{"iob":2.09,"basaliob":-0.189,"bolussnooze":0.2433,"activity":0.0358,"lastBolusTime":1702912112546,"time":"2023-12-18T15:23:23.694Z"}},{"iob":1.931,"basaliob":-0.168,"bolussnooze":0.191,"activity":0.0335,"lastBolusTime":1702912112546,"time":"2023-12-18T15:28:23.694Z","iobWithZeroTemp":{"iob":1.901,"basaliob":-0.198,"bolussnooze":0.191,"activity":0.0334,"lastBolusTime":1702912112546,"time":"2023-12-18T15:28:23.694Z"}},{"iob":1.768,"basaliob":-0.16,"bolussnooze":0.1487,"activity":0.0314,"lastBolusTime":1702912112546,"time":"2023-12-18T15:33:23.694Z","iobWithZeroTemp":{"iob":1.722,"basaliob":-0.206,"bolussnooze":0.1487,"activity":0.0313,"lastBolusTime":1702912112546,"time":"2023-12-18T15:33:23.694Z"}},{"iob":1.618,"basaliob":-0.151,"bolussnooze":0.1145,"activity":0.0292,"lastBolusTime":1702912112546,"time":"2023-12-18T15:38:23.694Z","iobWithZeroTemp":{"iob":1.556,"basaliob":-0.213,"bolussnooze":0.1145,"activity":0.029,"lastBolusTime":1702912112546,"time":"2023-12-18T15:38:23.694Z"}},{"iob":1.477,"basaliob":-0.143,"bolussnooze":0.0873,"activity":0.0271,"lastBolusTime":1702912112546,"time":"2023-12-18T15:43:23.694Z","iobWithZeroTemp":{"iob":1.4,"basaliob":-0.22,"bolussnooze":0.0873,"activity":0.0268,"lastBolusTime":1702912112546,"time":"2023-12-18T15:43:23.694Z"}},{"iob":1.345,"basaliob":-0.135,"bolussnooze":0.0657,"activity":0.0252,"lastBolusTime":1702912112546,"time":"2023-12-18T15:48:23.694Z","iobWithZeroTemp":{"iob":1.253,"basaliob":-0.227,"bolussnooze":0.0657,"activity":0.0247,"lastBolusTime":1702912112546,"time":"2023-12-18T15:48:23.694Z"}},{"iob":1.225,"basaliob":-0.126,"bolussnooze":0.0488,"activity":0.0234,"lastBolusTime":1702912112546,"time":"2023-12-18T15:53:23.694Z","iobWithZeroTemp":{"iob":1.119,"basaliob":-0.232,"bolussnooze":0.0488,"activity":0.0228,"lastBolusTime":1702912112546,"time":"2023-12-18T15:53:23.694Z"}},{"iob":1.113,"basaliob":-0.118,"bolussnooze":0.0356,"activity":0.0215,"lastBolusTime":1702912112546,"time":"2023-12-18T15:58:23.694Z","iobWithZeroTemp":{"iob":0.994,"basaliob":-0.237,"bolussnooze":0.0356,"activity":0.0208,"lastBolusTime":1702912112546,"time":"2023-12-18T15:58:23.694Z"}},{"iob":1.009,"basaliob":-0.11,"bolussnooze":0.0256,"activity":0.0198,"lastBolusTime":1702912112546,"time":"2023-12-18T16:03:23.694Z","iobWithZeroTemp":{"iob":0.878,"basaliob":-0.241,"bolussnooze":0.0256,"activity":0.0189,"lastBolusTime":1702912112546,"time":"2023-12-18T16:03:23.694Z"}},{"iob":0.914,"basaliob":-0.103,"bolussnooze":0.018,"activity":0.0183,"lastBolusTime":1702912112546,"time":"2023-12-18T16:08:23.694Z","iobWithZeroTemp":{"iob":0.771,"basaliob":-0.246,"bolussnooze":0.018,"activity":0.0173,"lastBolusTime":1702912112546,"time":"2023-12-18T16:08:23.694Z"}},{"iob":0.827,"basaliob":-0.095,"bolussnooze":0.0125,"activity":0.0168,"lastBolusTime":1702912112546,"time":"2023-12-18T16:13:23.694Z","iobWithZeroTemp":{"iob":0.673,"basaliob":-0.249,"bolussnooze":0.0125,"activity":0.0156,"lastBolusTime":1702912112546,"time":"2023-12-18T16:13:23.694Z"}},{"iob":0.746,"basaliob":-0.088,"bolussnooze":0.0085,"activity":0.0154,"lastBolusTime":1702912112546,"time":"2023-12-18T16:18:23.694Z","iobWithZeroTemp":{"iob":0.581,"basaliob":-0.253,"bolussnooze":0.0085,"activity":0.0141,"lastBolusTime":1702912112546,"time":"2023-12-18T16:18:23.694Z"}},{"iob":0.672,"basaliob":-0.082,"bolussnooze":0.0057,"activity":0.0141,"lastBolusTime":1702912112546,"time":"2023-12-18T16:23:23.694Z","iobWithZeroTemp":{"iob":0.497,"basaliob":-0.257,"bolussnooze":0.0057,"activity":0.0127,"lastBolusTime":1702912112546,"time":"2023-12-18T16:23:23.694Z"}},{"iob":0.605,"basaliob":-0.075,"bolussnooze":0.0038,"activity":0.0129,"lastBolusTime":1702912112546,"time":"2023-12-18T16:28:23.694Z","iobWithZeroTemp":{"iob":0.421,"basaliob":-0.259,"bolussnooze":0.0038,"activity":0.0113,"lastBolusTime":1702912112546,"time":"2023-12-18T16:28:23.694Z"}},{"iob":0.544,"basaliob":-0.069,"bolussnooze":0.0025,"activity":0.0117,"lastBolusTime":1702912112546,"time":"2023-12-18T16:33:23.694Z","iobWithZeroTemp":{"iob":0.352,"basaliob":-0.261,"bolussnooze":0.0025,"activity":0.01,"lastBolusTime":1702912112546,"time":"2023-12-18T16:33:23.694Z"}},{"iob":0.487,"basaliob":-0.064,"bolussnooze":0.0016,"activity":0.0107,"lastBolusTime":1702912112546,"time":"2023-12-18T16:38:23.694Z","iobWithZeroTemp":{"iob":0.287,"basaliob":-0.264,"bolussnooze":0.0016,"activity":0.0089,"lastBolusTime":1702912112546,"time":"2023-12-18T16:38:23.694Z"}},{"iob":0.436,"basaliob":-0.058,"bolussnooze":0.001,"activity":0.0098,"lastBolusTime":1702912112546,"time":"2023-12-18T16:43:23.694Z","iobWithZeroTemp":{"iob":0.229,"basaliob":-0.265,"bolussnooze":0.001,"activity":0.0079,"lastBolusTime":1702912112546,"time":"2023-12-18T16:43:23.694Z"}},{"iob":0.389,"basaliob":-0.054,"bolussnooze":6.0E-4,"activity":0.0089,"lastBolusTime":1702912112546,"time":"2023-12-18T16:48:23.694Z","iobWithZeroTemp":{"iob":0.175,"basaliob":-0.268,"bolussnooze":6.0E-4,"activity":0.0069,"lastBolusTime":1702912112546,"time":"2023-12-18T16:48:23.694Z"}},{"iob":0.347,"basaliob":-0.049,"bolussnooze":3.0E-4,"activity":0.008,"lastBolusTime":1702912112546,"time":"2023-12-18T16:53:23.694Z","iobWithZeroTemp":{"iob":0.127,"basaliob":-0.269,"bolussnooze":3.0E-4,"activity":0.0059,"lastBolusTime":1702912112546,"time":"2023-12-18T16:53:23.694Z"}},{"iob":0.309,"basaliob":-0.045,"bolussnooze":1.0E-4,"activity":0.0073,"lastBolusTime":1702912112546,"time":"2023-12-18T16:58:23.694Z","iobWithZeroTemp":{"iob":0.083,"basaliob":-0.271,"bolussnooze":1.0E-4,"activity":0.0051,"lastBolusTime":1702912112546,"time":"2023-12-18T16:58:23.694Z"}},{"iob":0.274,"basaliob":-0.041,"bolussnooze":0,"activity":0.0065,"lastBolusTime":1702912112546,"time":"2023-12-18T17:03:23.694Z","iobWithZeroTemp":{"iob":0.043,"basaliob":-0.272,"bolussnooze":0,"activity":0.0042,"lastBolusTime":1702912112546,"time":"2023-12-18T17:03:23.694Z"}},{"iob":0.243,"basaliob":-0.037,"bolussnooze":0,"activity":0.0059,"lastBolusTime":1702912112546,"time":"2023-12-18T17:08:23.694Z","iobWithZeroTemp":{"iob":0.007,"basaliob":-0.273,"bolussnooze":0,"activity":0.0035,"lastBolusTime":1702912112546,"time":"2023-12-18T17:08:23.694Z"}},{"iob":0.215,"basaliob":-0.034,"bolussnooze":0,"activity":0.0053,"lastBolusTime":1702912112546,"time":"2023-12-18T17:13:23.694Z","iobWithZeroTemp":{"iob":-0.025,"basaliob":-0.274,"bolussnooze":0,"activity":0.0028,"lastBolusTime":1702912112546,"time":"2023-12-18T17:13:23.694Z"}},{"iob":0.189,"basaliob":-0.031,"bolussnooze":0,"activity":0.0048,"lastBolusTime":1702912112546,"time":"2023-12-18T17:18:23.694Z","iobWithZeroTemp":{"iob":-0.055,"basaliob":-0.275,"bolussnooze":0,"activity":0.0022,"lastBolusTime":1702912112546,"time":"2023-12-18T17:18:23.694Z"}},{"iob":0.167,"basaliob":-0.028,"bolussnooze":0,"activity":0.0043,"lastBolusTime":1702912112546,"time":"2023-12-18T17:23:23.694Z","iobWithZeroTemp":{"iob":-0.081,"basaliob":-0.276,"bolussnooze":0,"activity":0.0017,"lastBolusTime":1702912112546,"time":"2023-12-18T17:23:23.694Z"}},{"iob":0.147,"basaliob":-0.025,"bolussnooze":0,"activity":0.0039,"lastBolusTime":1702912112546,"time":"2023-12-18T17:28:23.694Z","iobWithZeroTemp":{"iob":-0.104,"basaliob":-0.276,"bolussnooze":0,"activity":0.0012,"lastBolusTime":1702912112546,"time":"2023-12-18T17:28:23.694Z"}},{"iob":0.128,"basaliob":-0.023,"bolussnooze":0,"activity":0.0034,"lastBolusTime":1702912112546,"time":"2023-12-18T17:33:23.694Z","iobWithZeroTemp":{"iob":-0.126,"basaliob":-0.277,"bolussnooze":0,"activity":6.0E-4,"lastBolusTime":1702912112546,"time":"2023-12-18T17:33:23.694Z"}},{"iob":0.112,"basaliob":-0.02,"bolussnooze":0,"activity":0.0031,"lastBolusTime":1702912112546,"time":"2023-12-18T17:38:23.694Z","iobWithZeroTemp":{"iob":-0.145,"basaliob":-0.277,"bolussnooze":0,"activity":3.0E-4,"lastBolusTime":1702912112546,"time":"2023-12-18T17:38:23.694Z"}},{"iob":0.098,"basaliob":-0.018,"bolussnooze":0,"activity":0.0027,"lastBolusTime":1702912112546,"time":"2023-12-18T17:43:23.694Z","iobWithZeroTemp":{"iob":-0.162,"basaliob":-0.278,"bolussnooze":0,"activity":-2.0E-4,"lastBolusTime":1702912112546,"time":"2023-12-18T17:43:23.694Z"}},{"iob":0.085,"basaliob":-0.016,"bolussnooze":0,"activity":0.0024,"lastBolusTime":1702912112546,"time":"2023-12-18T17:48:23.694Z","iobWithZeroTemp":{"iob":-0.177,"basaliob":-0.278,"bolussnooze":0,"activity":-5.0E-4,"lastBolusTime":1702912112546,"time":"2023-12-18T17:48:23.694Z"}},{"iob":0.073,"basaliob":-0.015,"bolussnooze":0,"activity":0.0022,"lastBolusTime":1702912112546,"time":"2023-12-18T17:53:23.694Z","iobWithZeroTemp":{"iob":-0.191,"basaliob":-0.279,"bolussnooze":0,"activity":-7.0E-4,"lastBolusTime":1702912112546,"time":"2023-12-18T17:53:23.694Z"}},{"iob":0.063,"basaliob":-0.013,"bolussnooze":0,"activity":0.0019,"lastBolusTime":1702912112546,"time":"2023-12-18T17:58:23.694Z","iobWithZeroTemp":{"iob":-0.203,"basaliob":-0.279,"bolussnooze":0,"activity":-0.0011,"lastBolusTime":1702912112546,"time":"2023-12-18T17:58:23.694Z"}},{"iob":0.054,"basaliob":-0.012,"bolussnooze":0,"activity":0.0017,"lastBolusTime":1702912112546,"time":"2023-12-18T18:03:23.694Z","iobWithZeroTemp":{"iob":-0.214,"basaliob":-0.28,"bolussnooze":0,"activity":-0.0013,"lastBolusTime":1702912112546,"time":"2023-12-18T18:03:23.694Z"}},{"iob":0.046,"basaliob":-0.01,"bolussnooze":0,"activity":0.0015,"lastBolusTime":1702912112546,"time":"2023-12-18T18:08:23.694Z","iobWithZeroTemp":{"iob":-0.223,"basaliob":-0.279,"bolussnooze":0,"activity":-0.0016,"lastBolusTime":1702912112546,"time":"2023-12-18T18:08:23.694Z"}},{"iob":0.039,"basaliob":-0.009,"bolussnooze":0,"activity":0.0013,"lastBolusTime":1702912112546,"time":"2023-12-18T18:13:23.694Z","iobWithZeroTemp":{"iob":-0.231,"basaliob":-0.279,"bolussnooze":0,"activity":-0.0018,"lastBolusTime":1702912112546,"time":"2023-12-18T18:13:23.694Z"}},{"iob":0.033,"basaliob":-0.008,"bolussnooze":0,"activity":0.0011,"lastBolusTime":1702912112546,"time":"2023-12-18T18:18:23.694Z","iobWithZeroTemp":{"iob":-0.239,"basaliob":-0.28,"bolussnooze":0,"activity":-0.002,"lastBolusTime":1702912112546,"time":"2023-12-18T18:18:23.694Z"}},{"iob":0.028,"basaliob":-0.007,"bolussnooze":0,"activity":0.001,"lastBolusTime":1702912112546,"time":"2023-12-18T18:23:23.694Z","iobWithZeroTemp":{"iob":-0.245,"basaliob":-0.28,"bolussnooze":0,"activity":-0.0021,"lastBolusTime":1702912112546,"time":"2023-12-18T18:23:23.694Z"}},{"iob":0.023,"basaliob":-0.006,"bolussnooze":0,"activity":8.0E-4,"lastBolusTime":1702912112546,"time":"2023-12-18T18:28:23.694Z","iobWithZeroTemp":{"iob":-0.251,"basaliob":-0.28,"bolussnooze":0,"activity":-0.0024,"lastBolusTime":1702912112546,"time":"2023-12-18T18:28:23.694Z"}},{"iob":0.019,"basaliob":-0.006,"bolussnooze":0,"activity":8.0E-4,"lastBolusTime":1702912112546,"time":"2023-12-18T18:33:23.694Z","iobWithZeroTemp":{"iob":-0.256,"basaliob":-0.281,"bolussnooze":0,"activity":-0.0024,"lastBolusTime":1702912112546,"time":"2023-12-18T18:33:23.694Z"}},{"iob":0.016,"basaliob":-0.005,"bolussnooze":0,"activity":7.0E-4,"lastBolusTime":1702912112546,"time":"2023-12-18T18:38:23.694Z","iobWithZeroTemp":{"iob":-0.259,"basaliob":-0.28,"bolussnooze":0,"activity":-0.0025,"lastBolusTime":1702912112546,"time":"2023-12-18T18:38:23.694Z"}},{"iob":0.013,"basaliob":-0.004,"bolussnooze":0,"activity":6.0E-4,"lastBolusTime":1702912112546,"time":"2023-12-18T18:43:23.694Z","iobWithZeroTemp":{"iob":-0.263,"basaliob":-0.28,"bolussnooze":0,"activity":-0.0026,"lastBolusTime":1702912112546,"time":"2023-12-18T18:43:23.694Z"}},{"iob":0.01,"basaliob":-0.004,"bolussnooze":0,"activity":5.0E-4,"lastBolusTime":1702912112546,"time":"2023-12-18T18:48:23.694Z","iobWithZeroTemp":{"iob":-0.267,"basaliob":-0.281,"bolussnooze":0,"activity":-0.0027,"lastBolusTime":1702912112546,"time":"2023-12-18T18:48:23.694Z"}},{"iob":0.008,"basaliob":-0.003,"bolussnooze":0,"activity":4.0E-4,"lastBolusTime":1702912112546,"time":"2023-12-18T18:53:23.694Z","iobWithZeroTemp":{"iob":-0.269,"basaliob":-0.28,"bolussnooze":0,"activity":-0.0028,"lastBolusTime":1702912112546,"time":"2023-12-18T18:53:23.694Z"}},{"iob":0.006,"basaliob":-0.003,"bolussnooze":0,"activity":3.0E-4,"lastBolusTime":1702912112546,"time":"2023-12-18T18:58:23.694Z","iobWithZeroTemp":{"iob":-0.272,"basaliob":-0.281,"bolussnooze":0,"activity":-0.0029,"lastBolusTime":1702912112546,"time":"2023-12-18T18:58:23.694Z"}},{"iob":0.005,"basaliob":-0.002,"bolussnooze":0,"activity":2.0E-4,"lastBolusTime":1702912112546,"time":"2023-12-18T19:03:23.694Z","iobWithZeroTemp":{"iob":-0.269,"basaliob":-0.276,"bolussnooze":0,"activity":-0.0031,"lastBolusTime":1702912112546,"time":"2023-12-18T19:03:23.694Z"}},{"iob":0.004,"basaliob":-0.002,"bolussnooze":0,"activity":2.0E-4,"lastBolusTime":1702912112546,"time":"2023-12-18T19:08:23.694Z","iobWithZeroTemp":{"iob":-0.266,"basaliob":-0.272,"bolussnooze":0,"activity":-0.003,"lastBolusTime":1702912112546,"time":"2023-12-18T19:08:23.694Z"}},{"iob":0.003,"basaliob":-0.002,"bolussnooze":0,"activity":1.0E-4,"lastBolusTime":1702912112546,"time":"2023-12-18T19:13:23.694Z","iobWithZeroTemp":{"iob":-0.263,"basaliob":-0.268,"bolussnooze":0,"activity":-0.0031,"lastBolusTime":1702912112546,"time":"2023-12-18T19:13:23.694Z"}}],"profile":{"max_iob":10,"type":"current","max_daily_basal":0.25,"max_basal":1,"min_bg":90,"max_bg":90,"target_bg":90,"carb_ratio":12.4,"sens":79,"max_daily_safety_multiplier":5,"current_basal_safety_multiplier":5,"lgsThreshold":95,"high_temptarget_raises_sensitivity":false,"low_temptarget_lowers_sensitivity":false,"sensitivity_raises_target":true,"resistance_lowers_target":true,"adv_target_adjustments":false,"exercise_mode":false,"half_basal_exercise_target":160,"maxCOB":120,"skip_neutral_temps":false,"remainingCarbsCap":90,"enableUAM":true,"A52_risk_enable":false,"SMBInterval":5,"enableSMB_with_COB":true,"enableSMB_with_temptarget":false,"allowSMB_with_high_temptarget":false,"enableSMB_always":false,"enableSMB_after_carbs":true,"maxSMBBasalMinutes":120,"maxUAMSMBBasalMinutes":120,"bolus_increment":0.05,"carbsReqThreshold":1,"current_basal":0.20000000298023224,"temptargetSet":false,"autosens_max":1.2,"autosens_min":0.7,"variable_sens":64.7,"insulinDivisor":75,"TDD":28.975171304731955},"autosens_data":{"ratio":1},"meal_data":{"carbs":86,"mealCOB":28.886541772151908,"slopeFromMaxDeviation":-0.4225999999999999,"slopeFromMinDeviation":0.3168181818181817,"lastBolusTime":1702912112546,"lastCarbTime":1702908490573},"microBolusAllowed":true,"currentTime":1702912704603,"flatBGsDetected":false,"tdd1D":22.354166475186748,"tdd7D":26.782783919711285,"tddLast24H":22.89999996945262,"tddLast4H":8.541666542987029,"tddLast8to4H":1.100000011175871},"output":{"temp":"absolute","bg":121,"tick":"+5","eventualBG":298,"targetBG":90,"insulinReq":0.32,"deliverAt":"2023-12-18T15:18:24.603Z","sensitivityRatio":1,"variable_sens":64.7,"predBGs":{"IOB":[121,121,120,119,117,115,112,109,106,101,96,90,84,77,71,65,59,54,48,42,39],"ZT":[121,109,96,84,71,57,42,39,39,39,39,39,39,39,39,39,39,39,39,39,39,39,39,39,39,39,39,39,39,39,39,39,39,39,39,39,39,39,39,39,39,39,39,39,39,39,39,39],"COB":[121,121,121,122,122,123,124,125,126,127,128,129,130,130,131,131,132,132,131,131,130,129,128,126,124,122,121,120,119,118,117,116,115,115,114,114,113,113,113,112,112,112,112,112,111],"UAM":[121,125,131,136,142,148,155,162,169,176,184,191,199,206,213,220,227,234,241,247,253,259,264,269,274,278,282,285,289,291,294,296,297,298,299,299,299,299,298]},"reason":"COB: 28.9, Dev: 104, BGI: -12, ISF: 65, CR: 12.4, Target: 90, minPredBG 111, minGuardBG 120, IOBpredBG 39, COBpredBG 111, UAMpredBG 298; Eventual BG 298 >= 90,  insulinReq 0.32; setting 60m low temp of 0U\/h. Microbolusing 0.15U. ","COB":28.886541772151908,"IOB":2.288,"units":0.15,"rate":0,"duration":60,"timestamp":"2023-12-18T15:18:24.610Z"}}