{"algorithm":"OpenAPSSMBDynamicISFPlugin","input":{"glucoseStatus":{"glucose":139,"noise":0,"delta":-3,"short_avgdelta":-3,"long_avgdelta":-2.42,"date":1702977475000},"currenttemp":{"temp":"absolute","duration":90,"rate":0,"minutesrunning":30},"iob_data":[{"iob":0.516,"basaliob":-0.122,"bolussnooze":5.0E-4,"activity":0.0104,"lastBolusTime":1702973619658,"time":"2023-12-19T09:18:24.609Z","iobWithZeroTemp":{"iob":0.516,"basaliob":-0.122,"bolussnooze":5.0E-4,"activity":0.0104,"lastBolusTime":1702973619658,"time":"2023-12-19T09:18:24.609Z"}},{"iob":0.466,"basaliob":-0.117,"bolussnooze":2.0E-4,"activity":0.0095,"lastBolusTime":1702973619658,"time":"2023-12-19T09:23:24.609Z","iobWithZeroTemp":{"iob":0.453,"basaliob":-0.13,"bolussnooze":2.0E-4,"activity":0.0095,"lastBolusTime":1702973619658,"time":"2023-12-19T09:23:24.609Z"}},{"iob":0.421,"basaliob":-0.111,"bolussnooze":0,"activity":0.0086,"lastBolusTime":1702973619658,"time":"2023-12-19T09:28:24.609Z","iobWithZeroTemp":{"iob":0.391,"basaliob":-0.141,"bolussnooze":0,"activity":0.0085,"lastBolusTime":1702973619658,"time":"2023-12-19T09:28:24.609Z"}},{"iob":0.38,"basaliob":-0.105,"bolussnooze":0,"activity":0.0079,"lastBolusTime":1702973619658,"time":"2023-12-19T09:33:24.609Z","iobWithZeroTemp":{"iob":0.334,"basaliob":-0.151,"bolussnooze":0,"activity":0.0078,"lastBolusTime":1702973619658,"time":"2023-12-19T09:33:24.609Z"}},{"iob":0.342,"basaliob":-0.099,"bolussnooze":0,"activity":0.0072,"lastBolusTime":1702973619658,"time":"2023-12-19T09:38:24.609Z","iobWithZeroTemp":{"iob":0.28,"basaliob":-0.161,"bolussnooze":0,"activity":0.007,"lastBolusTime":1702973619658,"time":"2023-12-19T09:38:24.609Z"}},{"iob":0.307,"basaliob":-0.093,"bolussnooze":0,"activity":0.0066,"lastBolusTime":1702973619658,"time":"2023-12-19T09:43:24.609Z","iobWithZeroTemp":{"iob":0.23,"basaliob":-0.17,"bolussnooze":0,"activity":0.0063,"lastBolusTime":1702973619658,"time":"2023-12-19T09:43:24.609Z"}},{"iob":0.276,"basaliob":-0.087,"bolussnooze":0,"activity":0.006,"lastBolusTime":1702973619658,"time":"2023-12-19T09:48:24.609Z","iobWithZeroTemp":{"iob":0.184,"basaliob":-0.179,"bolussnooze":0,"activity":0.0055,"lastBolusTime":1702973619658,"time":"2023-12-19T09:48:24.609Z"}},{"iob":0.246,"basaliob":-0.082,"bolussnooze":0,"activity":0.0055,"lastBolusTime":1702973619658,"time":"2023-12-19T09:53:24.609Z","iobWithZeroTemp":{"iob":0.14,"basaliob":-0.188,"bolussnooze":0,"activity":0.0049,"lastBolusTime":1702973619658,"time":"2023-12-19T09:53:24.609Z"}},{"iob":0.221,"basaliob":-0.076,"bolussnooze":0,"activity":0.005,"lastBolusTime":1702973619658,"time":"2023-12-19T09:58:24.609Z","iobWithZeroTemp":{"iob":0.102,"basaliob":-0.195,"bolussnooze":0,"activity":0.0043,"lastBolusTime":1702973619658,"time":"2023-12-19T09:58:24.609Z"}},{"iob":0.197,"basaliob":-0.071,"bolussnooze":0,"activity":0.0045,"lastBolusTime":1702973619658,"time":"2023-12-19T10:03:24.609Z","iobWithZeroTemp":{"iob":0.07,"basaliob":-0.198,"bolussnooze":0,"activity":0.0036,"lastBolusTime":1702973619658,"time":"2023-12-19T10:03:24.609Z"}},{"iob":0.175,"basaliob":-0.066,"bolussnooze":0,"activity":0.0041,"lastBolusTime":1702973619658,"time":"2023-12-19T10:08:24.609Z","iobWithZeroTemp":{"iob":0.04,"basaliob":-0.201,"bolussnooze":0,"activity":0.0031,"lastBolusTime":1702973619658,"time":"2023-12-19T10:08:24.609Z"}},{"iob":0.156,"basaliob":-0.061,"bolussnooze":0,"activity":0.0036,"lastBolusTime":1702973619658,"time":"2023-12-19T10:13:24.609Z","iobWithZeroTemp":{"iob":0.014,"basaliob":-0.203,"bolussnooze":0,"activity":0.0025,"lastBolusTime":1702973619658,"time":"2023-12-19T10:13:24.609Z"}},{"iob":0.139,"basaliob":-0.056,"bolussnooze":0,"activity":0.0033,"lastBolusTime":1702973619658,"time":"2023-12-19T10:18:24.609Z","iobWithZeroTemp":{"iob":-0.01,"basaliob":-0.205,"bolussnooze":0,"activity":0.002,"lastBolusTime":1702973619658,"time":"2023-12-19T10:18:24.609Z"}},{"iob":0.122,"basaliob":-0.052,"bolussnooze":0,"activity":0.003,"lastBolusTime":1702973619658,"time":"2023-12-19T10:23:24.609Z","iobWithZeroTemp":{"iob":-0.033,"basaliob":-0.207,"bolussnooze":0,"activity":0.0016,"lastBolusTime":1702973619658,"time":"2023-12-19T10:23:24.609Z"}},{"iob":0.109,"basaliob":-0.047,"bolussnooze":0,"activity":0.0027,"lastBolusTime":1702973619658,"time":"2023-12-19T10:28:24.609Z","iobWithZeroTemp":{"iob":-0.051,"basaliob":-0.207,"bolussnooze":0,"activity":0.0012,"lastBolusTime":1702973619658,"time":"2023-12-19T10:28:24.609Z"}},{"iob":0.095,"basaliob":-0.044,"bolussnooze":0,"activity":0.0024,"lastBolusTime":1702973619658,"time":"2023-12-19T10:33:24.609Z","iobWithZeroTemp":{"iob":-0.07,"basaliob":-0.209,"bolussnooze":0,"activity":9.0E-4,"lastBolusTime":1702973619658,"time":"2023-12-19T10:33:24.609Z"}},{"iob":0.084,"basaliob":-0.04,"bolussnooze":0,"activity":0.0022,"lastBolusTime":1702973619658,"time":"2023-12-19T10:38:24.609Z","iobWithZeroTemp":{"iob":-0.086,"basaliob":-0.21,"bolussnooze":0,"activity":6.0E-4,"lastBolusTime":1702973619658,"time":"2023-12-19T10:38:24.609Z"}},{"iob":0.073,"basaliob":-0.037,"bolussnooze":0,"activity":0.0019,"lastBolusTime":1702973619658,"time":"2023-12-19T10:43:24.609Z","iobWithZeroTemp":{"iob":-0.101,"basaliob":-0.211,"bolussnooze":0,"activity":2.0E-4,"lastBolusTime":1702973619658,"time":"2023-12-19T10:43:24.609Z"}},{"iob":0.065,"basaliob":-0.033,"bolussnooze":0,"activity":0.0018,"lastBolusTime":1702973619658,"time":"2023-12-19T10:48:24.609Z","iobWithZeroTemp":{"iob":-0.113,"basaliob":-0.211,"bolussnooze":0,"activity":0,"lastBolusTime":1702973619658,"time":"2023-12-19T10:48:24.609Z"}},{"iob":0.057,"basaliob":-0.03,"bolussnooze":0,"activity":0.0015,"lastBolusTime":1702973619658,"time":"2023-12-19T10:53:24.609Z","iobWithZeroTemp":{"iob":-0.124,"basaliob":-0.211,"bolussnooze":0,"activity":-3.0E-4,"lastBolusTime":1702973619658,"time":"2023-12-19T10:53:24.609Z"}},{"iob":0.049,"basaliob":-0.028,"bolussnooze":0,"activity":0.0014,"lastBolusTime":1702973619658,"time":"2023-12-19T10:58:24.609Z","iobWithZeroTemp":{"iob":-0.136,"basaliob":-0.213,"bolussnooze":0,"activity":-5.0E-4,"lastBolusTime":1702973619658,"time":"2023-12-19T10:58:24.609Z"}},{"iob":0.043,"basaliob":-0.025,"bolussnooze":0,"activity":0.0012,"lastBolusTime":1702973619658,"time":"2023-12-19T11:03:24.609Z","iobWithZeroTemp":{"iob":-0.144,"basaliob":-0.212,"bolussnooze":0,"activity":-8.0E-4,"lastBolusTime":1702973619658,"time":"2023-12-19T11:03:24.609Z"}},{"iob":0.037,"basaliob":-0.023,"bolussnooze":0,"activity":0.0011,"lastBolusTime":1702973619658,"time":"2023-12-19T11:08:24.609Z","iobWithZeroTemp":{"iob":-0.153,"basaliob":-0.213,"bolussnooze":0,"activity":-9.0E-4,"lastBolusTime":1702973619658,"time":"2023-12-19T11:08:24.609Z"}},{"iob":0.031,"basaliob":-0.021,"bolussnooze":0,"activity":0.001,"lastBolusTime":1702973619658,"time":"2023-12-19T11:13:24.609Z","iobWithZeroTemp":{"iob":-0.161,"basaliob":-0.213,"bolussnooze":0,"activity":-0.0011,"lastBolusTime":1702973619658,"time":"2023-12-19T11:13:24.609Z"}},{"iob":0.027,"basaliob":-0.019,"bolussnooze":0,"activity":8.0E-4,"lastBolusTime":1702973619658,"time":"2023-12-19T11:18:24.609Z","iobWithZeroTemp":{"iob":-0.167,"basaliob":-0.213,"bolussnooze":0,"activity":-0.0013,"lastBolusTime":1702973619658,"time":"2023-12-19T11:18:24.609Z"}},{"iob":0.023,"basaliob":-0.017,"bolussnooze":0,"activity":8.0E-4,"lastBolusTime":1702973619658,"time":"2023-12-19T11:23:24.609Z","iobWithZeroTemp":{"iob":-0.173,"basaliob":-0.213,"bolussnooze":0,"activity":-0.0013,"lastBolusTime":1702973619658,"time":"2023-12-19T11:23:24.609Z"}},{"iob":0.02,"basaliob":-0.015,"bolussnooze":0,"activity":7.0E-4,"lastBolusTime":1702973619658,"time":"2023-12-19T11:28:24.609Z","iobWithZeroTemp":{"iob":-0.178,"basaliob":-0.213,"bolussnooze":0,"activity":-0.0015,"lastBolusTime":1702973619658,"time":"2023-12-19T11:28:24.609Z"}},{"iob":0.016,"basaliob":-0.014,"bolussnooze":0,"activity":6.0E-4,"lastBolusTime":1702973619658,"time":"2023-12-19T11:33:24.609Z","iobWithZeroTemp":{"iob":-0.183,"basaliob":-0.213,"bolussnooze":0,"activity":-0.0016,"lastBolusTime":1702973619658,"time":"2023-12-19T11:33:24.609Z"}},{"iob":0.014,"basaliob":-0.012,"bolussnooze":0,"activity":5.0E-4,"lastBolusTime":1702973619658,"time":"2023-12-19T11:38:24.609Z","iobWithZeroTemp":{"iob":-0.187,"basaliob":-0.213,"bolussnooze":0,"activity":-0.0017,"lastBolusTime":1702973619658,"time":"2023-12-19T11:38:24.609Z"}},{"iob":0.012,"basaliob":-0.011,"bolussnooze":0,"activity":5.0E-4,"lastBolusTime":1702973619658,"time":"2023-12-19T11:43:24.609Z","iobWithZeroTemp":{"iob":-0.19,"basaliob":-0.213,"bolussnooze":0,"activity":-0.0018,"lastBolusTime":1702973619658,"time":"2023-12-19T11:43:24.609Z"}},{"iob":0.009,"basaliob":-0.01,"bolussnooze":0,"activity":4.0E-4,"lastBolusTime":1702973619658,"time":"2023-12-19T11:48:24.609Z","iobWithZeroTemp":{"iob":-0.194,"basaliob":-0.213,"bolussnooze":0,"activity":-0.0019,"lastBolusTime":1702973619658,"time":"2023-12-19T11:48:24.609Z"}},{"iob":0.008,"basaliob":-0.009,"bolussnooze":0,"activity":3.0E-4,"lastBolusTime":1702973619658,"time":"2023-12-19T11:53:24.609Z","iobWithZeroTemp":{"iob":-0.196,"basaliob":-0.213,"bolussnooze":0,"activity":-0.002,"lastBolusTime":1702973619658,"time":"2023-12-19T11:53:24.609Z"}},{"iob":0.006,"basaliob":-0.008,"bolussnooze":0,"activity":3.0E-4,"lastBolusTime":1702973619658,"time":"2023-12-19T11:58:24.609Z","iobWithZeroTemp":{"iob":-0.199,"basaliob":-0.213,"bolussnooze":0,"activity":-0.002,"lastBolusTime":1702973619658,"time":"2023-12-19T11:58:24.609Z"}},{"iob":0.005,"basaliob":-0.007,"bolussnooze":0,"activity":2.0E-4,"lastBolusTime":1702973619658,"time":"2023-12-19T12:03:24.609Z","iobWithZeroTemp":{"iob":-0.201,"basaliob":-0.213,"bolussnooze":0,"activity":-0.0022,"lastBolusTime":1702973619658,"time":"2023-12-19T12:03:24.609Z"}},{"iob":0.004,"basaliob":-0.006,"bolussnooze":0,"activity":2.0E-4,"lastBolusTime":1702973619658,"time":"2023-12-19T12:08:24.609Z","iobWithZeroTemp":{"iob":-0.202,"basaliob":-0.212,"bolussnooze":0,"activity":-0.0022,"lastBolusTime":1702973619658,"time":"2023-12-19T12:08:24.609Z"}},{"iob":0.003,"basaliob":-0.006,"bolussnooze":0,"activity":2.0E-4,"lastBolusTime":1702973619658,"time":"2023-12-19T12:13:24.609Z","iobWithZeroTemp":{"iob":-0.204,"basaliob":-0.213,"bolussnooze":0,"activity":-0.0022,"lastBolusTime":1702973619658,"time":"2023-12-19T12:13:24.609Z"}},{"iob":0.002,"basaliob":-0.005,"bolussnooze":0,"activity":2.0E-4,"lastBolusTime":1702973619658,"time":"2023-12-19T12:18:24.609Z","iobWithZeroTemp":{"iob":-0.205,"basaliob":-0.212,"bolussnooze":0,"activity":-0.0022,"lastBolusTime":1702973619658,"time":"2023-12-19T12:18:24.609Z"}},{"iob":0.002,"basaliob":-0.004,"bolussnooze":0,"activity":1.0E-4,"lastBolusTime":1702973619658,"time":"2023-12-19T12:23:24.609Z","iobWithZeroTemp":{"iob":-0.206,"basaliob":-0.212,"bolussnooze":0,"activity":-0.0023,"lastBolusTime":1702973619658,"time":"2023-12-19T12:23:24.609Z"}},{"iob":0.001,"basaliob":-0.004,"bolussnooze":0,"activity":1.0E-4,"lastBolusTime":1702973619658,"time":"2023-12-19T12:28:24.609Z","iobWithZeroTemp":{"iob":-0.207,"basaliob":-0.212,"bolussnooze":0,"activity":-0.0023,"lastBolusTime":1702973619658,"time":"2023-12-19T12:28:24.609Z"}},{"iob":0.001,"basaliob":-0.003,"bolussnooze":0,"activity":1.0E-4,"lastBolusTime":1702973619658,"time":"2023-12-19T12:33:24.609Z","iobWithZeroTemp":{"iob":-0.208,"basaliob":-0.212,"bolussnooze":0,"activity":-0.0023,"lastBolusTime":1702973619658,"time":"2023-12-19T12:33:24.609Z"}},{"iob":0.001,"basaliob":-0.003,"bolussnooze":0,"activity":0,"lastBolusTime":1702973619658,"time":"2023-12-19T12:38:24.609Z","iobWithZeroTemp":{"iob":-0.208,"basaliob":-0.212,"bolussnooze":0,"activity":-0.0024,"lastBolusTime":1702973619658,"time":"2023-12-19T12:38:24.609Z"}},{"iob":0,"basaliob":-0.003,"bolussnooze":0,"activity":0,"lastBolusTime":1702973619658,"time":"2023-12-19T12:43:24.609Z","iobWithZeroTemp":{"iob":-0.209,"basaliob":-0.212,"bolussnooze":0,"activity":-0.0025,"lastBolusTime":1702973619658,"time":"2023-12-19T12:43:24.609Z"}},{"iob":0.001,"basaliob":-0.002,"bolussnooze":0,"activity":0,"lastBolusTime":1702973619658,"time":"2023-12-19T12:48:24.609Z","iobWithZeroTemp":{"iob":-0.208,"basaliob":-0.211,"bolussnooze":0,"activity":-0.0025,"lastBolusTime":1702973619658,"time":"2023-12-19T12:48:24.609Z"}},{"iob":0,"basaliob":-0.002,"bolussnooze":0,"activity":0,"lastBolusTime":1702973619658,"time":"2023-12-19T12:53:24.609Z","iobWithZeroTemp":{"iob":-0.209,"basaliob":-0.211,"bolussnooze":0,"activity":-0.0025,"lastBolusTime":1702973619658,"time":"2023-12-19T12:53:24.609Z"}},{"iob":0,"basaliob":-0.002,"bolussnooze":0,"activity":1.0E-4,"lastBolusTime":1702973619658,"time":"2023-12-19T12:58:24.609Z","iobWithZeroTemp":{"iob":-0.21,"basaliob":-0.212,"bolussnooze":0,"activity":-0.0024,"lastBolusTime":1702973619658,"time":"2023-12-19T12:58:24.609Z"}},{"iob":-0.001,"basaliob":-0.002,"bolussnooze":0,"activity":1.0E-4,"lastBolusTime":1702973619658,"time":"2023-12-19T13:03:24.609Z","iobWithZeroTemp":{"iob":-0.211,"basaliob":-0.212,"bolussnooze":0,"activity":-0.0024,"lastBolusTime":1702973619658,"time":"2023-12-19T13:03:24.609Z"}},{"iob":0,"basaliob":-0.001,"bolussnooze":0,"activity":1.0E-4,"lastBolusTime":1702973619658,"time":"2023-12-19T13:08:24.609Z","iobWithZeroTemp":{"iob":-0.21,"basaliob":-0.211,"bolussnooze":0,"activity":-0.0024,"lastBolusTime":1702973619658,"time":"2023-12-19T13:08:24.609Z"}},{"iob":0,"basaliob":-0.001,"bolussnooze":0,"activity":0,"lastBolusTime":1702973619658,"time":"2023-12-19T13:13:24.609Z","iobWithZeroTemp":{"iob":-0.21,"basaliob":-0.211,"bolussnooze":0,"activity":-0.0025,"lastBolusTime":1702973619658,"time":"2023-12-19T13:13:24.609Z"}}],"profile":{"max_iob":10,"type":"current","max_daily_basal":0.25,"max_basal":1,"min_bg":90,"max_bg":90,"target_bg":90,"carb_ratio":12.6,"sens":84,"max_daily_safety_multiplier":5,"current_basal_safety_multiplier":5,"lgsThreshold":95,"high_temptarget_raises_sensitivity":false,"low_temptarget_lowers_sensitivity":false,"sensitivity_raises_target":true,"resistance_lowers_target":true,"adv_target_adjustments":false,"exercise_mode":false,"half_basal_exercise_target":160,"maxCOB":120,"skip_neutral_temps":false,"remainingCarbsCap":90,"enableUAM":true,"A52_risk_enable":false,"SMBInterval":5,"enableSMB_with_COB":true,"enableSMB_with_temptarget":false,"allowSMB_with_high_temptarget":false,"enableSMB_always":false,"enableSMB_after_carbs":true,"maxSMBBasalMinutes":120,"maxUAMSMBBasalMinutes":120,"bolus_increment":0.05,"carbsReqThreshold":1,"current_basal":0.20000000298023224,"temptargetSet":false,"autosens_max":1.2,"autosens_min":0.7,"variable_sens":77.9,"insulinDivisor":75,"TDD":22.038035424645045},"autosens_data":{"ratio":1},"meal_data":{"carbs":34,"mealCOB":0,"slopeFromMaxDeviation":-0.509909090909091,"slopeFromMinDeviation":0,"lastBolusTime":1702973619658,"lastCarbTime":1702969059772},"microBolusAllowed":true,"currentTime":1702977505827,"flatBGsDetected":false,"tdd1D":20.141666612277426,"tdd7D":26.78606000595613,"tddLast24H":20.104166604826847,"tddLast4H":4.0875000260770324,"tddLast8to4H":1.0416666741172471},"output":{"temp":"absolute","bg":139,"tick":-3,"eventualBG":105,"targetBG":90,"insulinReq":0,"deliverAt":"2023-12-19T09:18:25.827Z","sensitivityRatio":1,"variable_sens":77.9,"predBGs":{"IOB":[139,136,133,130,128,125,123,121,119,117,115,114,112,111,109,108,107,106,105,104,103,103,102,102,101,101,100,100,100,100,99,99,99,99,99,99,99,98],"ZT":[139,135,131,128,125,122,119,117,114,113,111,110,108,108,107,106,106,106,105,105,106,106,106,107,107,108,108,109,110,111,111],"UAM":[139,135,132,128,125,122,119,117,114,112,110,108,107,105,104,102,101,100,99,98,98,97,96,96,95,95,94,94,94,94,93,93,93,93,93,93,93,92]},"reason":"COB: 0, Dev: 6, BGI: -4, ISF: 78, CR: 12.6, Target: 90, minPredBG 99, minGuardBG 92, IOBpredBG 98, UAMpredBG 92; minGuardBG 92<95 90m left and 0 ~ req 0U\/hr: no temp required","COB":0,"IOB":0.516,"timestamp":"2023-12-19T09:18:25.840Z"}}