{"algorithm":"OpenAPSSMBDynamicISFPlugin","input":{"glucoseStatus":{"glucose":127,"noise":0,"delta":2,"short_avgdelta":1.61,"long_avgdelta":2.92,"date":1702933073000},"currenttemp":{"temp":"absolute","duration":110,"rate":0,"minutesrunning":10},"iob_data":[{"iob":1.223,"basaliob":-0.068,"bolussnooze":0.4962,"activity":0.0157,"lastBolusTime":1702931908716,"time":"2023-12-18T20:58:22.429Z","iobWithZeroTemp":{"iob":1.223,"basaliob":-0.068,"bolussnooze":0.4962,"activity":0.0157,"lastBolusTime":1702931908716,"time":"2023-12-18T20:58:22.429Z"}},{"iob":1.145,"basaliob":-0.065,"bolussnooze":0.4145,"activity":0.0153,"lastBolusTime":1702931908716,"time":"2023-12-18T21:03:22.429Z","iobWithZeroTemp":{"iob":1.135,"basaliob":-0.075,"bolussnooze":0.4145,"activity":0.0153,"lastBolusTime":1702931908716,"time":"2023-12-18T21:03:22.429Z"}},{"iob":1.07,"basaliob":-0.062,"bolussnooze":0.344,"activity":0.0149,"lastBolusTime":1702931908716,"time":"2023-12-18T21:08:22.429Z","iobWithZeroTemp":{"iob":1.048,"basaliob":-0.084,"bolussnooze":0.344,"activity":0.0149,"lastBolusTime":1702931908716,"time":"2023-12-18T21:08:22.429Z"}},{"iob":0.996,"basaliob":-0.059,"bolussnooze":0.2837,"activity":0.0144,"lastBolusTime":1702931908716,"time":"2023-12-18T21:13:22.429Z","iobWithZeroTemp":{"iob":0.961,"basaliob":-0.094,"bolussnooze":0.2837,"activity":0.0143,"lastBolusTime":1702931908716,"time":"2023-12-18T21:13:22.429Z"}},{"iob":0.926,"basaliob":-0.056,"bolussnooze":0.2325,"activity":0.0138,"lastBolusTime":1702931908716,"time":"2023-12-18T21:18:22.429Z","iobWithZeroTemp":{"iob":0.88,"basaliob":-0.102,"bolussnooze":0.2325,"activity":0.0136,"lastBolusTime":1702931908716,"time":"2023-12-18T21:18:22.429Z"}},{"iob":0.859,"basaliob":-0.052,"bolussnooze":0.1893,"activity":0.0132,"lastBolusTime":1702931908716,"time":"2023-12-18T21:23:22.429Z","iobWithZeroTemp":{"iob":0.801,"basaliob":-0.11,"bolussnooze":0.1893,"activity":0.0129,"lastBolusTime":1702931908716,"time":"2023-12-18T21:23:22.429Z"}},{"iob":0.794,"basaliob":-0.049,"bolussnooze":0.1532,"activity":0.0126,"lastBolusTime":1702931908716,"time":"2023-12-18T21:28:22.429Z","iobWithZeroTemp":{"iob":0.725,"basaliob":-0.118,"bolussnooze":0.1532,"activity":0.0122,"lastBolusTime":1702931908716,"time":"2023-12-18T21:28:22.429Z"}},{"iob":0.733,"basaliob":-0.046,"bolussnooze":0.1231,"activity":0.0119,"lastBolusTime":1702931908716,"time":"2023-12-18T21:33:22.429Z","iobWithZeroTemp":{"iob":0.654,"basaliob":-0.125,"bolussnooze":0.1231,"activity":0.0114,"lastBolusTime":1702931908716,"time":"2023-12-18T21:33:22.429Z"}},{"iob":0.676,"basaliob":-0.043,"bolussnooze":0.0982,"activity":0.0112,"lastBolusTime":1702931908716,"time":"2023-12-18T21:38:22.429Z","iobWithZeroTemp":{"iob":0.587,"basaliob":-0.132,"bolussnooze":0.0982,"activity":0.0106,"lastBolusTime":1702931908716,"time":"2023-12-18T21:38:22.429Z"}},{"iob":0.622,"basaliob":-0.04,"bolussnooze":0.0777,"activity":0.0105,"lastBolusTime":1702931908716,"time":"2023-12-18T21:43:22.429Z","iobWithZeroTemp":{"iob":0.523,"basaliob":-0.139,"bolussnooze":0.0777,"activity":0.0098,"lastBolusTime":1702931908716,"time":"2023-12-18T21:43:22.429Z"}},{"iob":0.571,"basaliob":-0.037,"bolussnooze":0.061,"activity":0.0098,"lastBolusTime":1702931908716,"time":"2023-12-18T21:48:22.429Z","iobWithZeroTemp":{"iob":0.464,"basaliob":-0.144,"bolussnooze":0.061,"activity":0.009,"lastBolusTime":1702931908716,"time":"2023-12-18T21:48:22.429Z"}},{"iob":0.524,"basaliob":-0.034,"bolussnooze":0.0474,"activity":0.0092,"lastBolusTime":1702931908716,"time":"2023-12-18T21:53:22.429Z","iobWithZeroTemp":{"iob":0.408,"basaliob":-0.15,"bolussnooze":0.0474,"activity":0.0083,"lastBolusTime":1702931908716,"time":"2023-12-18T21:53:22.429Z"}},{"iob":0.479,"basaliob":-0.032,"bolussnooze":0.0365,"activity":0.0086,"lastBolusTime":1702931908716,"time":"2023-12-18T21:58:22.429Z","iobWithZeroTemp":{"iob":0.355,"basaliob":-0.156,"bolussnooze":0.0365,"activity":0.0076,"lastBolusTime":1702931908716,"time":"2023-12-18T21:58:22.429Z"}},{"iob":0.438,"basaliob":-0.029,"bolussnooze":0.0278,"activity":0.008,"lastBolusTime":1702931908716,"time":"2023-12-18T22:03:22.429Z","iobWithZeroTemp":{"iob":0.303,"basaliob":-0.164,"bolussnooze":0.0278,"activity":0.0069,"lastBolusTime":1702931908716,"time":"2023-12-18T22:03:22.429Z"}},{"iob":0.399,"basaliob":-0.027,"bolussnooze":0.0208,"activity":0.0075,"lastBolusTime":1702931908716,"time":"2023-12-18T22:08:22.429Z","iobWithZeroTemp":{"iob":0.253,"basaliob":-0.173,"bolussnooze":0.0208,"activity":0.0063,"lastBolusTime":1702931908716,"time":"2023-12-18T22:08:22.429Z"}},{"iob":0.363,"basaliob":-0.025,"bolussnooze":0.0154,"activity":0.0069,"lastBolusTime":1702931908716,"time":"2023-12-18T22:13:22.429Z","iobWithZeroTemp":{"iob":0.207,"basaliob":-0.181,"bolussnooze":0.0154,"activity":0.0056,"lastBolusTime":1702931908716,"time":"2023-12-18T22:13:22.429Z"}},{"iob":0.33,"basaliob":-0.023,"bolussnooze":0.0111,"activity":0.0063,"lastBolusTime":1702931908716,"time":"2023-12-18T22:18:22.429Z","iobWithZeroTemp":{"iob":0.164,"basaliob":-0.189,"bolussnooze":0.0111,"activity":0.0049,"lastBolusTime":1702931908716,"time":"2023-12-18T22:18:22.429Z"}},{"iob":0.3,"basaliob":-0.021,"bolussnooze":0.0079,"activity":0.0058,"lastBolusTime":1702931908716,"time":"2023-12-18T22:23:22.429Z","iobWithZeroTemp":{"iob":0.125,"basaliob":-0.196,"bolussnooze":0.0079,"activity":0.0043,"lastBolusTime":1702931908716,"time":"2023-12-18T22:23:22.429Z"}},{"iob":0.272,"basaliob":-0.019,"bolussnooze":0.0054,"activity":0.0054,"lastBolusTime":1702931908716,"time":"2023-12-18T22:28:22.429Z","iobWithZeroTemp":{"iob":0.088,"basaliob":-0.203,"bolussnooze":0.0054,"activity":0.0037,"lastBolusTime":1702931908716,"time":"2023-12-18T22:28:22.429Z"}},{"iob":0.246,"basaliob":-0.017,"bolussnooze":0.0035,"activity":0.005,"lastBolusTime":1702931908716,"time":"2023-12-18T22:33:22.429Z","iobWithZeroTemp":{"iob":0.054,"basaliob":-0.209,"bolussnooze":0.0035,"activity":0.0032,"lastBolusTime":1702931908716,"time":"2023-12-18T22:33:22.429Z"}},{"iob":0.222,"basaliob":-0.016,"bolussnooze":0.0022,"activity":0.0045,"lastBolusTime":1702931908716,"time":"2023-12-18T22:38:22.429Z","iobWithZeroTemp":{"iob":0.022,"basaliob":-0.216,"bolussnooze":0.0022,"activity":0.0026,"lastBolusTime":1702931908716,"time":"2023-12-18T22:38:22.429Z"}},{"iob":0.201,"basaliob":-0.014,"bolussnooze":0.0013,"activity":0.0041,"lastBolusTime":1702931908716,"time":"2023-12-18T22:43:22.429Z","iobWithZeroTemp":{"iob":-0.006,"basaliob":-0.221,"bolussnooze":0.0013,"activity":0.0021,"lastBolusTime":1702931908716,"time":"2023-12-18T22:43:22.429Z"}},{"iob":0.181,"basaliob":-0.013,"bolussnooze":7.0E-4,"activity":0.0038,"lastBolusTime":1702931908716,"time":"2023-12-18T22:48:22.429Z","iobWithZeroTemp":{"iob":-0.032,"basaliob":-0.226,"bolussnooze":7.0E-4,"activity":0.0017,"lastBolusTime":1702931908716,"time":"2023-12-18T22:48:22.429Z"}},{"iob":0.162,"basaliob":-0.012,"bolussnooze":3.0E-4,"activity":0.0035,"lastBolusTime":1702931908716,"time":"2023-12-18T22:53:22.429Z","iobWithZeroTemp":{"iob":-0.057,"basaliob":-0.231,"bolussnooze":3.0E-4,"activity":0.0013,"lastBolusTime":1702931908716,"time":"2023-12-18T22:53:22.429Z"}},{"iob":0.145,"basaliob":-0.011,"bolussnooze":1.0E-4,"activity":0.0032,"lastBolusTime":1702931908716,"time":"2023-12-18T22:58:22.429Z","iobWithZeroTemp":{"iob":-0.08,"basaliob":-0.236,"bolussnooze":1.0E-4,"activity":9.0E-4,"lastBolusTime":1702931908716,"time":"2023-12-18T22:58:22.429Z"}},{"iob":0.13,"basaliob":-0.01,"bolussnooze":0,"activity":0.0029,"lastBolusTime":1702931908716,"time":"2023-12-18T23:03:22.429Z","iobWithZeroTemp":{"iob":-0.1,"basaliob":-0.24,"bolussnooze":0,"activity":6.0E-4,"lastBolusTime":1702931908716,"time":"2023-12-18T23:03:22.429Z"}},{"iob":0.117,"basaliob":-0.009,"bolussnooze":0,"activity":0.0026,"lastBolusTime":1702931908716,"time":"2023-12-18T23:08:22.429Z","iobWithZeroTemp":{"iob":-0.118,"basaliob":-0.244,"bolussnooze":0,"activity":2.0E-4,"lastBolusTime":1702931908716,"time":"2023-12-18T23:08:22.429Z"}},{"iob":0.104,"basaliob":-0.008,"bolussnooze":0,"activity":0.0024,"lastBolusTime":1702931908716,"time":"2023-12-18T23:13:22.429Z","iobWithZeroTemp":{"iob":-0.135,"basaliob":-0.247,"bolussnooze":0,"activity":-1.0E-4,"lastBolusTime":1702931908716,"time":"2023-12-18T23:13:22.429Z"}},{"iob":0.093,"basaliob":-0.007,"bolussnooze":0,"activity":0.0021,"lastBolusTime":1702931908716,"time":"2023-12-18T23:18:22.429Z","iobWithZeroTemp":{"iob":-0.15,"basaliob":-0.25,"bolussnooze":0,"activity":-5.0E-4,"lastBolusTime":1702931908716,"time":"2023-12-18T23:18:22.429Z"}},{"iob":0.082,"basaliob":-0.007,"bolussnooze":0,"activity":0.002,"lastBolusTime":1702931908716,"time":"2023-12-18T23:23:22.429Z","iobWithZeroTemp":{"iob":-0.165,"basaliob":-0.254,"bolussnooze":0,"activity":-6.0E-4,"lastBolusTime":1702931908716,"time":"2023-12-18T23:23:22.429Z"}},{"iob":0.073,"basaliob":-0.006,"bolussnooze":0,"activity":0.0018,"lastBolusTime":1702931908716,"time":"2023-12-18T23:28:22.429Z","iobWithZeroTemp":{"iob":-0.177,"basaliob":-0.256,"bolussnooze":0,"activity":-9.0E-4,"lastBolusTime":1702931908716,"time":"2023-12-18T23:28:22.429Z"}},{"iob":0.065,"basaliob":-0.005,"bolussnooze":0,"activity":0.0016,"lastBolusTime":1702931908716,"time":"2023-12-18T23:33:22.429Z","iobWithZeroTemp":{"iob":-0.188,"basaliob":-0.258,"bolussnooze":0,"activity":-0.0011,"lastBolusTime":1702931908716,"time":"2023-12-18T23:33:22.429Z"}},{"iob":0.057,"basaliob":-0.005,"bolussnooze":0,"activity":0.0014,"lastBolusTime":1702931908716,"time":"2023-12-18T23:38:22.429Z","iobWithZeroTemp":{"iob":-0.199,"basaliob":-0.261,"bolussnooze":0,"activity":-0.0014,"lastBolusTime":1702931908716,"time":"2023-12-18T23:38:22.429Z"}},{"iob":0.051,"basaliob":-0.004,"bolussnooze":0,"activity":0.0013,"lastBolusTime":1702931908716,"time":"2023-12-18T23:43:22.429Z","iobWithZeroTemp":{"iob":-0.208,"basaliob":-0.263,"bolussnooze":0,"activity":-0.0015,"lastBolusTime":1702931908716,"time":"2023-12-18T23:43:22.429Z"}},{"iob":0.044,"basaliob":-0.004,"bolussnooze":0,"activity":0.0011,"lastBolusTime":1702931908716,"time":"2023-12-18T23:48:22.429Z","iobWithZeroTemp":{"iob":-0.217,"basaliob":-0.265,"bolussnooze":0,"activity":-0.0018,"lastBolusTime":1702931908716,"time":"2023-12-18T23:48:22.429Z"}},{"iob":0.039,"basaliob":-0.003,"bolussnooze":0,"activity":0.001,"lastBolusTime":1702931908716,"time":"2023-12-18T23:53:22.429Z","iobWithZeroTemp":{"iob":-0.224,"basaliob":-0.266,"bolussnooze":0,"activity":-0.0019,"lastBolusTime":1702931908716,"time":"2023-12-18T23:53:22.429Z"}},{"iob":0.034,"basaliob":-0.003,"bolussnooze":0,"activity":9.0E-4,"lastBolusTime":1702931908716,"time":"2023-12-18T23:58:22.429Z","iobWithZeroTemp":{"iob":-0.231,"basaliob":-0.268,"bolussnooze":0,"activity":-0.0021,"lastBolusTime":1702931908716,"time":"2023-12-18T23:58:22.429Z"}},{"iob":0.029,"basaliob":-0.003,"bolussnooze":0,"activity":8.0E-4,"lastBolusTime":1702931908716,"time":"2023-12-19T00:03:22.429Z","iobWithZeroTemp":{"iob":-0.233,"basaliob":-0.265,"bolussnooze":0,"activity":-0.0022,"lastBolusTime":1702931908716,"time":"2023-12-19T00:03:22.429Z"}},{"iob":0.026,"basaliob":-0.002,"bolussnooze":0,"activity":7.0E-4,"lastBolusTime":1702931908716,"time":"2023-12-19T00:08:22.429Z","iobWithZeroTemp":{"iob":-0.234,"basaliob":-0.262,"bolussnooze":0,"activity":-0.0023,"lastBolusTime":1702931908716,"time":"2023-12-19T00:08:22.429Z"}},{"iob":0.022,"basaliob":-0.002,"bolussnooze":0,"activity":6.0E-4,"lastBolusTime":1702931908716,"time":"2023-12-19T00:13:22.429Z","iobWithZeroTemp":{"iob":-0.235,"basaliob":-0.259,"bolussnooze":0,"activity":-0.0024,"lastBolusTime":1702931908716,"time":"2023-12-19T00:13:22.429Z"}},{"iob":0.019,"basaliob":-0.002,"bolussnooze":0,"activity":6.0E-4,"lastBolusTime":1702931908716,"time":"2023-12-19T00:18:22.429Z","iobWithZeroTemp":{"iob":-0.236,"basaliob":-0.257,"bolussnooze":0,"activity":-0.0024,"lastBolusTime":1702931908716,"time":"2023-12-19T00:18:22.429Z"}},{"iob":0.016,"basaliob":-0.002,"bolussnooze":0,"activity":6.0E-4,"lastBolusTime":1702931908716,"time":"2023-12-19T00:23:22.429Z","iobWithZeroTemp":{"iob":-0.236,"basaliob":-0.254,"bolussnooze":0,"activity":-0.0024,"lastBolusTime":1702931908716,"time":"2023-12-19T00:23:22.429Z"}},{"iob":0.014,"basaliob":-0.001,"bolussnooze":0,"activity":5.0E-4,"lastBolusTime":1702931908716,"time":"2023-12-19T00:28:22.429Z","iobWithZeroTemp":{"iob":-0.235,"basaliob":-0.25,"bolussnooze":0,"activity":-0.0025,"lastBolusTime":1702931908716,"time":"2023-12-19T00:28:22.429Z"}},{"iob":0.012,"basaliob":-0.001,"bolussnooze":0,"activity":4.0E-4,"lastBolusTime":1702931908716,"time":"2023-12-19T00:33:22.429Z","iobWithZeroTemp":{"iob":-0.235,"basaliob":-0.248,"bolussnooze":0,"activity":-0.0026,"lastBolusTime":1702931908716,"time":"2023-12-19T00:33:22.429Z"}},{"iob":0.01,"basaliob":-0.001,"bolussnooze":0,"activity":4.0E-4,"lastBolusTime":1702931908716,"time":"2023-12-19T00:38:22.429Z","iobWithZeroTemp":{"iob":-0.234,"basaliob":-0.245,"bolussnooze":0,"activity":-0.0026,"lastBolusTime":1702931908716,"time":"2023-12-19T00:38:22.429Z"}},{"iob":0.008,"basaliob":-0.001,"bolussnooze":0,"activity":3.0E-4,"lastBolusTime":1702931908716,"time":"2023-12-19T00:43:22.429Z","iobWithZeroTemp":{"iob":-0.234,"basaliob":-0.243,"bolussnooze":0,"activity":-0.0027,"lastBolusTime":1702931908716,"time":"2023-12-19T00:43:22.429Z"}},{"iob":0.007,"basaliob":-0.001,"bolussnooze":0,"activity":3.0E-4,"lastBolusTime":1702931908716,"time":"2023-12-19T00:48:22.429Z","iobWithZeroTemp":{"iob":-0.233,"basaliob":-0.241,"bolussnooze":0,"activity":-0.0026,"lastBolusTime":1702931908716,"time":"2023-12-19T00:48:22.429Z"}},{"iob":0.005,"basaliob":-0.001,"bolussnooze":0,"activity":2.0E-4,"lastBolusTime":1702931908716,"time":"2023-12-19T00:53:22.429Z","iobWithZeroTemp":{"iob":-0.233,"basaliob":-0.239,"bolussnooze":0,"activity":-0.0027,"lastBolusTime":1702931908716,"time":"2023-12-19T00:53:22.429Z"}}],"profile":{"max_iob":10,"type":"current","max_daily_basal":0.25,"max_basal":0.75,"min_bg":90,"max_bg":90,"target_bg":90,"carb_ratio":14.8,"sens":84,"max_daily_safety_multiplier":5,"current_basal_safety_multiplier":5,"lgsThreshold":95,"high_temptarget_raises_sensitivity":false,"low_temptarget_lowers_sensitivity":false,"sensitivity_raises_target":true,"resistance_lowers_target":true,"adv_target_adjustments":false,"exercise_mode":false,"half_basal_exercise_target":160,"maxCOB":120,"skip_neutral_temps":false,"remainingCarbsCap":90,"enableUAM":true,"A52_risk_enable":false,"SMBInterval":5,"enableSMB_with_COB":true,"enableSMB_with_temptarget":false,"allowSMB_with_high_temptarget":false,"enableSMB_always":false,"enableSMB_after_carbs":true,"maxSMBBasalMinutes":120,"maxUAMSMBBasalMinutes":120,"bolus_increment":0.05,"carbsReqThreshold":1,"current_basal":0.15000000596046448,"temptargetSet":false,"autosens_max":1.2,"autosens_min":0.7,"variable_sens":73.2,"insulinDivisor":75,"TDD":24.834496347660707},"autosens_data":{"ratio":1},"meal_data":{"carbs":25,"mealCOB":14.660790476190472,"slopeFromMaxDeviation":-1.2913333333333332,"slopeFromMinDeviation":0.47845454545454547,"lastBolusTime":1702931908716,"lastCarbTime":1702931222433},"microBolusAllowed":true,"currentTime":1702933103635,"flatBGsDetected":false,"tdd1D":22.354166475186748,"tdd7D":26.782783919711285,"tddLast24H":19.004166587690513,"tddLast4H":2.366666621218125,"tddLast8to4H":8.537499900907278},"output":{"temp":"absolute","bg":127,"tick":"+2","eventualBG":104,"targetBG":90,"insulinReq":0,"deliverAt":"2023-12-18T20:58:23.635Z","sensitivityRatio":1,"variable_sens":73.2,"predBGs":{"IOB":[127,128,129,129,128,128,127,125,123,121,118,115,111,108,105,102,99,96,93,91,89,87,85,83,81,80,78,77,76,75,74,73,72,71,70,70,69,69,68,68,67,67,67,66],"ZT":[127,121,116,110,104,98,93,87,82,77,72,67,62,57,53,49,45,41,39,39,39,39,39,39,39,39,39,39,39,39,39,39,39,39,39,39,39,39,39,39,40,42,44,46,48,49,51,53],"COB":[127,128,129,130,131,131,132,132,132,132,131,131,131,130,129,128,127,126,124,122,120,119,117,116,115,113,112,111,111,110,109,108,108,107,107,106,106,106,105,105,105,105,105,104],"UAM":[127,127,127,125,122,117,112,107,102,98,93,89,84,80,76,72,69,65,62,59,56,53,50,47,44,42,40,39]},"reason":"COB: 14.7, Dev: 44, BGI: -6, ISF: 73, CR: 14.8, Target: 90, minPredBG 69, minGuardBG 69, IOBpredBG 66, COBpredBG 104, UAMpredBG 39; minGuardBG 69<95","COB":14.660790476190472,"IOB":1.223,"duration":120,"rate":0,"timestamp":"2023-12-18T20:58:23.660Z"}}