{"algorithm":"OpenAPSSMBDynamicISFPlugin","input":{"glucoseStatus":{"glucose":97,"noise":0,"delta":-2,"short_avgdelta":-1.5,"long_avgdelta":-0.51,"date":1702927673000},"currenttemp":{"temp":"absolute","duration":55,"rate":0,"minutesrunning":5},"iob_data":[{"iob":-0.064,"basaliob":-0.084,"bolussnooze":0,"activity":-8.0E-4,"lastBolusTime":1702916312788,"time":"2023-12-18T19:28:22.752Z","iobWithZeroTemp":{"iob":-0.064,"basaliob":-0.084,"bolussnooze":0,"activity":-8.0E-4,"lastBolusTime":1702916312788,"time":"2023-12-18T19:28:22.752Z"}},{"iob":-0.061,"basaliob":-0.078,"bolussnooze":0,"activity":-8.0E-4,"lastBolusTime":1702916312788,"time":"2023-12-18T19:33:22.752Z","iobWithZeroTemp":{"iob":-0.071,"basaliob":-0.088,"bolussnooze":0,"activity":-8.0E-4,"lastBolusTime":1702916312788,"time":"2023-12-18T19:33:22.752Z"}},{"iob":-0.057,"basaliob":-0.072,"bolussnooze":0,"activity":-8.0E-4,"lastBolusTime":1702916312788,"time":"2023-12-18T19:38:22.752Z","iobWithZeroTemp":{"iob":-0.079,"basaliob":-0.094,"bolussnooze":0,"activity":-8.0E-4,"lastBolusTime":1702916312788,"time":"2023-12-18T19:38:22.752Z"}},{"iob":-0.053,"basaliob":-0.066,"bolussnooze":0,"activity":-7.0E-4,"lastBolusTime":1702916312788,"time":"2023-12-18T19:43:22.752Z","iobWithZeroTemp":{"iob":-0.088,"basaliob":-0.101,"bolussnooze":0,"activity":-8.0E-4,"lastBolusTime":1702916312788,"time":"2023-12-18T19:43:22.752Z"}},{"iob":-0.049,"basaliob":-0.06,"bolussnooze":0,"activity":-8.0E-4,"lastBolusTime":1702916312788,"time":"2023-12-18T19:48:22.752Z","iobWithZeroTemp":{"iob":-0.095,"basaliob":-0.106,"bolussnooze":0,"activity":-0.001,"lastBolusTime":1702916312788,"time":"2023-12-18T19:48:22.752Z"}},{"iob":-0.045,"basaliob":-0.055,"bolussnooze":0,"activity":-7.0E-4,"lastBolusTime":1702916312788,"time":"2023-12-18T19:53:22.752Z","iobWithZeroTemp":{"iob":-0.103,"basaliob":-0.113,"bolussnooze":0,"activity":-0.001,"lastBolusTime":1702916312788,"time":"2023-12-18T19:53:22.752Z"}},{"iob":-0.043,"basaliob":-0.051,"bolussnooze":0,"activity":-6.0E-4,"lastBolusTime":1702916312788,"time":"2023-12-18T19:58:22.752Z","iobWithZeroTemp":{"iob":-0.112,"basaliob":-0.12,"bolussnooze":0,"activity":-0.001,"lastBolusTime":1702916312788,"time":"2023-12-18T19:58:22.752Z"}},{"iob":-0.039,"basaliob":-0.046,"bolussnooze":0,"activity":-7.0E-4,"lastBolusTime":1702916312788,"time":"2023-12-18T20:03:22.752Z","iobWithZeroTemp":{"iob":-0.118,"basaliob":-0.125,"bolussnooze":0,"activity":-0.0012,"lastBolusTime":1702916312788,"time":"2023-12-18T20:03:22.752Z"}},{"iob":-0.036,"basaliob":-0.042,"bolussnooze":0,"activity":-6.0E-4,"lastBolusTime":1702916312788,"time":"2023-12-18T20:08:22.752Z","iobWithZeroTemp":{"iob":-0.125,"basaliob":-0.131,"bolussnooze":0,"activity":-0.0012,"lastBolusTime":1702916312788,"time":"2023-12-18T20:08:22.752Z"}},{"iob":-0.033,"basaliob":-0.038,"bolussnooze":0,"activity":-5.0E-4,"lastBolusTime":1702916312788,"time":"2023-12-18T20:13:22.752Z","iobWithZeroTemp":{"iob":-0.132,"basaliob":-0.137,"bolussnooze":0,"activity":-0.0012,"lastBolusTime":1702916312788,"time":"2023-12-18T20:13:22.752Z"}},{"iob":-0.031,"basaliob":-0.035,"bolussnooze":0,"activity":-6.0E-4,"lastBolusTime":1702916312788,"time":"2023-12-18T20:18:22.752Z","iobWithZeroTemp":{"iob":-0.138,"basaliob":-0.142,"bolussnooze":0,"activity":-0.0014,"lastBolusTime":1702916312788,"time":"2023-12-18T20:18:22.752Z"}},{"iob":-0.027,"basaliob":-0.031,"bolussnooze":0,"activity":-5.0E-4,"lastBolusTime":1702916312788,"time":"2023-12-18T20:23:22.752Z","iobWithZeroTemp":{"iob":-0.143,"basaliob":-0.147,"bolussnooze":0,"activity":-0.0014,"lastBolusTime":1702916312788,"time":"2023-12-18T20:23:22.752Z"}},{"iob":-0.025,"basaliob":-0.028,"bolussnooze":0,"activity":-5.0E-4,"lastBolusTime":1702916312788,"time":"2023-12-18T20:28:22.752Z","iobWithZeroTemp":{"iob":-0.149,"basaliob":-0.152,"bolussnooze":0,"activity":-0.0015,"lastBolusTime":1702916312788,"time":"2023-12-18T20:28:22.752Z"}},{"iob":-0.022,"basaliob":-0.025,"bolussnooze":0,"activity":-4.0E-4,"lastBolusTime":1702916312788,"time":"2023-12-18T20:33:22.752Z","iobWithZeroTemp":{"iob":-0.153,"basaliob":-0.156,"bolussnooze":0,"activity":-0.0015,"lastBolusTime":1702916312788,"time":"2023-12-18T20:33:22.752Z"}},{"iob":-0.021,"basaliob":-0.023,"bolussnooze":0,"activity":-4.0E-4,"lastBolusTime":1702916312788,"time":"2023-12-18T20:38:22.752Z","iobWithZeroTemp":{"iob":-0.159,"basaliob":-0.161,"bolussnooze":0,"activity":-0.0016,"lastBolusTime":1702916312788,"time":"2023-12-18T20:38:22.752Z"}},{"iob":-0.019,"basaliob":-0.021,"bolussnooze":0,"activity":-3.0E-4,"lastBolusTime":1702916312788,"time":"2023-12-18T20:43:22.752Z","iobWithZeroTemp":{"iob":-0.163,"basaliob":-0.165,"bolussnooze":0,"activity":-0.0016,"lastBolusTime":1702916312788,"time":"2023-12-18T20:43:22.752Z"}},{"iob":-0.018,"basaliob":-0.019,"bolussnooze":0,"activity":-3.0E-4,"lastBolusTime":1702916312788,"time":"2023-12-18T20:48:22.752Z","iobWithZeroTemp":{"iob":-0.168,"basaliob":-0.169,"bolussnooze":0,"activity":-0.0017,"lastBolusTime":1702916312788,"time":"2023-12-18T20:48:22.752Z"}},{"iob":-0.016,"basaliob":-0.017,"bolussnooze":0,"activity":-3.0E-4,"lastBolusTime":1702916312788,"time":"2023-12-18T20:53:22.752Z","iobWithZeroTemp":{"iob":-0.172,"basaliob":-0.173,"bolussnooze":0,"activity":-0.0018,"lastBolusTime":1702916312788,"time":"2023-12-18T20:53:22.752Z"}},{"iob":-0.014,"basaliob":-0.015,"bolussnooze":0,"activity":-3.0E-4,"lastBolusTime":1702916312788,"time":"2023-12-18T20:58:22.752Z","iobWithZeroTemp":{"iob":-0.175,"basaliob":-0.176,"bolussnooze":0,"activity":-0.0018,"lastBolusTime":1702916312788,"time":"2023-12-18T20:58:22.752Z"}},{"iob":-0.012,"basaliob":-0.013,"bolussnooze":0,"activity":-3.0E-4,"lastBolusTime":1702916312788,"time":"2023-12-18T21:03:22.752Z","iobWithZeroTemp":{"iob":-0.177,"basaliob":-0.178,"bolussnooze":0,"activity":-0.0019,"lastBolusTime":1702916312788,"time":"2023-12-18T21:03:22.752Z"}},{"iob":-0.011,"basaliob":-0.012,"bolussnooze":0,"activity":-3.0E-4,"lastBolusTime":1702916312788,"time":"2023-12-18T21:08:22.752Z","iobWithZeroTemp":{"iob":-0.18,"basaliob":-0.181,"bolussnooze":0,"activity":-0.002,"lastBolusTime":1702916312788,"time":"2023-12-18T21:08:22.752Z"}},{"iob":-0.011,"basaliob":-0.011,"bolussnooze":0,"activity":-2.0E-4,"lastBolusTime":1702916312788,"time":"2023-12-18T21:13:22.752Z","iobWithZeroTemp":{"iob":-0.184,"basaliob":-0.184,"bolussnooze":0,"activity":-0.0019,"lastBolusTime":1702916312788,"time":"2023-12-18T21:13:22.752Z"}},{"iob":-0.01,"basaliob":-0.01,"bolussnooze":0,"activity":-2.0E-4,"lastBolusTime":1702916312788,"time":"2023-12-18T21:18:22.752Z","iobWithZeroTemp":{"iob":-0.187,"basaliob":-0.187,"bolussnooze":0,"activity":-0.002,"lastBolusTime":1702916312788,"time":"2023-12-18T21:18:22.752Z"}},{"iob":-0.009,"basaliob":-0.009,"bolussnooze":0,"activity":-2.0E-4,"lastBolusTime":1702916312788,"time":"2023-12-18T21:23:22.752Z","iobWithZeroTemp":{"iob":-0.189,"basaliob":-0.189,"bolussnooze":0,"activity":-0.0021,"lastBolusTime":1702916312788,"time":"2023-12-18T21:23:22.752Z"}},{"iob":-0.008,"basaliob":-0.008,"bolussnooze":0,"activity":-2.0E-4,"lastBolusTime":1702916312788,"time":"2023-12-18T21:28:22.752Z","iobWithZeroTemp":{"iob":-0.191,"basaliob":-0.191,"bolussnooze":0,"activity":-0.0021,"lastBolusTime":1702916312788,"time":"2023-12-18T21:28:22.752Z"}},{"iob":-0.007,"basaliob":-0.007,"bolussnooze":0,"activity":-2.0E-4,"lastBolusTime":1702916312788,"time":"2023-12-18T21:33:22.752Z","iobWithZeroTemp":{"iob":-0.193,"basaliob":-0.193,"bolussnooze":0,"activity":-0.0022,"lastBolusTime":1702916312788,"time":"2023-12-18T21:33:22.752Z"}},{"iob":-0.006,"basaliob":-0.006,"bolussnooze":0,"activity":-1.0E-4,"lastBolusTime":1702916312788,"time":"2023-12-18T21:38:22.752Z","iobWithZeroTemp":{"iob":-0.195,"basaliob":-0.195,"bolussnooze":0,"activity":-0.0021,"lastBolusTime":1702916312788,"time":"2023-12-18T21:38:22.752Z"}},{"iob":-0.005,"basaliob":-0.005,"bolussnooze":0,"activity":-1.0E-4,"lastBolusTime":1702916312788,"time":"2023-12-18T21:43:22.752Z","iobWithZeroTemp":{"iob":-0.196,"basaliob":-0.196,"bolussnooze":0,"activity":-0.0022,"lastBolusTime":1702916312788,"time":"2023-12-18T21:43:22.752Z"}},{"iob":-0.005,"basaliob":-0.005,"bolussnooze":0,"activity":-1.0E-4,"lastBolusTime":1702916312788,"time":"2023-12-18T21:48:22.752Z","iobWithZeroTemp":{"iob":-0.198,"basaliob":-0.198,"bolussnooze":0,"activity":-0.0022,"lastBolusTime":1702916312788,"time":"2023-12-18T21:48:22.752Z"}},{"iob":-0.004,"basaliob":-0.004,"bolussnooze":0,"activity":-1.0E-4,"lastBolusTime":1702916312788,"time":"2023-12-18T21:53:22.752Z","iobWithZeroTemp":{"iob":-0.199,"basaliob":-0.199,"bolussnooze":0,"activity":-0.0022,"lastBolusTime":1702916312788,"time":"2023-12-18T21:53:22.752Z"}},{"iob":-0.004,"basaliob":-0.004,"bolussnooze":0,"activity":-1.0E-4,"lastBolusTime":1702916312788,"time":"2023-12-18T21:58:22.752Z","iobWithZeroTemp":{"iob":-0.201,"basaliob":-0.201,"bolussnooze":0,"activity":-0.0023,"lastBolusTime":1702916312788,"time":"2023-12-18T21:58:22.752Z"}},{"iob":-0.003,"basaliob":-0.003,"bolussnooze":0,"activity":-1.0E-4,"lastBolusTime":1702916312788,"time":"2023-12-18T22:03:22.752Z","iobWithZeroTemp":{"iob":-0.205,"basaliob":-0.205,"bolussnooze":0,"activity":-0.0023,"lastBolusTime":1702916312788,"time":"2023-12-18T22:03:22.752Z"}},{"iob":-0.003,"basaliob":-0.003,"bolussnooze":0,"activity":-1.0E-4,"lastBolusTime":1702916312788,"time":"2023-12-18T22:08:22.752Z","iobWithZeroTemp":{"iob":-0.211,"basaliob":-0.211,"bolussnooze":0,"activity":-0.0024,"lastBolusTime":1702916312788,"time":"2023-12-18T22:08:22.752Z"}},{"iob":-0.002,"basaliob":-0.002,"bolussnooze":0,"activity":-1.0E-4,"lastBolusTime":1702916312788,"time":"2023-12-18T22:13:22.752Z","iobWithZeroTemp":{"iob":-0.215,"basaliob":-0.215,"bolussnooze":0,"activity":-0.0024,"lastBolusTime":1702916312788,"time":"2023-12-18T22:13:22.752Z"}},{"iob":-0.002,"basaliob":-0.002,"bolussnooze":0,"activity":-1.0E-4,"lastBolusTime":1702916312788,"time":"2023-12-18T22:18:22.752Z","iobWithZeroTemp":{"iob":-0.22,"basaliob":-0.22,"bolussnooze":0,"activity":-0.0025,"lastBolusTime":1702916312788,"time":"2023-12-18T22:18:22.752Z"}},{"iob":-0.002,"basaliob":-0.002,"bolussnooze":0,"activity":-1.0E-4,"lastBolusTime":0,"time":"2023-12-18T22:23:22.752Z","iobWithZeroTemp":{"iob":-0.225,"basaliob":-0.225,"bolussnooze":0,"activity":-0.0025,"lastBolusTime":0,"time":"2023-12-18T22:23:22.752Z"}},{"iob":-0.002,"basaliob":-0.002,"bolussnooze":0,"activity":0,"lastBolusTime":0,"time":"2023-12-18T22:28:22.752Z","iobWithZeroTemp":{"iob":-0.229,"basaliob":-0.229,"bolussnooze":0,"activity":-0.0025,"lastBolusTime":0,"time":"2023-12-18T22:28:22.752Z"}},{"iob":-0.001,"basaliob":-0.001,"bolussnooze":0,"activity":0,"lastBolusTime":0,"time":"2023-12-18T22:33:22.752Z","iobWithZeroTemp":{"iob":-0.232,"basaliob":-0.232,"bolussnooze":0,"activity":-0.0025,"lastBolusTime":0,"time":"2023-12-18T22:33:22.752Z"}},{"iob":-0.001,"basaliob":-0.001,"bolussnooze":0,"activity":0,"lastBolusTime":0,"time":"2023-12-18T22:38:22.752Z","iobWithZeroTemp":{"iob":-0.236,"basaliob":-0.236,"bolussnooze":0,"activity":-0.0026,"lastBolusTime":0,"time":"2023-12-18T22:38:22.752Z"}},{"iob":-0.001,"basaliob":-0.001,"bolussnooze":0,"activity":0,"lastBolusTime":0,"time":"2023-12-18T22:43:22.752Z","iobWithZeroTemp":{"iob":-0.24,"basaliob":-0.24,"bolussnooze":0,"activity":-0.0026,"lastBolusTime":0,"time":"2023-12-18T22:43:22.752Z"}},{"iob":-0.001,"basaliob":-0.001,"bolussnooze":0,"activity":0,"lastBolusTime":0,"time":"2023-12-18T22:48:22.752Z","iobWithZeroTemp":{"iob":-0.244,"basaliob":-0.244,"bolussnooze":0,"activity":-0.0027,"lastBolusTime":0,"time":"2023-12-18T22:48:22.752Z"}},{"iob":-0.001,"basaliob":-0.001,"bolussnooze":0,"activity":0,"lastBolusTime":0,"time":"2023-12-18T22:53:22.752Z","iobWithZeroTemp":{"iob":-0.247,"basaliob":-0.247,"bolussnooze":0,"activity":-0.0027,"lastBolusTime":0,"time":"2023-12-18T22:53:22.752Z"}},{"iob":-0.001,"basaliob":-0.001,"bolussnooze":0,"activity":0,"lastBolusTime":0,"time":"2023-12-18T22:58:22.752Z","iobWithZeroTemp":{"iob":-0.25,"basaliob":-0.25,"bolussnooze":0,"activity":-0.0027,"lastBolusTime":0,"time":"2023-12-18T22:58:22.752Z"}},{"iob":0,"basaliob":0,"bolussnooze":0,"activity":0,"lastBolusTime":0,"time":"2023-12-18T23:03:22.752Z","iobWithZeroTemp":{"iob":-0.252,"basaliob":-0.252,"bolussnooze":0,"activity":-0.0028,"lastBolusTime":0,"time":"2023-12-18T23:03:22.752Z"}},{"iob":0,"basaliob":0,"bolussnooze":0,"activity":0,"lastBolusTime":0,"time":"2023-12-18T23:08:22.752Z","iobWithZeroTemp":{"iob":-0.254,"basaliob":-0.254,"bolussnooze":0,"activity":-0.0028,"lastBolusTime":0,"time":"2023-12-18T23:08:22.752Z"}},{"iob":0,"basaliob":0,"bolussnooze":0,"activity":0,"lastBolusTime":0,"time":"2023-12-18T23:13:22.752Z","iobWithZeroTemp":{"iob":-0.257,"basaliob":-0.257,"bolussnooze":0,"activity":-0.0029,"lastBolusTime":0,"time":"2023-12-18T23:13:22.752Z"}},{"iob":0,"basaliob":0,"bolussnooze":0,"activity":0,"lastBolusTime":0,"time":"2023-12-18T23:18:22.752Z","iobWithZeroTemp":{"iob":-0.259,"basaliob":-0.259,"bolussnooze":0,"activity":-0.0029,"lastBolusTime":0,"time":"2023-12-18T23:18:22.752Z"}},{"iob":0,"basaliob":0,"bolussnooze":0,"activity":0,"lastBolusTime":0,"time":"2023-12-18T23:23:22.752Z","iobWithZeroTemp":{"iob":-0.261,"basaliob":-0.261,"bolussnooze":0,"activity":-0.0029,"lastBolusTime":0,"time":"2023-12-18T23:23:22.752Z"}}],"profile":{"max_iob":10,"type":"current","max_daily_basal":0.25,"max_basal":0.75,"min_bg":105,"max_bg":105,"target_bg":105,"carb_ratio":14.8,"sens":84,"max_daily_safety_multiplier":5,"current_basal_safety_multiplier":5,"lgsThreshold":95,"high_temptarget_raises_sensitivity":false,"low_temptarget_lowers_sensitivity":false,"sensitivity_raises_target":true,"resistance_lowers_target":true,"adv_target_adjustments":false,"exercise_mode":false,"half_basal_exercise_target":160,"maxCOB":120,"skip_neutral_temps":false,"remainingCarbsCap":90,"enableUAM":true,"A52_risk_enable":false,"SMBInterval":5,"enableSMB_with_COB":true,"enableSMB_with_temptarget":false,"allowSMB_with_high_temptarget":false,"enableSMB_always":false,"enableSMB_after_carbs":true,"maxSMBBasalMinutes":120,"maxUAMSMBBasalMinutes":120,"bolus_increment":0.05,"carbsReqThreshold":1,"current_basal":0.15000000596046448,"temptargetSet":true,"autosens_max":1.2,"autosens_min":0.7,"variable_sens":95.5,"insulinDivisor":75,"TDD":22.71754642540454},"autosens_data":{"ratio":1},"meal_data":{"carbs":0,"mealCOB":0,"slopeFromMaxDeviation":-0.2333,"slopeFromMinDeviation":0,"lastBolusTime":1702916312788,"lastCarbTime":0},"microBolusAllowed":true,"currentTime":1702927703822,"flatBGsDetected":false,"tdd1D":22.354166475186748,"tdd7D":26.782783919711285,"tddLast24H":18.662500005960464,"tddLast4H":0.8125000186264515,"tddLast8to4H":8.599999882280827},"output":{"temp":"absolute","bg":97,"tick":-2,"eventualBG":98,"targetBG":105,"insulinReq":0,"deliverAt":"2023-12-18T19:28:23.822Z","sensitivityRatio":1,"variable_sens":95.5,"predBGs":{"IOB":[97,95,94,92,91,90,89,88,88,88,87,88,88,88,88,89,89,89,89,89,89,89,90],"ZT":[97,97,98,98,99,99,99,100,100,101,102,102,103,104,104,105,106,106,107,108,109,110,111,112,112]},"reason":"COB: 0, Dev: -5, BGI: 0, ISF: 96, CR: 14.8, Target: 105, minPredBG 92, minGuardBG 87, IOBpredBG 90; minGuardBG 87<95","COB":0,"IOB":-0.064,"duration":90,"rate":0,"timestamp":"2023-12-18T19:28:23.834Z"}}