{"algorithm":"OpenAPSSMBDynamicISFPlugin","input":{"glucoseStatus":{"glucose":123,"noise":0,"delta":2,"short_avgdelta":5.78,"long_avgdelta":8.93,"date":1702954374000},"currenttemp":{"temp":"absolute","duration":15,"rate":1,"minutesrunning":15},"iob_data":[{"iob":0.049,"basaliob":0.009,"bolussnooze":0,"activity":-8.0E-4,"lastBolusTime":1702944224267,"time":"2023-12-19T02:53:26.219Z","iobWithZeroTemp":{"iob":0.049,"basaliob":0.009,"bolussnooze":0,"activity":-8.0E-4,"lastBolusTime":1702944224267,"time":"2023-12-19T02:53:26.219Z"}},{"iob":0.053,"basaliob":0.017,"bolussnooze":0,"activity":-5.0E-4,"lastBolusTime":1702944224267,"time":"2023-12-19T02:58:26.219Z","iobWithZeroTemp":{"iob":0.04,"basaliob":0.004,"bolussnooze":0,"activity":-5.0E-4,"lastBolusTime":1702944224267,"time":"2023-12-19T02:58:26.219Z"}},{"iob":0.054,"basaliob":0.023,"bolussnooze":0,"activity":-3.0E-4,"lastBolusTime":1702944224267,"time":"2023-12-19T03:03:26.219Z","iobWithZeroTemp":{"iob":0.028,"basaliob":-0.003,"bolussnooze":0,"activity":-4.0E-4,"lastBolusTime":1702944224267,"time":"2023-12-19T03:03:26.219Z"}},{"iob":0.056,"basaliob":0.028,"bolussnooze":0,"activity":-1.0E-4,"lastBolusTime":1702944224267,"time":"2023-12-19T03:08:26.219Z","iobWithZeroTemp":{"iob":0.018,"basaliob":-0.01,"bolussnooze":0,"activity":-2.0E-4,"lastBolusTime":1702944224267,"time":"2023-12-19T03:08:26.219Z"}},{"iob":0.056,"basaliob":0.032,"bolussnooze":0,"activity":0,"lastBolusTime":1702944224267,"time":"2023-12-19T03:13:26.219Z","iobWithZeroTemp":{"iob":0.006,"basaliob":-0.018,"bolussnooze":0,"activity":-2.0E-4,"lastBolusTime":1702944224267,"time":"2023-12-19T03:13:26.219Z"}},{"iob":0.055,"basaliob":0.034,"bolussnooze":0,"activity":2.0E-4,"lastBolusTime":1702944224267,"time":"2023-12-19T03:18:26.219Z","iobWithZeroTemp":{"iob":-0.006,"basaliob":-0.027,"bolussnooze":0,"activity":-1.0E-4,"lastBolusTime":1702944224267,"time":"2023-12-19T03:18:26.219Z"}},{"iob":0.055,"basaliob":0.036,"bolussnooze":0,"activity":3.0E-4,"lastBolusTime":1702944224267,"time":"2023-12-19T03:23:26.219Z","iobWithZeroTemp":{"iob":-0.017,"basaliob":-0.036,"bolussnooze":0,"activity":-1.0E-4,"lastBolusTime":1702944224267,"time":"2023-12-19T03:23:26.219Z"}},{"iob":0.053,"basaliob":0.037,"bolussnooze":0,"activity":3.0E-4,"lastBolusTime":1702944224267,"time":"2023-12-19T03:28:26.219Z","iobWithZeroTemp":{"iob":-0.03,"basaliob":-0.046,"bolussnooze":0,"activity":-2.0E-4,"lastBolusTime":1702944224267,"time":"2023-12-19T03:28:26.219Z"}},{"iob":0.051,"basaliob":0.037,"bolussnooze":0,"activity":4.0E-4,"lastBolusTime":1702944224267,"time":"2023-12-19T03:33:26.219Z","iobWithZeroTemp":{"iob":-0.041,"basaliob":-0.055,"bolussnooze":0,"activity":-2.0E-4,"lastBolusTime":1702944224267,"time":"2023-12-19T03:33:26.219Z"}},{"iob":0.049,"basaliob":0.037,"bolussnooze":0,"activity":5.0E-4,"lastBolusTime":1702944224267,"time":"2023-12-19T03:38:26.219Z","iobWithZeroTemp":{"iob":-0.053,"basaliob":-0.065,"bolussnooze":0,"activity":-2.0E-4,"lastBolusTime":1702944224267,"time":"2023-12-19T03:38:26.219Z"}},{"iob":0.047,"basaliob":0.036,"bolussnooze":0,"activity":4.0E-4,"lastBolusTime":1702944224267,"time":"2023-12-19T03:43:26.219Z","iobWithZeroTemp":{"iob":-0.063,"basaliob":-0.074,"bolussnooze":0,"activity":-4.0E-4,"lastBolusTime":1702944224267,"time":"2023-12-19T03:43:26.219Z"}},{"iob":0.044,"basaliob":0.035,"bolussnooze":0,"activity":5.0E-4,"lastBolusTime":1702944224267,"time":"2023-12-19T03:48:26.219Z","iobWithZeroTemp":{"iob":-0.075,"basaliob":-0.084,"bolussnooze":0,"activity":-4.0E-4,"lastBolusTime":1702944224267,"time":"2023-12-19T03:48:26.219Z"}},{"iob":0.042,"basaliob":0.034,"bolussnooze":0,"activity":4.0E-4,"lastBolusTime":1702944224267,"time":"2023-12-19T03:53:26.219Z","iobWithZeroTemp":{"iob":-0.084,"basaliob":-0.092,"bolussnooze":0,"activity":-6.0E-4,"lastBolusTime":1702944224267,"time":"2023-12-19T03:53:26.219Z"}},{"iob":0.04,"basaliob":0.033,"bolussnooze":0,"activity":5.0E-4,"lastBolusTime":1702944224267,"time":"2023-12-19T03:58:26.219Z","iobWithZeroTemp":{"iob":-0.093,"basaliob":-0.1,"bolussnooze":0,"activity":-6.0E-4,"lastBolusTime":1702944224267,"time":"2023-12-19T03:58:26.219Z"}},{"iob":0.038,"basaliob":0.032,"bolussnooze":0,"activity":5.0E-4,"lastBolusTime":1702944224267,"time":"2023-12-19T04:03:26.219Z","iobWithZeroTemp":{"iob":-0.11,"basaliob":-0.116,"bolussnooze":0,"activity":-7.0E-4,"lastBolusTime":1702944224267,"time":"2023-12-19T04:03:26.219Z"}},{"iob":0.035,"basaliob":0.03,"bolussnooze":0,"activity":5.0E-4,"lastBolusTime":1702944224267,"time":"2023-12-19T04:08:26.219Z","iobWithZeroTemp":{"iob":-0.128,"basaliob":-0.133,"bolussnooze":0,"activity":-8.0E-4,"lastBolusTime":1702944224267,"time":"2023-12-19T04:08:26.219Z"}},{"iob":0.033,"basaliob":0.029,"bolussnooze":0,"activity":4.0E-4,"lastBolusTime":1702944224267,"time":"2023-12-19T04:13:26.219Z","iobWithZeroTemp":{"iob":-0.143,"basaliob":-0.147,"bolussnooze":0,"activity":-0.0011,"lastBolusTime":1702944224267,"time":"2023-12-19T04:13:26.219Z"}},{"iob":0.031,"basaliob":0.027,"bolussnooze":0,"activity":4.0E-4,"lastBolusTime":1702944224267,"time":"2023-12-19T04:18:26.219Z","iobWithZeroTemp":{"iob":-0.158,"basaliob":-0.162,"bolussnooze":0,"activity":-0.0012,"lastBolusTime":1702944224267,"time":"2023-12-19T04:18:26.219Z"}},{"iob":0.029,"basaliob":0.026,"bolussnooze":0,"activity":4.0E-4,"lastBolusTime":1702944224267,"time":"2023-12-19T04:23:26.219Z","iobWithZeroTemp":{"iob":-0.173,"basaliob":-0.176,"bolussnooze":0,"activity":-0.0013,"lastBolusTime":1702944224267,"time":"2023-12-19T04:23:26.219Z"}},{"iob":0.027,"basaliob":0.024,"bolussnooze":0,"activity":4.0E-4,"lastBolusTime":1702944224267,"time":"2023-12-19T04:28:26.219Z","iobWithZeroTemp":{"iob":-0.187,"basaliob":-0.19,"bolussnooze":0,"activity":-0.0015,"lastBolusTime":1702944224267,"time":"2023-12-19T04:28:26.219Z"}},{"iob":0.025,"basaliob":0.023,"bolussnooze":0,"activity":4.0E-4,"lastBolusTime":1702944224267,"time":"2023-12-19T04:33:26.219Z","iobWithZeroTemp":{"iob":-0.2,"basaliob":-0.202,"bolussnooze":0,"activity":-0.0016,"lastBolusTime":1702944224267,"time":"2023-12-19T04:33:26.219Z"}},{"iob":0.023,"basaliob":0.021,"bolussnooze":0,"activity":4.0E-4,"lastBolusTime":1702944224267,"time":"2023-12-19T04:38:26.219Z","iobWithZeroTemp":{"iob":-0.212,"basaliob":-0.214,"bolussnooze":0,"activity":-0.0018,"lastBolusTime":1702944224267,"time":"2023-12-19T04:38:26.219Z"}},{"iob":0.021,"basaliob":0.02,"bolussnooze":0,"activity":4.0E-4,"lastBolusTime":1702944224267,"time":"2023-12-19T04:43:26.219Z","iobWithZeroTemp":{"iob":-0.224,"basaliob":-0.225,"bolussnooze":0,"activity":-0.0019,"lastBolusTime":1702944224267,"time":"2023-12-19T04:43:26.219Z"}},{"iob":0.02,"basaliob":0.019,"bolussnooze":0,"activity":3.0E-4,"lastBolusTime":1702944224267,"time":"2023-12-19T04:48:26.219Z","iobWithZeroTemp":{"iob":-0.234,"basaliob":-0.235,"bolussnooze":0,"activity":-0.0021,"lastBolusTime":1702944224267,"time":"2023-12-19T04:48:26.219Z"}},{"iob":0.018,"basaliob":0.017,"bolussnooze":0,"activity":3.0E-4,"lastBolusTime":1702944224267,"time":"2023-12-19T04:53:26.219Z","iobWithZeroTemp":{"iob":-0.244,"basaliob":-0.245,"bolussnooze":0,"activity":-0.0022,"lastBolusTime":1702944224267,"time":"2023-12-19T04:53:26.219Z"}},{"iob":0.017,"basaliob":0.016,"bolussnooze":0,"activity":2.0E-4,"lastBolusTime":1702944224267,"time":"2023-12-19T04:58:26.219Z","iobWithZeroTemp":{"iob":-0.253,"basaliob":-0.254,"bolussnooze":0,"activity":-0.0025,"lastBolusTime":1702944224267,"time":"2023-12-19T04:58:26.219Z"}},{"iob":0.016,"basaliob":0.015,"bolussnooze":0,"activity":2.0E-4,"lastBolusTime":1702944224267,"time":"2023-12-19T05:03:26.219Z","iobWithZeroTemp":{"iob":-0.257,"basaliob":-0.258,"bolussnooze":0,"activity":-0.0026,"lastBolusTime":1702944224267,"time":"2023-12-19T05:03:26.219Z"}},{"iob":0.014,"basaliob":0.014,"bolussnooze":0,"activity":2.0E-4,"lastBolusTime":1702944224267,"time":"2023-12-19T05:08:26.219Z","iobWithZeroTemp":{"iob":-0.262,"basaliob":-0.262,"bolussnooze":0,"activity":-0.0027,"lastBolusTime":1702944224267,"time":"2023-12-19T05:08:26.219Z"}},{"iob":0.013,"basaliob":0.013,"bolussnooze":0,"activity":2.0E-4,"lastBolusTime":1702944224267,"time":"2023-12-19T05:13:26.219Z","iobWithZeroTemp":{"iob":-0.265,"basaliob":-0.265,"bolussnooze":0,"activity":-0.0027,"lastBolusTime":1702944224267,"time":"2023-12-19T05:13:26.219Z"}},{"iob":0.012,"basaliob":0.012,"bolussnooze":0,"activity":2.0E-4,"lastBolusTime":1702944224267,"time":"2023-12-19T05:18:26.219Z","iobWithZeroTemp":{"iob":-0.268,"basaliob":-0.268,"bolussnooze":0,"activity":-0.0028,"lastBolusTime":1702944224267,"time":"2023-12-19T05:18:26.219Z"}},{"iob":0.011,"basaliob":0.011,"bolussnooze":0,"activity":2.0E-4,"lastBolusTime":1702944224267,"time":"2023-12-19T05:23:26.219Z","iobWithZeroTemp":{"iob":-0.27,"basaliob":-0.27,"bolussnooze":0,"activity":-0.0029,"lastBolusTime":1702944224267,"time":"2023-12-19T05:23:26.219Z"}},{"iob":0.01,"basaliob":0.01,"bolussnooze":0,"activity":2.0E-4,"lastBolusTime":1702944224267,"time":"2023-12-19T05:28:26.219Z","iobWithZeroTemp":{"iob":-0.272,"basaliob":-0.272,"bolussnooze":0,"activity":-0.0029,"lastBolusTime":1702944224267,"time":"2023-12-19T05:28:26.219Z"}},{"iob":0.009,"basaliob":0.009,"bolussnooze":0,"activity":2.0E-4,"lastBolusTime":1702944224267,"time":"2023-12-19T05:33:26.219Z","iobWithZeroTemp":{"iob":-0.274,"basaliob":-0.274,"bolussnooze":0,"activity":-0.003,"lastBolusTime":1702944224267,"time":"2023-12-19T05:33:26.219Z"}},{"iob":0.008,"basaliob":0.008,"bolussnooze":0,"activity":1.0E-4,"lastBolusTime":1702944224267,"time":"2023-12-19T05:38:26.219Z","iobWithZeroTemp":{"iob":-0.276,"basaliob":-0.276,"bolussnooze":0,"activity":-0.0031,"lastBolusTime":1702944224267,"time":"2023-12-19T05:38:26.219Z"}},{"iob":0.008,"basaliob":0.008,"bolussnooze":0,"activity":1.0E-4,"lastBolusTime":1702944224267,"time":"2023-12-19T05:43:26.219Z","iobWithZeroTemp":{"iob":-0.277,"basaliob":-0.277,"bolussnooze":0,"activity":-0.0031,"lastBolusTime":1702944224267,"time":"2023-12-19T05:43:26.219Z"}},{"iob":0.007,"basaliob":0.007,"bolussnooze":0,"activity":1.0E-4,"lastBolusTime":1702944224267,"time":"2023-12-19T05:48:26.219Z","iobWithZeroTemp":{"iob":-0.278,"basaliob":-0.278,"bolussnooze":0,"activity":-0.0032,"lastBolusTime":1702944224267,"time":"2023-12-19T05:48:26.219Z"}},{"iob":0.006,"basaliob":0.006,"bolussnooze":0,"activity":1.0E-4,"lastBolusTime":1702944224267,"time":"2023-12-19T05:53:26.219Z","iobWithZeroTemp":{"iob":-0.279,"basaliob":-0.279,"bolussnooze":0,"activity":-0.0032,"lastBolusTime":1702944224267,"time":"2023-12-19T05:53:26.219Z"}},{"iob":0.006,"basaliob":0.006,"bolussnooze":0,"activity":1.0E-4,"lastBolusTime":1702944224267,"time":"2023-12-19T05:58:26.219Z","iobWithZeroTemp":{"iob":-0.28,"basaliob":-0.28,"bolussnooze":0,"activity":-0.0032,"lastBolusTime":1702944224267,"time":"2023-12-19T05:58:26.219Z"}},{"iob":0.005,"basaliob":0.005,"bolussnooze":0,"activity":1.0E-4,"lastBolusTime":1702944224267,"time":"2023-12-19T06:03:26.219Z","iobWithZeroTemp":{"iob":-0.285,"basaliob":-0.285,"bolussnooze":0,"activity":-0.0032,"lastBolusTime":1702944224267,"time":"2023-12-19T06:03:26.219Z"}},{"iob":0.005,"basaliob":0.005,"bolussnooze":0,"activity":1.0E-4,"lastBolusTime":0,"time":"2023-12-19T06:08:26.219Z","iobWithZeroTemp":{"iob":-0.289,"basaliob":-0.289,"bolussnooze":0,"activity":-0.0033,"lastBolusTime":0,"time":"2023-12-19T06:08:26.219Z"}},{"iob":0.004,"basaliob":0.004,"bolussnooze":0,"activity":1.0E-4,"lastBolusTime":0,"time":"2023-12-19T06:13:26.219Z","iobWithZeroTemp":{"iob":-0.294,"basaliob":-0.294,"bolussnooze":0,"activity":-0.0033,"lastBolusTime":0,"time":"2023-12-19T06:13:26.219Z"}},{"iob":0.004,"basaliob":0.004,"bolussnooze":0,"activity":1.0E-4,"lastBolusTime":0,"time":"2023-12-19T06:18:26.219Z","iobWithZeroTemp":{"iob":-0.298,"basaliob":-0.298,"bolussnooze":0,"activity":-0.0033,"lastBolusTime":0,"time":"2023-12-19T06:18:26.219Z"}},{"iob":0.003,"basaliob":0.003,"bolussnooze":0,"activity":1.0E-4,"lastBolusTime":0,"time":"2023-12-19T06:23:26.219Z","iobWithZeroTemp":{"iob":-0.302,"basaliob":-0.302,"bolussnooze":0,"activity":-0.0034,"lastBolusTime":0,"time":"2023-12-19T06:23:26.219Z"}},{"iob":0.003,"basaliob":0.003,"bolussnooze":0,"activity":1.0E-4,"lastBolusTime":0,"time":"2023-12-19T06:28:26.219Z","iobWithZeroTemp":{"iob":-0.306,"basaliob":-0.306,"bolussnooze":0,"activity":-0.0034,"lastBolusTime":0,"time":"2023-12-19T06:28:26.219Z"}},{"iob":0.003,"basaliob":0.003,"bolussnooze":0,"activity":1.0E-4,"lastBolusTime":0,"time":"2023-12-19T06:33:26.219Z","iobWithZeroTemp":{"iob":-0.309,"basaliob":-0.309,"bolussnooze":0,"activity":-0.0034,"lastBolusTime":0,"time":"2023-12-19T06:33:26.219Z"}},{"iob":0.003,"basaliob":0.003,"bolussnooze":0,"activity":1.0E-4,"lastBolusTime":0,"time":"2023-12-19T06:38:26.219Z","iobWithZeroTemp":{"iob":-0.312,"basaliob":-0.312,"bolussnooze":0,"activity":-0.0035,"lastBolusTime":0,"time":"2023-12-19T06:38:26.219Z"}},{"iob":0.003,"basaliob":0.003,"bolussnooze":0,"activity":1.0E-4,"lastBolusTime":0,"time":"2023-12-19T06:43:26.219Z","iobWithZeroTemp":{"iob":-0.315,"basaliob":-0.315,"bolussnooze":0,"activity":-0.0035,"lastBolusTime":0,"time":"2023-12-19T06:43:26.219Z"}},{"iob":0.002,"basaliob":0.002,"bolussnooze":0,"activity":1.0E-4,"lastBolusTime":0,"time":"2023-12-19T06:48:26.219Z","iobWithZeroTemp":{"iob":-0.319,"basaliob":-0.319,"bolussnooze":0,"activity":-0.0035,"lastBolusTime":0,"time":"2023-12-19T06:48:26.219Z"}}],"profile":{"max_iob":10,"type":"current","max_daily_basal":0.25,"max_basal":1,"min_bg":125,"max_bg":125,"target_bg":125,"carb_ratio":15.6,"sens":84,"max_daily_safety_multiplier":5,"current_basal_safety_multiplier":5,"lgsThreshold":95,"high_temptarget_raises_sensitivity":false,"low_temptarget_lowers_sensitivity":false,"sensitivity_raises_target":true,"resistance_lowers_target":true,"adv_target_adjustments":false,"exercise_mode":false,"half_basal_exercise_target":160,"maxCOB":120,"skip_neutral_temps":false,"remainingCarbsCap":90,"enableUAM":true,"A52_risk_enable":false,"SMBInterval":5,"enableSMB_with_COB":true,"enableSMB_with_temptarget":false,"allowSMB_with_high_temptarget":false,"enableSMB_always":false,"enableSMB_after_carbs":true,"maxSMBBasalMinutes":120,"maxUAMSMBBasalMinutes":120,"bolus_increment":0.05,"carbsReqThreshold":1,"current_basal":0.20000000298023224,"temptargetSet":true,"autosens_max":1.2,"autosens_min":0.7,"variable_sens":94.5,"insulinDivisor":75,"TDD":19.629035390715103},"autosens_data":{"ratio":1},"meal_data":{"carbs":5,"mealCOB":0,"slopeFromMaxDeviation":-4.541,"slopeFromMinDeviation":0.9500909090909092,"lastBolusTime":1702944224267,"lastCarbTime":1702952702000},"microBolusAllowed":true,"currentTime":1702954407638,"flatBGsDetected":false,"tdd1D":20.141666612277426,"tdd7D":26.78606000595613,"tddLast24H":19.449999956786634,"tddLast4H":1.033333344509204,"tddLast8to4H":4.112499985098839},"output":{"temp":"absolute","bg":123,"tick":"+2","eventualBG":128,"targetBG":125,"insulinReq":0,"deliverAt":"2023-12-19T02:53:27.638Z","sensitivityRatio":1,"variable_sens":94.5,"predBGs":{"IOB":[123,125,126,128,129,130,131,131,131,132,132,132,131,131,131,131,131,130,130,130,130,130,129,129,129,129,129,129,129,129,129,128],"ZT":[123,123,124,124,124,124,124,124,124,124,124,125,125,125,125,126,126,127,127,128,128],"UAM":[123,123,124,124,124,124,124,124,123,123,123,123,123,122,122,122,122,121,121,121,121,121,121,120,120,120,120,120,120,120,120,119]},"reason":"COB: 0, Dev: 10, BGI: 0, ISF: 95, CR: 15.6, Target: 125, minPredBG 119, minGuardBG 119, IOBpredBG 128, UAMpredBG 119; 128-119 in range: no temp required; setting current basal of 0.2 as temp. . Setting neutral temp basal of 0.20000000298023224U\/hr","COB":0,"IOB":0.049,"duration":30,"rate":0.20000000298023224,"timestamp":"2023-12-19T02:53:27.663Z"}}