{"algorithm":"OpenAPSSMBDynamicISFPlugin","input":{"glucoseStatus":{"glucose":100,"noise":0,"delta":0,"short_avgdelta":0.17,"long_avgdelta":-0.65,"date":1702897372000},"currenttemp":{"temp":"absolute","duration":25,"rate":0.35,"minutesrunning":5},"iob_data":[{"iob":0.083,"basaliob":-0.063,"bolussnooze":0,"activity":0.002,"lastBolusTime":1702893506960,"time":"2023-12-18T11:03:20.332Z","iobWithZeroTemp":{"iob":0.083,"basaliob":-0.063,"bolussnooze":0,"activity":0.002,"lastBolusTime":1702893506960,"time":"2023-12-18T11:03:20.332Z"}},{"iob":0.073,"basaliob":-0.06,"bolussnooze":0,"activity":0.0018,"lastBolusTime":1702893506960,"time":"2023-12-18T11:08:20.332Z","iobWithZeroTemp":{"iob":0.063,"basaliob":-0.07,"bolussnooze":0,"activity":0.0018,"lastBolusTime":1702893506960,"time":"2023-12-18T11:08:20.332Z"}},{"iob":0.065,"basaliob":-0.057,"bolussnooze":0,"activity":0.0016,"lastBolusTime":1702893506960,"time":"2023-12-18T11:13:20.332Z","iobWithZeroTemp":{"iob":0.043,"basaliob":-0.079,"bolussnooze":0,"activity":0.0016,"lastBolusTime":1702893506960,"time":"2023-12-18T11:13:20.332Z"}},{"iob":0.058,"basaliob":-0.053,"bolussnooze":0,"activity":0.0015,"lastBolusTime":1702893506960,"time":"2023-12-18T11:18:20.332Z","iobWithZeroTemp":{"iob":0.023,"basaliob":-0.088,"bolussnooze":0,"activity":0.0014,"lastBolusTime":1702893506960,"time":"2023-12-18T11:18:20.332Z"}},{"iob":0.051,"basaliob":-0.05,"bolussnooze":0,"activity":0.0013,"lastBolusTime":1702893506960,"time":"2023-12-18T11:23:20.332Z","iobWithZeroTemp":{"iob":0.005,"basaliob":-0.096,"bolussnooze":0,"activity":0.0011,"lastBolusTime":1702893506960,"time":"2023-12-18T11:23:20.332Z"}},{"iob":0.045,"basaliob":-0.047,"bolussnooze":0,"activity":0.0012,"lastBolusTime":1702893506960,"time":"2023-12-18T11:28:20.332Z","iobWithZeroTemp":{"iob":-0.013,"basaliob":-0.105,"bolussnooze":0,"activity":9.0E-4,"lastBolusTime":1702893506960,"time":"2023-12-18T11:28:20.332Z"}},{"iob":0.039,"basaliob":-0.044,"bolussnooze":0,"activity":0.001,"lastBolusTime":1702893506960,"time":"2023-12-18T11:33:20.332Z","iobWithZeroTemp":{"iob":-0.03,"basaliob":-0.113,"bolussnooze":0,"activity":6.0E-4,"lastBolusTime":1702893506960,"time":"2023-12-18T11:33:20.332Z"}},{"iob":0.034,"basaliob":-0.041,"bolussnooze":0,"activity":9.0E-4,"lastBolusTime":1702893506960,"time":"2023-12-18T11:38:20.332Z","iobWithZeroTemp":{"iob":-0.045,"basaliob":-0.12,"bolussnooze":0,"activity":4.0E-4,"lastBolusTime":1702893506960,"time":"2023-12-18T11:38:20.332Z"}},{"iob":0.03,"basaliob":-0.038,"bolussnooze":0,"activity":8.0E-4,"lastBolusTime":1702893506960,"time":"2023-12-18T11:43:20.332Z","iobWithZeroTemp":{"iob":-0.059,"basaliob":-0.127,"bolussnooze":0,"activity":2.0E-4,"lastBolusTime":1702893506960,"time":"2023-12-18T11:43:20.332Z"}},{"iob":0.027,"basaliob":-0.035,"bolussnooze":0,"activity":8.0E-4,"lastBolusTime":1702893506960,"time":"2023-12-18T11:48:20.332Z","iobWithZeroTemp":{"iob":-0.072,"basaliob":-0.134,"bolussnooze":0,"activity":1.0E-4,"lastBolusTime":1702893506960,"time":"2023-12-18T11:48:20.332Z"}},{"iob":0.023,"basaliob":-0.033,"bolussnooze":0,"activity":6.0E-4,"lastBolusTime":1702893506960,"time":"2023-12-18T11:53:20.332Z","iobWithZeroTemp":{"iob":-0.084,"basaliob":-0.14,"bolussnooze":0,"activity":-2.0E-4,"lastBolusTime":1702893506960,"time":"2023-12-18T11:53:20.332Z"}},{"iob":0.02,"basaliob":-0.03,"bolussnooze":0,"activity":5.0E-4,"lastBolusTime":1702893506960,"time":"2023-12-18T11:58:20.332Z","iobWithZeroTemp":{"iob":-0.096,"basaliob":-0.146,"bolussnooze":0,"activity":-4.0E-4,"lastBolusTime":1702893506960,"time":"2023-12-18T11:58:20.332Z"}},{"iob":0.017,"basaliob":-0.028,"bolussnooze":0,"activity":4.0E-4,"lastBolusTime":1702893506960,"time":"2023-12-18T12:03:20.332Z","iobWithZeroTemp":{"iob":-0.107,"basaliob":-0.152,"bolussnooze":0,"activity":-6.0E-4,"lastBolusTime":1702893506960,"time":"2023-12-18T12:03:20.332Z"}},{"iob":0.015,"basaliob":-0.026,"bolussnooze":0,"activity":5.0E-4,"lastBolusTime":1702893506960,"time":"2023-12-18T12:08:20.332Z","iobWithZeroTemp":{"iob":-0.116,"basaliob":-0.157,"bolussnooze":0,"activity":-6.0E-4,"lastBolusTime":1702893506960,"time":"2023-12-18T12:08:20.332Z"}},{"iob":0.013,"basaliob":-0.024,"bolussnooze":0,"activity":4.0E-4,"lastBolusTime":1702893506960,"time":"2023-12-18T12:13:20.332Z","iobWithZeroTemp":{"iob":-0.125,"basaliob":-0.162,"bolussnooze":0,"activity":-8.0E-4,"lastBolusTime":1702893506960,"time":"2023-12-18T12:13:20.332Z"}},{"iob":0.011,"basaliob":-0.022,"bolussnooze":0,"activity":3.0E-4,"lastBolusTime":1702893506960,"time":"2023-12-18T12:18:20.332Z","iobWithZeroTemp":{"iob":-0.133,"basaliob":-0.166,"bolussnooze":0,"activity":-0.001,"lastBolusTime":1702893506960,"time":"2023-12-18T12:18:20.332Z"}},{"iob":0.01,"basaliob":-0.02,"bolussnooze":0,"activity":2.0E-4,"lastBolusTime":1702893506960,"time":"2023-12-18T12:23:20.332Z","iobWithZeroTemp":{"iob":-0.14,"basaliob":-0.17,"bolussnooze":0,"activity":-0.0012,"lastBolusTime":1702893506960,"time":"2023-12-18T12:23:20.332Z"}},{"iob":0.009,"basaliob":-0.018,"bolussnooze":0,"activity":3.0E-4,"lastBolusTime":1702893506960,"time":"2023-12-18T12:28:20.332Z","iobWithZeroTemp":{"iob":-0.147,"basaliob":-0.174,"bolussnooze":0,"activity":-0.0012,"lastBolusTime":1702893506960,"time":"2023-12-18T12:28:20.332Z"}},{"iob":0.008,"basaliob":-0.016,"bolussnooze":0,"activity":2.0E-4,"lastBolusTime":1702893506960,"time":"2023-12-18T12:33:20.332Z","iobWithZeroTemp":{"iob":-0.153,"basaliob":-0.177,"bolussnooze":0,"activity":-0.0013,"lastBolusTime":1702893506960,"time":"2023-12-18T12:33:20.332Z"}},{"iob":0.006,"basaliob":-0.015,"bolussnooze":0,"activity":2.0E-4,"lastBolusTime":1702893506960,"time":"2023-12-18T12:38:20.332Z","iobWithZeroTemp":{"iob":-0.159,"basaliob":-0.18,"bolussnooze":0,"activity":-0.0014,"lastBolusTime":1702893506960,"time":"2023-12-18T12:38:20.332Z"}},{"iob":0.005,"basaliob":-0.014,"bolussnooze":0,"activity":1.0E-4,"lastBolusTime":1702893506960,"time":"2023-12-18T12:43:20.332Z","iobWithZeroTemp":{"iob":-0.164,"basaliob":-0.183,"bolussnooze":0,"activity":-0.0016,"lastBolusTime":1702893506960,"time":"2023-12-18T12:43:20.332Z"}},{"iob":0.005,"basaliob":-0.012,"bolussnooze":0,"activity":2.0E-4,"lastBolusTime":1702893506960,"time":"2023-12-18T12:48:20.332Z","iobWithZeroTemp":{"iob":-0.168,"basaliob":-0.185,"bolussnooze":0,"activity":-0.0015,"lastBolusTime":1702893506960,"time":"2023-12-18T12:48:20.332Z"}},{"iob":0.004,"basaliob":-0.011,"bolussnooze":0,"activity":2.0E-4,"lastBolusTime":1702893506960,"time":"2023-12-18T12:53:20.332Z","iobWithZeroTemp":{"iob":-0.173,"basaliob":-0.188,"bolussnooze":0,"activity":-0.0016,"lastBolusTime":1702893506960,"time":"2023-12-18T12:53:20.332Z"}},{"iob":0.003,"basaliob":-0.01,"bolussnooze":0,"activity":1.0E-4,"lastBolusTime":1702893506960,"time":"2023-12-18T12:58:20.332Z","iobWithZeroTemp":{"iob":-0.177,"basaliob":-0.19,"bolussnooze":0,"activity":-0.0018,"lastBolusTime":1702893506960,"time":"2023-12-18T12:58:20.332Z"}},{"iob":0.003,"basaliob":-0.009,"bolussnooze":0,"activity":1.0E-4,"lastBolusTime":1702893506960,"time":"2023-12-18T13:03:20.332Z","iobWithZeroTemp":{"iob":-0.18,"basaliob":-0.192,"bolussnooze":0,"activity":-0.0018,"lastBolusTime":1702893506960,"time":"2023-12-18T13:03:20.332Z"}},{"iob":0.003,"basaliob":-0.008,"bolussnooze":0,"activity":1.0E-4,"lastBolusTime":1702893506960,"time":"2023-12-18T13:08:20.332Z","iobWithZeroTemp":{"iob":-0.183,"basaliob":-0.194,"bolussnooze":0,"activity":-0.0019,"lastBolusTime":1702893506960,"time":"2023-12-18T13:08:20.332Z"}},{"iob":0.001,"basaliob":-0.008,"bolussnooze":0,"activity":0,"lastBolusTime":1702893506960,"time":"2023-12-18T13:13:20.332Z","iobWithZeroTemp":{"iob":-0.188,"basaliob":-0.197,"bolussnooze":0,"activity":-0.002,"lastBolusTime":1702893506960,"time":"2023-12-18T13:13:20.332Z"}},{"iob":0.001,"basaliob":-0.007,"bolussnooze":0,"activity":1.0E-4,"lastBolusTime":1702893506960,"time":"2023-12-18T13:18:20.332Z","iobWithZeroTemp":{"iob":-0.19,"basaliob":-0.198,"bolussnooze":0,"activity":-0.002,"lastBolusTime":1702893506960,"time":"2023-12-18T13:18:20.332Z"}},{"iob":0.001,"basaliob":-0.006,"bolussnooze":0,"activity":1.0E-4,"lastBolusTime":1702893506960,"time":"2023-12-18T13:23:20.332Z","iobWithZeroTemp":{"iob":-0.192,"basaliob":-0.199,"bolussnooze":0,"activity":-0.002,"lastBolusTime":1702893506960,"time":"2023-12-18T13:23:20.332Z"}},{"iob":0.001,"basaliob":-0.005,"bolussnooze":0,"activity":1.0E-4,"lastBolusTime":1702893506960,"time":"2023-12-18T13:28:20.332Z","iobWithZeroTemp":{"iob":-0.194,"basaliob":-0.2,"bolussnooze":0,"activity":-0.002,"lastBolusTime":1702893506960,"time":"2023-12-18T13:28:20.332Z"}},{"iob":0.001,"basaliob":-0.005,"bolussnooze":0,"activity":0,"lastBolusTime":1702893506960,"time":"2023-12-18T13:33:20.332Z","iobWithZeroTemp":{"iob":-0.196,"basaliob":-0.202,"bolussnooze":0,"activity":-0.0022,"lastBolusTime":1702893506960,"time":"2023-12-18T13:33:20.332Z"}},{"iob":0.001,"basaliob":-0.004,"bolussnooze":0,"activity":0,"lastBolusTime":1702893506960,"time":"2023-12-18T13:38:20.332Z","iobWithZeroTemp":{"iob":-0.197,"basaliob":-0.202,"bolussnooze":0,"activity":-0.0022,"lastBolusTime":1702893506960,"time":"2023-12-18T13:38:20.332Z"}},{"iob":0,"basaliob":-0.004,"bolussnooze":0,"activity":0,"lastBolusTime":1702893506960,"time":"2023-12-18T13:43:20.332Z","iobWithZeroTemp":{"iob":-0.199,"basaliob":-0.203,"bolussnooze":0,"activity":-0.0022,"lastBolusTime":1702893506960,"time":"2023-12-18T13:43:20.332Z"}},{"iob":0.001,"basaliob":-0.003,"bolussnooze":0,"activity":0,"lastBolusTime":1702893506960,"time":"2023-12-18T13:48:20.332Z","iobWithZeroTemp":{"iob":-0.2,"basaliob":-0.204,"bolussnooze":0,"activity":-0.0023,"lastBolusTime":1702893506960,"time":"2023-12-18T13:48:20.332Z"}},{"iob":0,"basaliob":-0.003,"bolussnooze":0,"activity":0,"lastBolusTime":1702893506960,"time":"2023-12-18T13:53:20.332Z","iobWithZeroTemp":{"iob":-0.202,"basaliob":-0.205,"bolussnooze":0,"activity":-0.0023,"lastBolusTime":1702893506960,"time":"2023-12-18T13:53:20.332Z"}},{"iob":0,"basaliob":-0.003,"bolussnooze":0,"activity":0,"lastBolusTime":1702893506960,"time":"2023-12-18T13:58:20.332Z","iobWithZeroTemp":{"iob":-0.203,"basaliob":-0.206,"bolussnooze":0,"activity":-0.0023,"lastBolusTime":1702893506960,"time":"2023-12-18T13:58:20.332Z"}},{"iob":0,"basaliob":-0.002,"bolussnooze":0,"activity":0,"lastBolusTime":1702893506960,"time":"2023-12-18T14:03:20.332Z","iobWithZeroTemp":{"iob":-0.208,"basaliob":-0.21,"bolussnooze":0,"activity":-0.0023,"lastBolusTime":1702893506960,"time":"2023-12-18T14:03:20.332Z"}},{"iob":0,"basaliob":-0.002,"bolussnooze":0,"activity":0,"lastBolusTime":1702893506960,"time":"2023-12-18T14:08:20.332Z","iobWithZeroTemp":{"iob":-0.213,"basaliob":-0.215,"bolussnooze":0,"activity":-0.0024,"lastBolusTime":1702893506960,"time":"2023-12-18T14:08:20.332Z"}},{"iob":0,"basaliob":-0.002,"bolussnooze":0,"activity":1.0E-4,"lastBolusTime":1702893506960,"time":"2023-12-18T14:13:20.332Z","iobWithZeroTemp":{"iob":-0.218,"basaliob":-0.22,"bolussnooze":0,"activity":-0.0023,"lastBolusTime":1702893506960,"time":"2023-12-18T14:13:20.332Z"}},{"iob":-0.001,"basaliob":-0.002,"bolussnooze":0,"activity":0,"lastBolusTime":1702893506960,"time":"2023-12-18T14:18:20.332Z","iobWithZeroTemp":{"iob":-0.223,"basaliob":-0.224,"bolussnooze":0,"activity":-0.0024,"lastBolusTime":1702893506960,"time":"2023-12-18T14:18:20.332Z"}},{"iob":0,"basaliob":-0.001,"bolussnooze":0,"activity":0,"lastBolusTime":1702893506960,"time":"2023-12-18T14:23:20.332Z","iobWithZeroTemp":{"iob":-0.226,"basaliob":-0.227,"bolussnooze":0,"activity":-0.0025,"lastBolusTime":1702893506960,"time":"2023-12-18T14:23:20.332Z"}},{"iob":0,"basaliob":-0.001,"bolussnooze":0,"activity":0,"lastBolusTime":1702893506960,"time":"2023-12-18T14:28:20.332Z","iobWithZeroTemp":{"iob":-0.231,"basaliob":-0.232,"bolussnooze":0,"activity":-0.0025,"lastBolusTime":1702893506960,"time":"2023-12-18T14:28:20.332Z"}},{"iob":0,"basaliob":-0.001,"bolussnooze":0,"activity":0,"lastBolusTime":1702893506960,"time":"2023-12-18T14:33:20.332Z","iobWithZeroTemp":{"iob":-0.234,"basaliob":-0.235,"bolussnooze":0,"activity":-0.0026,"lastBolusTime":1702893506960,"time":"2023-12-18T14:33:20.332Z"}},{"iob":0,"basaliob":-0.001,"bolussnooze":0,"activity":0,"lastBolusTime":1702893506960,"time":"2023-12-18T14:38:20.332Z","iobWithZeroTemp":{"iob":-0.238,"basaliob":-0.239,"bolussnooze":0,"activity":-0.0026,"lastBolusTime":1702893506960,"time":"2023-12-18T14:38:20.332Z"}},{"iob":0,"basaliob":-0.001,"bolussnooze":0,"activity":0,"lastBolusTime":1702893506960,"time":"2023-12-18T14:43:20.332Z","iobWithZeroTemp":{"iob":-0.242,"basaliob":-0.243,"bolussnooze":0,"activity":-0.0027,"lastBolusTime":1702893506960,"time":"2023-12-18T14:43:20.332Z"}},{"iob":-0.001,"basaliob":-0.001,"bolussnooze":0,"activity":0,"lastBolusTime":1702893506960,"time":"2023-12-18T14:48:20.332Z","iobWithZeroTemp":{"iob":-0.246,"basaliob":-0.246,"bolussnooze":0,"activity":-0.0027,"lastBolusTime":1702893506960,"time":"2023-12-18T14:48:20.332Z"}},{"iob":-0.001,"basaliob":-0.001,"bolussnooze":0,"activity":0,"lastBolusTime":1702893506960,"time":"2023-12-18T14:53:20.332Z","iobWithZeroTemp":{"iob":-0.249,"basaliob":-0.249,"bolussnooze":0,"activity":-0.0027,"lastBolusTime":1702893506960,"time":"2023-12-18T14:53:20.332Z"}},{"iob":-0.001,"basaliob":-0.001,"bolussnooze":0,"activity":0,"lastBolusTime":1702893506960,"time":"2023-12-18T14:58:20.332Z","iobWithZeroTemp":{"iob":-0.252,"basaliob":-0.252,"bolussnooze":0,"activity":-0.0028,"lastBolusTime":1702893506960,"time":"2023-12-18T14:58:20.332Z"}}],"profile":{"max_iob":10,"type":"current","max_daily_basal":0.25,"max_basal":0.75,"min_bg":90,"max_bg":90,"target_bg":90,"carb_ratio":12.4,"sens":84,"max_daily_safety_multiplier":5,"current_basal_safety_multiplier":5,"lgsThreshold":95,"high_temptarget_raises_sensitivity":false,"low_temptarget_lowers_sensitivity":false,"sensitivity_raises_target":true,"resistance_lowers_target":true,"adv_target_adjustments":false,"exercise_mode":false,"half_basal_exercise_target":160,"maxCOB":120,"skip_neutral_temps":false,"remainingCarbsCap":90,"enableUAM":true,"A52_risk_enable":false,"SMBInterval":5,"enableSMB_with_COB":true,"enableSMB_with_temptarget":false,"allowSMB_with_high_temptarget":false,"enableSMB_always":false,"enableSMB_after_carbs":true,"maxSMBBasalMinutes":120,"maxUAMSMBBasalMinutes":120,"bolus_increment":0.05,"carbsReqThreshold":1,"current_basal":0.15000000596046448,"temptargetSet":false,"autosens_max":1.2,"autosens_min":0.7,"variable_sens":105.3,"insulinDivisor":75,"TDD":20.179846514359998},"autosens_data":{"ratio":1},"meal_data":{"carbs":0,"mealCOB":0,"slopeFromMaxDeviation":-0.06872727272727273,"slopeFromMinDeviation":0.31174999999999997,"lastBolusTime":1702893506960,"lastCarbTime":0},"microBolusAllowed":true,"currentTime":1702897401629,"flatBGsDetected":false,"tdd1D":22.354166475186748,"tdd7D":26.782783919711285,"tddLast24H":21.958333164205154,"tddLast4H":1.0583333452542623,"tddLast8to4H":3.754166714350382},"output":{"temp":"absolute","bg":100,"tick":"+0","eventualBG":97,"targetBG":90,"insulinReq":0.06,"deliverAt":"2023-12-18T11:03:21.629Z","sensitivityRatio":1,"variable_sens":105.3,"predBGs":{"IOB":[100,100,100,100,100,100,100,100,100,99,99,99,99,98,98,98,98,98,98,97],"ZT":[100,99,98,97,96,96,95,95,95,95,95,95,95,95,96,96,97,97,98,99,99],"UAM":[100,100,100,100,100,100,99,99,99,99,99,98,98,98,97,97,97,97,97,97,97,97,96]},"reason":"COB: 0, Dev: 6, BGI: -1, ISF: 105, CR: 12.4, Target: 90, minPredBG 96, minGuardBG 96, IOBpredBG 97, UAMpredBG 96; Eventual BG 97 >= 90, temp 0.35 >~ req 0.27U\/hr. ","COB":0,"IOB":0.083,"timestamp":"2023-12-18T11:03:21.660Z"}}