{"algorithm":"OpenAPSSMBDynamicISFPlugin","input":{"glucoseStatus":{"glucose":98,"noise":0,"delta":-6,"short_avgdelta":-6,"long_avgdelta":-5.33,"date":1703010475000},"currenttemp":{"temp":"absolute","duration":105,"rate":0,"minutesrunning":15},"iob_data":[{"iob":0.413,"basaliob":-0.093,"bolussnooze":0.0225,"activity":0.0075,"lastBolusTime":1703006930326,"time":"2023-12-19T18:28:24.899Z","iobWithZeroTemp":{"iob":0.413,"basaliob":-0.093,"bolussnooze":0.0225,"activity":0.0075,"lastBolusTime":1703006930326,"time":"2023-12-19T18:28:24.899Z"}},{"iob":0.377,"basaliob":-0.09,"bolussnooze":0.0177,"activity":0.0069,"lastBolusTime":1703006930326,"time":"2023-12-19T18:33:24.899Z","iobWithZeroTemp":{"iob":0.364,"basaliob":-0.103,"bolussnooze":0.0177,"activity":0.0069,"lastBolusTime":1703006930326,"time":"2023-12-19T18:33:24.899Z"}},{"iob":0.343,"basaliob":-0.087,"bolussnooze":0.0138,"activity":0.0065,"lastBolusTime":1703006930326,"time":"2023-12-19T18:38:24.899Z","iobWithZeroTemp":{"iob":0.313,"basaliob":-0.117,"bolussnooze":0.0138,"activity":0.0064,"lastBolusTime":1703006930326,"time":"2023-12-19T18:38:24.899Z"}},{"iob":0.312,"basaliob":-0.083,"bolussnooze":0.0107,"activity":0.0059,"lastBolusTime":1703006930326,"time":"2023-12-19T18:43:24.899Z","iobWithZeroTemp":{"iob":0.266,"basaliob":-0.129,"bolussnooze":0.0107,"activity":0.0058,"lastBolusTime":1703006930326,"time":"2023-12-19T18:43:24.899Z"}},{"iob":0.284,"basaliob":-0.079,"bolussnooze":0.0082,"activity":0.0055,"lastBolusTime":1703006930326,"time":"2023-12-19T18:48:24.899Z","iobWithZeroTemp":{"iob":0.222,"basaliob":-0.141,"bolussnooze":0.0082,"activity":0.0053,"lastBolusTime":1703006930326,"time":"2023-12-19T18:48:24.899Z"}},{"iob":0.258,"basaliob":-0.075,"bolussnooze":0.0061,"activity":0.0051,"lastBolusTime":1703006930326,"time":"2023-12-19T18:53:24.899Z","iobWithZeroTemp":{"iob":0.181,"basaliob":-0.152,"bolussnooze":0.0061,"activity":0.0048,"lastBolusTime":1703006930326,"time":"2023-12-19T18:53:24.899Z"}},{"iob":0.234,"basaliob":-0.07,"bolussnooze":0.0046,"activity":0.0047,"lastBolusTime":1703006930326,"time":"2023-12-19T18:58:24.899Z","iobWithZeroTemp":{"iob":0.142,"basaliob":-0.162,"bolussnooze":0.0046,"activity":0.0042,"lastBolusTime":1703006930326,"time":"2023-12-19T18:58:24.899Z"}},{"iob":0.212,"basaliob":-0.066,"bolussnooze":0.0033,"activity":0.0043,"lastBolusTime":1703006930326,"time":"2023-12-19T19:03:24.899Z","iobWithZeroTemp":{"iob":0.11,"basaliob":-0.168,"bolussnooze":0.0033,"activity":0.0037,"lastBolusTime":1703006930326,"time":"2023-12-19T19:03:24.899Z"}},{"iob":0.191,"basaliob":-0.062,"bolussnooze":0.0024,"activity":0.0039,"lastBolusTime":1703006930326,"time":"2023-12-19T19:08:24.899Z","iobWithZeroTemp":{"iob":0.08,"basaliob":-0.173,"bolussnooze":0.0024,"activity":0.0032,"lastBolusTime":1703006930326,"time":"2023-12-19T19:08:24.899Z"}},{"iob":0.173,"basaliob":-0.058,"bolussnooze":0.0017,"activity":0.0036,"lastBolusTime":1703006930326,"time":"2023-12-19T19:13:24.899Z","iobWithZeroTemp":{"iob":0.054,"basaliob":-0.177,"bolussnooze":0.0017,"activity":0.0027,"lastBolusTime":1703006930326,"time":"2023-12-19T19:13:24.899Z"}},{"iob":0.156,"basaliob":-0.054,"bolussnooze":0.0011,"activity":0.0032,"lastBolusTime":1703006930326,"time":"2023-12-19T19:18:24.899Z","iobWithZeroTemp":{"iob":0.029,"basaliob":-0.181,"bolussnooze":0.0011,"activity":0.0022,"lastBolusTime":1703006930326,"time":"2023-12-19T19:18:24.899Z"}},{"iob":0.14,"basaliob":-0.05,"bolussnooze":7.0E-4,"activity":0.003,"lastBolusTime":1703006930326,"time":"2023-12-19T19:23:24.899Z","iobWithZeroTemp":{"iob":0.005,"basaliob":-0.185,"bolussnooze":7.0E-4,"activity":0.0019,"lastBolusTime":1703006930326,"time":"2023-12-19T19:23:24.899Z"}},{"iob":0.126,"basaliob":-0.047,"bolussnooze":5.0E-4,"activity":0.0027,"lastBolusTime":1703006930326,"time":"2023-12-19T19:28:24.899Z","iobWithZeroTemp":{"iob":-0.016,"basaliob":-0.189,"bolussnooze":5.0E-4,"activity":0.0015,"lastBolusTime":1703006930326,"time":"2023-12-19T19:28:24.899Z"}},{"iob":0.113,"basaliob":-0.043,"bolussnooze":3.0E-4,"activity":0.0025,"lastBolusTime":1703006930326,"time":"2023-12-19T19:33:24.899Z","iobWithZeroTemp":{"iob":-0.035,"basaliob":-0.191,"bolussnooze":3.0E-4,"activity":0.0012,"lastBolusTime":1703006930326,"time":"2023-12-19T19:33:24.899Z"}},{"iob":0.101,"basaliob":-0.04,"bolussnooze":2.0E-4,"activity":0.0023,"lastBolusTime":1703006930326,"time":"2023-12-19T19:38:24.899Z","iobWithZeroTemp":{"iob":-0.053,"basaliob":-0.194,"bolussnooze":2.0E-4,"activity":9.0E-4,"lastBolusTime":1703006930326,"time":"2023-12-19T19:38:24.899Z"}},{"iob":0.09,"basaliob":-0.037,"bolussnooze":1.0E-4,"activity":0.002,"lastBolusTime":1703006930326,"time":"2023-12-19T19:43:24.899Z","iobWithZeroTemp":{"iob":-0.069,"basaliob":-0.196,"bolussnooze":1.0E-4,"activity":5.0E-4,"lastBolusTime":1703006930326,"time":"2023-12-19T19:43:24.899Z"}},{"iob":0.08,"basaliob":-0.034,"bolussnooze":0,"activity":0.0018,"lastBolusTime":1703006930326,"time":"2023-12-19T19:48:24.899Z","iobWithZeroTemp":{"iob":-0.084,"basaliob":-0.198,"bolussnooze":0,"activity":2.0E-4,"lastBolusTime":1703006930326,"time":"2023-12-19T19:48:24.899Z"}},{"iob":0.072,"basaliob":-0.031,"bolussnooze":0,"activity":0.0017,"lastBolusTime":1703006930326,"time":"2023-12-19T19:53:24.899Z","iobWithZeroTemp":{"iob":-0.097,"basaliob":-0.2,"bolussnooze":0,"activity":1.0E-4,"lastBolusTime":1703006930326,"time":"2023-12-19T19:53:24.899Z"}},{"iob":0.064,"basaliob":-0.028,"bolussnooze":0,"activity":0.0015,"lastBolusTime":1703006930326,"time":"2023-12-19T19:58:24.899Z","iobWithZeroTemp":{"iob":-0.109,"basaliob":-0.201,"bolussnooze":0,"activity":-2.0E-4,"lastBolusTime":1703006930326,"time":"2023-12-19T19:58:24.899Z"}},{"iob":0.057,"basaliob":-0.026,"bolussnooze":0,"activity":0.0013,"lastBolusTime":1703006930326,"time":"2023-12-19T20:03:24.899Z","iobWithZeroTemp":{"iob":-0.119,"basaliob":-0.202,"bolussnooze":0,"activity":-5.0E-4,"lastBolusTime":1703006930326,"time":"2023-12-19T20:03:24.899Z"}},{"iob":0.05,"basaliob":-0.024,"bolussnooze":0,"activity":0.0013,"lastBolusTime":1703006930326,"time":"2023-12-19T20:08:24.899Z","iobWithZeroTemp":{"iob":-0.13,"basaliob":-0.204,"bolussnooze":0,"activity":-5.0E-4,"lastBolusTime":1703006930326,"time":"2023-12-19T20:08:24.899Z"}},{"iob":0.044,"basaliob":-0.022,"bolussnooze":0,"activity":0.0011,"lastBolusTime":1703006930326,"time":"2023-12-19T20:13:24.899Z","iobWithZeroTemp":{"iob":-0.139,"basaliob":-0.205,"bolussnooze":0,"activity":-8.0E-4,"lastBolusTime":1703006930326,"time":"2023-12-19T20:13:24.899Z"}},{"iob":0.039,"basaliob":-0.02,"bolussnooze":0,"activity":0.001,"lastBolusTime":1703006930326,"time":"2023-12-19T20:18:24.899Z","iobWithZeroTemp":{"iob":-0.147,"basaliob":-0.206,"bolussnooze":0,"activity":-0.001,"lastBolusTime":1703006930326,"time":"2023-12-19T20:18:24.899Z"}},{"iob":0.034,"basaliob":-0.018,"bolussnooze":0,"activity":9.0E-4,"lastBolusTime":1703006930326,"time":"2023-12-19T20:23:24.899Z","iobWithZeroTemp":{"iob":-0.154,"basaliob":-0.206,"bolussnooze":0,"activity":-0.0011,"lastBolusTime":1703006930326,"time":"2023-12-19T20:23:24.899Z"}},{"iob":0.03,"basaliob":-0.016,"bolussnooze":0,"activity":8.0E-4,"lastBolusTime":1703006930326,"time":"2023-12-19T20:28:24.899Z","iobWithZeroTemp":{"iob":-0.161,"basaliob":-0.207,"bolussnooze":0,"activity":-0.0013,"lastBolusTime":1703006930326,"time":"2023-12-19T20:28:24.899Z"}},{"iob":0.026,"basaliob":-0.015,"bolussnooze":0,"activity":7.0E-4,"lastBolusTime":1703006930326,"time":"2023-12-19T20:33:24.899Z","iobWithZeroTemp":{"iob":-0.167,"basaliob":-0.208,"bolussnooze":0,"activity":-0.0014,"lastBolusTime":1703006930326,"time":"2023-12-19T20:33:24.899Z"}},{"iob":0.023,"basaliob":-0.013,"bolussnooze":0,"activity":6.0E-4,"lastBolusTime":1703006930326,"time":"2023-12-19T20:38:24.899Z","iobWithZeroTemp":{"iob":-0.172,"basaliob":-0.208,"bolussnooze":0,"activity":-0.0015,"lastBolusTime":1703006930326,"time":"2023-12-19T20:38:24.899Z"}},{"iob":0.02,"basaliob":-0.012,"bolussnooze":0,"activity":6.0E-4,"lastBolusTime":1703006930326,"time":"2023-12-19T20:43:24.899Z","iobWithZeroTemp":{"iob":-0.177,"basaliob":-0.209,"bolussnooze":0,"activity":-0.0016,"lastBolusTime":1703006930326,"time":"2023-12-19T20:43:24.899Z"}},{"iob":0.017,"basaliob":-0.011,"bolussnooze":0,"activity":5.0E-4,"lastBolusTime":1703006930326,"time":"2023-12-19T20:48:24.899Z","iobWithZeroTemp":{"iob":-0.181,"basaliob":-0.209,"bolussnooze":0,"activity":-0.0017,"lastBolusTime":1703006930326,"time":"2023-12-19T20:48:24.899Z"}},{"iob":0.015,"basaliob":-0.01,"bolussnooze":0,"activity":5.0E-4,"lastBolusTime":1703006930326,"time":"2023-12-19T20:53:24.899Z","iobWithZeroTemp":{"iob":-0.185,"basaliob":-0.21,"bolussnooze":0,"activity":-0.0017,"lastBolusTime":1703006930326,"time":"2023-12-19T20:53:24.899Z"}},{"iob":0.013,"basaliob":-0.009,"bolussnooze":0,"activity":4.0E-4,"lastBolusTime":1703006930326,"time":"2023-12-19T20:58:24.899Z","iobWithZeroTemp":{"iob":-0.188,"basaliob":-0.21,"bolussnooze":0,"activity":-0.0019,"lastBolusTime":1703006930326,"time":"2023-12-19T20:58:24.899Z"}},{"iob":0.011,"basaliob":-0.008,"bolussnooze":0,"activity":3.0E-4,"lastBolusTime":1703006930326,"time":"2023-12-19T21:03:24.899Z","iobWithZeroTemp":{"iob":-0.191,"basaliob":-0.21,"bolussnooze":0,"activity":-0.002,"lastBolusTime":1703006930326,"time":"2023-12-19T21:03:24.899Z"}},{"iob":0.01,"basaliob":-0.007,"bolussnooze":0,"activity":3.0E-4,"lastBolusTime":1703006930326,"time":"2023-12-19T21:08:24.899Z","iobWithZeroTemp":{"iob":-0.193,"basaliob":-0.21,"bolussnooze":0,"activity":-0.002,"lastBolusTime":1703006930326,"time":"2023-12-19T21:08:24.899Z"}},{"iob":0.008,"basaliob":-0.006,"bolussnooze":0,"activity":3.0E-4,"lastBolusTime":1703006930326,"time":"2023-12-19T21:13:24.899Z","iobWithZeroTemp":{"iob":-0.196,"basaliob":-0.21,"bolussnooze":0,"activity":-0.002,"lastBolusTime":1703006930326,"time":"2023-12-19T21:13:24.899Z"}},{"iob":0.006,"basaliob":-0.006,"bolussnooze":0,"activity":3.0E-4,"lastBolusTime":1703006930326,"time":"2023-12-19T21:18:24.899Z","iobWithZeroTemp":{"iob":-0.199,"basaliob":-0.211,"bolussnooze":0,"activity":-0.002,"lastBolusTime":1703006930326,"time":"2023-12-19T21:18:24.899Z"}},{"iob":0.006,"basaliob":-0.005,"bolussnooze":0,"activity":2.0E-4,"lastBolusTime":1703006930326,"time":"2023-12-19T21:23:24.899Z","iobWithZeroTemp":{"iob":-0.199,"basaliob":-0.21,"bolussnooze":0,"activity":-0.0022,"lastBolusTime":1703006930326,"time":"2023-12-19T21:23:24.899Z"}},{"iob":0.004,"basaliob":-0.005,"bolussnooze":0,"activity":2.0E-4,"lastBolusTime":1703006930326,"time":"2023-12-19T21:28:24.899Z","iobWithZeroTemp":{"iob":-0.202,"basaliob":-0.211,"bolussnooze":0,"activity":-0.0022,"lastBolusTime":1703006930326,"time":"2023-12-19T21:28:24.899Z"}},{"iob":0.004,"basaliob":-0.004,"bolussnooze":0,"activity":1.0E-4,"lastBolusTime":1703006930326,"time":"2023-12-19T21:33:24.899Z","iobWithZeroTemp":{"iob":-0.203,"basaliob":-0.211,"bolussnooze":0,"activity":-0.0023,"lastBolusTime":1703006930326,"time":"2023-12-19T21:33:24.899Z"}},{"iob":0.003,"basaliob":-0.004,"bolussnooze":0,"activity":1.0E-4,"lastBolusTime":1703006930326,"time":"2023-12-19T21:38:24.899Z","iobWithZeroTemp":{"iob":-0.204,"basaliob":-0.211,"bolussnooze":0,"activity":-0.0023,"lastBolusTime":1703006930326,"time":"2023-12-19T21:38:24.899Z"}},{"iob":0.003,"basaliob":-0.003,"bolussnooze":0,"activity":1.0E-4,"lastBolusTime":1703006930326,"time":"2023-12-19T21:43:24.899Z","iobWithZeroTemp":{"iob":-0.205,"basaliob":-0.211,"bolussnooze":0,"activity":-0.0023,"lastBolusTime":1703006930326,"time":"2023-12-19T21:43:24.899Z"}},{"iob":0.002,"basaliob":-0.003,"bolussnooze":0,"activity":1.0E-4,"lastBolusTime":1703006930326,"time":"2023-12-19T21:48:24.899Z","iobWithZeroTemp":{"iob":-0.206,"basaliob":-0.211,"bolussnooze":0,"activity":-0.0023,"lastBolusTime":1703006930326,"time":"2023-12-19T21:48:24.899Z"}},{"iob":0.001,"basaliob":-0.003,"bolussnooze":0,"activity":0,"lastBolusTime":1703006930326,"time":"2023-12-19T21:53:24.899Z","iobWithZeroTemp":{"iob":-0.207,"basaliob":-0.211,"bolussnooze":0,"activity":-0.0024,"lastBolusTime":1703006930326,"time":"2023-12-19T21:53:24.899Z"}},{"iob":0.001,"basaliob":-0.002,"bolussnooze":0,"activity":0,"lastBolusTime":1703006930326,"time":"2023-12-19T21:58:24.899Z","iobWithZeroTemp":{"iob":-0.208,"basaliob":-0.211,"bolussnooze":0,"activity":-0.0024,"lastBolusTime":1703006930326,"time":"2023-12-19T21:58:24.899Z"}},{"iob":0.001,"basaliob":-0.002,"bolussnooze":0,"activity":1.0E-4,"lastBolusTime":1703006930326,"time":"2023-12-19T22:03:24.899Z","iobWithZeroTemp":{"iob":-0.212,"basaliob":-0.215,"bolussnooze":0,"activity":-0.0024,"lastBolusTime":1703006930326,"time":"2023-12-19T22:03:24.899Z"}},{"iob":0,"basaliob":-0.002,"bolussnooze":0,"activity":1.0E-4,"lastBolusTime":1703006930326,"time":"2023-12-19T22:08:24.899Z","iobWithZeroTemp":{"iob":-0.217,"basaliob":-0.219,"bolussnooze":0,"activity":-0.0024,"lastBolusTime":1703006930326,"time":"2023-12-19T22:08:24.899Z"}},{"iob":0,"basaliob":-0.002,"bolussnooze":0,"activity":1.0E-4,"lastBolusTime":1703006930326,"time":"2023-12-19T22:13:24.899Z","iobWithZeroTemp":{"iob":-0.222,"basaliob":-0.224,"bolussnooze":0,"activity":-0.0024,"lastBolusTime":1703006930326,"time":"2023-12-19T22:13:24.899Z"}},{"iob":0,"basaliob":-0.001,"bolussnooze":0,"activity":1.0E-4,"lastBolusTime":1703006930326,"time":"2023-12-19T22:18:24.899Z","iobWithZeroTemp":{"iob":-0.226,"basaliob":-0.227,"bolussnooze":0,"activity":-0.0024,"lastBolusTime":1703006930326,"time":"2023-12-19T22:18:24.899Z"}},{"iob":0,"basaliob":-0.001,"bolussnooze":0,"activity":1.0E-4,"lastBolusTime":1703006930326,"time":"2023-12-19T22:23:24.899Z","iobWithZeroTemp":{"iob":-0.23,"basaliob":-0.231,"bolussnooze":0,"activity":-0.0025,"lastBolusTime":1703006930326,"time":"2023-12-19T22:23:24.899Z"}}],"profile":{"max_iob":10,"type":"current","max_daily_basal":0.25,"max_basal":1,"min_bg":90,"max_bg":90,"target_bg":90,"carb_ratio":14.8,"sens":84,"max_daily_safety_multiplier":5,"current_basal_safety_multiplier":5,"lgsThreshold":95,"high_temptarget_raises_sensitivity":false,"low_temptarget_lowers_sensitivity":false,"sensitivity_raises_target":true,"resistance_lowers_target":true,"adv_target_adjustments":false,"exercise_mode":false,"half_basal_exercise_target":160,"maxCOB":120,"skip_neutral_temps":false,"remainingCarbsCap":90,"enableUAM":true,"A52_risk_enable":false,"SMBInterval":5,"enableSMB_with_COB":true,"enableSMB_with_temptarget":false,"allowSMB_with_high_temptarget":false,"enableSMB_always":false,"enableSMB_after_carbs":true,"maxSMBBasalMinutes":120,"maxUAMSMBBasalMinutes":120,"bolus_increment":0.05,"carbsReqThreshold":1,"current_basal":0.20000000298023224,"temptargetSet":false,"autosens_max":1.2,"autosens_min":0.7,"variable_sens":98,"insulinDivisor":75,"TDD":21.97286030057947},"autosens_data":{"ratio":1},"meal_data":{"carbs":7,"mealCOB":0,"slopeFromMaxDeviation":-1.057,"slopeFromMinDeviation":0,"lastBolusTime":1703006930326,"lastCarbTime":1703005061965},"microBolusAllowed":true,"currentTime":1703010506181,"flatBGsDetected":false,"tdd1D":20.141666612277426,"tdd7D":26.78606000595613,"tddLast24H":18.537499860674142,"tddLast4H":2.233333351959785,"tddLast8to4H":5.258333149303993},"output":{"temp":"absolute","bg":98,"tick":-6,"eventualBG":48,"targetBG":90,"insulinReq":0,"deliverAt":"2023-12-19T18:28:26.181Z","sensitivityRatio":1,"variable_sens":98,"predBGs":{"IOB":[98,92,87,82,77,72,68,64,60,57,54,52,49,47,45,43,41,39],"ZT":[98,94,91,88,84,82,79,77,74,72,71,70,68,67,67,66,66,66,65,66,66,66,67,67,68,69,70,71,72,73,74,75,76,77,78,80,81,82,83,85,86,87,88,90]},"reason":"COB: 0, Dev: -10, BGI: -4, ISF: 98, CR: 14.8, Target: 90, minPredBG 52, minGuardBG 24, IOBpredBG 39; 5 add'l carbs req w\/in 5m; minGuardBG 24<95","COB":0,"IOB":0.413,"carbsReq":5,"carbsReqWithin":5,"duration":120,"rate":0,"timestamp":"2023-12-19T18:28:26.195Z"}}