{"algorithm":"OpenAPSSMBDynamicISFPlugin","input":{"glucoseStatus":{"glucose":143,"noise":0,"delta":4,"short_avgdelta":3.72,"long_avgdelta":2.2,"date":1703024876000},"currenttemp":{"temp":"absolute","duration":20,"rate":1,"minutesrunning":10},"iob_data":[{"iob":0.845,"basaliob":0.002,"bolussnooze":0.0409,"activity":0.0114,"lastBolusTime":1703024320807,"time":"2023-12-19T22:28:27.563Z","iobWithZeroTemp":{"iob":0.845,"basaliob":0.002,"bolussnooze":0.0409,"activity":0.0114,"lastBolusTime":1703024320807,"time":"2023-12-19T22:28:27.563Z"}},{"iob":0.79,"basaliob":0.008,"bolussnooze":0.0307,"activity":0.0112,"lastBolusTime":1703024320807,"time":"2023-12-19T22:33:27.563Z","iobWithZeroTemp":{"iob":0.777,"basaliob":-0.005,"bolussnooze":0.0307,"activity":0.0112,"lastBolusTime":1703024320807,"time":"2023-12-19T22:33:27.563Z"}},{"iob":0.735,"basaliob":0.012,"bolussnooze":0.0227,"activity":0.0108,"lastBolusTime":1703024320807,"time":"2023-12-19T22:38:27.563Z","iobWithZeroTemp":{"iob":0.705,"basaliob":-0.018,"bolussnooze":0.0227,"activity":0.0107,"lastBolusTime":1703024320807,"time":"2023-12-19T22:38:27.563Z"}},{"iob":0.682,"basaliob":0.015,"bolussnooze":0.0164,"activity":0.0103,"lastBolusTime":1703024320807,"time":"2023-12-19T22:43:27.563Z","iobWithZeroTemp":{"iob":0.636,"basaliob":-0.031,"bolussnooze":0.0164,"activity":0.0102,"lastBolusTime":1703024320807,"time":"2023-12-19T22:43:27.563Z"}},{"iob":0.632,"basaliob":0.018,"bolussnooze":0.0116,"activity":0.0098,"lastBolusTime":1703024320807,"time":"2023-12-19T22:48:27.563Z","iobWithZeroTemp":{"iob":0.57,"basaliob":-0.044,"bolussnooze":0.0116,"activity":0.0096,"lastBolusTime":1703024320807,"time":"2023-12-19T22:48:27.563Z"}},{"iob":0.584,"basaliob":0.019,"bolussnooze":0.0079,"activity":0.0093,"lastBolusTime":1703024320807,"time":"2023-12-19T22:53:27.563Z","iobWithZeroTemp":{"iob":0.507,"basaliob":-0.058,"bolussnooze":0.0079,"activity":0.009,"lastBolusTime":1703024320807,"time":"2023-12-19T22:53:27.563Z"}},{"iob":0.539,"basaliob":0.021,"bolussnooze":0.0052,"activity":0.0088,"lastBolusTime":1703024320807,"time":"2023-12-19T22:58:27.563Z","iobWithZeroTemp":{"iob":0.447,"basaliob":-0.071,"bolussnooze":0.0052,"activity":0.0083,"lastBolusTime":1703024320807,"time":"2023-12-19T22:58:27.563Z"}},{"iob":0.495,"basaliob":0.021,"bolussnooze":0.0033,"activity":0.0083,"lastBolusTime":1703024320807,"time":"2023-12-19T23:03:27.563Z","iobWithZeroTemp":{"iob":0.389,"basaliob":-0.085,"bolussnooze":0.0033,"activity":0.0077,"lastBolusTime":1703024320807,"time":"2023-12-19T23:03:27.563Z"}},{"iob":0.456,"basaliob":0.022,"bolussnooze":0.0019,"activity":0.0079,"lastBolusTime":1703024320807,"time":"2023-12-19T23:08:27.563Z","iobWithZeroTemp":{"iob":0.337,"basaliob":-0.097,"bolussnooze":0.0019,"activity":0.0072,"lastBolusTime":1703024320807,"time":"2023-12-19T23:08:27.563Z"}},{"iob":0.418,"basaliob":0.022,"bolussnooze":0.001,"activity":0.0073,"lastBolusTime":1703024320807,"time":"2023-12-19T23:13:27.563Z","iobWithZeroTemp":{"iob":0.287,"basaliob":-0.109,"bolussnooze":0.001,"activity":0.0064,"lastBolusTime":1703024320807,"time":"2023-12-19T23:13:27.563Z"}},{"iob":0.382,"basaliob":0.022,"bolussnooze":4.0E-4,"activity":0.0069,"lastBolusTime":1703024320807,"time":"2023-12-19T23:18:27.563Z","iobWithZeroTemp":{"iob":0.239,"basaliob":-0.121,"bolussnooze":4.0E-4,"activity":0.0059,"lastBolusTime":1703024320807,"time":"2023-12-19T23:18:27.563Z"}},{"iob":0.349,"basaliob":0.021,"bolussnooze":1.0E-4,"activity":0.0064,"lastBolusTime":1703024320807,"time":"2023-12-19T23:23:27.563Z","iobWithZeroTemp":{"iob":0.195,"basaliob":-0.133,"bolussnooze":1.0E-4,"activity":0.0052,"lastBolusTime":1703024320807,"time":"2023-12-19T23:23:27.563Z"}},{"iob":0.319,"basaliob":0.021,"bolussnooze":0,"activity":0.0059,"lastBolusTime":1703024320807,"time":"2023-12-19T23:28:27.563Z","iobWithZeroTemp":{"iob":0.154,"basaliob":-0.144,"bolussnooze":0,"activity":0.0046,"lastBolusTime":1703024320807,"time":"2023-12-19T23:28:27.563Z"}},{"iob":0.29,"basaliob":0.02,"bolussnooze":0,"activity":0.0054,"lastBolusTime":1703024320807,"time":"2023-12-19T23:33:27.563Z","iobWithZeroTemp":{"iob":0.115,"basaliob":-0.155,"bolussnooze":0,"activity":0.004,"lastBolusTime":1703024320807,"time":"2023-12-19T23:33:27.563Z"}},{"iob":0.263,"basaliob":0.019,"bolussnooze":0,"activity":0.0051,"lastBolusTime":1703024320807,"time":"2023-12-19T23:38:27.563Z","iobWithZeroTemp":{"iob":0.079,"basaliob":-0.165,"bolussnooze":0,"activity":0.0035,"lastBolusTime":1703024320807,"time":"2023-12-19T23:38:27.563Z"}},{"iob":0.24,"basaliob":0.019,"bolussnooze":0,"activity":0.0047,"lastBolusTime":1703024320807,"time":"2023-12-19T23:43:27.563Z","iobWithZeroTemp":{"iob":0.048,"basaliob":-0.173,"bolussnooze":0,"activity":0.003,"lastBolusTime":1703024320807,"time":"2023-12-19T23:43:27.563Z"}},{"iob":0.217,"basaliob":0.018,"bolussnooze":0,"activity":0.0043,"lastBolusTime":1703024320807,"time":"2023-12-19T23:48:27.563Z","iobWithZeroTemp":{"iob":0.017,"basaliob":-0.182,"bolussnooze":0,"activity":0.0025,"lastBolusTime":1703024320807,"time":"2023-12-19T23:48:27.563Z"}},{"iob":0.196,"basaliob":0.017,"bolussnooze":0,"activity":0.004,"lastBolusTime":1703024320807,"time":"2023-12-19T23:53:27.563Z","iobWithZeroTemp":{"iob":-0.011,"basaliob":-0.19,"bolussnooze":0,"activity":0.0021,"lastBolusTime":1703024320807,"time":"2023-12-19T23:53:27.563Z"}},{"iob":0.177,"basaliob":0.016,"bolussnooze":0,"activity":0.0037,"lastBolusTime":1703024320807,"time":"2023-12-19T23:58:27.563Z","iobWithZeroTemp":{"iob":-0.037,"basaliob":-0.198,"bolussnooze":0,"activity":0.0017,"lastBolusTime":1703024320807,"time":"2023-12-19T23:58:27.563Z"}},{"iob":0.16,"basaliob":0.015,"bolussnooze":0,"activity":0.0034,"lastBolusTime":1703024320807,"time":"2023-12-20T00:03:27.563Z","iobWithZeroTemp":{"iob":-0.056,"basaliob":-0.201,"bolussnooze":0,"activity":0.0013,"lastBolusTime":1703024320807,"time":"2023-12-20T00:03:27.563Z"}},{"iob":0.143,"basaliob":0.014,"bolussnooze":0,"activity":0.0031,"lastBolusTime":1703024320807,"time":"2023-12-20T00:08:27.563Z","iobWithZeroTemp":{"iob":-0.075,"basaliob":-0.204,"bolussnooze":0,"activity":9.0E-4,"lastBolusTime":1703024320807,"time":"2023-12-20T00:08:27.563Z"}},{"iob":0.129,"basaliob":0.013,"bolussnooze":0,"activity":0.0028,"lastBolusTime":1703024320807,"time":"2023-12-20T00:13:27.563Z","iobWithZeroTemp":{"iob":-0.09,"basaliob":-0.206,"bolussnooze":0,"activity":5.0E-4,"lastBolusTime":1703024320807,"time":"2023-12-20T00:13:27.563Z"}},{"iob":0.115,"basaliob":0.012,"bolussnooze":0,"activity":0.0026,"lastBolusTime":1703024320807,"time":"2023-12-20T00:18:27.563Z","iobWithZeroTemp":{"iob":-0.105,"basaliob":-0.208,"bolussnooze":0,"activity":2.0E-4,"lastBolusTime":1703024320807,"time":"2023-12-20T00:18:27.563Z"}},{"iob":0.103,"basaliob":0.011,"bolussnooze":0,"activity":0.0023,"lastBolusTime":1703024320807,"time":"2023-12-20T00:23:27.563Z","iobWithZeroTemp":{"iob":-0.118,"basaliob":-0.21,"bolussnooze":0,"activity":-1.0E-4,"lastBolusTime":1703024320807,"time":"2023-12-20T00:23:27.563Z"}},{"iob":0.093,"basaliob":0.011,"bolussnooze":0,"activity":0.0021,"lastBolusTime":1703024320807,"time":"2023-12-20T00:28:27.563Z","iobWithZeroTemp":{"iob":-0.128,"basaliob":-0.21,"bolussnooze":0,"activity":-3.0E-4,"lastBolusTime":1703024320807,"time":"2023-12-20T00:28:27.563Z"}},{"iob":0.083,"basaliob":0.01,"bolussnooze":0,"activity":0.002,"lastBolusTime":1703024320807,"time":"2023-12-20T00:33:27.563Z","iobWithZeroTemp":{"iob":-0.138,"basaliob":-0.211,"bolussnooze":0,"activity":-5.0E-4,"lastBolusTime":1703024320807,"time":"2023-12-20T00:33:27.563Z"}},{"iob":0.073,"basaliob":0.009,"bolussnooze":0,"activity":0.0017,"lastBolusTime":1703024320807,"time":"2023-12-20T00:38:27.563Z","iobWithZeroTemp":{"iob":-0.148,"basaliob":-0.212,"bolussnooze":0,"activity":-8.0E-4,"lastBolusTime":1703024320807,"time":"2023-12-20T00:38:27.563Z"}},{"iob":0.065,"basaliob":0.008,"bolussnooze":0,"activity":0.0015,"lastBolusTime":1703024320807,"time":"2023-12-20T00:43:27.563Z","iobWithZeroTemp":{"iob":-0.156,"basaliob":-0.213,"bolussnooze":0,"activity":-0.001,"lastBolusTime":1703024320807,"time":"2023-12-20T00:43:27.563Z"}},{"iob":0.058,"basaliob":0.008,"bolussnooze":0,"activity":0.0014,"lastBolusTime":1703024320807,"time":"2023-12-20T00:48:27.563Z","iobWithZeroTemp":{"iob":-0.163,"basaliob":-0.213,"bolussnooze":0,"activity":-0.0011,"lastBolusTime":1703024320807,"time":"2023-12-20T00:48:27.563Z"}},{"iob":0.051,"basaliob":0.007,"bolussnooze":0,"activity":0.0012,"lastBolusTime":1703024320807,"time":"2023-12-20T00:53:27.563Z","iobWithZeroTemp":{"iob":-0.17,"basaliob":-0.214,"bolussnooze":0,"activity":-0.0014,"lastBolusTime":1703024320807,"time":"2023-12-20T00:53:27.563Z"}},{"iob":0.046,"basaliob":0.007,"bolussnooze":0,"activity":0.0011,"lastBolusTime":1703024320807,"time":"2023-12-20T00:58:27.563Z","iobWithZeroTemp":{"iob":-0.175,"basaliob":-0.214,"bolussnooze":0,"activity":-0.0015,"lastBolusTime":1703024320807,"time":"2023-12-20T00:58:27.563Z"}},{"iob":0.04,"basaliob":0.006,"bolussnooze":0,"activity":0.001,"lastBolusTime":1703024320807,"time":"2023-12-20T01:03:27.563Z","iobWithZeroTemp":{"iob":-0.184,"basaliob":-0.218,"bolussnooze":0,"activity":-0.0016,"lastBolusTime":1703024320807,"time":"2023-12-20T01:03:27.563Z"}},{"iob":0.034,"basaliob":0.005,"bolussnooze":0,"activity":9.0E-4,"lastBolusTime":1703024320807,"time":"2023-12-20T01:08:27.563Z","iobWithZeroTemp":{"iob":-0.194,"basaliob":-0.223,"bolussnooze":0,"activity":-0.0017,"lastBolusTime":1703024320807,"time":"2023-12-20T01:08:27.563Z"}},{"iob":0.031,"basaliob":0.005,"bolussnooze":0,"activity":8.0E-4,"lastBolusTime":1703024320807,"time":"2023-12-20T01:13:27.563Z","iobWithZeroTemp":{"iob":-0.201,"basaliob":-0.227,"bolussnooze":0,"activity":-0.0018,"lastBolusTime":1703024320807,"time":"2023-12-20T01:13:27.563Z"}},{"iob":0.027,"basaliob":0.005,"bolussnooze":0,"activity":7.0E-4,"lastBolusTime":1703024320807,"time":"2023-12-20T01:18:27.563Z","iobWithZeroTemp":{"iob":-0.208,"basaliob":-0.23,"bolussnooze":0,"activity":-0.002,"lastBolusTime":1703024320807,"time":"2023-12-20T01:18:27.563Z"}},{"iob":0.023,"basaliob":0.004,"bolussnooze":0,"activity":7.0E-4,"lastBolusTime":1703024320807,"time":"2023-12-20T01:23:27.563Z","iobWithZeroTemp":{"iob":-0.215,"basaliob":-0.234,"bolussnooze":0,"activity":-0.002,"lastBolusTime":1703024320807,"time":"2023-12-20T01:23:27.563Z"}},{"iob":0.021,"basaliob":0.004,"bolussnooze":0,"activity":6.0E-4,"lastBolusTime":1703024320807,"time":"2023-12-20T01:28:27.563Z","iobWithZeroTemp":{"iob":-0.22,"basaliob":-0.237,"bolussnooze":0,"activity":-0.0021,"lastBolusTime":1703024320807,"time":"2023-12-20T01:28:27.563Z"}},{"iob":0.017,"basaliob":0.003,"bolussnooze":0,"activity":5.0E-4,"lastBolusTime":1703024320807,"time":"2023-12-20T01:33:27.563Z","iobWithZeroTemp":{"iob":-0.227,"basaliob":-0.241,"bolussnooze":0,"activity":-0.0023,"lastBolusTime":1703024320807,"time":"2023-12-20T01:33:27.563Z"}},{"iob":0.015,"basaliob":0.003,"bolussnooze":0,"activity":5.0E-4,"lastBolusTime":1703024320807,"time":"2023-12-20T01:38:27.563Z","iobWithZeroTemp":{"iob":-0.232,"basaliob":-0.244,"bolussnooze":0,"activity":-0.0023,"lastBolusTime":1703024320807,"time":"2023-12-20T01:38:27.563Z"}},{"iob":0.013,"basaliob":0.003,"bolussnooze":0,"activity":4.0E-4,"lastBolusTime":1703024320807,"time":"2023-12-20T01:43:27.563Z","iobWithZeroTemp":{"iob":-0.237,"basaliob":-0.247,"bolussnooze":0,"activity":-0.0024,"lastBolusTime":1703024320807,"time":"2023-12-20T01:43:27.563Z"}},{"iob":0.011,"basaliob":0.002,"bolussnooze":0,"activity":4.0E-4,"lastBolusTime":1703024320807,"time":"2023-12-20T01:48:27.563Z","iobWithZeroTemp":{"iob":-0.241,"basaliob":-0.25,"bolussnooze":0,"activity":-0.0024,"lastBolusTime":1703024320807,"time":"2023-12-20T01:48:27.563Z"}},{"iob":0.009,"basaliob":0.002,"bolussnooze":0,"activity":2.0E-4,"lastBolusTime":1703024320807,"time":"2023-12-20T01:53:27.563Z","iobWithZeroTemp":{"iob":-0.246,"basaliob":-0.253,"bolussnooze":0,"activity":-0.0027,"lastBolusTime":1703024320807,"time":"2023-12-20T01:53:27.563Z"}},{"iob":0.008,"basaliob":0.002,"bolussnooze":0,"activity":2.0E-4,"lastBolusTime":1703024320807,"time":"2023-12-20T01:58:27.563Z","iobWithZeroTemp":{"iob":-0.249,"basaliob":-0.255,"bolussnooze":0,"activity":-0.0027,"lastBolusTime":1703024320807,"time":"2023-12-20T01:58:27.563Z"}},{"iob":0.007,"basaliob":0.002,"bolussnooze":0,"activity":2.0E-4,"lastBolusTime":1703024320807,"time":"2023-12-20T02:03:27.563Z","iobWithZeroTemp":{"iob":-0.252,"basaliob":-0.257,"bolussnooze":0,"activity":-0.0027,"lastBolusTime":1703024320807,"time":"2023-12-20T02:03:27.563Z"}},{"iob":0.007,"basaliob":0.002,"bolussnooze":0,"activity":2.0E-4,"lastBolusTime":1703024320807,"time":"2023-12-20T02:08:27.563Z","iobWithZeroTemp":{"iob":-0.254,"basaliob":-0.259,"bolussnooze":0,"activity":-0.0028,"lastBolusTime":1703024320807,"time":"2023-12-20T02:08:27.563Z"}},{"iob":0.005,"basaliob":0.001,"bolussnooze":0,"activity":1.0E-4,"lastBolusTime":1703024320807,"time":"2023-12-20T02:13:27.563Z","iobWithZeroTemp":{"iob":-0.258,"basaliob":-0.262,"bolussnooze":0,"activity":-0.0029,"lastBolusTime":1703024320807,"time":"2023-12-20T02:13:27.563Z"}},{"iob":0.004,"basaliob":0.001,"bolussnooze":0,"activity":1.0E-4,"lastBolusTime":1703024320807,"time":"2023-12-20T02:18:27.563Z","iobWithZeroTemp":{"iob":-0.26,"basaliob":-0.263,"bolussnooze":0,"activity":-0.0029,"lastBolusTime":1703024320807,"time":"2023-12-20T02:18:27.563Z"}},{"iob":0.004,"basaliob":0.001,"bolussnooze":0,"activity":1.0E-4,"lastBolusTime":1703024320807,"time":"2023-12-20T02:23:27.563Z","iobWithZeroTemp":{"iob":-0.262,"basaliob":-0.265,"bolussnooze":0,"activity":-0.0029,"lastBolusTime":1703024320807,"time":"2023-12-20T02:23:27.563Z"}}],"profile":{"max_iob":10,"type":"current","max_daily_basal":0.25,"max_basal":1,"min_bg":90,"max_bg":90,"target_bg":90,"carb_ratio":14.8,"sens":84,"max_daily_safety_multiplier":5,"current_basal_safety_multiplier":5,"lgsThreshold":95,"high_temptarget_raises_sensitivity":false,"low_temptarget_lowers_sensitivity":false,"sensitivity_raises_target":true,"resistance_lowers_target":true,"adv_target_adjustments":false,"exercise_mode":false,"half_basal_exercise_target":160,"maxCOB":120,"skip_neutral_temps":false,"remainingCarbsCap":90,"enableUAM":true,"A52_risk_enable":false,"SMBInterval":5,"enableSMB_with_COB":true,"enableSMB_with_temptarget":false,"allowSMB_with_high_temptarget":false,"enableSMB_always":false,"enableSMB_after_carbs":true,"maxSMBBasalMinutes":120,"maxUAMSMBBasalMinutes":120,"bolus_increment":0.05,"carbsReqThreshold":1,"current_basal":0.20000000298023224,"temptargetSet":false,"autosens_max":1.2,"autosens_min":0.7,"variable_sens":78.4,"insulinDivisor":75,"TDD":21.51003553351591},"autosens_data":{"ratio":1},"meal_data":{"carbs":38,"mealCOB":2.767542857142862,"slopeFromMaxDeviation":-0.3777272727272727,"slopeFromMinDeviation":0.7894999999999999,"lastBolusTime":1703024320807,"lastCarbTime":1703018782022},"microBolusAllowed":true,"currentTime":1703024909192,"flatBGsDetected":false,"tdd1D":20.141666612277426,"tdd7D":26.78606000595613,"tddLast24H":18.199999990314247,"tddLast4H":3.195833433171113,"tddLast8to4H":2.233333351959785},"output":{"temp":"absolute","bg":143,"tick":"+4","eventualBG":164,"targetBG":90,"insulinReq":0.41,"deliverAt":"2023-12-19T22:28:29.192Z","sensitivityRatio":1,"variable_sens":78.4,"predBGs":{"IOB":[143,146,149,151,152,153,154,154,154,153,151,149,147,145,142,140,139,137,135,134,132,131,130,129,128,127,126,125,125,124,124,123,123,122,122,122,121,121,121,121,121,120],"ZT":[143,139,134,130,125,121,117,114,110,107,104,101,99,96,94,92,91,90,88,87,87,86,86,86,86,86,86,87,87,88,89,90,90],"COB":[143,144,144,141,137,133,129,126,123,119,117,114,111,109,107,105,103,101,100,98,97,96,95,94,93,92,91,91,90,89,89,88,88,88,87,87,87,87,86],"UAM":[143,146,149,152,155,158,160,163,165,167,169,170,171,173,174,174,175,175,175,175,174,173,172,171,171,170,169,169,168,168,167,167,166,166,166,165,165,165,165,165,165,164]},"reason":"COB: 2.8, Dev: 49, BGI: -4, ISF: 78, CR: 14.8, Target: 90, minPredBG 122, minGuardBG 142, IOBpredBG 120, COBpredBG 86, UAMpredBG 164; Eventual BG 164 >= 90,  insulinReq 0.41. Microbolusing 0.2U. adj. req. rate: 1.02 to maxSafeBasal: 1, temp 1.00 >~ req 1U\/hr. ","COB":2.767542857142862,"IOB":0.845,"units":0.2,"timestamp":"2023-12-19T22:28:29.217Z"}}