{"algorithm":"OpenAPSSMBDynamicISFPlugin","input":{"glucoseStatus":{"glucose":153,"noise":0,"delta":0,"short_avgdelta":-0.61,"long_avgdelta":-2.19,"date":1702975976000},"currenttemp":{"temp":"absolute","duration":115,"rate":0,"minutesrunning":5},"iob_data":[{"iob":0.91,"basaliob":-0.065,"bolussnooze":0.0093,"activity":0.0147,"lastBolusTime":1702973619658,"time":"2023-12-19T08:53:21.340Z","iobWithZeroTemp":{"iob":0.91,"basaliob":-0.065,"bolussnooze":0.0093,"activity":0.0147,"lastBolusTime":1702973619658,"time":"2023-12-19T08:53:21.340Z"}},{"iob":0.838,"basaliob":-0.061,"bolussnooze":0.0062,"activity":0.0139,"lastBolusTime":1702973619658,"time":"2023-12-19T08:58:21.340Z","iobWithZeroTemp":{"iob":0.828,"basaliob":-0.071,"bolussnooze":0.0062,"activity":0.0139,"lastBolusTime":1702973619658,"time":"2023-12-19T08:58:21.340Z"}},{"iob":0.771,"basaliob":-0.057,"bolussnooze":0.0039,"activity":0.0131,"lastBolusTime":1702973619658,"time":"2023-12-19T09:03:21.340Z","iobWithZeroTemp":{"iob":0.745,"basaliob":-0.083,"bolussnooze":0.0039,"activity":0.0131,"lastBolusTime":1702973619658,"time":"2023-12-19T09:03:21.340Z"}},{"iob":0.708,"basaliob":-0.053,"bolussnooze":0.0023,"activity":0.0122,"lastBolusTime":1702973619658,"time":"2023-12-19T09:08:21.340Z","iobWithZeroTemp":{"iob":0.666,"basaliob":-0.095,"bolussnooze":0.0023,"activity":0.0121,"lastBolusTime":1702973619658,"time":"2023-12-19T09:08:21.340Z"}},{"iob":0.648,"basaliob":-0.05,"bolussnooze":0.0012,"activity":0.0115,"lastBolusTime":1702973619658,"time":"2023-12-19T09:13:21.340Z","iobWithZeroTemp":{"iob":0.59,"basaliob":-0.108,"bolussnooze":0.0012,"activity":0.0113,"lastBolusTime":1702973619658,"time":"2023-12-19T09:13:21.340Z"}},{"iob":0.593,"basaliob":-0.046,"bolussnooze":6.0E-4,"activity":0.0107,"lastBolusTime":1702973619658,"time":"2023-12-19T09:18:21.340Z","iobWithZeroTemp":{"iob":0.52,"basaliob":-0.119,"bolussnooze":6.0E-4,"activity":0.0104,"lastBolusTime":1702973619658,"time":"2023-12-19T09:18:21.340Z"}},{"iob":0.541,"basaliob":-0.043,"bolussnooze":2.0E-4,"activity":0.0099,"lastBolusTime":1702973619658,"time":"2023-12-19T09:23:21.340Z","iobWithZeroTemp":{"iob":0.453,"basaliob":-0.131,"bolussnooze":2.0E-4,"activity":0.0095,"lastBolusTime":1702973619658,"time":"2023-12-19T09:23:21.340Z"}},{"iob":0.494,"basaliob":-0.039,"bolussnooze":0,"activity":0.0093,"lastBolusTime":1702973619658,"time":"2023-12-19T09:28:21.340Z","iobWithZeroTemp":{"iob":0.392,"basaliob":-0.141,"bolussnooze":0,"activity":0.0087,"lastBolusTime":1702973619658,"time":"2023-12-19T09:28:21.340Z"}},{"iob":0.449,"basaliob":-0.036,"bolussnooze":0,"activity":0.0085,"lastBolusTime":1702973619658,"time":"2023-12-19T09:33:21.340Z","iobWithZeroTemp":{"iob":0.333,"basaliob":-0.152,"bolussnooze":0,"activity":0.0078,"lastBolusTime":1702973619658,"time":"2023-12-19T09:33:21.340Z"}},{"iob":0.408,"basaliob":-0.033,"bolussnooze":0,"activity":0.0079,"lastBolusTime":1702973619658,"time":"2023-12-19T09:38:21.340Z","iobWithZeroTemp":{"iob":0.28,"basaliob":-0.161,"bolussnooze":0,"activity":0.007,"lastBolusTime":1702973619658,"time":"2023-12-19T09:38:21.340Z"}},{"iob":0.37,"basaliob":-0.031,"bolussnooze":0,"activity":0.0073,"lastBolusTime":1702973619658,"time":"2023-12-19T09:43:21.340Z","iobWithZeroTemp":{"iob":0.23,"basaliob":-0.171,"bolussnooze":0,"activity":0.0063,"lastBolusTime":1702973619658,"time":"2023-12-19T09:43:21.340Z"}},{"iob":0.335,"basaliob":-0.028,"bolussnooze":0,"activity":0.0067,"lastBolusTime":1702973619658,"time":"2023-12-19T09:48:21.340Z","iobWithZeroTemp":{"iob":0.183,"basaliob":-0.18,"bolussnooze":0,"activity":0.0056,"lastBolusTime":1702973619658,"time":"2023-12-19T09:48:21.340Z"}},{"iob":0.303,"basaliob":-0.026,"bolussnooze":0,"activity":0.0061,"lastBolusTime":1702973619658,"time":"2023-12-19T09:53:21.340Z","iobWithZeroTemp":{"iob":0.141,"basaliob":-0.188,"bolussnooze":0,"activity":0.0048,"lastBolusTime":1702973619658,"time":"2023-12-19T09:53:21.340Z"}},{"iob":0.274,"basaliob":-0.023,"bolussnooze":0,"activity":0.0057,"lastBolusTime":1702973619658,"time":"2023-12-19T09:58:21.340Z","iobWithZeroTemp":{"iob":0.102,"basaliob":-0.195,"bolussnooze":0,"activity":0.0043,"lastBolusTime":1702973619658,"time":"2023-12-19T09:58:21.340Z"}},{"iob":0.247,"basaliob":-0.021,"bolussnooze":0,"activity":0.0052,"lastBolusTime":1702973619658,"time":"2023-12-19T10:03:21.340Z","iobWithZeroTemp":{"iob":0.07,"basaliob":-0.198,"bolussnooze":0,"activity":0.0037,"lastBolusTime":1702973619658,"time":"2023-12-19T10:03:21.340Z"}},{"iob":0.222,"basaliob":-0.019,"bolussnooze":0,"activity":0.0047,"lastBolusTime":1702973619658,"time":"2023-12-19T10:08:21.340Z","iobWithZeroTemp":{"iob":0.04,"basaliob":-0.201,"bolussnooze":0,"activity":0.003,"lastBolusTime":1702973619658,"time":"2023-12-19T10:08:21.340Z"}},{"iob":0.199,"basaliob":-0.018,"bolussnooze":0,"activity":0.0044,"lastBolusTime":1702973619658,"time":"2023-12-19T10:13:21.340Z","iobWithZeroTemp":{"iob":0.013,"basaliob":-0.204,"bolussnooze":0,"activity":0.0026,"lastBolusTime":1702973619658,"time":"2023-12-19T10:13:21.340Z"}},{"iob":0.179,"basaliob":-0.016,"bolussnooze":0,"activity":0.0039,"lastBolusTime":1702973619658,"time":"2023-12-19T10:18:21.340Z","iobWithZeroTemp":{"iob":-0.011,"basaliob":-0.206,"bolussnooze":0,"activity":0.0021,"lastBolusTime":1702973619658,"time":"2023-12-19T10:18:21.340Z"}},{"iob":0.161,"basaliob":-0.014,"bolussnooze":0,"activity":0.0036,"lastBolusTime":1702973619658,"time":"2023-12-19T10:23:21.340Z","iobWithZeroTemp":{"iob":-0.032,"basaliob":-0.207,"bolussnooze":0,"activity":0.0017,"lastBolusTime":1702973619658,"time":"2023-12-19T10:23:21.340Z"}},{"iob":0.143,"basaliob":-0.013,"bolussnooze":0,"activity":0.0032,"lastBolusTime":1702973619658,"time":"2023-12-19T10:28:21.340Z","iobWithZeroTemp":{"iob":-0.052,"basaliob":-0.208,"bolussnooze":0,"activity":0.0012,"lastBolusTime":1702973619658,"time":"2023-12-19T10:28:21.340Z"}},{"iob":0.127,"basaliob":-0.012,"bolussnooze":0,"activity":0.003,"lastBolusTime":1702973619658,"time":"2023-12-19T10:33:21.340Z","iobWithZeroTemp":{"iob":-0.071,"basaliob":-0.21,"bolussnooze":0,"activity":9.0E-4,"lastBolusTime":1702973619658,"time":"2023-12-19T10:33:21.340Z"}},{"iob":0.113,"basaliob":-0.011,"bolussnooze":0,"activity":0.0027,"lastBolusTime":1702973619658,"time":"2023-12-19T10:38:21.340Z","iobWithZeroTemp":{"iob":-0.087,"basaliob":-0.211,"bolussnooze":0,"activity":6.0E-4,"lastBolusTime":1702973619658,"time":"2023-12-19T10:38:21.340Z"}},{"iob":0.101,"basaliob":-0.01,"bolussnooze":0,"activity":0.0024,"lastBolusTime":1702973619658,"time":"2023-12-19T10:43:21.340Z","iobWithZeroTemp":{"iob":-0.101,"basaliob":-0.212,"bolussnooze":0,"activity":2.0E-4,"lastBolusTime":1702973619658,"time":"2023-12-19T10:43:21.340Z"}},{"iob":0.089,"basaliob":-0.009,"bolussnooze":0,"activity":0.0022,"lastBolusTime":1702973619658,"time":"2023-12-19T10:48:21.340Z","iobWithZeroTemp":{"iob":-0.114,"basaliob":-0.212,"bolussnooze":0,"activity":0,"lastBolusTime":1702973619658,"time":"2023-12-19T10:48:21.340Z"}},{"iob":0.079,"basaliob":-0.008,"bolussnooze":0,"activity":0.0019,"lastBolusTime":1702973619658,"time":"2023-12-19T10:53:21.340Z","iobWithZeroTemp":{"iob":-0.126,"basaliob":-0.213,"bolussnooze":0,"activity":-4.0E-4,"lastBolusTime":1702973619658,"time":"2023-12-19T10:53:21.340Z"}},{"iob":0.07,"basaliob":-0.007,"bolussnooze":0,"activity":0.0018,"lastBolusTime":1702973619658,"time":"2023-12-19T10:58:21.340Z","iobWithZeroTemp":{"iob":-0.136,"basaliob":-0.213,"bolussnooze":0,"activity":-5.0E-4,"lastBolusTime":1702973619658,"time":"2023-12-19T10:58:21.340Z"}},{"iob":0.062,"basaliob":-0.006,"bolussnooze":0,"activity":0.0016,"lastBolusTime":1702973619658,"time":"2023-12-19T11:03:21.340Z","iobWithZeroTemp":{"iob":-0.145,"basaliob":-0.213,"bolussnooze":0,"activity":-7.0E-4,"lastBolusTime":1702973619658,"time":"2023-12-19T11:03:21.340Z"}},{"iob":0.055,"basaliob":-0.005,"bolussnooze":0,"activity":0.0014,"lastBolusTime":1702973619658,"time":"2023-12-19T11:08:21.340Z","iobWithZeroTemp":{"iob":-0.153,"basaliob":-0.213,"bolussnooze":0,"activity":-9.0E-4,"lastBolusTime":1702973619658,"time":"2023-12-19T11:08:21.340Z"}},{"iob":0.047,"basaliob":-0.005,"bolussnooze":0,"activity":0.0013,"lastBolusTime":1702973619658,"time":"2023-12-19T11:13:21.340Z","iobWithZeroTemp":{"iob":-0.161,"basaliob":-0.213,"bolussnooze":0,"activity":-0.0011,"lastBolusTime":1702973619658,"time":"2023-12-19T11:13:21.340Z"}},{"iob":0.042,"basaliob":-0.004,"bolussnooze":0,"activity":0.0011,"lastBolusTime":1702973619658,"time":"2023-12-19T11:18:21.340Z","iobWithZeroTemp":{"iob":-0.167,"basaliob":-0.213,"bolussnooze":0,"activity":-0.0013,"lastBolusTime":1702973619658,"time":"2023-12-19T11:18:21.340Z"}},{"iob":0.036,"basaliob":-0.004,"bolussnooze":0,"activity":0.001,"lastBolusTime":1702973619658,"time":"2023-12-19T11:23:21.340Z","iobWithZeroTemp":{"iob":-0.173,"basaliob":-0.213,"bolussnooze":0,"activity":-0.0014,"lastBolusTime":1702973619658,"time":"2023-12-19T11:23:21.340Z"}},{"iob":0.032,"basaliob":-0.003,"bolussnooze":0,"activity":9.0E-4,"lastBolusTime":1702973619658,"time":"2023-12-19T11:28:21.340Z","iobWithZeroTemp":{"iob":-0.178,"basaliob":-0.213,"bolussnooze":0,"activity":-0.0015,"lastBolusTime":1702973619658,"time":"2023-12-19T11:28:21.340Z"}},{"iob":0.027,"basaliob":-0.003,"bolussnooze":0,"activity":8.0E-4,"lastBolusTime":1702973619658,"time":"2023-12-19T11:33:21.340Z","iobWithZeroTemp":{"iob":-0.183,"basaliob":-0.213,"bolussnooze":0,"activity":-0.0016,"lastBolusTime":1702973619658,"time":"2023-12-19T11:33:21.340Z"}},{"iob":0.023,"basaliob":-0.003,"bolussnooze":0,"activity":7.0E-4,"lastBolusTime":1702973619658,"time":"2023-12-19T11:38:21.340Z","iobWithZeroTemp":{"iob":-0.188,"basaliob":-0.214,"bolussnooze":0,"activity":-0.0017,"lastBolusTime":1702973619658,"time":"2023-12-19T11:38:21.340Z"}},{"iob":0.021,"basaliob":-0.002,"bolussnooze":0,"activity":6.0E-4,"lastBolusTime":1702973619658,"time":"2023-12-19T11:43:21.340Z","iobWithZeroTemp":{"iob":-0.19,"basaliob":-0.213,"bolussnooze":0,"activity":-0.0019,"lastBolusTime":1702973619658,"time":"2023-12-19T11:43:21.340Z"}},{"iob":0.017,"basaliob":-0.002,"bolussnooze":0,"activity":5.0E-4,"lastBolusTime":1702973619658,"time":"2023-12-19T11:48:21.340Z","iobWithZeroTemp":{"iob":-0.194,"basaliob":-0.213,"bolussnooze":0,"activity":-0.002,"lastBolusTime":1702973619658,"time":"2023-12-19T11:48:21.340Z"}},{"iob":0.015,"basaliob":-0.002,"bolussnooze":0,"activity":5.0E-4,"lastBolusTime":1702973619658,"time":"2023-12-19T11:53:21.340Z","iobWithZeroTemp":{"iob":-0.196,"basaliob":-0.213,"bolussnooze":0,"activity":-0.002,"lastBolusTime":1702973619658,"time":"2023-12-19T11:53:21.340Z"}},{"iob":0.012,"basaliob":-0.002,"bolussnooze":0,"activity":5.0E-4,"lastBolusTime":1702973619658,"time":"2023-12-19T11:58:21.340Z","iobWithZeroTemp":{"iob":-0.199,"basaliob":-0.213,"bolussnooze":0,"activity":-0.002,"lastBolusTime":1702973619658,"time":"2023-12-19T11:58:21.340Z"}},{"iob":0.011,"basaliob":-0.001,"bolussnooze":0,"activity":4.0E-4,"lastBolusTime":1702973619658,"time":"2023-12-19T12:03:21.340Z","iobWithZeroTemp":{"iob":-0.2,"basaliob":-0.212,"bolussnooze":0,"activity":-0.0021,"lastBolusTime":1702973619658,"time":"2023-12-19T12:03:21.340Z"}},{"iob":0.009,"basaliob":-0.001,"bolussnooze":0,"activity":3.0E-4,"lastBolusTime":1702973619658,"time":"2023-12-19T12:08:21.340Z","iobWithZeroTemp":{"iob":-0.202,"basaliob":-0.212,"bolussnooze":0,"activity":-0.0022,"lastBolusTime":1702973619658,"time":"2023-12-19T12:08:21.340Z"}},{"iob":0.008,"basaliob":-0.001,"bolussnooze":0,"activity":3.0E-4,"lastBolusTime":1702973619658,"time":"2023-12-19T12:13:21.340Z","iobWithZeroTemp":{"iob":-0.203,"basaliob":-0.212,"bolussnooze":0,"activity":-0.0022,"lastBolusTime":1702973619658,"time":"2023-12-19T12:13:21.340Z"}},{"iob":0.006,"basaliob":-0.001,"bolussnooze":0,"activity":3.0E-4,"lastBolusTime":1702973619658,"time":"2023-12-19T12:18:21.340Z","iobWithZeroTemp":{"iob":-0.205,"basaliob":-0.212,"bolussnooze":0,"activity":-0.0022,"lastBolusTime":1702973619658,"time":"2023-12-19T12:18:21.340Z"}},{"iob":0.005,"basaliob":-0.001,"bolussnooze":0,"activity":2.0E-4,"lastBolusTime":1702973619658,"time":"2023-12-19T12:23:21.340Z","iobWithZeroTemp":{"iob":-0.206,"basaliob":-0.212,"bolussnooze":0,"activity":-0.0023,"lastBolusTime":1702973619658,"time":"2023-12-19T12:23:21.340Z"}},{"iob":0.004,"basaliob":-0.001,"bolussnooze":0,"activity":2.0E-4,"lastBolusTime":1702973619658,"time":"2023-12-19T12:28:21.340Z","iobWithZeroTemp":{"iob":-0.207,"basaliob":-0.212,"bolussnooze":0,"activity":-0.0023,"lastBolusTime":1702973619658,"time":"2023-12-19T12:28:21.340Z"}},{"iob":0.004,"basaliob":0,"bolussnooze":0,"activity":2.0E-4,"lastBolusTime":1702973619658,"time":"2023-12-19T12:33:21.340Z","iobWithZeroTemp":{"iob":-0.207,"basaliob":-0.211,"bolussnooze":0,"activity":-0.0023,"lastBolusTime":1702973619658,"time":"2023-12-19T12:33:21.340Z"}},{"iob":0.004,"basaliob":0,"bolussnooze":0,"activity":1.0E-4,"lastBolusTime":1702973619658,"time":"2023-12-19T12:38:21.340Z","iobWithZeroTemp":{"iob":-0.207,"basaliob":-0.211,"bolussnooze":0,"activity":-0.0024,"lastBolusTime":1702973619658,"time":"2023-12-19T12:38:21.340Z"}},{"iob":0.003,"basaliob":0,"bolussnooze":0,"activity":1.0E-4,"lastBolusTime":1702973619658,"time":"2023-12-19T12:43:21.340Z","iobWithZeroTemp":{"iob":-0.208,"basaliob":-0.211,"bolussnooze":0,"activity":-0.0024,"lastBolusTime":1702973619658,"time":"2023-12-19T12:43:21.340Z"}},{"iob":0.003,"basaliob":0,"bolussnooze":0,"activity":1.0E-4,"lastBolusTime":1702973619658,"time":"2023-12-19T12:48:21.340Z","iobWithZeroTemp":{"iob":-0.208,"basaliob":-0.211,"bolussnooze":0,"activity":-0.0024,"lastBolusTime":1702973619658,"time":"2023-12-19T12:48:21.340Z"}}],"profile":{"max_iob":10,"type":"current","max_daily_basal":0.25,"max_basal":0.75,"min_bg":90,"max_bg":90,"target_bg":90,"carb_ratio":12.6,"sens":84,"max_daily_safety_multiplier":5,"current_basal_safety_multiplier":5,"lgsThreshold":95,"high_temptarget_raises_sensitivity":false,"low_temptarget_lowers_sensitivity":false,"sensitivity_raises_target":true,"resistance_lowers_target":true,"adv_target_adjustments":false,"exercise_mode":false,"half_basal_exercise_target":160,"maxCOB":120,"skip_neutral_temps":false,"remainingCarbsCap":90,"enableUAM":true,"A52_risk_enable":false,"SMBInterval":5,"enableSMB_with_COB":true,"enableSMB_with_temptarget":false,"allowSMB_with_high_temptarget":false,"enableSMB_always":false,"enableSMB_after_carbs":true,"maxSMBBasalMinutes":120,"maxUAMSMBBasalMinutes":120,"bolus_increment":0.05,"carbsReqThreshold":1,"current_basal":0.15000000596046448,"temptargetSet":false,"autosens_max":1.2,"autosens_min":0.7,"variable_sens":73.5,"insulinDivisor":75,"TDD":22.038035424645045},"autosens_data":{"ratio":1},"meal_data":{"carbs":34,"mealCOB":0,"slopeFromMaxDeviation":-0.9301999999999999,"slopeFromMinDeviation":0.8520000000000001,"lastBolusTime":1702973619658,"lastCarbTime":1702969059772},"microBolusAllowed":true,"currentTime":1702976002933,"flatBGsDetected":false,"tdd1D":20.141666612277426,"tdd7D":26.78606000595613,"tddLast24H":20.104166604826847,"tddLast4H":4.0875000260770324,"tddLast8to4H":1.0416666741172471},"output":{"temp":"absolute","bg":153,"tick":"+0","eventualBG":115,"targetBG":90,"insulinReq":0,"deliverAt":"2023-12-19T08:53:22.933Z","sensitivityRatio":1,"variable_sens":73.5,"predBGs":{"IOB":[153,152,151,150,148,147,145,143,141,139,137,135,132,130,127,125,123,121,120,118,117,115,114,113,112,111,110,110,109,109,108,108,107,107,106,106,106,106,106,105],"ZT":[153,148,142,137,133,128,124,120,116,113,110,107,104,102,100,98,97,95,94,93,93,92,92,92,92,92,92,93,93,94,94,95,96,97,97],"UAM":[153,151,149,146,143,139,134,131,127,123,120,117,114,111,109,106,104,102,100,98,97,95,94,93,92,91,90,89,88,88,87,86,86,86,85,85,85,84,84,84,84,84,83]},"reason":"COB: 0, Dev: 29, BGI: -5, ISF: 74, CR: 12.6, Target: 90, minPredBG 88, minGuardBG 83, IOBpredBG 105, UAMpredBG 83; minGuardBG 83<95 115m left and 0 ~ req 0U\/hr: no temp required","COB":0,"IOB":0.91,"timestamp":"2023-12-19T08:53:22.945Z"}}