{"algorithm":"OpenAPSSMBDynamicISFPlugin","input":{"glucoseStatus":{"glucose":116,"noise":0,"delta":-1,"short_avgdelta":-0.72,"long_avgdelta":-0.62,"date":1702986474000},"currenttemp":{"temp":"absolute","duration":25,"rate":0.4,"minutesrunning":5},"iob_data":[{"iob":0.283,"basaliob":-0.07,"bolussnooze":0.0048,"activity":0.0041,"lastBolusTime":1702986211457,"time":"2023-12-19T11:48:25.426Z","iobWithZeroTemp":{"iob":0.283,"basaliob":-0.07,"bolussnooze":0.0048,"activity":0.0041,"lastBolusTime":1702986211457,"time":"2023-12-19T11:48:25.426Z"}},{"iob":0.262,"basaliob":-0.065,"bolussnooze":0.0035,"activity":0.004,"lastBolusTime":1702986211457,"time":"2023-12-19T11:53:25.426Z","iobWithZeroTemp":{"iob":0.252,"basaliob":-0.075,"bolussnooze":0.0035,"activity":0.004,"lastBolusTime":1702986211457,"time":"2023-12-19T11:53:25.426Z"}},{"iob":0.243,"basaliob":-0.06,"bolussnooze":0.0026,"activity":0.0038,"lastBolusTime":1702986211457,"time":"2023-12-19T11:58:25.426Z","iobWithZeroTemp":{"iob":0.221,"basaliob":-0.082,"bolussnooze":0.0026,"activity":0.0038,"lastBolusTime":1702986211457,"time":"2023-12-19T11:58:25.426Z"}},{"iob":0.223,"basaliob":-0.056,"bolussnooze":0.0019,"activity":0.0036,"lastBolusTime":1702986211457,"time":"2023-12-19T12:03:25.426Z","iobWithZeroTemp":{"iob":0.188,"basaliob":-0.091,"bolussnooze":0.0019,"activity":0.0035,"lastBolusTime":1702986211457,"time":"2023-12-19T12:03:25.426Z"}},{"iob":0.206,"basaliob":-0.051,"bolussnooze":0.0013,"activity":0.0034,"lastBolusTime":1702986211457,"time":"2023-12-19T12:08:25.426Z","iobWithZeroTemp":{"iob":0.16,"basaliob":-0.097,"bolussnooze":0.0013,"activity":0.0032,"lastBolusTime":1702986211457,"time":"2023-12-19T12:08:25.426Z"}},{"iob":0.19,"basaliob":-0.047,"bolussnooze":9.0E-4,"activity":0.0032,"lastBolusTime":1702986211457,"time":"2023-12-19T12:13:25.426Z","iobWithZeroTemp":{"iob":0.132,"basaliob":-0.105,"bolussnooze":9.0E-4,"activity":0.0029,"lastBolusTime":1702986211457,"time":"2023-12-19T12:13:25.426Z"}},{"iob":0.174,"basaliob":-0.043,"bolussnooze":6.0E-4,"activity":0.0029,"lastBolusTime":1702986211457,"time":"2023-12-19T12:18:25.426Z","iobWithZeroTemp":{"iob":0.105,"basaliob":-0.112,"bolussnooze":6.0E-4,"activity":0.0025,"lastBolusTime":1702986211457,"time":"2023-12-19T12:18:25.426Z"}},{"iob":0.159,"basaliob":-0.04,"bolussnooze":3.0E-4,"activity":0.0028,"lastBolusTime":1702986211457,"time":"2023-12-19T12:23:25.426Z","iobWithZeroTemp":{"iob":0.08,"basaliob":-0.119,"bolussnooze":3.0E-4,"activity":0.0023,"lastBolusTime":1702986211457,"time":"2023-12-19T12:23:25.426Z"}},{"iob":0.146,"basaliob":-0.036,"bolussnooze":2.0E-4,"activity":0.0026,"lastBolusTime":1702986211457,"time":"2023-12-19T12:28:25.426Z","iobWithZeroTemp":{"iob":0.057,"basaliob":-0.125,"bolussnooze":2.0E-4,"activity":0.002,"lastBolusTime":1702986211457,"time":"2023-12-19T12:28:25.426Z"}},{"iob":0.134,"basaliob":-0.033,"bolussnooze":1.0E-4,"activity":0.0024,"lastBolusTime":1702986211457,"time":"2023-12-19T12:33:25.426Z","iobWithZeroTemp":{"iob":0.035,"basaliob":-0.132,"bolussnooze":1.0E-4,"activity":0.0017,"lastBolusTime":1702986211457,"time":"2023-12-19T12:33:25.426Z"}},{"iob":0.122,"basaliob":-0.03,"bolussnooze":0,"activity":0.0022,"lastBolusTime":1702986211457,"time":"2023-12-19T12:38:25.426Z","iobWithZeroTemp":{"iob":0.015,"basaliob":-0.137,"bolussnooze":0,"activity":0.0014,"lastBolusTime":1702986211457,"time":"2023-12-19T12:38:25.426Z"}},{"iob":0.112,"basaliob":-0.027,"bolussnooze":0,"activity":0.0021,"lastBolusTime":1702986211457,"time":"2023-12-19T12:43:25.426Z","iobWithZeroTemp":{"iob":-0.004,"basaliob":-0.143,"bolussnooze":0,"activity":0.0012,"lastBolusTime":1702986211457,"time":"2023-12-19T12:43:25.426Z"}},{"iob":0.101,"basaliob":-0.025,"bolussnooze":0,"activity":0.0019,"lastBolusTime":1702986211457,"time":"2023-12-19T12:48:25.426Z","iobWithZeroTemp":{"iob":-0.023,"basaliob":-0.149,"bolussnooze":0,"activity":9.0E-4,"lastBolusTime":1702986211457,"time":"2023-12-19T12:48:25.426Z"}},{"iob":0.092,"basaliob":-0.022,"bolussnooze":0,"activity":0.0018,"lastBolusTime":1702986211457,"time":"2023-12-19T12:53:25.426Z","iobWithZeroTemp":{"iob":-0.039,"basaliob":-0.153,"bolussnooze":0,"activity":7.0E-4,"lastBolusTime":1702986211457,"time":"2023-12-19T12:53:25.426Z"}},{"iob":0.084,"basaliob":-0.02,"bolussnooze":0,"activity":0.0017,"lastBolusTime":1702986211457,"time":"2023-12-19T12:58:25.426Z","iobWithZeroTemp":{"iob":-0.054,"basaliob":-0.158,"bolussnooze":0,"activity":5.0E-4,"lastBolusTime":1702986211457,"time":"2023-12-19T12:58:25.426Z"}},{"iob":0.076,"basaliob":-0.018,"bolussnooze":0,"activity":0.0015,"lastBolusTime":1702986211457,"time":"2023-12-19T13:03:25.426Z","iobWithZeroTemp":{"iob":-0.068,"basaliob":-0.162,"bolussnooze":0,"activity":2.0E-4,"lastBolusTime":1702986211457,"time":"2023-12-19T13:03:25.426Z"}},{"iob":0.068,"basaliob":-0.017,"bolussnooze":0,"activity":0.0014,"lastBolusTime":1702986211457,"time":"2023-12-19T13:08:25.426Z","iobWithZeroTemp":{"iob":-0.082,"basaliob":-0.167,"bolussnooze":0,"activity":0,"lastBolusTime":1702986211457,"time":"2023-12-19T13:08:25.426Z"}},{"iob":0.062,"basaliob":-0.015,"bolussnooze":0,"activity":0.0013,"lastBolusTime":1702986211457,"time":"2023-12-19T13:13:25.426Z","iobWithZeroTemp":{"iob":-0.094,"basaliob":-0.171,"bolussnooze":0,"activity":-2.0E-4,"lastBolusTime":1702986211457,"time":"2023-12-19T13:13:25.426Z"}},{"iob":0.055,"basaliob":-0.014,"bolussnooze":0,"activity":0.0011,"lastBolusTime":1702986211457,"time":"2023-12-19T13:18:25.426Z","iobWithZeroTemp":{"iob":-0.106,"basaliob":-0.175,"bolussnooze":0,"activity":-4.0E-4,"lastBolusTime":1702986211457,"time":"2023-12-19T13:18:25.426Z"}},{"iob":0.05,"basaliob":-0.012,"bolussnooze":0,"activity":0.001,"lastBolusTime":1702986211457,"time":"2023-12-19T13:23:25.426Z","iobWithZeroTemp":{"iob":-0.115,"basaliob":-0.177,"bolussnooze":0,"activity":-6.0E-4,"lastBolusTime":1702986211457,"time":"2023-12-19T13:23:25.426Z"}},{"iob":0.045,"basaliob":-0.011,"bolussnooze":0,"activity":0.001,"lastBolusTime":1702986211457,"time":"2023-12-19T13:28:25.426Z","iobWithZeroTemp":{"iob":-0.124,"basaliob":-0.18,"bolussnooze":0,"activity":-7.0E-4,"lastBolusTime":1702986211457,"time":"2023-12-19T13:28:25.426Z"}},{"iob":0.04,"basaliob":-0.01,"bolussnooze":0,"activity":9.0E-4,"lastBolusTime":1702986211457,"time":"2023-12-19T13:33:25.426Z","iobWithZeroTemp":{"iob":-0.133,"basaliob":-0.183,"bolussnooze":0,"activity":-8.0E-4,"lastBolusTime":1702986211457,"time":"2023-12-19T13:33:25.426Z"}},{"iob":0.036,"basaliob":-0.009,"bolussnooze":0,"activity":8.0E-4,"lastBolusTime":1702986211457,"time":"2023-12-19T13:38:25.426Z","iobWithZeroTemp":{"iob":-0.141,"basaliob":-0.186,"bolussnooze":0,"activity":-0.001,"lastBolusTime":1702986211457,"time":"2023-12-19T13:38:25.426Z"}},{"iob":0.032,"basaliob":-0.008,"bolussnooze":0,"activity":7.0E-4,"lastBolusTime":1702986211457,"time":"2023-12-19T13:43:25.426Z","iobWithZeroTemp":{"iob":-0.148,"basaliob":-0.188,"bolussnooze":0,"activity":-0.0012,"lastBolusTime":1702986211457,"time":"2023-12-19T13:43:25.426Z"}},{"iob":0.029,"basaliob":-0.007,"bolussnooze":0,"activity":6.0E-4,"lastBolusTime":1702986211457,"time":"2023-12-19T13:48:25.426Z","iobWithZeroTemp":{"iob":-0.154,"basaliob":-0.19,"bolussnooze":0,"activity":-0.0013,"lastBolusTime":1702986211457,"time":"2023-12-19T13:48:25.426Z"}},{"iob":0.026,"basaliob":-0.006,"bolussnooze":0,"activity":6.0E-4,"lastBolusTime":1702986211457,"time":"2023-12-19T13:53:25.426Z","iobWithZeroTemp":{"iob":-0.16,"basaliob":-0.192,"bolussnooze":0,"activity":-0.0014,"lastBolusTime":1702986211457,"time":"2023-12-19T13:53:25.426Z"}},{"iob":0.023,"basaliob":-0.005,"bolussnooze":0,"activity":6.0E-4,"lastBolusTime":1702986211457,"time":"2023-12-19T13:58:25.426Z","iobWithZeroTemp":{"iob":-0.166,"basaliob":-0.194,"bolussnooze":0,"activity":-0.0014,"lastBolusTime":1702986211457,"time":"2023-12-19T13:58:25.426Z"}},{"iob":0.02,"basaliob":-0.005,"bolussnooze":0,"activity":5.0E-4,"lastBolusTime":1702986211457,"time":"2023-12-19T14:03:25.426Z","iobWithZeroTemp":{"iob":-0.175,"basaliob":-0.2,"bolussnooze":0,"activity":-0.0016,"lastBolusTime":1702986211457,"time":"2023-12-19T14:03:25.426Z"}},{"iob":0.018,"basaliob":-0.004,"bolussnooze":0,"activity":4.0E-4,"lastBolusTime":1702986211457,"time":"2023-12-19T14:08:25.426Z","iobWithZeroTemp":{"iob":-0.183,"basaliob":-0.205,"bolussnooze":0,"activity":-0.0017,"lastBolusTime":1702986211457,"time":"2023-12-19T14:08:25.426Z"}},{"iob":0.016,"basaliob":-0.004,"bolussnooze":0,"activity":4.0E-4,"lastBolusTime":1702986211457,"time":"2023-12-19T14:13:25.426Z","iobWithZeroTemp":{"iob":-0.191,"basaliob":-0.211,"bolussnooze":0,"activity":-0.0018,"lastBolusTime":1702986211457,"time":"2023-12-19T14:13:25.426Z"}},{"iob":0.014,"basaliob":-0.003,"bolussnooze":0,"activity":3.0E-4,"lastBolusTime":1702986211457,"time":"2023-12-19T14:18:25.426Z","iobWithZeroTemp":{"iob":-0.199,"basaliob":-0.216,"bolussnooze":0,"activity":-0.0019,"lastBolusTime":1702986211457,"time":"2023-12-19T14:18:25.426Z"}},{"iob":0.012,"basaliob":-0.003,"bolussnooze":0,"activity":3.0E-4,"lastBolusTime":1702986211457,"time":"2023-12-19T14:23:25.426Z","iobWithZeroTemp":{"iob":-0.206,"basaliob":-0.221,"bolussnooze":0,"activity":-0.002,"lastBolusTime":1702986211457,"time":"2023-12-19T14:23:25.426Z"}},{"iob":0.01,"basaliob":-0.003,"bolussnooze":0,"activity":3.0E-4,"lastBolusTime":1702986211457,"time":"2023-12-19T14:28:25.426Z","iobWithZeroTemp":{"iob":-0.213,"basaliob":-0.226,"bolussnooze":0,"activity":-0.0021,"lastBolusTime":1702986211457,"time":"2023-12-19T14:28:25.426Z"}},{"iob":0.01,"basaliob":-0.002,"bolussnooze":0,"activity":2.0E-4,"lastBolusTime":1702986211457,"time":"2023-12-19T14:33:25.426Z","iobWithZeroTemp":{"iob":-0.218,"basaliob":-0.23,"bolussnooze":0,"activity":-0.0022,"lastBolusTime":1702986211457,"time":"2023-12-19T14:33:25.426Z"}},{"iob":0.008,"basaliob":-0.002,"bolussnooze":0,"activity":2.0E-4,"lastBolusTime":1702986211457,"time":"2023-12-19T14:38:25.426Z","iobWithZeroTemp":{"iob":-0.224,"basaliob":-0.234,"bolussnooze":0,"activity":-0.0023,"lastBolusTime":1702986211457,"time":"2023-12-19T14:38:25.426Z"}},{"iob":0.007,"basaliob":-0.002,"bolussnooze":0,"activity":2.0E-4,"lastBolusTime":1702986211457,"time":"2023-12-19T14:43:25.426Z","iobWithZeroTemp":{"iob":-0.229,"basaliob":-0.238,"bolussnooze":0,"activity":-0.0023,"lastBolusTime":1702986211457,"time":"2023-12-19T14:43:25.426Z"}},{"iob":0.007,"basaliob":-0.001,"bolussnooze":0,"activity":2.0E-4,"lastBolusTime":1702986211457,"time":"2023-12-19T14:48:25.426Z","iobWithZeroTemp":{"iob":-0.233,"basaliob":-0.241,"bolussnooze":0,"activity":-0.0024,"lastBolusTime":1702986211457,"time":"2023-12-19T14:48:25.426Z"}},{"iob":0.006,"basaliob":-0.001,"bolussnooze":0,"activity":2.0E-4,"lastBolusTime":1702986211457,"time":"2023-12-19T14:53:25.426Z","iobWithZeroTemp":{"iob":-0.238,"basaliob":-0.245,"bolussnooze":0,"activity":-0.0024,"lastBolusTime":1702986211457,"time":"2023-12-19T14:53:25.426Z"}},{"iob":0.005,"basaliob":-0.001,"bolussnooze":0,"activity":2.0E-4,"lastBolusTime":1702986211457,"time":"2023-12-19T14:58:25.426Z","iobWithZeroTemp":{"iob":-0.242,"basaliob":-0.248,"bolussnooze":0,"activity":-0.0025,"lastBolusTime":1702986211457,"time":"2023-12-19T14:58:25.426Z"}},{"iob":0.004,"basaliob":-0.001,"bolussnooze":0,"activity":2.0E-4,"lastBolusTime":1702986211457,"time":"2023-12-19T15:03:25.426Z","iobWithZeroTemp":{"iob":-0.246,"basaliob":-0.251,"bolussnooze":0,"activity":-0.0025,"lastBolusTime":1702986211457,"time":"2023-12-19T15:03:25.426Z"}},{"iob":0.003,"basaliob":-0.001,"bolussnooze":0,"activity":1.0E-4,"lastBolusTime":1702986211457,"time":"2023-12-19T15:08:25.426Z","iobWithZeroTemp":{"iob":-0.25,"basaliob":-0.254,"bolussnooze":0,"activity":-0.0027,"lastBolusTime":1702986211457,"time":"2023-12-19T15:08:25.426Z"}},{"iob":0.003,"basaliob":-0.001,"bolussnooze":0,"activity":1.0E-4,"lastBolusTime":1702986211457,"time":"2023-12-19T15:13:25.426Z","iobWithZeroTemp":{"iob":-0.252,"basaliob":-0.256,"bolussnooze":0,"activity":-0.0027,"lastBolusTime":1702986211457,"time":"2023-12-19T15:13:25.426Z"}},{"iob":0.002,"basaliob":-0.001,"bolussnooze":0,"activity":1.0E-4,"lastBolusTime":1702986211457,"time":"2023-12-19T15:18:25.426Z","iobWithZeroTemp":{"iob":-0.256,"basaliob":-0.259,"bolussnooze":0,"activity":-0.0028,"lastBolusTime":1702986211457,"time":"2023-12-19T15:18:25.426Z"}},{"iob":0.003,"basaliob":0,"bolussnooze":0,"activity":1.0E-4,"lastBolusTime":1702986211457,"time":"2023-12-19T15:23:25.426Z","iobWithZeroTemp":{"iob":-0.257,"basaliob":-0.26,"bolussnooze":0,"activity":-0.0028,"lastBolusTime":1702986211457,"time":"2023-12-19T15:23:25.426Z"}},{"iob":0.002,"basaliob":0,"bolussnooze":0,"activity":1.0E-4,"lastBolusTime":1702986211457,"time":"2023-12-19T15:28:25.426Z","iobWithZeroTemp":{"iob":-0.26,"basaliob":-0.262,"bolussnooze":0,"activity":-0.0028,"lastBolusTime":1702986211457,"time":"2023-12-19T15:28:25.426Z"}},{"iob":0.002,"basaliob":0,"bolussnooze":0,"activity":1.0E-4,"lastBolusTime":1702986211457,"time":"2023-12-19T15:33:25.426Z","iobWithZeroTemp":{"iob":-0.262,"basaliob":-0.264,"bolussnooze":0,"activity":-0.0029,"lastBolusTime":1702986211457,"time":"2023-12-19T15:33:25.426Z"}},{"iob":0.002,"basaliob":0,"bolussnooze":0,"activity":1.0E-4,"lastBolusTime":1702986211457,"time":"2023-12-19T15:38:25.426Z","iobWithZeroTemp":{"iob":-0.263,"basaliob":-0.265,"bolussnooze":0,"activity":-0.0029,"lastBolusTime":1702986211457,"time":"2023-12-19T15:38:25.426Z"}},{"iob":0.001,"basaliob":0,"bolussnooze":0,"activity":0,"lastBolusTime":1702986211457,"time":"2023-12-19T15:43:25.426Z","iobWithZeroTemp":{"iob":-0.266,"basaliob":-0.267,"bolussnooze":0,"activity":-0.003,"lastBolusTime":1702986211457,"time":"2023-12-19T15:43:25.426Z"}}],"profile":{"max_iob":10,"type":"current","max_daily_basal":0.25,"max_basal":0.75,"min_bg":90,"max_bg":90,"target_bg":90,"carb_ratio":12.4,"sens":84,"max_daily_safety_multiplier":5,"current_basal_safety_multiplier":5,"lgsThreshold":95,"high_temptarget_raises_sensitivity":false,"low_temptarget_lowers_sensitivity":false,"sensitivity_raises_target":true,"resistance_lowers_target":true,"adv_target_adjustments":false,"exercise_mode":false,"half_basal_exercise_target":160,"maxCOB":120,"skip_neutral_temps":false,"remainingCarbsCap":90,"enableUAM":true,"A52_risk_enable":false,"SMBInterval":5,"enableSMB_with_COB":true,"enableSMB_with_temptarget":false,"allowSMB_with_high_temptarget":false,"enableSMB_always":false,"enableSMB_after_carbs":true,"maxSMBBasalMinutes":120,"maxUAMSMBBasalMinutes":120,"bolus_increment":0.05,"carbsReqThreshold":1,"current_basal":0.15000000596046448,"temptargetSet":false,"autosens_max":1.2,"autosens_min":0.7,"variable_sens":92.3,"insulinDivisor":75,"TDD":20.860760418449146},"autosens_data":{"ratio":1},"meal_data":{"carbs":4,"mealCOB":0,"slopeFromMaxDeviation":-0.24260000000000004,"slopeFromMinDeviation":0,"lastBolusTime":1702986211457,"lastCarbTime":1702979777436},"microBolusAllowed":true,"currentTime":1702986506781,"flatBGsDetected":false,"tdd1D":20.141666612277426,"tdd7D":26.78606000595613,"tddLast24H":20.54583326255282,"tddLast4H":1.9916666860381764,"tddLast8to4H":3.950000012665987},"output":{"temp":"absolute","bg":116,"tick":-1,"eventualBG":95,"targetBG":90,"insulinReq":0,"deliverAt":"2023-12-19T11:48:26.781Z","sensitivityRatio":1,"variable_sens":92.3,"predBGs":{"IOB":[116,115,114,113,112,111,109,108,107,106,105,104,103,102,101,101,100,99,98,98,97,97,96,96,96,95,95,95,94,94,94,94,94,93,93,93,93,93,93,93,93,93,93,93,93,92],"ZT":[116,114,112,110,109,107,106,105,103,102,102,101,100,100,99,99,99,99,99,99,100,100,100,101,102,102,103,104,104],"UAM":[116,115,113,112,110,108,107,105,104,103,102,100,99,98,98,97,96,95,94,94,93,93,92,92,92,91,91,91,90,90,90,90,90,89,89,89,89,89,89,89,89,89,88]},"reason":"COB: 0, Dev: 5, BGI: -2, ISF: 92, CR: 12.4, Target: 90, minPredBG 94, minGuardBG 88, IOBpredBG 92, UAMpredBG 88; minGuardBG 88<95","COB":0,"IOB":0.283,"duration":30,"rate":0,"timestamp":"2023-12-19T11:48:26.791Z"}}