{"algorithm":"OpenAPSSMBDynamicISFPlugin","input":{"glucoseStatus":{"glucose":91,"noise":0,"delta":2,"short_avgdelta":1.39,"long_avgdelta":-2.24,"date":1703053378000},"currenttemp":{"temp":"absolute","duration":100,"rate":0,"minutesrunning":20},"iob_data":[{"iob":1.892,"basaliob":0.07,"bolussnooze":0.8205,"activity":0.0254,"lastBolusTime":1703050271042,"time":"2023-12-20T06:23:26.692Z","iobWithZeroTemp":{"iob":1.892,"basaliob":0.07,"bolussnooze":0.8205,"activity":0.0254,"lastBolusTime":1703050271042,"time":"2023-12-20T06:23:26.692Z"}},{"iob":1.767,"basaliob":0.06,"bolussnooze":0.6875,"activity":0.0246,"lastBolusTime":1703050271042,"time":"2023-12-20T06:28:26.692Z","iobWithZeroTemp":{"iob":1.75,"basaliob":0.043,"bolussnooze":0.6875,"activity":0.0246,"lastBolusTime":1703050271042,"time":"2023-12-20T06:28:26.692Z"}},{"iob":1.646,"basaliob":0.051,"bolussnooze":0.5722,"activity":0.0238,"lastBolusTime":1703050271042,"time":"2023-12-20T06:33:26.692Z","iobWithZeroTemp":{"iob":1.609,"basaliob":0.014,"bolussnooze":0.5722,"activity":0.0237,"lastBolusTime":1703050271042,"time":"2023-12-20T06:33:26.692Z"}},{"iob":1.531,"basaliob":0.044,"bolussnooze":0.4732,"activity":0.0228,"lastBolusTime":1703050271042,"time":"2023-12-20T06:38:26.692Z","iobWithZeroTemp":{"iob":1.473,"basaliob":-0.014,"bolussnooze":0.4732,"activity":0.0226,"lastBolusTime":1703050271042,"time":"2023-12-20T06:38:26.692Z"}},{"iob":1.419,"basaliob":0.037,"bolussnooze":0.3889,"activity":0.0218,"lastBolusTime":1703050271042,"time":"2023-12-20T06:43:26.692Z","iobWithZeroTemp":{"iob":1.342,"basaliob":-0.04,"bolussnooze":0.3889,"activity":0.0215,"lastBolusTime":1703050271042,"time":"2023-12-20T06:43:26.692Z"}},{"iob":1.313,"basaliob":0.031,"bolussnooze":0.3176,"activity":0.0207,"lastBolusTime":1703050271042,"time":"2023-12-20T06:48:26.692Z","iobWithZeroTemp":{"iob":1.217,"basaliob":-0.065,"bolussnooze":0.3176,"activity":0.0203,"lastBolusTime":1703050271042,"time":"2023-12-20T06:48:26.692Z"}},{"iob":1.212,"basaliob":0.026,"bolussnooze":0.2577,"activity":0.0196,"lastBolusTime":1703050271042,"time":"2023-12-20T06:53:26.692Z","iobWithZeroTemp":{"iob":1.098,"basaliob":-0.088,"bolussnooze":0.2577,"activity":0.019,"lastBolusTime":1703050271042,"time":"2023-12-20T06:53:26.692Z"}},{"iob":1.116,"basaliob":0.021,"bolussnooze":0.2077,"activity":0.0184,"lastBolusTime":1703050271042,"time":"2023-12-20T06:58:26.692Z","iobWithZeroTemp":{"iob":0.984,"basaliob":-0.111,"bolussnooze":0.2077,"activity":0.0176,"lastBolusTime":1703050271042,"time":"2023-12-20T06:58:26.692Z"}},{"iob":1.028,"basaliob":0.018,"bolussnooze":0.1663,"activity":0.0173,"lastBolusTime":1703050271042,"time":"2023-12-20T07:03:26.692Z","iobWithZeroTemp":{"iob":0.888,"basaliob":-0.122,"bolussnooze":0.1663,"activity":0.0164,"lastBolusTime":1703050271042,"time":"2023-12-20T07:03:26.692Z"}},{"iob":0.943,"basaliob":0.014,"bolussnooze":0.1321,"activity":0.0163,"lastBolusTime":1703050271042,"time":"2023-12-20T07:08:26.692Z","iobWithZeroTemp":{"iob":0.795,"basaliob":-0.134,"bolussnooze":0.1321,"activity":0.0152,"lastBolusTime":1703050271042,"time":"2023-12-20T07:08:26.692Z"}},{"iob":0.864,"basaliob":0.011,"bolussnooze":0.1041,"activity":0.0152,"lastBolusTime":1703050271042,"time":"2023-12-20T07:13:26.692Z","iobWithZeroTemp":{"iob":0.709,"basaliob":-0.144,"bolussnooze":0.1041,"activity":0.014,"lastBolusTime":1703050271042,"time":"2023-12-20T07:13:26.692Z"}},{"iob":0.791,"basaliob":0.009,"bolussnooze":0.0813,"activity":0.0142,"lastBolusTime":1703050271042,"time":"2023-12-20T07:18:26.692Z","iobWithZeroTemp":{"iob":0.63,"basaliob":-0.152,"bolussnooze":0.0813,"activity":0.0129,"lastBolusTime":1703050271042,"time":"2023-12-20T07:18:26.692Z"}},{"iob":0.723,"basaliob":0.007,"bolussnooze":0.0629,"activity":0.0132,"lastBolusTime":1703050271042,"time":"2023-12-20T07:23:26.692Z","iobWithZeroTemp":{"iob":0.556,"basaliob":-0.16,"bolussnooze":0.0629,"activity":0.0117,"lastBolusTime":1703050271042,"time":"2023-12-20T07:23:26.692Z"}},{"iob":0.659,"basaliob":0.005,"bolussnooze":0.0481,"activity":0.0122,"lastBolusTime":1703050271042,"time":"2023-12-20T07:28:26.692Z","iobWithZeroTemp":{"iob":0.487,"basaliob":-0.167,"bolussnooze":0.0481,"activity":0.0106,"lastBolusTime":1703050271042,"time":"2023-12-20T07:28:26.692Z"}},{"iob":0.601,"basaliob":0.004,"bolussnooze":0.0363,"activity":0.0114,"lastBolusTime":1703050271042,"time":"2023-12-20T07:33:26.692Z","iobWithZeroTemp":{"iob":0.425,"basaliob":-0.172,"bolussnooze":0.0363,"activity":0.0097,"lastBolusTime":1703050271042,"time":"2023-12-20T07:33:26.692Z"}},{"iob":0.546,"basaliob":0.002,"bolussnooze":0.027,"activity":0.0104,"lastBolusTime":1703050271042,"time":"2023-12-20T07:38:26.692Z","iobWithZeroTemp":{"iob":0.366,"basaliob":-0.178,"bolussnooze":0.027,"activity":0.0087,"lastBolusTime":1703050271042,"time":"2023-12-20T07:38:26.692Z"}},{"iob":0.495,"basaliob":0.001,"bolussnooze":0.0197,"activity":0.0097,"lastBolusTime":1703050271042,"time":"2023-12-20T07:43:26.692Z","iobWithZeroTemp":{"iob":0.311,"basaliob":-0.183,"bolussnooze":0.0197,"activity":0.0079,"lastBolusTime":1703050271042,"time":"2023-12-20T07:43:26.692Z"}},{"iob":0.449,"basaliob":0,"bolussnooze":0.0141,"activity":0.0089,"lastBolusTime":1703050271042,"time":"2023-12-20T07:48:26.692Z","iobWithZeroTemp":{"iob":0.262,"basaliob":-0.187,"bolussnooze":0.0141,"activity":0.007,"lastBolusTime":1703050271042,"time":"2023-12-20T07:48:26.692Z"}},{"iob":0.407,"basaliob":0,"bolussnooze":0.0098,"activity":0.0082,"lastBolusTime":1703050271042,"time":"2023-12-20T07:53:26.692Z","iobWithZeroTemp":{"iob":0.217,"basaliob":-0.19,"bolussnooze":0.0098,"activity":0.0062,"lastBolusTime":1703050271042,"time":"2023-12-20T07:53:26.692Z"}},{"iob":0.367,"basaliob":-0.001,"bolussnooze":0.0066,"activity":0.0075,"lastBolusTime":1703050271042,"time":"2023-12-20T07:58:26.692Z","iobWithZeroTemp":{"iob":0.174,"basaliob":-0.194,"bolussnooze":0.0066,"activity":0.0055,"lastBolusTime":1703050271042,"time":"2023-12-20T07:58:26.692Z"}},{"iob":0.332,"basaliob":-0.001,"bolussnooze":0.0042,"activity":0.0069,"lastBolusTime":1703050271042,"time":"2023-12-20T08:03:26.692Z","iobWithZeroTemp":{"iob":0.137,"basaliob":-0.196,"bolussnooze":0.0042,"activity":0.0048,"lastBolusTime":1703050271042,"time":"2023-12-20T08:03:26.692Z"}},{"iob":0.298,"basaliob":-0.002,"bolussnooze":0.0025,"activity":0.0063,"lastBolusTime":1703050271042,"time":"2023-12-20T08:08:26.692Z","iobWithZeroTemp":{"iob":0.101,"basaliob":-0.199,"bolussnooze":0.0025,"activity":0.0042,"lastBolusTime":1703050271042,"time":"2023-12-20T08:08:26.692Z"}},{"iob":0.268,"basaliob":-0.002,"bolussnooze":0.0014,"activity":0.0058,"lastBolusTime":1703050271042,"time":"2023-12-20T08:13:26.692Z","iobWithZeroTemp":{"iob":0.069,"basaliob":-0.201,"bolussnooze":0.0014,"activity":0.0036,"lastBolusTime":1703050271042,"time":"2023-12-20T08:13:26.692Z"}},{"iob":0.241,"basaliob":-0.002,"bolussnooze":6.0E-4,"activity":0.0052,"lastBolusTime":1703050271042,"time":"2023-12-20T08:18:26.692Z","iobWithZeroTemp":{"iob":0.041,"basaliob":-0.202,"bolussnooze":6.0E-4,"activity":0.003,"lastBolusTime":1703050271042,"time":"2023-12-20T08:18:26.692Z"}},{"iob":0.215,"basaliob":-0.003,"bolussnooze":2.0E-4,"activity":0.0047,"lastBolusTime":1703050271042,"time":"2023-12-20T08:23:26.692Z","iobWithZeroTemp":{"iob":0.013,"basaliob":-0.205,"bolussnooze":2.0E-4,"activity":0.0025,"lastBolusTime":1703050271042,"time":"2023-12-20T08:23:26.692Z"}},{"iob":0.193,"basaliob":-0.003,"bolussnooze":0,"activity":0.0043,"lastBolusTime":1703050271042,"time":"2023-12-20T08:28:26.692Z","iobWithZeroTemp":{"iob":-0.01,"basaliob":-0.206,"bolussnooze":0,"activity":0.002,"lastBolusTime":1703050271042,"time":"2023-12-20T08:28:26.692Z"}},{"iob":0.172,"basaliob":-0.003,"bolussnooze":0,"activity":0.0039,"lastBolusTime":1703050271042,"time":"2023-12-20T08:33:26.692Z","iobWithZeroTemp":{"iob":-0.032,"basaliob":-0.207,"bolussnooze":0,"activity":0.0016,"lastBolusTime":1703050271042,"time":"2023-12-20T08:33:26.692Z"}},{"iob":0.153,"basaliob":-0.003,"bolussnooze":0,"activity":0.0036,"lastBolusTime":1703050271042,"time":"2023-12-20T08:38:26.692Z","iobWithZeroTemp":{"iob":-0.052,"basaliob":-0.208,"bolussnooze":0,"activity":0.0013,"lastBolusTime":1703050271042,"time":"2023-12-20T08:38:26.692Z"}},{"iob":0.136,"basaliob":-0.003,"bolussnooze":0,"activity":0.0032,"lastBolusTime":1703050271042,"time":"2023-12-20T08:43:26.692Z","iobWithZeroTemp":{"iob":-0.07,"basaliob":-0.209,"bolussnooze":0,"activity":9.0E-4,"lastBolusTime":1703050271042,"time":"2023-12-20T08:43:26.692Z"}},{"iob":0.121,"basaliob":-0.003,"bolussnooze":0,"activity":0.0029,"lastBolusTime":1703050271042,"time":"2023-12-20T08:48:26.692Z","iobWithZeroTemp":{"iob":-0.086,"basaliob":-0.21,"bolussnooze":0,"activity":5.0E-4,"lastBolusTime":1703050271042,"time":"2023-12-20T08:48:26.692Z"}},{"iob":0.107,"basaliob":-0.003,"bolussnooze":0,"activity":0.0026,"lastBolusTime":1703050271042,"time":"2023-12-20T08:53:26.692Z","iobWithZeroTemp":{"iob":-0.1,"basaliob":-0.21,"bolussnooze":0,"activity":2.0E-4,"lastBolusTime":1703050271042,"time":"2023-12-20T08:53:26.692Z"}},{"iob":0.094,"basaliob":-0.003,"bolussnooze":0,"activity":0.0024,"lastBolusTime":1703050271042,"time":"2023-12-20T08:58:26.692Z","iobWithZeroTemp":{"iob":-0.114,"basaliob":-0.211,"bolussnooze":0,"activity":0,"lastBolusTime":1703050271042,"time":"2023-12-20T08:58:26.692Z"}},{"iob":0.083,"basaliob":-0.003,"bolussnooze":0,"activity":0.0021,"lastBolusTime":1703050271042,"time":"2023-12-20T09:03:26.692Z","iobWithZeroTemp":{"iob":-0.129,"basaliob":-0.215,"bolussnooze":0,"activity":-3.0E-4,"lastBolusTime":1703050271042,"time":"2023-12-20T09:03:26.692Z"}},{"iob":0.074,"basaliob":-0.002,"bolussnooze":0,"activity":0.0019,"lastBolusTime":1703050271042,"time":"2023-12-20T09:08:26.692Z","iobWithZeroTemp":{"iob":-0.143,"basaliob":-0.219,"bolussnooze":0,"activity":-5.0E-4,"lastBolusTime":1703050271042,"time":"2023-12-20T09:08:26.692Z"}},{"iob":0.065,"basaliob":-0.002,"bolussnooze":0,"activity":0.0017,"lastBolusTime":1703050271042,"time":"2023-12-20T09:13:26.692Z","iobWithZeroTemp":{"iob":-0.156,"basaliob":-0.223,"bolussnooze":0,"activity":-8.0E-4,"lastBolusTime":1703050271042,"time":"2023-12-20T09:13:26.692Z"}},{"iob":0.056,"basaliob":-0.002,"bolussnooze":0,"activity":0.0016,"lastBolusTime":1703050271042,"time":"2023-12-20T09:18:26.692Z","iobWithZeroTemp":{"iob":-0.169,"basaliob":-0.227,"bolussnooze":0,"activity":-9.0E-4,"lastBolusTime":1703050271042,"time":"2023-12-20T09:18:26.692Z"}},{"iob":0.049,"basaliob":-0.002,"bolussnooze":0,"activity":0.0014,"lastBolusTime":1703050271042,"time":"2023-12-20T09:23:26.692Z","iobWithZeroTemp":{"iob":-0.181,"basaliob":-0.232,"bolussnooze":0,"activity":-0.0011,"lastBolusTime":1703050271042,"time":"2023-12-20T09:23:26.692Z"}},{"iob":0.043,"basaliob":-0.002,"bolussnooze":0,"activity":0.0012,"lastBolusTime":1703050271042,"time":"2023-12-20T09:28:26.692Z","iobWithZeroTemp":{"iob":-0.19,"basaliob":-0.235,"bolussnooze":0,"activity":-0.0014,"lastBolusTime":1703050271042,"time":"2023-12-20T09:28:26.692Z"}},{"iob":0.037,"basaliob":-0.002,"bolussnooze":0,"activity":0.0011,"lastBolusTime":1703050271042,"time":"2023-12-20T09:33:26.692Z","iobWithZeroTemp":{"iob":-0.2,"basaliob":-0.239,"bolussnooze":0,"activity":-0.0015,"lastBolusTime":1703050271042,"time":"2023-12-20T09:33:26.692Z"}},{"iob":0.032,"basaliob":-0.002,"bolussnooze":0,"activity":0.001,"lastBolusTime":1703050271042,"time":"2023-12-20T09:38:26.692Z","iobWithZeroTemp":{"iob":-0.208,"basaliob":-0.242,"bolussnooze":0,"activity":-0.0017,"lastBolusTime":1703050271042,"time":"2023-12-20T09:38:26.692Z"}},{"iob":0.027,"basaliob":-0.002,"bolussnooze":0,"activity":9.0E-4,"lastBolusTime":1703050271042,"time":"2023-12-20T09:43:26.692Z","iobWithZeroTemp":{"iob":-0.217,"basaliob":-0.246,"bolussnooze":0,"activity":-0.0018,"lastBolusTime":1703050271042,"time":"2023-12-20T09:43:26.692Z"}},{"iob":0.023,"basaliob":-0.002,"bolussnooze":0,"activity":8.0E-4,"lastBolusTime":1703050271042,"time":"2023-12-20T09:48:26.692Z","iobWithZeroTemp":{"iob":-0.224,"basaliob":-0.249,"bolussnooze":0,"activity":-0.0019,"lastBolusTime":1703050271042,"time":"2023-12-20T09:48:26.692Z"}},{"iob":0.02,"basaliob":-0.001,"bolussnooze":0,"activity":7.0E-4,"lastBolusTime":1703050271042,"time":"2023-12-20T09:53:26.692Z","iobWithZeroTemp":{"iob":-0.23,"basaliob":-0.251,"bolussnooze":0,"activity":-0.0021,"lastBolusTime":1703050271042,"time":"2023-12-20T09:53:26.692Z"}},{"iob":0.017,"basaliob":-0.001,"bolussnooze":0,"activity":6.0E-4,"lastBolusTime":1703050271042,"time":"2023-12-20T09:58:26.692Z","iobWithZeroTemp":{"iob":-0.235,"basaliob":-0.253,"bolussnooze":0,"activity":-0.0022,"lastBolusTime":1703050271042,"time":"2023-12-20T09:58:26.692Z"}},{"iob":0.014,"basaliob":-0.001,"bolussnooze":0,"activity":5.0E-4,"lastBolusTime":1703050271042,"time":"2023-12-20T10:03:26.692Z","iobWithZeroTemp":{"iob":-0.236,"basaliob":-0.251,"bolussnooze":0,"activity":-0.0024,"lastBolusTime":1703050271042,"time":"2023-12-20T10:03:26.692Z"}},{"iob":0.012,"basaliob":-0.001,"bolussnooze":0,"activity":5.0E-4,"lastBolusTime":1703050271042,"time":"2023-12-20T10:08:26.692Z","iobWithZeroTemp":{"iob":-0.237,"basaliob":-0.25,"bolussnooze":0,"activity":-0.0024,"lastBolusTime":1703050271042,"time":"2023-12-20T10:08:26.692Z"}},{"iob":0.01,"basaliob":-0.001,"bolussnooze":0,"activity":4.0E-4,"lastBolusTime":1703050271042,"time":"2023-12-20T10:13:26.692Z","iobWithZeroTemp":{"iob":-0.237,"basaliob":-0.248,"bolussnooze":0,"activity":-0.0025,"lastBolusTime":1703050271042,"time":"2023-12-20T10:13:26.692Z"}},{"iob":0.008,"basaliob":-0.001,"bolussnooze":0,"activity":3.0E-4,"lastBolusTime":1703050271042,"time":"2023-12-20T10:18:26.692Z","iobWithZeroTemp":{"iob":-0.237,"basaliob":-0.246,"bolussnooze":0,"activity":-0.0026,"lastBolusTime":1703050271042,"time":"2023-12-20T10:18:26.692Z"}}],"profile":{"max_iob":10,"type":"current","max_daily_basal":0.25,"max_basal":1.25,"min_bg":90,"max_bg":90,"target_bg":90,"carb_ratio":12.6,"sens":84,"max_daily_safety_multiplier":5,"current_basal_safety_multiplier":5,"lgsThreshold":95,"high_temptarget_raises_sensitivity":false,"low_temptarget_lowers_sensitivity":false,"sensitivity_raises_target":true,"resistance_lowers_target":true,"adv_target_adjustments":false,"exercise_mode":false,"half_basal_exercise_target":160,"maxCOB":120,"skip_neutral_temps":false,"remainingCarbsCap":90,"enableUAM":true,"A52_risk_enable":false,"SMBInterval":5,"enableSMB_with_COB":true,"enableSMB_with_temptarget":false,"allowSMB_with_high_temptarget":false,"enableSMB_always":false,"enableSMB_after_carbs":true,"maxSMBBasalMinutes":120,"maxUAMSMBBasalMinutes":120,"bolus_increment":0.05,"carbsReqThreshold":1,"current_basal":0.25,"temptargetSet":false,"autosens_max":1.2,"autosens_min":0.7,"variable_sens":112.6,"insulinDivisor":75,"TDD":20.111859558857695},"autosens_data":{"ratio":1},"meal_data":{"carbs":34,"mealCOB":27.035800000000002,"slopeFromMaxDeviation":0,"slopeFromMinDeviation":1.401714285714286,"lastBolusTime":1703050271042,"lastCarbTime":1703051607356},"microBolusAllowed":true,"currentTime":1703053408296,"flatBGsDetected":false,"tdd1D":18.86250000521541,"tdd7D":20.877380982715465,"tddLast24H":21.774999994784594,"tddLast4H":3.7875,"tddLast8to4H":2.5916667054096854},"output":{"temp":"absolute","bg":91,"tick":"+2","eventualBG":153,"targetBG":90,"insulinReq":0,"deliverAt":"2023-12-20T06:23:28.296Z","sensitivityRatio":1,"variable_sens":112.6,"predBGs":{"IOB":[91,91,90,89,86,82,78,72,65,56,46,39,39],"ZT":[91,77,61,43,39,39,39,39,39,39,39,39,39,39,39,39,39,39,39,39,39,39,39,39,39,39,39,39,39,39,39,39,39,39,39,39,39,39,39,39,39,39,39,39,39,39,39,39],"COB":[91,92,93,93,94,95,96,97,99,100,101,103,104,106,108,109,111,113,114,116,117,118,119,120,120,120,120,120,120,119,117,116,115,113,112,111,110,110,109,108,108,107,107,106,106,106,106,105],"UAM":[91,92,93,94,95,97,98,100,103,105,108,111,114,117,121,124,127,131,134,137,141,144,146,149,151,153,155,157,158,159,160,160,160,159,158,158,157,156,156,156,155,155,154,154,154,154,154,153]},"reason":"COB: 27, Dev: 94, BGI: -14, ISF: 113, CR: 12.6, Target: 90, minPredBG 105, minGuardBG 92, IOBpredBG 39, COBpredBG 105, UAMpredBG 153; 6 add'l carbs req w\/in 0m; minGuardBG 92<95 100m left and 0 ~ req 0U\/hr: no temp required","COB":27.035800000000002,"IOB":1.892,"carbsReq":6,"carbsReqWithin":0,"timestamp":"2023-12-20T06:23:28.313Z"}}