{"algorithm":"OpenAPSSMBDynamicISFPlugin","input":{"glucoseStatus":{"glucose":105,"noise":0,"delta":1,"short_avgdelta":0.61,"long_avgdelta":1.37,"date":1702930973000},"currenttemp":{"temp":"absolute","duration":100,"rate":0,"minutesrunning":20},"iob_data":[{"iob":1.649,"basaliob":-0.022,"bolussnooze":1.3942,"activity":0.0115,"lastBolusTime":1702929831205,"time":"2023-12-18T20:23:24.718Z","iobWithZeroTemp":{"iob":1.649,"basaliob":-0.022,"bolussnooze":1.3942,"activity":0.0115,"lastBolusTime":1702929831205,"time":"2023-12-18T20:23:24.718Z"}},{"iob":1.588,"basaliob":-0.02,"bolussnooze":1.2408,"activity":0.0129,"lastBolusTime":1702929831205,"time":"2023-12-18T20:28:24.718Z","iobWithZeroTemp":{"iob":1.578,"basaliob":-0.03,"bolussnooze":1.2408,"activity":0.0129,"lastBolusTime":1702929831205,"time":"2023-12-18T20:28:24.718Z"}},{"iob":1.52,"basaliob":-0.018,"bolussnooze":1.0901,"activity":0.0139,"lastBolusTime":1702929831205,"time":"2023-12-18T20:33:24.718Z","iobWithZeroTemp":{"iob":1.498,"basaliob":-0.04,"bolussnooze":1.0901,"activity":0.0139,"lastBolusTime":1702929831205,"time":"2023-12-18T20:33:24.718Z"}},{"iob":1.449,"basaliob":-0.016,"bolussnooze":0.9472,"activity":0.0147,"lastBolusTime":1702929831205,"time":"2023-12-18T20:38:24.718Z","iobWithZeroTemp":{"iob":1.414,"basaliob":-0.051,"bolussnooze":0.9472,"activity":0.0146,"lastBolusTime":1702929831205,"time":"2023-12-18T20:38:24.718Z"}},{"iob":1.374,"basaliob":-0.015,"bolussnooze":0.8153,"activity":0.015,"lastBolusTime":1702929831205,"time":"2023-12-18T20:43:24.718Z","iobWithZeroTemp":{"iob":1.328,"basaliob":-0.061,"bolussnooze":0.8153,"activity":0.0148,"lastBolusTime":1702929831205,"time":"2023-12-18T20:43:24.718Z"}},{"iob":1.299,"basaliob":-0.013,"bolussnooze":0.6958,"activity":0.0151,"lastBolusTime":1702929831205,"time":"2023-12-18T20:48:24.718Z","iobWithZeroTemp":{"iob":1.241,"basaliob":-0.071,"bolussnooze":0.6958,"activity":0.0148,"lastBolusTime":1702929831205,"time":"2023-12-18T20:48:24.718Z"}},{"iob":1.223,"basaliob":-0.012,"bolussnooze":0.5893,"activity":0.0151,"lastBolusTime":1702929831205,"time":"2023-12-18T20:53:24.718Z","iobWithZeroTemp":{"iob":1.154,"basaliob":-0.081,"bolussnooze":0.5893,"activity":0.0147,"lastBolusTime":1702929831205,"time":"2023-12-18T20:53:24.718Z"}},{"iob":1.148,"basaliob":-0.011,"bolussnooze":0.4955,"activity":0.0149,"lastBolusTime":1702929831205,"time":"2023-12-18T20:58:24.718Z","iobWithZeroTemp":{"iob":1.069,"basaliob":-0.09,"bolussnooze":0.4955,"activity":0.0144,"lastBolusTime":1702929831205,"time":"2023-12-18T20:58:24.718Z"}},{"iob":1.074,"basaliob":-0.01,"bolussnooze":0.4139,"activity":0.0145,"lastBolusTime":1702929831205,"time":"2023-12-18T21:03:24.718Z","iobWithZeroTemp":{"iob":0.985,"basaliob":-0.099,"bolussnooze":0.4139,"activity":0.0139,"lastBolusTime":1702929831205,"time":"2023-12-18T21:03:24.718Z"}},{"iob":1.003,"basaliob":-0.009,"bolussnooze":0.3435,"activity":0.0141,"lastBolusTime":1702929831205,"time":"2023-12-18T21:08:24.718Z","iobWithZeroTemp":{"iob":0.904,"basaliob":-0.108,"bolussnooze":0.3435,"activity":0.0134,"lastBolusTime":1702929831205,"time":"2023-12-18T21:08:24.718Z"}},{"iob":0.934,"basaliob":-0.008,"bolussnooze":0.2833,"activity":0.0136,"lastBolusTime":1702929831205,"time":"2023-12-18T21:13:24.718Z","iobWithZeroTemp":{"iob":0.827,"basaliob":-0.115,"bolussnooze":0.2833,"activity":0.0128,"lastBolusTime":1702929831205,"time":"2023-12-18T21:13:24.718Z"}},{"iob":0.867,"basaliob":-0.007,"bolussnooze":0.2321,"activity":0.013,"lastBolusTime":1702929831205,"time":"2023-12-18T21:18:24.718Z","iobWithZeroTemp":{"iob":0.751,"basaliob":-0.123,"bolussnooze":0.2321,"activity":0.0121,"lastBolusTime":1702929831205,"time":"2023-12-18T21:18:24.718Z"}},{"iob":0.804,"basaliob":-0.006,"bolussnooze":0.189,"activity":0.0124,"lastBolusTime":1702929831205,"time":"2023-12-18T21:23:24.718Z","iobWithZeroTemp":{"iob":0.68,"basaliob":-0.13,"bolussnooze":0.189,"activity":0.0114,"lastBolusTime":1702929831205,"time":"2023-12-18T21:23:24.718Z"}},{"iob":0.744,"basaliob":-0.005,"bolussnooze":0.1529,"activity":0.0118,"lastBolusTime":1702929831205,"time":"2023-12-18T21:28:24.718Z","iobWithZeroTemp":{"iob":0.613,"basaliob":-0.136,"bolussnooze":0.1529,"activity":0.0107,"lastBolusTime":1702929831205,"time":"2023-12-18T21:28:24.718Z"}},{"iob":0.686,"basaliob":-0.005,"bolussnooze":0.1229,"activity":0.0112,"lastBolusTime":1702929831205,"time":"2023-12-18T21:33:24.718Z","iobWithZeroTemp":{"iob":0.548,"basaliob":-0.143,"bolussnooze":0.1229,"activity":0.01,"lastBolusTime":1702929831205,"time":"2023-12-18T21:33:24.718Z"}},{"iob":0.632,"basaliob":-0.004,"bolussnooze":0.098,"activity":0.0105,"lastBolusTime":1702929831205,"time":"2023-12-18T21:38:24.718Z","iobWithZeroTemp":{"iob":0.488,"basaliob":-0.148,"bolussnooze":0.098,"activity":0.0092,"lastBolusTime":1702929831205,"time":"2023-12-18T21:38:24.718Z"}},{"iob":0.58,"basaliob":-0.005,"bolussnooze":0.0776,"activity":0.0099,"lastBolusTime":1702929831205,"time":"2023-12-18T21:43:24.718Z","iobWithZeroTemp":{"iob":0.43,"basaliob":-0.155,"bolussnooze":0.0776,"activity":0.0085,"lastBolusTime":1702929831205,"time":"2023-12-18T21:43:24.718Z"}},{"iob":0.533,"basaliob":-0.004,"bolussnooze":0.0609,"activity":0.0092,"lastBolusTime":1702929831205,"time":"2023-12-18T21:48:24.718Z","iobWithZeroTemp":{"iob":0.377,"basaliob":-0.16,"bolussnooze":0.0609,"activity":0.0077,"lastBolusTime":1702929831205,"time":"2023-12-18T21:48:24.718Z"}},{"iob":0.488,"basaliob":-0.004,"bolussnooze":0.0474,"activity":0.0086,"lastBolusTime":1702929831205,"time":"2023-12-18T21:53:24.718Z","iobWithZeroTemp":{"iob":0.327,"basaliob":-0.165,"bolussnooze":0.0474,"activity":0.0071,"lastBolusTime":1702929831205,"time":"2023-12-18T21:53:24.718Z"}},{"iob":0.447,"basaliob":-0.003,"bolussnooze":0.0364,"activity":0.008,"lastBolusTime":1702929831205,"time":"2023-12-18T21:58:24.718Z","iobWithZeroTemp":{"iob":0.282,"basaliob":-0.168,"bolussnooze":0.0364,"activity":0.0064,"lastBolusTime":1702929831205,"time":"2023-12-18T21:58:24.718Z"}},{"iob":0.408,"basaliob":-0.003,"bolussnooze":0.0277,"activity":0.0074,"lastBolusTime":1702929831205,"time":"2023-12-18T22:03:24.718Z","iobWithZeroTemp":{"iob":0.234,"basaliob":-0.177,"bolussnooze":0.0277,"activity":0.0057,"lastBolusTime":1702929831205,"time":"2023-12-18T22:03:24.718Z"}},{"iob":0.371,"basaliob":-0.003,"bolussnooze":0.0208,"activity":0.0069,"lastBolusTime":1702929831205,"time":"2023-12-18T22:08:24.718Z","iobWithZeroTemp":{"iob":0.189,"basaliob":-0.185,"bolussnooze":0.0208,"activity":0.0051,"lastBolusTime":1702929831205,"time":"2023-12-18T22:08:24.718Z"}},{"iob":0.339,"basaliob":-0.002,"bolussnooze":0.0153,"activity":0.0064,"lastBolusTime":1702929831205,"time":"2023-12-18T22:13:24.718Z","iobWithZeroTemp":{"iob":0.15,"basaliob":-0.191,"bolussnooze":0.0153,"activity":0.0046,"lastBolusTime":1702929831205,"time":"2023-12-18T22:13:24.718Z"}},{"iob":0.308,"basaliob":-0.002,"bolussnooze":0.0111,"activity":0.0059,"lastBolusTime":1702929831205,"time":"2023-12-18T22:18:24.718Z","iobWithZeroTemp":{"iob":0.112,"basaliob":-0.198,"bolussnooze":0.0111,"activity":0.004,"lastBolusTime":1702929831205,"time":"2023-12-18T22:18:24.718Z"}},{"iob":0.279,"basaliob":-0.002,"bolussnooze":0.0078,"activity":0.0055,"lastBolusTime":1702929831205,"time":"2023-12-18T22:23:24.718Z","iobWithZeroTemp":{"iob":0.076,"basaliob":-0.205,"bolussnooze":0.0078,"activity":0.0035,"lastBolusTime":1702929831205,"time":"2023-12-18T22:23:24.718Z"}},{"iob":0.252,"basaliob":-0.002,"bolussnooze":0.0054,"activity":0.0051,"lastBolusTime":1702929831205,"time":"2023-12-18T22:28:24.718Z","iobWithZeroTemp":{"iob":0.042,"basaliob":-0.212,"bolussnooze":0.0054,"activity":0.003,"lastBolusTime":1702929831205,"time":"2023-12-18T22:28:24.718Z"}},{"iob":0.229,"basaliob":-0.001,"bolussnooze":0.0035,"activity":0.0047,"lastBolusTime":1702929831205,"time":"2023-12-18T22:33:24.718Z","iobWithZeroTemp":{"iob":0.014,"basaliob":-0.216,"bolussnooze":0.0035,"activity":0.0025,"lastBolusTime":1702929831205,"time":"2023-12-18T22:33:24.718Z"}},{"iob":0.207,"basaliob":-0.001,"bolussnooze":0.0022,"activity":0.0043,"lastBolusTime":1702929831205,"time":"2023-12-18T22:38:24.718Z","iobWithZeroTemp":{"iob":-0.014,"basaliob":-0.222,"bolussnooze":0.0022,"activity":0.002,"lastBolusTime":1702929831205,"time":"2023-12-18T22:38:24.718Z"}},{"iob":0.186,"basaliob":-0.001,"bolussnooze":0.0013,"activity":0.0039,"lastBolusTime":1702929831205,"time":"2023-12-18T22:43:24.718Z","iobWithZeroTemp":{"iob":-0.04,"basaliob":-0.227,"bolussnooze":0.0013,"activity":0.0016,"lastBolusTime":1702929831205,"time":"2023-12-18T22:43:24.718Z"}},{"iob":0.168,"basaliob":-0.001,"bolussnooze":6.0E-4,"activity":0.0036,"lastBolusTime":1702929831205,"time":"2023-12-18T22:48:24.718Z","iobWithZeroTemp":{"iob":-0.063,"basaliob":-0.232,"bolussnooze":6.0E-4,"activity":0.0012,"lastBolusTime":1702929831205,"time":"2023-12-18T22:48:24.718Z"}},{"iob":0.15,"basaliob":-0.001,"bolussnooze":3.0E-4,"activity":0.0033,"lastBolusTime":1702929831205,"time":"2023-12-18T22:53:24.718Z","iobWithZeroTemp":{"iob":-0.085,"basaliob":-0.236,"bolussnooze":3.0E-4,"activity":8.0E-4,"lastBolusTime":1702929831205,"time":"2023-12-18T22:53:24.718Z"}},{"iob":0.135,"basaliob":-0.001,"bolussnooze":1.0E-4,"activity":0.003,"lastBolusTime":1702929831205,"time":"2023-12-18T22:58:24.718Z","iobWithZeroTemp":{"iob":-0.105,"basaliob":-0.241,"bolussnooze":1.0E-4,"activity":5.0E-4,"lastBolusTime":1702929831205,"time":"2023-12-18T22:58:24.718Z"}},{"iob":0.121,"basaliob":-0.001,"bolussnooze":0,"activity":0.0027,"lastBolusTime":1702929831205,"time":"2023-12-18T23:03:24.718Z","iobWithZeroTemp":{"iob":-0.122,"basaliob":-0.244,"bolussnooze":0,"activity":1.0E-4,"lastBolusTime":1702929831205,"time":"2023-12-18T23:03:24.718Z"}},{"iob":0.109,"basaliob":0,"bolussnooze":0,"activity":0.0025,"lastBolusTime":1702929831205,"time":"2023-12-18T23:08:24.718Z","iobWithZeroTemp":{"iob":-0.138,"basaliob":-0.247,"bolussnooze":0,"activity":-2.0E-4,"lastBolusTime":1702929831205,"time":"2023-12-18T23:08:24.718Z"}},{"iob":0.097,"basaliob":0,"bolussnooze":0,"activity":0.0022,"lastBolusTime":1702929831205,"time":"2023-12-18T23:13:24.718Z","iobWithZeroTemp":{"iob":-0.153,"basaliob":-0.25,"bolussnooze":0,"activity":-5.0E-4,"lastBolusTime":1702929831205,"time":"2023-12-18T23:13:24.718Z"}},{"iob":0.086,"basaliob":0,"bolussnooze":0,"activity":0.002,"lastBolusTime":1702929831205,"time":"2023-12-18T23:18:24.718Z","iobWithZeroTemp":{"iob":-0.167,"basaliob":-0.253,"bolussnooze":0,"activity":-8.0E-4,"lastBolusTime":1702929831205,"time":"2023-12-18T23:18:24.718Z"}},{"iob":0.077,"basaliob":0,"bolussnooze":0,"activity":0.0018,"lastBolusTime":1702929831205,"time":"2023-12-18T23:23:24.718Z","iobWithZeroTemp":{"iob":-0.179,"basaliob":-0.256,"bolussnooze":0,"activity":-0.001,"lastBolusTime":1702929831205,"time":"2023-12-18T23:23:24.718Z"}},{"iob":0.068,"basaliob":0,"bolussnooze":0,"activity":0.0017,"lastBolusTime":1702929831205,"time":"2023-12-18T23:28:24.718Z","iobWithZeroTemp":{"iob":-0.19,"basaliob":-0.258,"bolussnooze":0,"activity":-0.0012,"lastBolusTime":1702929831205,"time":"2023-12-18T23:28:24.718Z"}},{"iob":0.06,"basaliob":0,"bolussnooze":0,"activity":0.0015,"lastBolusTime":1702929831205,"time":"2023-12-18T23:33:24.718Z","iobWithZeroTemp":{"iob":-0.2,"basaliob":-0.26,"bolussnooze":0,"activity":-0.0014,"lastBolusTime":1702929831205,"time":"2023-12-18T23:33:24.718Z"}},{"iob":0.053,"basaliob":0,"bolussnooze":0,"activity":0.0013,"lastBolusTime":1702929831205,"time":"2023-12-18T23:38:24.718Z","iobWithZeroTemp":{"iob":-0.21,"basaliob":-0.263,"bolussnooze":0,"activity":-0.0016,"lastBolusTime":1702929831205,"time":"2023-12-18T23:38:24.718Z"}},{"iob":0.047,"basaliob":0,"bolussnooze":0,"activity":0.0012,"lastBolusTime":1702929831205,"time":"2023-12-18T23:43:24.718Z","iobWithZeroTemp":{"iob":-0.217,"basaliob":-0.264,"bolussnooze":0,"activity":-0.0018,"lastBolusTime":1702929831205,"time":"2023-12-18T23:43:24.718Z"}},{"iob":0.041,"basaliob":0,"bolussnooze":0,"activity":0.0011,"lastBolusTime":1702929831205,"time":"2023-12-18T23:48:24.718Z","iobWithZeroTemp":{"iob":-0.225,"basaliob":-0.266,"bolussnooze":0,"activity":-0.0019,"lastBolusTime":1702929831205,"time":"2023-12-18T23:48:24.718Z"}},{"iob":0.036,"basaliob":0,"bolussnooze":0,"activity":0.001,"lastBolusTime":1702929831205,"time":"2023-12-18T23:53:24.718Z","iobWithZeroTemp":{"iob":-0.232,"basaliob":-0.268,"bolussnooze":0,"activity":-0.002,"lastBolusTime":1702929831205,"time":"2023-12-18T23:53:24.718Z"}},{"iob":0.031,"basaliob":0,"bolussnooze":0,"activity":9.0E-4,"lastBolusTime":1702929831205,"time":"2023-12-18T23:58:24.718Z","iobWithZeroTemp":{"iob":-0.238,"basaliob":-0.269,"bolussnooze":0,"activity":-0.0022,"lastBolusTime":1702929831205,"time":"2023-12-18T23:58:24.718Z"}},{"iob":0.027,"basaliob":0,"bolussnooze":0,"activity":8.0E-4,"lastBolusTime":1702929831205,"time":"2023-12-19T00:03:24.718Z","iobWithZeroTemp":{"iob":-0.239,"basaliob":-0.266,"bolussnooze":0,"activity":-0.0023,"lastBolusTime":1702929831205,"time":"2023-12-19T00:03:24.718Z"}},{"iob":0.024,"basaliob":0,"bolussnooze":0,"activity":7.0E-4,"lastBolusTime":1702929831205,"time":"2023-12-19T00:08:24.718Z","iobWithZeroTemp":{"iob":-0.239,"basaliob":-0.263,"bolussnooze":0,"activity":-0.0024,"lastBolusTime":1702929831205,"time":"2023-12-19T00:08:24.718Z"}},{"iob":0.021,"basaliob":0,"bolussnooze":0,"activity":6.0E-4,"lastBolusTime":1702929831205,"time":"2023-12-19T00:13:24.718Z","iobWithZeroTemp":{"iob":-0.239,"basaliob":-0.26,"bolussnooze":0,"activity":-0.0025,"lastBolusTime":1702929831205,"time":"2023-12-19T00:13:24.718Z"}},{"iob":0.018,"basaliob":0,"bolussnooze":0,"activity":5.0E-4,"lastBolusTime":1702929831205,"time":"2023-12-19T00:18:24.718Z","iobWithZeroTemp":{"iob":-0.239,"basaliob":-0.257,"bolussnooze":0,"activity":-0.0026,"lastBolusTime":1702929831205,"time":"2023-12-19T00:18:24.718Z"}}],"profile":{"max_iob":10,"type":"current","max_daily_basal":0.25,"max_basal":0.75,"min_bg":90,"max_bg":90,"target_bg":90,"carb_ratio":14.8,"sens":84,"max_daily_safety_multiplier":5,"current_basal_safety_multiplier":5,"lgsThreshold":95,"high_temptarget_raises_sensitivity":false,"low_temptarget_lowers_sensitivity":false,"sensitivity_raises_target":true,"resistance_lowers_target":true,"adv_target_adjustments":false,"exercise_mode":false,"half_basal_exercise_target":160,"maxCOB":120,"skip_neutral_temps":false,"remainingCarbsCap":90,"enableUAM":true,"A52_risk_enable":false,"SMBInterval":5,"enableSMB_with_COB":true,"enableSMB_with_temptarget":false,"allowSMB_with_high_temptarget":false,"enableSMB_always":false,"enableSMB_after_carbs":true,"maxSMBBasalMinutes":120,"maxUAMSMBBasalMinutes":120,"bolus_increment":0.05,"carbsReqThreshold":1,"current_basal":0.15000000596046448,"temptargetSet":false,"autosens_max":1.2,"autosens_min":0.7,"variable_sens":82.6,"insulinDivisor":75,"TDD":24.883996344562757},"autosens_data":{"ratio":1},"meal_data":{"carbs":0,"mealCOB":0,"slopeFromMaxDeviation":0,"slopeFromMinDeviation":0.972,"lastBolusTime":1702929831205,"lastCarbTime":0},"microBolusAllowed":true,"currentTime":1702931005760,"flatBGsDetected":false,"tdd1D":22.354166475186748,"tdd7D":26.782783919711285,"tddLast24H":19.724999943375586,"tddLast4H":2.254166618982951,"tddLast8to4H":8.883333234240611},"output":{"temp":"absolute","bg":105,"tick":"+1","eventualBG":39,"targetBG":90,"insulinReq":0,"deliverAt":"2023-12-18T20:23:25.760Z","sensitivityRatio":1,"variable_sens":82.6,"predBGs":{"IOB":[105,105,104,103,100,97,93,88,83,78,71,64,57,49,40,39],"ZT":[105,100,95,89,82,75,67,58,49,39,39,39,39,39,39,39,39,39,39,39,39,39,39,39,39,39,39,39,39,39,39,39,39,39,39,39,39,39,39,39,39,39,39,39,39,39,39,39],"UAM":[105,105,105,103,101,99,96,92,88,84,80,75,69,64,58,51,44,39]},"reason":"COB: 0, Dev: 32, BGI: -5, ISF: 83, CR: 14.8, Target: 90, minPredBG -69, minGuardBG -57, IOBpredBG 39, UAMpredBG 39; 26 add'l carbs req w\/in 30m; minGuardBG -57<95","COB":0,"IOB":1.649,"carbsReq":26,"carbsReqWithin":30,"duration":120,"rate":0,"timestamp":"2023-12-18T20:23:25.772Z"}}