{"algorithm":"OpenAPSSMBDynamicISFPlugin","input":{"glucoseStatus":{"glucose":127,"noise":0,"delta":1,"short_avgdelta":1,"long_avgdelta":1.38,"date":1702857170000},"currenttemp":{"temp":"absolute","duration":10,"rate":1,"minutesrunning":20},"iob_data":[{"iob":0.515,"basaliob":0.306,"bolussnooze":0,"activity":0.0053,"lastBolusTime":1702853609765,"time":"2023-12-17T23:53:19.719Z","iobWithZeroTemp":{"iob":0.515,"basaliob":0.306,"bolussnooze":0,"activity":0.0053,"lastBolusTime":1702853609765,"time":"2023-12-17T23:53:19.719Z"}},{"iob":0.488,"basaliob":0.297,"bolussnooze":0,"activity":0.0054,"lastBolusTime":1702853609765,"time":"2023-12-17T23:58:19.719Z","iobWithZeroTemp":{"iob":0.475,"basaliob":0.284,"bolussnooze":0,"activity":0.0054,"lastBolusTime":1702853609765,"time":"2023-12-17T23:58:19.719Z"}},{"iob":0.461,"basaliob":0.286,"bolussnooze":0,"activity":0.0055,"lastBolusTime":1702853609765,"time":"2023-12-18T00:03:19.719Z","iobWithZeroTemp":{"iob":0.435,"basaliob":0.26,"bolussnooze":0,"activity":0.0054,"lastBolusTime":1702853609765,"time":"2023-12-18T00:03:19.719Z"}},{"iob":0.434,"basaliob":0.274,"bolussnooze":0,"activity":0.0054,"lastBolusTime":1702853609765,"time":"2023-12-18T00:08:19.719Z","iobWithZeroTemp":{"iob":0.396,"basaliob":0.236,"bolussnooze":0,"activity":0.0053,"lastBolusTime":1702853609765,"time":"2023-12-18T00:08:19.719Z"}},{"iob":0.407,"basaliob":0.261,"bolussnooze":0,"activity":0.0053,"lastBolusTime":1702853609765,"time":"2023-12-18T00:13:19.719Z","iobWithZeroTemp":{"iob":0.357,"basaliob":0.211,"bolussnooze":0,"activity":0.0051,"lastBolusTime":1702853609765,"time":"2023-12-18T00:13:19.719Z"}},{"iob":0.381,"basaliob":0.248,"bolussnooze":0,"activity":0.0052,"lastBolusTime":1702853609765,"time":"2023-12-18T00:18:19.719Z","iobWithZeroTemp":{"iob":0.32,"basaliob":0.187,"bolussnooze":0,"activity":0.0049,"lastBolusTime":1702853609765,"time":"2023-12-18T00:18:19.719Z"}},{"iob":0.355,"basaliob":0.234,"bolussnooze":0,"activity":0.005,"lastBolusTime":1702853609765,"time":"2023-12-18T00:23:19.719Z","iobWithZeroTemp":{"iob":0.283,"basaliob":0.162,"bolussnooze":0,"activity":0.0046,"lastBolusTime":1702853609765,"time":"2023-12-18T00:23:19.719Z"}},{"iob":0.331,"basaliob":0.221,"bolussnooze":0,"activity":0.0048,"lastBolusTime":1702853609765,"time":"2023-12-18T00:28:19.719Z","iobWithZeroTemp":{"iob":0.248,"basaliob":0.138,"bolussnooze":0,"activity":0.0043,"lastBolusTime":1702853609765,"time":"2023-12-18T00:28:19.719Z"}},{"iob":0.306,"basaliob":0.207,"bolussnooze":0,"activity":0.0047,"lastBolusTime":1702853609765,"time":"2023-12-18T00:33:19.719Z","iobWithZeroTemp":{"iob":0.214,"basaliob":0.115,"bolussnooze":0,"activity":0.0041,"lastBolusTime":1702853609765,"time":"2023-12-18T00:33:19.719Z"}},{"iob":0.284,"basaliob":0.194,"bolussnooze":0,"activity":0.0044,"lastBolusTime":1702853609765,"time":"2023-12-18T00:38:19.719Z","iobWithZeroTemp":{"iob":0.182,"basaliob":0.092,"bolussnooze":0,"activity":0.0037,"lastBolusTime":1702853609765,"time":"2023-12-18T00:38:19.719Z"}},{"iob":0.262,"basaliob":0.181,"bolussnooze":0,"activity":0.0042,"lastBolusTime":1702853609765,"time":"2023-12-18T00:43:19.719Z","iobWithZeroTemp":{"iob":0.152,"basaliob":0.071,"bolussnooze":0,"activity":0.0034,"lastBolusTime":1702853609765,"time":"2023-12-18T00:43:19.719Z"}},{"iob":0.241,"basaliob":0.168,"bolussnooze":0,"activity":0.0039,"lastBolusTime":1702853609765,"time":"2023-12-18T00:48:19.719Z","iobWithZeroTemp":{"iob":0.122,"basaliob":0.049,"bolussnooze":0,"activity":0.003,"lastBolusTime":1702853609765,"time":"2023-12-18T00:48:19.719Z"}},{"iob":0.222,"basaliob":0.156,"bolussnooze":0,"activity":0.0037,"lastBolusTime":1702853609765,"time":"2023-12-18T00:53:19.719Z","iobWithZeroTemp":{"iob":0.096,"basaliob":0.03,"bolussnooze":0,"activity":0.0027,"lastBolusTime":1702853609765,"time":"2023-12-18T00:53:19.719Z"}},{"iob":0.204,"basaliob":0.145,"bolussnooze":0,"activity":0.0035,"lastBolusTime":1702853609765,"time":"2023-12-18T00:58:19.719Z","iobWithZeroTemp":{"iob":0.071,"basaliob":0.012,"bolussnooze":0,"activity":0.0024,"lastBolusTime":1702853609765,"time":"2023-12-18T00:58:19.719Z"}},{"iob":0.187,"basaliob":0.134,"bolussnooze":0,"activity":0.0032,"lastBolusTime":1702853609765,"time":"2023-12-18T01:03:19.719Z","iobWithZeroTemp":{"iob":0.043,"basaliob":-0.01,"bolussnooze":0,"activity":0.002,"lastBolusTime":1702853609765,"time":"2023-12-18T01:03:19.719Z"}},{"iob":0.172,"basaliob":0.124,"bolussnooze":0,"activity":0.003,"lastBolusTime":1702853609765,"time":"2023-12-18T01:08:19.719Z","iobWithZeroTemp":{"iob":0.018,"basaliob":-0.03,"bolussnooze":0,"activity":0.0017,"lastBolusTime":1702853609765,"time":"2023-12-18T01:08:19.719Z"}},{"iob":0.157,"basaliob":0.114,"bolussnooze":0,"activity":0.0028,"lastBolusTime":1702853609765,"time":"2023-12-18T01:13:19.719Z","iobWithZeroTemp":{"iob":-0.007,"basaliob":-0.05,"bolussnooze":0,"activity":0.0014,"lastBolusTime":1702853609765,"time":"2023-12-18T01:13:19.719Z"}},{"iob":0.143,"basaliob":0.105,"bolussnooze":0,"activity":0.0027,"lastBolusTime":1702853609765,"time":"2023-12-18T01:18:19.719Z","iobWithZeroTemp":{"iob":-0.03,"basaliob":-0.068,"bolussnooze":0,"activity":0.0012,"lastBolusTime":1702853609765,"time":"2023-12-18T01:18:19.719Z"}},{"iob":0.13,"basaliob":0.096,"bolussnooze":0,"activity":0.0025,"lastBolusTime":1702853609765,"time":"2023-12-18T01:23:19.719Z","iobWithZeroTemp":{"iob":-0.052,"basaliob":-0.086,"bolussnooze":0,"activity":8.0E-4,"lastBolusTime":1702853609765,"time":"2023-12-18T01:23:19.719Z"}},{"iob":0.119,"basaliob":0.088,"bolussnooze":0,"activity":0.0023,"lastBolusTime":1702853609765,"time":"2023-12-18T01:28:19.719Z","iobWithZeroTemp":{"iob":-0.071,"basaliob":-0.102,"bolussnooze":0,"activity":5.0E-4,"lastBolusTime":1702853609765,"time":"2023-12-18T01:28:19.719Z"}},{"iob":0.108,"basaliob":0.081,"bolussnooze":0,"activity":0.0021,"lastBolusTime":1702853609765,"time":"2023-12-18T01:33:19.719Z","iobWithZeroTemp":{"iob":-0.09,"basaliob":-0.117,"bolussnooze":0,"activity":2.0E-4,"lastBolusTime":1702853609765,"time":"2023-12-18T01:33:19.719Z"}},{"iob":0.098,"basaliob":0.074,"bolussnooze":0,"activity":0.0019,"lastBolusTime":1702853609765,"time":"2023-12-18T01:38:19.719Z","iobWithZeroTemp":{"iob":-0.107,"basaliob":-0.131,"bolussnooze":0,"activity":-1.0E-4,"lastBolusTime":1702853609765,"time":"2023-12-18T01:38:19.719Z"}},{"iob":0.089,"basaliob":0.067,"bolussnooze":0,"activity":0.0018,"lastBolusTime":1702853609765,"time":"2023-12-18T01:43:19.719Z","iobWithZeroTemp":{"iob":-0.122,"basaliob":-0.144,"bolussnooze":0,"activity":-3.0E-4,"lastBolusTime":1702853609765,"time":"2023-12-18T01:43:19.719Z"}},{"iob":0.08,"basaliob":0.061,"bolussnooze":0,"activity":0.0017,"lastBolusTime":1702853609765,"time":"2023-12-18T01:48:19.719Z","iobWithZeroTemp":{"iob":-0.138,"basaliob":-0.157,"bolussnooze":0,"activity":-5.0E-4,"lastBolusTime":1702853609765,"time":"2023-12-18T01:48:19.719Z"}},{"iob":0.072,"basaliob":0.055,"bolussnooze":0,"activity":0.0015,"lastBolusTime":1702853609765,"time":"2023-12-18T01:53:19.719Z","iobWithZeroTemp":{"iob":-0.151,"basaliob":-0.168,"bolussnooze":0,"activity":-7.0E-4,"lastBolusTime":1702853609765,"time":"2023-12-18T01:53:19.719Z"}},{"iob":0.065,"basaliob":0.05,"bolussnooze":0,"activity":0.0014,"lastBolusTime":1702853609765,"time":"2023-12-18T01:58:19.719Z","iobWithZeroTemp":{"iob":-0.163,"basaliob":-0.178,"bolussnooze":0,"activity":-9.0E-4,"lastBolusTime":1702853609765,"time":"2023-12-18T01:58:19.719Z"}},{"iob":0.059,"basaliob":0.046,"bolussnooze":0,"activity":0.0012,"lastBolusTime":1702853609765,"time":"2023-12-18T02:03:19.719Z","iobWithZeroTemp":{"iob":-0.174,"basaliob":-0.187,"bolussnooze":0,"activity":-0.0012,"lastBolusTime":1702853609765,"time":"2023-12-18T02:03:19.719Z"}},{"iob":0.053,"basaliob":0.041,"bolussnooze":0,"activity":0.0011,"lastBolusTime":1702853609765,"time":"2023-12-18T02:08:19.719Z","iobWithZeroTemp":{"iob":-0.185,"basaliob":-0.197,"bolussnooze":0,"activity":-0.0014,"lastBolusTime":1702853609765,"time":"2023-12-18T02:08:19.719Z"}},{"iob":0.047,"basaliob":0.037,"bolussnooze":0,"activity":0.0011,"lastBolusTime":1702853609765,"time":"2023-12-18T02:13:19.719Z","iobWithZeroTemp":{"iob":-0.195,"basaliob":-0.205,"bolussnooze":0,"activity":-0.0014,"lastBolusTime":1702853609765,"time":"2023-12-18T02:13:19.719Z"}},{"iob":0.043,"basaliob":0.034,"bolussnooze":0,"activity":9.0E-4,"lastBolusTime":1702853609765,"time":"2023-12-18T02:18:19.719Z","iobWithZeroTemp":{"iob":-0.203,"basaliob":-0.212,"bolussnooze":0,"activity":-0.0017,"lastBolusTime":1702853609765,"time":"2023-12-18T02:18:19.719Z"}},{"iob":0.038,"basaliob":0.03,"bolussnooze":0,"activity":8.0E-4,"lastBolusTime":1702853609765,"time":"2023-12-18T02:23:19.719Z","iobWithZeroTemp":{"iob":-0.211,"basaliob":-0.219,"bolussnooze":0,"activity":-0.0019,"lastBolusTime":1702853609765,"time":"2023-12-18T02:23:19.719Z"}},{"iob":0.034,"basaliob":0.027,"bolussnooze":0,"activity":8.0E-4,"lastBolusTime":1702853609765,"time":"2023-12-18T02:28:19.719Z","iobWithZeroTemp":{"iob":-0.218,"basaliob":-0.225,"bolussnooze":0,"activity":-0.0019,"lastBolusTime":1702853609765,"time":"2023-12-18T02:28:19.719Z"}},{"iob":0.03,"basaliob":0.024,"bolussnooze":0,"activity":7.0E-4,"lastBolusTime":1702853609765,"time":"2023-12-18T02:33:19.719Z","iobWithZeroTemp":{"iob":-0.225,"basaliob":-0.231,"bolussnooze":0,"activity":-0.0021,"lastBolusTime":1702853609765,"time":"2023-12-18T02:33:19.719Z"}},{"iob":0.027,"basaliob":0.022,"bolussnooze":0,"activity":6.0E-4,"lastBolusTime":1702853609765,"time":"2023-12-18T02:38:19.719Z","iobWithZeroTemp":{"iob":-0.231,"basaliob":-0.236,"bolussnooze":0,"activity":-0.0022,"lastBolusTime":1702853609765,"time":"2023-12-18T02:38:19.719Z"}},{"iob":0.025,"basaliob":0.02,"bolussnooze":0,"activity":5.0E-4,"lastBolusTime":1702853609765,"time":"2023-12-18T02:43:19.719Z","iobWithZeroTemp":{"iob":-0.235,"basaliob":-0.24,"bolussnooze":0,"activity":-0.0024,"lastBolusTime":1702853609765,"time":"2023-12-18T02:43:19.719Z"}},{"iob":0.021,"basaliob":0.017,"bolussnooze":0,"activity":5.0E-4,"lastBolusTime":1702853609765,"time":"2023-12-18T02:48:19.719Z","iobWithZeroTemp":{"iob":-0.241,"basaliob":-0.245,"bolussnooze":0,"activity":-0.0024,"lastBolusTime":1702853609765,"time":"2023-12-18T02:48:19.719Z"}},{"iob":0.019,"basaliob":0.016,"bolussnooze":0,"activity":5.0E-4,"lastBolusTime":1702853609765,"time":"2023-12-18T02:53:19.719Z","iobWithZeroTemp":{"iob":-0.245,"basaliob":-0.248,"bolussnooze":0,"activity":-0.0025,"lastBolusTime":1702853609765,"time":"2023-12-18T02:53:19.719Z"}},{"iob":0.017,"basaliob":0.014,"bolussnooze":0,"activity":4.0E-4,"lastBolusTime":1702853609765,"time":"2023-12-18T02:58:19.719Z","iobWithZeroTemp":{"iob":-0.249,"basaliob":-0.252,"bolussnooze":0,"activity":-0.0026,"lastBolusTime":1702853609765,"time":"2023-12-18T02:58:19.719Z"}},{"iob":0.014,"basaliob":0.012,"bolussnooze":0,"activity":4.0E-4,"lastBolusTime":1702853609765,"time":"2023-12-18T03:03:19.719Z","iobWithZeroTemp":{"iob":-0.249,"basaliob":-0.251,"bolussnooze":0,"activity":-0.0026,"lastBolusTime":1702853609765,"time":"2023-12-18T03:03:19.719Z"}},{"iob":0.013,"basaliob":0.011,"bolussnooze":0,"activity":4.0E-4,"lastBolusTime":1702853609765,"time":"2023-12-18T03:08:19.719Z","iobWithZeroTemp":{"iob":-0.248,"basaliob":-0.25,"bolussnooze":0,"activity":-0.0026,"lastBolusTime":1702853609765,"time":"2023-12-18T03:08:19.719Z"}},{"iob":0.012,"basaliob":0.01,"bolussnooze":0,"activity":3.0E-4,"lastBolusTime":1702853609765,"time":"2023-12-18T03:13:19.719Z","iobWithZeroTemp":{"iob":-0.246,"basaliob":-0.248,"bolussnooze":0,"activity":-0.0027,"lastBolusTime":1702853609765,"time":"2023-12-18T03:13:19.719Z"}},{"iob":0.009,"basaliob":0.008,"bolussnooze":0,"activity":3.0E-4,"lastBolusTime":1702853609765,"time":"2023-12-18T03:18:19.719Z","iobWithZeroTemp":{"iob":-0.246,"basaliob":-0.247,"bolussnooze":0,"activity":-0.0027,"lastBolusTime":1702853609765,"time":"2023-12-18T03:18:19.719Z"}},{"iob":0.008,"basaliob":0.007,"bolussnooze":0,"activity":2.0E-4,"lastBolusTime":1702853609765,"time":"2023-12-18T03:23:19.719Z","iobWithZeroTemp":{"iob":-0.245,"basaliob":-0.246,"bolussnooze":0,"activity":-0.0028,"lastBolusTime":1702853609765,"time":"2023-12-18T03:23:19.719Z"}},{"iob":0.007,"basaliob":0.006,"bolussnooze":0,"activity":2.0E-4,"lastBolusTime":1702853609765,"time":"2023-12-18T03:28:19.719Z","iobWithZeroTemp":{"iob":-0.243,"basaliob":-0.244,"bolussnooze":0,"activity":-0.0028,"lastBolusTime":1702853609765,"time":"2023-12-18T03:28:19.719Z"}},{"iob":0.007,"basaliob":0.006,"bolussnooze":0,"activity":2.0E-4,"lastBolusTime":1702853609765,"time":"2023-12-18T03:33:19.719Z","iobWithZeroTemp":{"iob":-0.24,"basaliob":-0.241,"bolussnooze":0,"activity":-0.0028,"lastBolusTime":1702853609765,"time":"2023-12-18T03:33:19.719Z"}},{"iob":0.006,"basaliob":0.005,"bolussnooze":0,"activity":1.0E-4,"lastBolusTime":1702853609765,"time":"2023-12-18T03:38:19.719Z","iobWithZeroTemp":{"iob":-0.239,"basaliob":-0.24,"bolussnooze":0,"activity":-0.0029,"lastBolusTime":1702853609765,"time":"2023-12-18T03:38:19.719Z"}},{"iob":0.005,"basaliob":0.004,"bolussnooze":0,"activity":1.0E-4,"lastBolusTime":1702853609765,"time":"2023-12-18T03:43:19.719Z","iobWithZeroTemp":{"iob":-0.237,"basaliob":-0.238,"bolussnooze":0,"activity":-0.0029,"lastBolusTime":1702853609765,"time":"2023-12-18T03:43:19.719Z"}},{"iob":0.004,"basaliob":0.004,"bolussnooze":0,"activity":1.0E-4,"lastBolusTime":1702853609765,"time":"2023-12-18T03:48:19.719Z","iobWithZeroTemp":{"iob":-0.236,"basaliob":-0.236,"bolussnooze":0,"activity":-0.0029,"lastBolusTime":1702853609765,"time":"2023-12-18T03:48:19.719Z"}}],"profile":{"max_iob":10,"type":"current","max_daily_basal":0.25,"max_basal":1,"min_bg":90,"max_bg":90,"target_bg":90,"carb_ratio":15.6,"sens":84,"max_daily_safety_multiplier":5,"current_basal_safety_multiplier":5,"lgsThreshold":95,"high_temptarget_raises_sensitivity":false,"low_temptarget_lowers_sensitivity":false,"sensitivity_raises_target":true,"resistance_lowers_target":true,"adv_target_adjustments":false,"exercise_mode":false,"half_basal_exercise_target":160,"maxCOB":120,"skip_neutral_temps":false,"remainingCarbsCap":90,"enableUAM":true,"A52_risk_enable":false,"SMBInterval":5,"enableSMB_with_COB":true,"enableSMB_with_temptarget":false,"allowSMB_with_high_temptarget":false,"enableSMB_always":false,"enableSMB_after_carbs":true,"maxSMBBasalMinutes":120,"maxUAMSMBBasalMinutes":120,"bolus_increment":0.05,"carbsReqThreshold":1,"current_basal":0.20000000298023224,"temptargetSet":false,"autosens_max":1.2,"autosens_min":0.7,"variable_sens":78,"insulinDivisor":75,"TDD":23.280196520703424},"autosens_data":{"ratio":1},"meal_data":{"carbs":0,"mealCOB":0,"slopeFromMaxDeviation":-0.1502,"slopeFromMinDeviation":0.25433333333333336,"lastBolusTime":1702853609765,"lastCarbTime":0},"microBolusAllowed":true,"currentTime":1702857201411,"flatBGsDetected":false,"tdd1D":22.354166475186748,"tdd7D":26.782783919711285,"tddLast24H":22.074999801814556,"tddLast4H":2.504166706154744,"tddLast8to4H":5.5999999940395355},"output":{"temp":"absolute","bg":127,"tick":"+1","eventualBG":117,"targetBG":90,"insulinReq":0.23,"deliverAt":"2023-12-17T23:53:21.411Z","sensitivityRatio":1,"variable_sens":78,"predBGs":{"IOB":[127,128,128,128,128,128,128,127,126,125,124,123,121,120,118,117,116,114,113,112,111,110,110,109,108,107,107,106,106,105,105,105,104,104,104,103,103,103,103,103,102],"ZT":[127,125,123,121,119,116,114,112,111,109,107,106,105,103,102,101,101,100,99,99,99,99,99,99,99,99,100,100,101,102,102],"UAM":[127,128,129,129,130,130,130,130,130,130,130,130,130,129,129,129,128,128,127,126,126,125,124,123,123,122,121,121,120,120,120,119,119,119,119,118,118,118,118,118,117]},"reason":"COB: 0, Dev: 18, BGI: -2, ISF: 78, CR: 15.6, Target: 90, minPredBG 109, minGuardBG 117, IOBpredBG 102, UAMpredBG 117; Eventual BG 117 >= 90, temp 1.00 >~ req 0.66U\/hr. ","COB":0,"IOB":0.515,"timestamp":"2023-12-17T23:53:21.436Z"}}