{"algorithm":"OpenAPSSMBDynamicISFPlugin","input":{"glucoseStatus":{"glucose":133,"noise":0,"delta":4,"short_avgdelta":3.5,"long_avgdelta":1.88,"date":1702861070000},"currenttemp":{"temp":"absolute","duration":20,"rate":0.75,"minutesrunning":10},"iob_data":[{"iob":0.408,"basaliob":0.349,"bolussnooze":0,"activity":0.0053,"lastBolusTime":1702853609765,"time":"2023-12-18T00:58:21.536Z","iobWithZeroTemp":{"iob":0.408,"basaliob":0.349,"bolussnooze":0,"activity":0.0053,"lastBolusTime":1702853609765,"time":"2023-12-18T00:58:21.536Z"}},{"iob":0.382,"basaliob":0.329,"bolussnooze":0,"activity":0.0051,"lastBolusTime":1702853609765,"time":"2023-12-18T01:03:21.536Z","iobWithZeroTemp":{"iob":0.369,"basaliob":0.316,"bolussnooze":0,"activity":0.0051,"lastBolusTime":1702853609765,"time":"2023-12-18T01:03:21.536Z"}},{"iob":0.357,"basaliob":0.309,"bolussnooze":0,"activity":0.005,"lastBolusTime":1702853609765,"time":"2023-12-18T01:08:21.536Z","iobWithZeroTemp":{"iob":0.327,"basaliob":0.279,"bolussnooze":0,"activity":0.0049,"lastBolusTime":1702853609765,"time":"2023-12-18T01:08:21.536Z"}},{"iob":0.332,"basaliob":0.289,"bolussnooze":0,"activity":0.0048,"lastBolusTime":1702853609765,"time":"2023-12-18T01:13:21.536Z","iobWithZeroTemp":{"iob":0.286,"basaliob":0.243,"bolussnooze":0,"activity":0.0047,"lastBolusTime":1702853609765,"time":"2023-12-18T01:13:21.536Z"}},{"iob":0.308,"basaliob":0.27,"bolussnooze":0,"activity":0.0047,"lastBolusTime":1702853609765,"time":"2023-12-18T01:18:21.536Z","iobWithZeroTemp":{"iob":0.246,"basaliob":0.208,"bolussnooze":0,"activity":0.0045,"lastBolusTime":1702853609765,"time":"2023-12-18T01:18:21.536Z"}},{"iob":0.285,"basaliob":0.251,"bolussnooze":0,"activity":0.0045,"lastBolusTime":1702853609765,"time":"2023-12-18T01:23:21.536Z","iobWithZeroTemp":{"iob":0.208,"basaliob":0.174,"bolussnooze":0,"activity":0.0042,"lastBolusTime":1702853609765,"time":"2023-12-18T01:23:21.536Z"}},{"iob":0.265,"basaliob":0.234,"bolussnooze":0,"activity":0.0042,"lastBolusTime":1702853609765,"time":"2023-12-18T01:28:21.536Z","iobWithZeroTemp":{"iob":0.173,"basaliob":0.142,"bolussnooze":0,"activity":0.0037,"lastBolusTime":1702853609765,"time":"2023-12-18T01:28:21.536Z"}},{"iob":0.243,"basaliob":0.216,"bolussnooze":0,"activity":0.0039,"lastBolusTime":1702853609765,"time":"2023-12-18T01:33:21.536Z","iobWithZeroTemp":{"iob":0.137,"basaliob":0.11,"bolussnooze":0,"activity":0.0033,"lastBolusTime":1702853609765,"time":"2023-12-18T01:33:21.536Z"}},{"iob":0.224,"basaliob":0.2,"bolussnooze":0,"activity":0.0038,"lastBolusTime":1702853609765,"time":"2023-12-18T01:38:21.536Z","iobWithZeroTemp":{"iob":0.105,"basaliob":0.081,"bolussnooze":0,"activity":0.0031,"lastBolusTime":1702853609765,"time":"2023-12-18T01:38:21.536Z"}},{"iob":0.207,"basaliob":0.185,"bolussnooze":0,"activity":0.0035,"lastBolusTime":1702853609765,"time":"2023-12-18T01:43:21.536Z","iobWithZeroTemp":{"iob":0.076,"basaliob":0.054,"bolussnooze":0,"activity":0.0026,"lastBolusTime":1702853609765,"time":"2023-12-18T01:43:21.536Z"}},{"iob":0.189,"basaliob":0.17,"bolussnooze":0,"activity":0.0033,"lastBolusTime":1702853609765,"time":"2023-12-18T01:48:21.536Z","iobWithZeroTemp":{"iob":0.046,"basaliob":0.027,"bolussnooze":0,"activity":0.0023,"lastBolusTime":1702853609765,"time":"2023-12-18T01:48:21.536Z"}},{"iob":0.173,"basaliob":0.156,"bolussnooze":0,"activity":0.0031,"lastBolusTime":1702853609765,"time":"2023-12-18T01:53:21.536Z","iobWithZeroTemp":{"iob":0.019,"basaliob":0.002,"bolussnooze":0,"activity":0.0019,"lastBolusTime":1702853609765,"time":"2023-12-18T01:53:21.536Z"}},{"iob":0.159,"basaliob":0.144,"bolussnooze":0,"activity":0.0029,"lastBolusTime":1702853609765,"time":"2023-12-18T01:58:21.536Z","iobWithZeroTemp":{"iob":-0.006,"basaliob":-0.021,"bolussnooze":0,"activity":0.0016,"lastBolusTime":1702853609765,"time":"2023-12-18T01:58:21.536Z"}},{"iob":0.144,"basaliob":0.131,"bolussnooze":0,"activity":0.0026,"lastBolusTime":1702853609765,"time":"2023-12-18T02:03:21.536Z","iobWithZeroTemp":{"iob":-0.031,"basaliob":-0.044,"bolussnooze":0,"activity":0.0012,"lastBolusTime":1702853609765,"time":"2023-12-18T02:03:21.536Z"}},{"iob":0.132,"basaliob":0.12,"bolussnooze":0,"activity":0.0025,"lastBolusTime":1702853609765,"time":"2023-12-18T02:08:21.536Z","iobWithZeroTemp":{"iob":-0.052,"basaliob":-0.064,"bolussnooze":0,"activity":9.0E-4,"lastBolusTime":1702853609765,"time":"2023-12-18T02:08:21.536Z"}},{"iob":0.12,"basaliob":0.11,"bolussnooze":0,"activity":0.0023,"lastBolusTime":1702853609765,"time":"2023-12-18T02:13:21.536Z","iobWithZeroTemp":{"iob":-0.072,"basaliob":-0.082,"bolussnooze":0,"activity":6.0E-4,"lastBolusTime":1702853609765,"time":"2023-12-18T02:13:21.536Z"}},{"iob":0.109,"basaliob":0.1,"bolussnooze":0,"activity":0.0021,"lastBolusTime":1702853609765,"time":"2023-12-18T02:18:21.536Z","iobWithZeroTemp":{"iob":-0.091,"basaliob":-0.1,"bolussnooze":0,"activity":3.0E-4,"lastBolusTime":1702853609765,"time":"2023-12-18T02:18:21.536Z"}},{"iob":0.099,"basaliob":0.091,"bolussnooze":0,"activity":0.0019,"lastBolusTime":1702853609765,"time":"2023-12-18T02:23:21.536Z","iobWithZeroTemp":{"iob":-0.108,"basaliob":-0.116,"bolussnooze":0,"activity":0,"lastBolusTime":1702853609765,"time":"2023-12-18T02:23:21.536Z"}},{"iob":0.09,"basaliob":0.083,"bolussnooze":0,"activity":0.0018,"lastBolusTime":1702853609765,"time":"2023-12-18T02:28:21.536Z","iobWithZeroTemp":{"iob":-0.124,"basaliob":-0.131,"bolussnooze":0,"activity":-2.0E-4,"lastBolusTime":1702853609765,"time":"2023-12-18T02:28:21.536Z"}},{"iob":0.081,"basaliob":0.075,"bolussnooze":0,"activity":0.0017,"lastBolusTime":1702853609765,"time":"2023-12-18T02:33:21.536Z","iobWithZeroTemp":{"iob":-0.139,"basaliob":-0.145,"bolussnooze":0,"activity":-4.0E-4,"lastBolusTime":1702853609765,"time":"2023-12-18T02:33:21.536Z"}},{"iob":0.073,"basaliob":0.068,"bolussnooze":0,"activity":0.0015,"lastBolusTime":1702853609765,"time":"2023-12-18T02:38:21.536Z","iobWithZeroTemp":{"iob":-0.153,"basaliob":-0.158,"bolussnooze":0,"activity":-7.0E-4,"lastBolusTime":1702853609765,"time":"2023-12-18T02:38:21.536Z"}},{"iob":0.065,"basaliob":0.061,"bolussnooze":0,"activity":0.0013,"lastBolusTime":1702853609765,"time":"2023-12-18T02:43:21.536Z","iobWithZeroTemp":{"iob":-0.166,"basaliob":-0.17,"bolussnooze":0,"activity":-0.001,"lastBolusTime":1702853609765,"time":"2023-12-18T02:43:21.536Z"}},{"iob":0.059,"basaliob":0.055,"bolussnooze":0,"activity":0.0012,"lastBolusTime":1702853609765,"time":"2023-12-18T02:48:21.536Z","iobWithZeroTemp":{"iob":-0.177,"basaliob":-0.181,"bolussnooze":0,"activity":-0.0012,"lastBolusTime":1702853609765,"time":"2023-12-18T02:48:21.536Z"}},{"iob":0.053,"basaliob":0.05,"bolussnooze":0,"activity":0.0011,"lastBolusTime":1702853609765,"time":"2023-12-18T02:53:21.536Z","iobWithZeroTemp":{"iob":-0.187,"basaliob":-0.19,"bolussnooze":0,"activity":-0.0014,"lastBolusTime":1702853609765,"time":"2023-12-18T02:53:21.536Z"}},{"iob":0.048,"basaliob":0.045,"bolussnooze":0,"activity":0.0011,"lastBolusTime":1702853609765,"time":"2023-12-18T02:58:21.536Z","iobWithZeroTemp":{"iob":-0.196,"basaliob":-0.199,"bolussnooze":0,"activity":-0.0015,"lastBolusTime":1702853609765,"time":"2023-12-18T02:58:21.536Z"}},{"iob":0.042,"basaliob":0.04,"bolussnooze":0,"activity":0.001,"lastBolusTime":1702853609765,"time":"2023-12-18T03:03:21.536Z","iobWithZeroTemp":{"iob":-0.202,"basaliob":-0.204,"bolussnooze":0,"activity":-0.0016,"lastBolusTime":1702853609765,"time":"2023-12-18T03:03:21.536Z"}},{"iob":0.038,"basaliob":0.036,"bolussnooze":0,"activity":9.0E-4,"lastBolusTime":1702853609765,"time":"2023-12-18T03:08:21.536Z","iobWithZeroTemp":{"iob":-0.205,"basaliob":-0.207,"bolussnooze":0,"activity":-0.0018,"lastBolusTime":1702853609765,"time":"2023-12-18T03:08:21.536Z"}},{"iob":0.034,"basaliob":0.032,"bolussnooze":0,"activity":8.0E-4,"lastBolusTime":1702853609765,"time":"2023-12-18T03:13:21.536Z","iobWithZeroTemp":{"iob":-0.208,"basaliob":-0.21,"bolussnooze":0,"activity":-0.0019,"lastBolusTime":1702853609765,"time":"2023-12-18T03:13:21.536Z"}},{"iob":0.03,"basaliob":0.029,"bolussnooze":0,"activity":8.0E-4,"lastBolusTime":1702853609765,"time":"2023-12-18T03:18:21.536Z","iobWithZeroTemp":{"iob":-0.211,"basaliob":-0.212,"bolussnooze":0,"activity":-0.0019,"lastBolusTime":1702853609765,"time":"2023-12-18T03:18:21.536Z"}},{"iob":0.027,"basaliob":0.026,"bolussnooze":0,"activity":6.0E-4,"lastBolusTime":1702853609765,"time":"2023-12-18T03:23:21.536Z","iobWithZeroTemp":{"iob":-0.213,"basaliob":-0.214,"bolussnooze":0,"activity":-0.0022,"lastBolusTime":1702853609765,"time":"2023-12-18T03:23:21.536Z"}},{"iob":0.024,"basaliob":0.023,"bolussnooze":0,"activity":5.0E-4,"lastBolusTime":1702853609765,"time":"2023-12-18T03:28:21.536Z","iobWithZeroTemp":{"iob":-0.215,"basaliob":-0.216,"bolussnooze":0,"activity":-0.0023,"lastBolusTime":1702853609765,"time":"2023-12-18T03:28:21.536Z"}},{"iob":0.021,"basaliob":0.02,"bolussnooze":0,"activity":5.0E-4,"lastBolusTime":1702853609765,"time":"2023-12-18T03:33:21.536Z","iobWithZeroTemp":{"iob":-0.216,"basaliob":-0.217,"bolussnooze":0,"activity":-0.0023,"lastBolusTime":1702853609765,"time":"2023-12-18T03:33:21.536Z"}},{"iob":0.019,"basaliob":0.018,"bolussnooze":0,"activity":4.0E-4,"lastBolusTime":1702853609765,"time":"2023-12-18T03:38:21.536Z","iobWithZeroTemp":{"iob":-0.217,"basaliob":-0.218,"bolussnooze":0,"activity":-0.0024,"lastBolusTime":1702853609765,"time":"2023-12-18T03:38:21.536Z"}},{"iob":0.017,"basaliob":0.016,"bolussnooze":0,"activity":4.0E-4,"lastBolusTime":1702853609765,"time":"2023-12-18T03:43:21.536Z","iobWithZeroTemp":{"iob":-0.217,"basaliob":-0.218,"bolussnooze":0,"activity":-0.0024,"lastBolusTime":1702853609765,"time":"2023-12-18T03:43:21.536Z"}},{"iob":0.014,"basaliob":0.014,"bolussnooze":0,"activity":4.0E-4,"lastBolusTime":1702853609765,"time":"2023-12-18T03:48:21.536Z","iobWithZeroTemp":{"iob":-0.219,"basaliob":-0.219,"bolussnooze":0,"activity":-0.0024,"lastBolusTime":1702853609765,"time":"2023-12-18T03:48:21.536Z"}},{"iob":0.012,"basaliob":0.012,"bolussnooze":0,"activity":3.0E-4,"lastBolusTime":1702853609765,"time":"2023-12-18T03:53:21.536Z","iobWithZeroTemp":{"iob":-0.219,"basaliob":-0.219,"bolussnooze":0,"activity":-0.0025,"lastBolusTime":1702853609765,"time":"2023-12-18T03:53:21.536Z"}},{"iob":0.011,"basaliob":0.011,"bolussnooze":0,"activity":3.0E-4,"lastBolusTime":1702853609765,"time":"2023-12-18T03:58:21.536Z","iobWithZeroTemp":{"iob":-0.219,"basaliob":-0.219,"bolussnooze":0,"activity":-0.0025,"lastBolusTime":1702853609765,"time":"2023-12-18T03:58:21.536Z"}},{"iob":0.01,"basaliob":0.01,"bolussnooze":0,"activity":3.0E-4,"lastBolusTime":1702853609765,"time":"2023-12-18T04:03:21.536Z","iobWithZeroTemp":{"iob":-0.227,"basaliob":-0.227,"bolussnooze":0,"activity":-0.0025,"lastBolusTime":1702853609765,"time":"2023-12-18T04:03:21.536Z"}},{"iob":0.008,"basaliob":0.008,"bolussnooze":0,"activity":2.0E-4,"lastBolusTime":1702853609765,"time":"2023-12-18T04:08:21.536Z","iobWithZeroTemp":{"iob":-0.236,"basaliob":-0.236,"bolussnooze":0,"activity":-0.0026,"lastBolusTime":1702853609765,"time":"2023-12-18T04:08:21.536Z"}},{"iob":0.007,"basaliob":0.007,"bolussnooze":0,"activity":2.0E-4,"lastBolusTime":1702853609765,"time":"2023-12-18T04:13:21.536Z","iobWithZeroTemp":{"iob":-0.244,"basaliob":-0.244,"bolussnooze":0,"activity":-0.0026,"lastBolusTime":1702853609765,"time":"2023-12-18T04:13:21.536Z"}},{"iob":0.006,"basaliob":0.006,"bolussnooze":0,"activity":2.0E-4,"lastBolusTime":1702853609765,"time":"2023-12-18T04:18:21.536Z","iobWithZeroTemp":{"iob":-0.251,"basaliob":-0.251,"bolussnooze":0,"activity":-0.0027,"lastBolusTime":1702853609765,"time":"2023-12-18T04:18:21.536Z"}},{"iob":0.005,"basaliob":0.005,"bolussnooze":0,"activity":2.0E-4,"lastBolusTime":1702853609765,"time":"2023-12-18T04:23:21.536Z","iobWithZeroTemp":{"iob":-0.259,"basaliob":-0.259,"bolussnooze":0,"activity":-0.0027,"lastBolusTime":1702853609765,"time":"2023-12-18T04:23:21.536Z"}},{"iob":0.005,"basaliob":0.005,"bolussnooze":0,"activity":1.0E-4,"lastBolusTime":1702853609765,"time":"2023-12-18T04:28:21.536Z","iobWithZeroTemp":{"iob":-0.265,"basaliob":-0.265,"bolussnooze":0,"activity":-0.0029,"lastBolusTime":1702853609765,"time":"2023-12-18T04:28:21.536Z"}},{"iob":0.004,"basaliob":0.004,"bolussnooze":0,"activity":1.0E-4,"lastBolusTime":1702853609765,"time":"2023-12-18T04:33:21.536Z","iobWithZeroTemp":{"iob":-0.272,"basaliob":-0.272,"bolussnooze":0,"activity":-0.0029,"lastBolusTime":1702853609765,"time":"2023-12-18T04:33:21.536Z"}},{"iob":0.003,"basaliob":0.003,"bolussnooze":0,"activity":1.0E-4,"lastBolusTime":1702853609765,"time":"2023-12-18T04:38:21.536Z","iobWithZeroTemp":{"iob":-0.278,"basaliob":-0.278,"bolussnooze":0,"activity":-0.003,"lastBolusTime":1702853609765,"time":"2023-12-18T04:38:21.536Z"}},{"iob":0.003,"basaliob":0.003,"bolussnooze":0,"activity":1.0E-4,"lastBolusTime":1702853609765,"time":"2023-12-18T04:43:21.536Z","iobWithZeroTemp":{"iob":-0.284,"basaliob":-0.284,"bolussnooze":0,"activity":-0.003,"lastBolusTime":1702853609765,"time":"2023-12-18T04:43:21.536Z"}},{"iob":0.002,"basaliob":0.002,"bolussnooze":0,"activity":1.0E-4,"lastBolusTime":1702853609765,"time":"2023-12-18T04:48:21.536Z","iobWithZeroTemp":{"iob":-0.29,"basaliob":-0.29,"bolussnooze":0,"activity":-0.0031,"lastBolusTime":1702853609765,"time":"2023-12-18T04:48:21.536Z"}},{"iob":0.002,"basaliob":0.002,"bolussnooze":0,"activity":1.0E-4,"lastBolusTime":1702853609765,"time":"2023-12-18T04:53:21.536Z","iobWithZeroTemp":{"iob":-0.295,"basaliob":-0.295,"bolussnooze":0,"activity":-0.0031,"lastBolusTime":1702853609765,"time":"2023-12-18T04:53:21.536Z"}}],"profile":{"max_iob":10,"type":"current","max_daily_basal":0.25,"max_basal":0.75,"min_bg":90,"max_bg":90,"target_bg":90,"carb_ratio":15.6,"sens":84,"max_daily_safety_multiplier":5,"current_basal_safety_multiplier":5,"lgsThreshold":95,"high_temptarget_raises_sensitivity":false,"low_temptarget_lowers_sensitivity":false,"sensitivity_raises_target":true,"resistance_lowers_target":true,"adv_target_adjustments":false,"exercise_mode":false,"half_basal_exercise_target":160,"maxCOB":120,"skip_neutral_temps":false,"remainingCarbsCap":90,"enableUAM":true,"A52_risk_enable":false,"SMBInterval":5,"enableSMB_with_COB":true,"enableSMB_with_temptarget":false,"allowSMB_with_high_temptarget":false,"enableSMB_always":false,"enableSMB_after_carbs":true,"maxSMBBasalMinutes":120,"maxUAMSMBBasalMinutes":120,"bolus_increment":0.05,"carbsReqThreshold":1,"current_basal":0.15000000596046448,"temptargetSet":false,"autosens_max":1.2,"autosens_min":0.7,"variable_sens":82.3,"insulinDivisor":75,"TDD":21.44457151539265},"autosens_data":{"ratio":1},"meal_data":{"carbs":0,"mealCOB":0,"slopeFromMaxDeviation":0,"slopeFromMinDeviation":0.645375,"lastBolusTime":1702853609765,"lastCarbTime":0},"microBolusAllowed":true,"currentTime":1702861103207,"flatBGsDetected":false,"tdd1D":22.354166475186748,"tdd7D":26.782783919711285,"tddLast24H":21.34999977126718,"tddLast4H":1.5958333392937978,"tddLast8to4H":4.6291667299966015},"output":{"temp":"absolute","bg":133,"tick":"+4","eventualBG":174,"targetBG":90,"insulinReq":0.75,"deliverAt":"2023-12-18T00:58:23.207Z","sensitivityRatio":1,"variable_sens":82.3,"predBGs":{"IOB":[133,136,139,141,143,144,145,146,147,147,146,145,144,143,142,141,140,139,138,138,137,136,136,135,135,135,134,134,133,133,133,133,132,132,132,132,132,132,132,131],"ZT":[133,131,129,127,125,123,121,119,118,116,115,114,113,113,112,112,111,111,111,111,112,112,112,113,114,114,115,116,117,117],"UAM":[133,136,140,143,145,148,151,154,156,158,161,163,165,167,168,170,171,173,174,175,175,176,176,177,177,177,177,176,176,176,175,175,175,175,175,175,175,174]},"reason":"COB: 0, Dev: 34, BGI: -2, ISF: 82, CR: 15.6, Target: 90, minPredBG 152, minGuardBG 136, IOBpredBG 131, UAMpredBG 174; Eventual BG 174 >= 90, adj. req. rate: 1.65 to maxSafeBasal: 0.75, temp 0.75 >~ req 0.75U\/hr. ","COB":0,"IOB":0.408,"timestamp":"2023-12-18T00:58:23.235Z"}}