{"algorithm":"OpenAPSSMBDynamicISFPlugin","input":{"glucoseStatus":{"glucose":109,"noise":0,"delta":-2,"short_avgdelta":-1.5,"long_avgdelta":-0.44,"date":1702894672000},"currenttemp":{"temp":"absolute","duration":55,"rate":0,"minutesrunning":5},"iob_data":[{"iob":0.303,"basaliob":0.006,"bolussnooze":0,"activity":0.0039,"lastBolusTime":1702893506960,"time":"2023-12-18T10:18:24.037Z","iobWithZeroTemp":{"iob":0.303,"basaliob":0.006,"bolussnooze":0,"activity":0.0039,"lastBolusTime":1702893506960,"time":"2023-12-18T10:18:24.037Z"}},{"iob":0.284,"basaliob":0.007,"bolussnooze":0,"activity":0.0038,"lastBolusTime":1702893506960,"time":"2023-12-18T10:23:24.037Z","iobWithZeroTemp":{"iob":0.274,"basaliob":-0.003,"bolussnooze":0,"activity":0.0038,"lastBolusTime":1702893506960,"time":"2023-12-18T10:23:24.037Z"}},{"iob":0.266,"basaliob":0.008,"bolussnooze":0,"activity":0.0037,"lastBolusTime":1702893506960,"time":"2023-12-18T10:28:24.037Z","iobWithZeroTemp":{"iob":0.244,"basaliob":-0.014,"bolussnooze":0,"activity":0.0037,"lastBolusTime":1702893506960,"time":"2023-12-18T10:28:24.037Z"}},{"iob":0.247,"basaliob":0.008,"bolussnooze":0,"activity":0.0036,"lastBolusTime":1702893506960,"time":"2023-12-18T10:33:24.037Z","iobWithZeroTemp":{"iob":0.212,"basaliob":-0.027,"bolussnooze":0,"activity":0.0035,"lastBolusTime":1702893506960,"time":"2023-12-18T10:33:24.037Z"}},{"iob":0.23,"basaliob":0.009,"bolussnooze":0,"activity":0.0035,"lastBolusTime":1702893506960,"time":"2023-12-18T10:38:24.037Z","iobWithZeroTemp":{"iob":0.184,"basaliob":-0.037,"bolussnooze":0,"activity":0.0033,"lastBolusTime":1702893506960,"time":"2023-12-18T10:38:24.037Z"}},{"iob":0.213,"basaliob":0.009,"bolussnooze":0,"activity":0.0033,"lastBolusTime":1702893506960,"time":"2023-12-18T10:43:24.037Z","iobWithZeroTemp":{"iob":0.155,"basaliob":-0.049,"bolussnooze":0,"activity":0.003,"lastBolusTime":1702893506960,"time":"2023-12-18T10:43:24.037Z"}},{"iob":0.197,"basaliob":0.009,"bolussnooze":0,"activity":0.0031,"lastBolusTime":1702893506960,"time":"2023-12-18T10:48:24.037Z","iobWithZeroTemp":{"iob":0.128,"basaliob":-0.06,"bolussnooze":0,"activity":0.0027,"lastBolusTime":1702893506960,"time":"2023-12-18T10:48:24.037Z"}},{"iob":0.182,"basaliob":0.009,"bolussnooze":0,"activity":0.0029,"lastBolusTime":1702893506960,"time":"2023-12-18T10:53:24.037Z","iobWithZeroTemp":{"iob":0.103,"basaliob":-0.07,"bolussnooze":0,"activity":0.0024,"lastBolusTime":1702893506960,"time":"2023-12-18T10:53:24.037Z"}},{"iob":0.168,"basaliob":0.009,"bolussnooze":0,"activity":0.0028,"lastBolusTime":1702893506960,"time":"2023-12-18T10:58:24.037Z","iobWithZeroTemp":{"iob":0.079,"basaliob":-0.08,"bolussnooze":0,"activity":0.0022,"lastBolusTime":1702893506960,"time":"2023-12-18T10:58:24.037Z"}},{"iob":0.153,"basaliob":0.008,"bolussnooze":0,"activity":0.0026,"lastBolusTime":1702893506960,"time":"2023-12-18T11:03:24.037Z","iobWithZeroTemp":{"iob":0.054,"basaliob":-0.091,"bolussnooze":0,"activity":0.0019,"lastBolusTime":1702893506960,"time":"2023-12-18T11:03:24.037Z"}},{"iob":0.141,"basaliob":0.008,"bolussnooze":0,"activity":0.0025,"lastBolusTime":1702893506960,"time":"2023-12-18T11:08:24.037Z","iobWithZeroTemp":{"iob":0.034,"basaliob":-0.099,"bolussnooze":0,"activity":0.0017,"lastBolusTime":1702893506960,"time":"2023-12-18T11:08:24.037Z"}},{"iob":0.129,"basaliob":0.008,"bolussnooze":0,"activity":0.0023,"lastBolusTime":1702893506960,"time":"2023-12-18T11:13:24.037Z","iobWithZeroTemp":{"iob":0.013,"basaliob":-0.108,"bolussnooze":0,"activity":0.0014,"lastBolusTime":1702893506960,"time":"2023-12-18T11:13:24.037Z"}},{"iob":0.118,"basaliob":0.007,"bolussnooze":0,"activity":0.0022,"lastBolusTime":1702893506960,"time":"2023-12-18T11:18:24.037Z","iobWithZeroTemp":{"iob":-0.006,"basaliob":-0.117,"bolussnooze":0,"activity":0.0012,"lastBolusTime":1702893506960,"time":"2023-12-18T11:18:24.037Z"}},{"iob":0.108,"basaliob":0.007,"bolussnooze":0,"activity":0.002,"lastBolusTime":1702893506960,"time":"2023-12-18T11:23:24.037Z","iobWithZeroTemp":{"iob":-0.023,"basaliob":-0.124,"bolussnooze":0,"activity":9.0E-4,"lastBolusTime":1702893506960,"time":"2023-12-18T11:23:24.037Z"}},{"iob":0.099,"basaliob":0.007,"bolussnooze":0,"activity":0.0019,"lastBolusTime":1702893506960,"time":"2023-12-18T11:28:24.037Z","iobWithZeroTemp":{"iob":-0.039,"basaliob":-0.131,"bolussnooze":0,"activity":7.0E-4,"lastBolusTime":1702893506960,"time":"2023-12-18T11:28:24.037Z"}},{"iob":0.089,"basaliob":0.006,"bolussnooze":0,"activity":0.0017,"lastBolusTime":1702893506960,"time":"2023-12-18T11:33:24.037Z","iobWithZeroTemp":{"iob":-0.055,"basaliob":-0.138,"bolussnooze":0,"activity":4.0E-4,"lastBolusTime":1702893506960,"time":"2023-12-18T11:33:24.037Z"}},{"iob":0.081,"basaliob":0.006,"bolussnooze":0,"activity":0.0016,"lastBolusTime":1702893506960,"time":"2023-12-18T11:38:24.037Z","iobWithZeroTemp":{"iob":-0.069,"basaliob":-0.144,"bolussnooze":0,"activity":2.0E-4,"lastBolusTime":1702893506960,"time":"2023-12-18T11:38:24.037Z"}},{"iob":0.074,"basaliob":0.006,"bolussnooze":0,"activity":0.0015,"lastBolusTime":1702893506960,"time":"2023-12-18T11:43:24.037Z","iobWithZeroTemp":{"iob":-0.082,"basaliob":-0.15,"bolussnooze":0,"activity":0,"lastBolusTime":1702893506960,"time":"2023-12-18T11:43:24.037Z"}},{"iob":0.067,"basaliob":0.005,"bolussnooze":0,"activity":0.0014,"lastBolusTime":1702893506960,"time":"2023-12-18T11:48:24.037Z","iobWithZeroTemp":{"iob":-0.094,"basaliob":-0.156,"bolussnooze":0,"activity":-1.0E-4,"lastBolusTime":1702893506960,"time":"2023-12-18T11:48:24.037Z"}},{"iob":0.061,"basaliob":0.005,"bolussnooze":0,"activity":0.0012,"lastBolusTime":1702893506960,"time":"2023-12-18T11:53:24.037Z","iobWithZeroTemp":{"iob":-0.104,"basaliob":-0.16,"bolussnooze":0,"activity":-4.0E-4,"lastBolusTime":1702893506960,"time":"2023-12-18T11:53:24.037Z"}},{"iob":0.055,"basaliob":0.005,"bolussnooze":0,"activity":0.0011,"lastBolusTime":1702893506960,"time":"2023-12-18T11:58:24.037Z","iobWithZeroTemp":{"iob":-0.114,"basaliob":-0.164,"bolussnooze":0,"activity":-6.0E-4,"lastBolusTime":1702893506960,"time":"2023-12-18T11:58:24.037Z"}},{"iob":0.049,"basaliob":0.004,"bolussnooze":0,"activity":0.001,"lastBolusTime":1702893506960,"time":"2023-12-18T12:03:24.037Z","iobWithZeroTemp":{"iob":-0.124,"basaliob":-0.169,"bolussnooze":0,"activity":-7.0E-4,"lastBolusTime":1702893506960,"time":"2023-12-18T12:03:24.037Z"}},{"iob":0.045,"basaliob":0.004,"bolussnooze":0,"activity":0.001,"lastBolusTime":1702893506960,"time":"2023-12-18T12:08:24.037Z","iobWithZeroTemp":{"iob":-0.132,"basaliob":-0.173,"bolussnooze":0,"activity":-8.0E-4,"lastBolusTime":1702893506960,"time":"2023-12-18T12:08:24.037Z"}},{"iob":0.041,"basaliob":0.004,"bolussnooze":0,"activity":9.0E-4,"lastBolusTime":1702893506960,"time":"2023-12-18T12:13:24.037Z","iobWithZeroTemp":{"iob":-0.139,"basaliob":-0.176,"bolussnooze":0,"activity":-0.001,"lastBolusTime":1702893506960,"time":"2023-12-18T12:13:24.037Z"}},{"iob":0.036,"basaliob":0.003,"bolussnooze":0,"activity":8.0E-4,"lastBolusTime":1702893506960,"time":"2023-12-18T12:18:24.037Z","iobWithZeroTemp":{"iob":-0.147,"basaliob":-0.18,"bolussnooze":0,"activity":-0.0011,"lastBolusTime":1702893506960,"time":"2023-12-18T12:18:24.037Z"}},{"iob":0.033,"basaliob":0.003,"bolussnooze":0,"activity":7.0E-4,"lastBolusTime":1702893506960,"time":"2023-12-18T12:23:24.037Z","iobWithZeroTemp":{"iob":-0.153,"basaliob":-0.183,"bolussnooze":0,"activity":-0.0013,"lastBolusTime":1702893506960,"time":"2023-12-18T12:23:24.037Z"}},{"iob":0.03,"basaliob":0.003,"bolussnooze":0,"activity":7.0E-4,"lastBolusTime":1702893506960,"time":"2023-12-18T12:28:24.037Z","iobWithZeroTemp":{"iob":-0.159,"basaliob":-0.186,"bolussnooze":0,"activity":-0.0013,"lastBolusTime":1702893506960,"time":"2023-12-18T12:28:24.037Z"}},{"iob":0.027,"basaliob":0.003,"bolussnooze":0,"activity":5.0E-4,"lastBolusTime":1702893506960,"time":"2023-12-18T12:33:24.037Z","iobWithZeroTemp":{"iob":-0.164,"basaliob":-0.188,"bolussnooze":0,"activity":-0.0016,"lastBolusTime":1702893506960,"time":"2023-12-18T12:33:24.037Z"}},{"iob":0.023,"basaliob":0.002,"bolussnooze":0,"activity":5.0E-4,"lastBolusTime":1702893506960,"time":"2023-12-18T12:38:24.037Z","iobWithZeroTemp":{"iob":-0.17,"basaliob":-0.191,"bolussnooze":0,"activity":-0.0016,"lastBolusTime":1702893506960,"time":"2023-12-18T12:38:24.037Z"}},{"iob":0.021,"basaliob":0.002,"bolussnooze":0,"activity":4.0E-4,"lastBolusTime":1702893506960,"time":"2023-12-18T12:43:24.037Z","iobWithZeroTemp":{"iob":-0.174,"basaliob":-0.193,"bolussnooze":0,"activity":-0.0017,"lastBolusTime":1702893506960,"time":"2023-12-18T12:43:24.037Z"}},{"iob":0.019,"basaliob":0.002,"bolussnooze":0,"activity":4.0E-4,"lastBolusTime":1702893506960,"time":"2023-12-18T12:48:24.037Z","iobWithZeroTemp":{"iob":-0.178,"basaliob":-0.195,"bolussnooze":0,"activity":-0.0018,"lastBolusTime":1702893506960,"time":"2023-12-18T12:48:24.037Z"}},{"iob":0.017,"basaliob":0.002,"bolussnooze":0,"activity":4.0E-4,"lastBolusTime":1702893506960,"time":"2023-12-18T12:53:24.037Z","iobWithZeroTemp":{"iob":-0.181,"basaliob":-0.196,"bolussnooze":0,"activity":-0.0018,"lastBolusTime":1702893506960,"time":"2023-12-18T12:53:24.037Z"}},{"iob":0.015,"basaliob":0.002,"bolussnooze":0,"activity":3.0E-4,"lastBolusTime":1702893506960,"time":"2023-12-18T12:58:24.037Z","iobWithZeroTemp":{"iob":-0.184,"basaliob":-0.197,"bolussnooze":0,"activity":-0.0019,"lastBolusTime":1702893506960,"time":"2023-12-18T12:58:24.037Z"}},{"iob":0.014,"basaliob":0.002,"bolussnooze":0,"activity":3.0E-4,"lastBolusTime":1702893506960,"time":"2023-12-18T13:03:24.037Z","iobWithZeroTemp":{"iob":-0.187,"basaliob":-0.199,"bolussnooze":0,"activity":-0.002,"lastBolusTime":1702893506960,"time":"2023-12-18T13:03:24.037Z"}},{"iob":0.012,"basaliob":0.001,"bolussnooze":0,"activity":3.0E-4,"lastBolusTime":1702893506960,"time":"2023-12-18T13:08:24.037Z","iobWithZeroTemp":{"iob":-0.19,"basaliob":-0.201,"bolussnooze":0,"activity":-0.002,"lastBolusTime":1702893506960,"time":"2023-12-18T13:08:24.037Z"}},{"iob":0.01,"basaliob":0.001,"bolussnooze":0,"activity":2.0E-4,"lastBolusTime":1702893506960,"time":"2023-12-18T13:13:24.037Z","iobWithZeroTemp":{"iob":-0.193,"basaliob":-0.202,"bolussnooze":0,"activity":-0.0021,"lastBolusTime":1702893506960,"time":"2023-12-18T13:13:24.037Z"}},{"iob":0.009,"basaliob":0.001,"bolussnooze":0,"activity":2.0E-4,"lastBolusTime":1702893506960,"time":"2023-12-18T13:18:24.037Z","iobWithZeroTemp":{"iob":-0.195,"basaliob":-0.203,"bolussnooze":0,"activity":-0.0021,"lastBolusTime":1702893506960,"time":"2023-12-18T13:18:24.037Z"}},{"iob":0.008,"basaliob":0.001,"bolussnooze":0,"activity":2.0E-4,"lastBolusTime":1702893506960,"time":"2023-12-18T13:23:24.037Z","iobWithZeroTemp":{"iob":-0.197,"basaliob":-0.204,"bolussnooze":0,"activity":-0.0021,"lastBolusTime":1702893506960,"time":"2023-12-18T13:23:24.037Z"}},{"iob":0.007,"basaliob":0.001,"bolussnooze":0,"activity":2.0E-4,"lastBolusTime":1702893506960,"time":"2023-12-18T13:28:24.037Z","iobWithZeroTemp":{"iob":-0.198,"basaliob":-0.204,"bolussnooze":0,"activity":-0.0022,"lastBolusTime":1702893506960,"time":"2023-12-18T13:28:24.037Z"}},{"iob":0.007,"basaliob":0.001,"bolussnooze":0,"activity":1.0E-4,"lastBolusTime":1702893506960,"time":"2023-12-18T13:33:24.037Z","iobWithZeroTemp":{"iob":-0.199,"basaliob":-0.205,"bolussnooze":0,"activity":-0.0023,"lastBolusTime":1702893506960,"time":"2023-12-18T13:33:24.037Z"}},{"iob":0.006,"basaliob":0.001,"bolussnooze":0,"activity":1.0E-4,"lastBolusTime":1702893506960,"time":"2023-12-18T13:38:24.037Z","iobWithZeroTemp":{"iob":-0.2,"basaliob":-0.205,"bolussnooze":0,"activity":-0.0023,"lastBolusTime":1702893506960,"time":"2023-12-18T13:38:24.037Z"}},{"iob":0.005,"basaliob":0.001,"bolussnooze":0,"activity":1.0E-4,"lastBolusTime":1702893506960,"time":"2023-12-18T13:43:24.037Z","iobWithZeroTemp":{"iob":-0.202,"basaliob":-0.206,"bolussnooze":0,"activity":-0.0023,"lastBolusTime":1702893506960,"time":"2023-12-18T13:43:24.037Z"}},{"iob":0.005,"basaliob":0.001,"bolussnooze":0,"activity":1.0E-4,"lastBolusTime":1702893506960,"time":"2023-12-18T13:48:24.037Z","iobWithZeroTemp":{"iob":-0.202,"basaliob":-0.206,"bolussnooze":0,"activity":-0.0023,"lastBolusTime":1702893506960,"time":"2023-12-18T13:48:24.037Z"}},{"iob":0.004,"basaliob":0.001,"bolussnooze":0,"activity":1.0E-4,"lastBolusTime":1702893506960,"time":"2023-12-18T13:53:24.037Z","iobWithZeroTemp":{"iob":-0.204,"basaliob":-0.207,"bolussnooze":0,"activity":-0.0023,"lastBolusTime":1702893506960,"time":"2023-12-18T13:53:24.037Z"}},{"iob":0.003,"basaliob":0,"bolussnooze":0,"activity":1.0E-4,"lastBolusTime":1702893506960,"time":"2023-12-18T13:58:24.037Z","iobWithZeroTemp":{"iob":-0.205,"basaliob":-0.208,"bolussnooze":0,"activity":-0.0023,"lastBolusTime":1702893506960,"time":"2023-12-18T13:58:24.037Z"}},{"iob":0.002,"basaliob":0,"bolussnooze":0,"activity":1.0E-4,"lastBolusTime":1702893506960,"time":"2023-12-18T14:03:24.037Z","iobWithZeroTemp":{"iob":-0.211,"basaliob":-0.213,"bolussnooze":0,"activity":-0.0023,"lastBolusTime":1702893506960,"time":"2023-12-18T14:03:24.037Z"}},{"iob":0.002,"basaliob":0,"bolussnooze":0,"activity":1.0E-4,"lastBolusTime":1702893506960,"time":"2023-12-18T14:08:24.037Z","iobWithZeroTemp":{"iob":-0.215,"basaliob":-0.217,"bolussnooze":0,"activity":-0.0024,"lastBolusTime":1702893506960,"time":"2023-12-18T14:08:24.037Z"}},{"iob":0.002,"basaliob":0,"bolussnooze":0,"activity":1.0E-4,"lastBolusTime":1702893506960,"time":"2023-12-18T14:13:24.037Z","iobWithZeroTemp":{"iob":-0.219,"basaliob":-0.221,"bolussnooze":0,"activity":-0.0024,"lastBolusTime":1702893506960,"time":"2023-12-18T14:13:24.037Z"}}],"profile":{"max_iob":10,"type":"current","max_daily_basal":0.25,"max_basal":0.75,"min_bg":90,"max_bg":90,"target_bg":90,"carb_ratio":12.6,"sens":84,"max_daily_safety_multiplier":5,"current_basal_safety_multiplier":5,"lgsThreshold":95,"high_temptarget_raises_sensitivity":false,"low_temptarget_lowers_sensitivity":false,"sensitivity_raises_target":true,"resistance_lowers_target":true,"adv_target_adjustments":false,"exercise_mode":false,"half_basal_exercise_target":160,"maxCOB":120,"skip_neutral_temps":false,"remainingCarbsCap":90,"enableUAM":true,"A52_risk_enable":false,"SMBInterval":5,"enableSMB_with_COB":true,"enableSMB_with_temptarget":false,"allowSMB_with_high_temptarget":false,"enableSMB_always":false,"enableSMB_after_carbs":true,"maxSMBBasalMinutes":120,"maxUAMSMBBasalMinutes":120,"bolus_increment":0.05,"carbsReqThreshold":1,"current_basal":0.15000000596046448,"temptargetSet":false,"autosens_max":1.2,"autosens_min":0.7,"variable_sens":89,"insulinDivisor":75,"TDD":22.5360465521255},"autosens_data":{"ratio":1},"meal_data":{"carbs":33,"mealCOB":0,"slopeFromMaxDeviation":-0.41633333333333333,"slopeFromMinDeviation":0,"lastBolusTime":1702893506960,"lastCarbTime":1702882100580},"microBolusAllowed":true,"currentTime":1702894704986,"flatBGsDetected":false,"tdd1D":22.354166475186748,"tdd7D":26.782783919711285,"tddLast24H":21.958333164205154,"tddLast4H":3.845833392937978,"tddLast8to4H":1.2166666666666668},"output":{"temp":"absolute","bg":109,"tick":-2,"eventualBG":83,"targetBG":90,"insulinReq":0,"deliverAt":"2023-12-18T10:18:24.986Z","sensitivityRatio":1,"variable_sens":89,"predBGs":{"IOB":[109,107,105,103,101,99,98,96,95,93,92,91,89,88,87,86,85,85,84,83,82,82,81,81,80,80,79,79,79,78,78,78,78,78,77,77,77,77,77,77,77,77,77,77,77,76],"ZT":[109,107,106,104,102,101,99,98,97,96,95,94,93,93,92,92,92,92,92,92,92,92,93,93,94,94,95,95,96,97,98,99,99]},"reason":"COB: 0, Dev: 1, BGI: -2, ISF: 89, CR: 12.6, Target: 90, minPredBG 84, minGuardBG 76, IOBpredBG 76; minGuardBG 76<95 55m left and 0 ~ req 0U\/hr: no temp required","COB":0,"IOB":0.303,"timestamp":"2023-12-18T10:18:25.015Z"}}